record_id,model,fold,split_role,dataset_index,source_key,task_id,episode_idx,label,success,length,task_min_step,n_scores
0,lstm,0,val,51,root-0/task1--ep1--succ1.pkl,1,1,0,1,253,218,253
1,lstm,0,val,54,root-0/task1--ep12--succ1.pkl,1,12,0,1,238,218,238
2,lstm,0,val,64,root-0/task1--ep21--succ0.pkl,1,21,1,0,520,218,520
3,lstm,0,val,70,root-0/task1--ep27--succ0.pkl,1,27,1,0,520,218,520
4,lstm,0,val,71,root-0/task1--ep28--succ1.pkl,1,28,0,1,270,218,270
5,lstm,0,val,72,root-0/task1--ep29--succ1.pkl,1,29,0,1,236,218,236
6,lstm,0,val,75,root-0/task1--ep31--succ1.pkl,1,31,0,1,232,218,232
7,lstm,0,val,77,root-0/task1--ep33--succ1.pkl,1,33,0,1,224,218,224
8,lstm,0,val,80,root-0/task1--ep36--succ0.pkl,1,36,1,0,520,218,520
9,lstm,0,val,81,root-0/task1--ep37--succ1.pkl,1,37,0,1,286,218,286
10,lstm,0,val,82,root-0/task1--ep38--succ1.pkl,1,38,0,1,249,218,249
11,lstm,0,val,83,root-0/task1--ep39--succ1.pkl,1,39,0,1,316,218,316
12,lstm,0,val,85,root-0/task1--ep40--succ1.pkl,1,40,0,1,225,218,225
13,lstm,0,val,86,root-0/task1--ep41--succ1.pkl,1,41,0,1,396,218,396
14,lstm,0,val,87,root-0/task1--ep42--succ1.pkl,1,42,0,1,243,218,243
15,lstm,0,val,93,root-0/task1--ep48--succ0.pkl,1,48,1,0,520,218,520
16,lstm,0,val,94,root-0/task1--ep49--succ1.pkl,1,49,0,1,265,218,265
17,lstm,0,val,97,root-0/task1--ep7--succ1.pkl,1,7,0,1,225,218,225
18,lstm,0,val,100,root-0/task2--ep0--succ1.pkl,2,0,0,1,258,211,258
19,lstm,0,val,101,root-0/task2--ep1--succ1.pkl,2,1,0,1,285,211,285
20,lstm,0,val,109,root-0/task2--ep17--succ1.pkl,2,17,0,1,242,211,242
21,lstm,0,val,111,root-0/task2--ep19--succ1.pkl,2,19,0,1,227,211,227
22,lstm,0,val,112,root-0/task2--ep2--succ0.pkl,2,2,1,0,520,211,520
23,lstm,0,val,113,root-0/task2--ep20--succ0.pkl,2,20,1,0,520,211,520
24,lstm,0,val,114,root-0/task2--ep21--succ1.pkl,2,21,0,1,320,211,320
25,lstm,0,val,117,root-0/task2--ep24--succ0.pkl,2,24,1,0,520,211,520
26,lstm,0,val,118,root-0/task2--ep25--succ1.pkl,2,25,0,1,251,211,251
27,lstm,0,val,121,root-0/task2--ep28--succ1.pkl,2,28,0,1,304,211,304
28,lstm,0,val,122,root-0/task2--ep29--succ0.pkl,2,29,1,0,520,211,520
29,lstm,0,val,125,root-0/task2--ep31--succ0.pkl,2,31,1,0,520,211,520
30,lstm,0,val,127,root-0/task2--ep33--succ0.pkl,2,33,1,0,520,211,520
31,lstm,0,val,132,root-0/task2--ep38--succ1.pkl,2,38,0,1,295,211,295
32,lstm,0,val,133,root-0/task2--ep39--succ0.pkl,2,39,1,0,520,211,520
33,lstm,0,val,134,root-0/task2--ep4--succ1.pkl,2,4,0,1,225,211,225
34,lstm,0,val,136,root-0/task2--ep41--succ0.pkl,2,41,1,0,520,211,520
35,lstm,0,val,138,root-0/task2--ep43--succ1.pkl,2,43,0,1,342,211,342
36,lstm,0,val,139,root-0/task2--ep44--succ0.pkl,2,44,1,0,520,211,520
37,lstm,0,val,143,root-0/task2--ep48--succ0.pkl,2,48,1,0,520,211,520
38,lstm,0,val,145,root-0/task2--ep5--succ0.pkl,2,5,1,0,520,211,520
39,lstm,0,val,147,root-0/task2--ep7--succ0.pkl,2,7,1,0,520,211,520
40,lstm,0,val,148,root-0/task2--ep8--succ1.pkl,2,8,0,1,316,211,316
41,lstm,0,val,158,root-0/task3--ep16--succ0.pkl,3,16,1,0,520,187,520
42,lstm,0,val,159,root-0/task3--ep17--succ1.pkl,3,17,0,1,218,187,218
43,lstm,0,val,160,root-0/task3--ep18--succ0.pkl,3,18,1,0,520,187,520
44,lstm,0,val,161,root-0/task3--ep19--succ0.pkl,3,19,1,0,520,187,520
45,lstm,0,val,163,root-0/task3--ep20--succ1.pkl,3,20,0,1,245,187,245
46,lstm,0,val,166,root-0/task3--ep23--succ1.pkl,3,23,0,1,296,187,296
47,lstm,0,val,168,root-0/task3--ep25--succ1.pkl,3,25,0,1,424,187,424
48,lstm,0,val,169,root-0/task3--ep26--succ0.pkl,3,26,1,0,520,187,520
49,lstm,0,val,171,root-0/task3--ep28--succ0.pkl,3,28,1,0,520,187,520
50,lstm,0,val,172,root-0/task3--ep29--succ0.pkl,3,29,1,0,520,187,520
51,lstm,0,val,176,root-0/task3--ep32--succ1.pkl,3,32,0,1,217,187,217
52,lstm,0,val,178,root-0/task3--ep34--succ0.pkl,3,34,1,0,520,187,520
53,lstm,0,val,179,root-0/task3--ep35--succ1.pkl,3,35,0,1,246,187,246
54,lstm,0,val,182,root-0/task3--ep38--succ1.pkl,3,38,0,1,394,187,394
55,lstm,0,val,183,root-0/task3--ep39--succ1.pkl,3,39,0,1,196,187,196
56,lstm,0,val,184,root-0/task3--ep4--succ1.pkl,3,4,0,1,453,187,453
57,lstm,0,val,187,root-0/task3--ep42--succ0.pkl,3,42,1,0,520,187,520
58,lstm,0,val,188,root-0/task3--ep43--succ0.pkl,3,43,1,0,520,187,520
59,lstm,0,val,189,root-0/task3--ep44--succ0.pkl,3,44,1,0,520,187,520
60,lstm,0,val,190,root-0/task3--ep45--succ1.pkl,3,45,0,1,457,187,457
61,lstm,0,val,192,root-0/task3--ep47--succ0.pkl,3,47,1,0,520,187,520
62,lstm,0,val,194,root-0/task3--ep49--succ1.pkl,3,49,0,1,214,187,214
63,lstm,0,val,199,root-0/task3--ep9--succ1.pkl,3,9,0,1,197,187,197
64,lstm,0,val,201,root-0/task4--ep1--succ0.pkl,4,1,1,0,520,209,520
65,lstm,0,val,203,root-0/task4--ep11--succ0.pkl,4,11,1,0,520,209,520
66,lstm,0,val,217,root-0/task4--ep24--succ1.pkl,4,24,0,1,294,209,294
67,lstm,0,val,219,root-0/task4--ep26--succ0.pkl,4,26,1,0,520,209,520
68,lstm,0,val,221,root-0/task4--ep28--succ1.pkl,4,28,0,1,233,209,233
69,lstm,0,val,223,root-0/task4--ep3--succ1.pkl,4,3,0,1,235,209,235
70,lstm,0,val,225,root-0/task4--ep31--succ1.pkl,4,31,0,1,241,209,241
71,lstm,0,val,227,root-0/task4--ep33--succ1.pkl,4,33,0,1,241,209,241
72,lstm,0,val,228,root-0/task4--ep34--succ1.pkl,4,34,0,1,246,209,246
73,lstm,0,val,233,root-0/task4--ep39--succ1.pkl,4,39,0,1,219,209,219
74,lstm,0,val,235,root-0/task4--ep40--succ0.pkl,4,40,1,0,520,209,520
75,lstm,0,val,239,root-0/task4--ep44--succ1.pkl,4,44,0,1,238,209,238
76,lstm,0,val,241,root-0/task4--ep46--succ0.pkl,4,46,1,0,520,209,520
77,lstm,0,val,249,root-0/task4--ep9--succ1.pkl,4,9,0,1,220,209,220
78,lstm,0,val,250,root-0/task5--ep0--succ1.pkl,5,0,0,1,161,148,161
79,lstm,0,val,253,root-0/task5--ep11--succ1.pkl,5,11,0,1,160,148,160
80,lstm,0,val,258,root-0/task5--ep16--succ1.pkl,5,16,0,1,327,148,327
81,lstm,0,val,264,root-0/task5--ep21--succ1.pkl,5,21,0,1,184,148,184
82,lstm,0,val,265,root-0/task5--ep22--succ0.pkl,5,22,1,0,520,148,520
83,lstm,0,val,267,root-0/task5--ep24--succ1.pkl,5,24,0,1,172,148,172
84,lstm,0,val,268,root-0/task5--ep25--succ1.pkl,5,25,0,1,207,148,207
85,lstm,0,val,269,root-0/task5--ep26--succ1.pkl,5,26,0,1,187,148,187
86,lstm,0,val,270,root-0/task5--ep27--succ1.pkl,5,27,0,1,261,148,261
87,lstm,0,val,271,root-0/task5--ep28--succ0.pkl,5,28,1,0,520,148,520
88,lstm,0,val,273,root-0/task5--ep3--succ1.pkl,5,3,0,1,233,148,233
89,lstm,0,val,274,root-0/task5--ep30--succ1.pkl,5,30,0,1,186,148,186
90,lstm,0,val,276,root-0/task5--ep32--succ1.pkl,5,32,0,1,183,148,183
91,lstm,0,val,280,root-0/task5--ep36--succ1.pkl,5,36,0,1,231,148,231
92,lstm,0,val,284,root-0/task5--ep4--succ1.pkl,5,4,0,1,194,148,194
93,lstm,0,val,287,root-0/task5--ep42--succ1.pkl,5,42,0,1,231,148,231
94,lstm,0,val,296,root-0/task5--ep6--succ1.pkl,5,6,0,1,197,148,197
95,lstm,0,val,298,root-0/task5--ep8--succ1.pkl,5,8,0,1,154,148,154
96,lstm,0,val,299,root-0/task5--ep9--succ1.pkl,5,9,0,1,334,148,334
97,lstm,0,val,303,root-0/task6--ep11--succ0.pkl,6,11,1,0,520,190,520
98,lstm,0,val,307,root-0/task6--ep15--succ1.pkl,6,15,0,1,249,190,249
99,lstm,0,val,310,root-0/task6--ep18--succ0.pkl,6,18,1,0,520,190,520
100,lstm,0,val,312,root-0/task6--ep2--succ1.pkl,6,2,0,1,210,190,210
101,lstm,0,val,315,root-0/task6--ep22--succ1.pkl,6,22,0,1,237,190,237
102,lstm,0,val,317,root-0/task6--ep24--succ1.pkl,6,24,0,1,245,190,245
103,lstm,0,val,318,root-0/task6--ep25--succ1.pkl,6,25,0,1,240,190,240
104,lstm,0,val,322,root-0/task6--ep29--succ1.pkl,6,29,0,1,236,190,236
105,lstm,0,val,323,root-0/task6--ep3--succ1.pkl,6,3,0,1,193,190,193
106,lstm,0,val,326,root-0/task6--ep32--succ0.pkl,6,32,1,0,520,190,520
107,lstm,0,val,331,root-0/task6--ep37--succ1.pkl,6,37,0,1,251,190,251
108,lstm,0,val,334,root-0/task6--ep4--succ1.pkl,6,4,0,1,218,190,218
109,lstm,0,val,335,root-0/task6--ep40--succ0.pkl,6,40,1,0,520,190,520
110,lstm,0,val,337,root-0/task6--ep42--succ0.pkl,6,42,1,0,520,190,520
111,lstm,0,val,339,root-0/task6--ep44--succ1.pkl,6,44,0,1,304,190,304
112,lstm,0,val,340,root-0/task6--ep45--succ0.pkl,6,45,1,0,520,190,520
113,lstm,0,val,341,root-0/task6--ep46--succ1.pkl,6,46,0,1,230,190,230
114,lstm,0,val,342,root-0/task6--ep47--succ0.pkl,6,47,1,0,520,190,520
115,lstm,0,val,344,root-0/task6--ep49--succ1.pkl,6,49,0,1,263,190,263
116,lstm,0,val,345,root-0/task6--ep5--succ1.pkl,6,5,0,1,260,190,260
117,lstm,0,val,351,root-0/task7--ep1--succ0.pkl,7,1,1,0,520,210,520
118,lstm,0,val,354,root-0/task7--ep12--succ0.pkl,7,12,1,0,520,210,520
119,lstm,0,val,356,root-0/task7--ep14--succ1.pkl,7,14,0,1,270,210,270
120,lstm,0,val,359,root-0/task7--ep17--succ0.pkl,7,17,1,0,520,210,520
121,lstm,0,val,361,root-0/task7--ep19--succ1.pkl,7,19,0,1,252,210,252
122,lstm,0,val,363,root-0/task7--ep20--succ1.pkl,7,20,0,1,259,210,259
123,lstm,0,val,364,root-0/task7--ep21--succ0.pkl,7,21,1,0,520,210,520
124,lstm,0,val,365,root-0/task7--ep22--succ0.pkl,7,22,1,0,520,210,520
125,lstm,0,val,367,root-0/task7--ep24--succ1.pkl,7,24,0,1,231,210,231
126,lstm,0,val,372,root-0/task7--ep29--succ0.pkl,7,29,1,0,520,210,520
127,lstm,0,val,377,root-0/task7--ep33--succ0.pkl,7,33,1,0,520,210,520
128,lstm,0,val,378,root-0/task7--ep34--succ0.pkl,7,34,1,0,520,210,520
129,lstm,0,val,383,root-0/task7--ep39--succ1.pkl,7,39,0,1,236,210,236
130,lstm,0,val,384,root-0/task7--ep4--succ0.pkl,7,4,1,0,520,210,520
131,lstm,0,val,385,root-0/task7--ep40--succ1.pkl,7,40,0,1,341,210,341
132,lstm,0,val,386,root-0/task7--ep41--succ1.pkl,7,41,0,1,273,210,273
133,lstm,0,val,387,root-0/task7--ep42--succ1.pkl,7,42,0,1,267,210,267
134,lstm,0,val,388,root-0/task7--ep43--succ0.pkl,7,43,1,0,520,210,520
135,lstm,0,val,391,root-0/task7--ep46--succ0.pkl,7,46,1,0,520,210,520
136,lstm,0,val,395,root-0/task7--ep5--succ0.pkl,7,5,1,0,520,210,520
137,lstm,0,val,396,root-0/task7--ep6--succ1.pkl,7,6,0,1,290,210,290
138,lstm,0,val,397,root-0/task7--ep7--succ1.pkl,7,7,0,1,232,210,232
139,lstm,0,val,401,root-0/task8--ep1--succ1.pkl,8,1,0,1,448,315,448
140,lstm,0,val,402,root-0/task8--ep10--succ0.pkl,8,10,1,0,520,315,520
141,lstm,0,val,403,root-0/task8--ep11--succ1.pkl,8,11,0,1,486,315,486
142,lstm,0,val,407,root-0/task8--ep15--succ1.pkl,8,15,0,1,347,315,347
143,lstm,0,val,409,root-0/task8--ep17--succ1.pkl,8,17,0,1,509,315,509
144,lstm,0,val,413,root-0/task8--ep20--succ0.pkl,8,20,1,0,520,315,520
145,lstm,0,val,419,root-0/task8--ep26--succ1.pkl,8,26,0,1,427,315,427
146,lstm,0,val,420,root-0/task8--ep27--succ0.pkl,8,27,1,0,520,315,520
147,lstm,0,val,424,root-0/task8--ep30--succ1.pkl,8,30,0,1,417,315,417
148,lstm,0,val,425,root-0/task8--ep31--succ0.pkl,8,31,1,0,520,315,520
149,lstm,0,val,426,root-0/task8--ep32--succ0.pkl,8,32,1,0,520,315,520
150,lstm,0,val,432,root-0/task8--ep38--succ0.pkl,8,38,1,0,520,315,520
151,lstm,0,val,433,root-0/task8--ep39--succ0.pkl,8,39,1,0,520,315,520
152,lstm,0,val,438,root-0/task8--ep43--succ0.pkl,8,43,1,0,520,315,520
153,lstm,0,val,439,root-0/task8--ep44--succ1.pkl,8,44,0,1,315,315,315
154,lstm,0,val,440,root-0/task8--ep45--succ0.pkl,8,45,1,0,520,315,520
155,lstm,0,val,441,root-0/task8--ep46--succ0.pkl,8,46,1,0,520,315,520
156,lstm,0,val,445,root-0/task8--ep5--succ0.pkl,8,5,1,0,520,315,520
157,lstm,0,val,446,root-0/task8--ep6--succ0.pkl,8,6,1,0,520,315,520
158,lstm,0,val,447,root-0/task8--ep7--succ0.pkl,8,7,1,0,520,315,520
159,lstm,0,val,449,root-0/task8--ep9--succ1.pkl,8,9,0,1,504,315,504
160,lstm,0,val,450,root-0/task9--ep0--succ0.pkl,9,0,1,0,520,241,520
161,lstm,0,val,451,root-0/task9--ep1--succ0.pkl,9,1,1,0,520,241,520
162,lstm,0,val,454,root-0/task9--ep12--succ0.pkl,9,12,1,0,520,241,520
163,lstm,0,val,458,root-0/task9--ep16--succ0.pkl,9,16,1,0,520,241,520
164,lstm,0,val,460,root-0/task9--ep18--succ1.pkl,9,18,0,1,372,241,372
165,lstm,0,val,461,root-0/task9--ep19--succ1.pkl,9,19,0,1,427,241,427
166,lstm,0,val,462,root-0/task9--ep2--succ1.pkl,9,2,0,1,300,241,300
167,lstm,0,val,464,root-0/task9--ep21--succ1.pkl,9,21,0,1,300,241,300
168,lstm,0,val,466,root-0/task9--ep23--succ0.pkl,9,23,1,0,520,241,520
169,lstm,0,val,467,root-0/task9--ep24--succ0.pkl,9,24,1,0,520,241,520
170,lstm,0,val,469,root-0/task9--ep26--succ0.pkl,9,26,1,0,520,241,520
171,lstm,0,val,476,root-0/task9--ep32--succ0.pkl,9,32,1,0,520,241,520
172,lstm,0,val,478,root-0/task9--ep34--succ0.pkl,9,34,1,0,520,241,520
173,lstm,0,val,480,root-0/task9--ep36--succ0.pkl,9,36,1,0,520,241,520
174,lstm,0,val,482,root-0/task9--ep38--succ0.pkl,9,38,1,0,520,241,520
175,lstm,0,val,483,root-0/task9--ep39--succ0.pkl,9,39,1,0,520,241,520
176,lstm,0,val,485,root-0/task9--ep40--succ0.pkl,9,40,1,0,520,241,520
177,lstm,0,val,486,root-0/task9--ep41--succ1.pkl,9,41,0,1,316,241,316
178,lstm,0,val,490,root-0/task9--ep45--succ0.pkl,9,45,1,0,520,241,520
179,lstm,0,val,494,root-0/task9--ep49--succ1.pkl,9,49,0,1,344,241,344
180,lstm,0,val,495,root-0/task9--ep5--succ1.pkl,9,5,0,1,312,241,312
181,lstm,0,val,497,root-0/task9--ep7--succ0.pkl,9,7,1,0,520,241,520
182,lstm,0,val,498,root-0/task9--ep8--succ1.pkl,9,8,0,1,307,241,307
183,lstm,0,val,550,root-1/task1--ep0--succ1.pkl,1,0,0,1,249,218,249
184,lstm,0,val,554,root-1/task1--ep12--succ1.pkl,1,12,0,1,262,218,262
185,lstm,0,val,556,root-1/task1--ep14--succ0.pkl,1,14,1,0,520,218,520
186,lstm,0,val,557,root-1/task1--ep15--succ1.pkl,1,15,0,1,257,218,257
187,lstm,0,val,560,root-1/task1--ep18--succ1.pkl,1,18,0,1,242,218,242
188,lstm,0,val,561,root-1/task1--ep19--succ1.pkl,1,19,0,1,248,218,248
189,lstm,0,val,562,root-1/task1--ep2--succ1.pkl,1,2,0,1,235,218,235
190,lstm,0,val,566,root-1/task1--ep23--succ0.pkl,1,23,1,0,520,218,520
191,lstm,0,val,569,root-1/task1--ep26--succ1.pkl,1,26,0,1,225,218,225
192,lstm,0,val,570,root-1/task1--ep27--succ0.pkl,1,27,1,0,520,218,520
193,lstm,0,val,571,root-1/task1--ep28--succ1.pkl,1,28,0,1,228,218,228
194,lstm,0,val,575,root-1/task1--ep31--succ1.pkl,1,31,0,1,280,218,280
195,lstm,0,val,577,root-1/task1--ep33--succ0.pkl,1,33,1,0,520,218,520
196,lstm,0,val,578,root-1/task1--ep34--succ0.pkl,1,34,1,0,520,218,520
197,lstm,0,val,581,root-1/task1--ep37--succ1.pkl,1,37,0,1,236,218,236
198,lstm,0,val,583,root-1/task1--ep39--succ0.pkl,1,39,1,0,520,218,520
199,lstm,0,val,584,root-1/task1--ep4--succ1.pkl,1,4,0,1,305,218,305
200,lstm,0,val,588,root-1/task1--ep43--succ0.pkl,1,43,1,0,520,218,520
201,lstm,0,val,590,root-1/task1--ep45--succ1.pkl,1,45,0,1,302,218,302
202,lstm,0,val,594,root-1/task1--ep49--succ1.pkl,1,49,0,1,267,218,267
203,lstm,0,val,596,root-1/task1--ep6--succ0.pkl,1,6,1,0,520,218,520
204,lstm,0,val,597,root-1/task1--ep7--succ1.pkl,1,7,0,1,283,218,283
205,lstm,0,val,600,root-1/task2--ep0--succ0.pkl,2,0,1,0,520,211,520
206,lstm,0,val,601,root-1/task2--ep1--succ1.pkl,2,1,0,1,298,211,298
207,lstm,0,val,608,root-1/task2--ep16--succ1.pkl,2,16,0,1,265,211,265
208,lstm,0,val,612,root-1/task2--ep2--succ1.pkl,2,2,0,1,253,211,253
209,lstm,0,val,614,root-1/task2--ep21--succ1.pkl,2,21,0,1,260,211,260
210,lstm,0,val,617,root-1/task2--ep24--succ0.pkl,2,24,1,0,520,211,520
211,lstm,0,val,623,root-1/task2--ep3--succ0.pkl,2,3,1,0,520,211,520
212,lstm,0,val,625,root-1/task2--ep31--succ1.pkl,2,31,0,1,277,211,277
213,lstm,0,val,627,root-1/task2--ep33--succ0.pkl,2,33,1,0,520,211,520
214,lstm,0,val,629,root-1/task2--ep35--succ1.pkl,2,35,0,1,377,211,377
215,lstm,0,val,633,root-1/task2--ep39--succ1.pkl,2,39,0,1,439,211,439
216,lstm,0,val,634,root-1/task2--ep4--succ1.pkl,2,4,0,1,224,211,224
217,lstm,0,val,636,root-1/task2--ep41--succ0.pkl,2,41,1,0,520,211,520
218,lstm,0,val,637,root-1/task2--ep42--succ0.pkl,2,42,1,0,520,211,520
219,lstm,0,val,638,root-1/task2--ep43--succ0.pkl,2,43,1,0,520,211,520
220,lstm,0,val,646,root-1/task2--ep6--succ0.pkl,2,6,1,0,520,211,520
221,lstm,0,val,649,root-1/task2--ep9--succ0.pkl,2,9,1,0,520,211,520
222,lstm,0,val,650,root-1/task3--ep0--succ1.pkl,3,0,0,1,298,187,298
223,lstm,0,val,652,root-1/task3--ep10--succ0.pkl,3,10,1,0,520,187,520
224,lstm,0,val,655,root-1/task3--ep13--succ0.pkl,3,13,1,0,520,187,520
225,lstm,0,val,667,root-1/task3--ep24--succ0.pkl,3,24,1,0,520,187,520
226,lstm,0,val,668,root-1/task3--ep25--succ0.pkl,3,25,1,0,520,187,520
227,lstm,0,val,675,root-1/task3--ep31--succ1.pkl,3,31,0,1,222,187,222
228,lstm,0,val,676,root-1/task3--ep32--succ1.pkl,3,32,0,1,233,187,233
229,lstm,0,val,677,root-1/task3--ep33--succ0.pkl,3,33,1,0,520,187,520
230,lstm,0,val,678,root-1/task3--ep34--succ0.pkl,3,34,1,0,520,187,520
231,lstm,0,val,679,root-1/task3--ep35--succ0.pkl,3,35,1,0,520,187,520
232,lstm,0,val,681,root-1/task3--ep37--succ1.pkl,3,37,0,1,260,187,260
233,lstm,0,val,684,root-1/task3--ep4--succ1.pkl,3,4,0,1,340,187,340
234,lstm,0,val,686,root-1/task3--ep41--succ1.pkl,3,41,0,1,187,187,187
235,lstm,0,val,689,root-1/task3--ep44--succ1.pkl,3,44,0,1,211,187,211
236,lstm,0,val,692,root-1/task3--ep47--succ0.pkl,3,47,1,0,520,187,520
237,lstm,0,val,695,root-1/task3--ep5--succ0.pkl,3,5,1,0,520,187,520
238,lstm,0,val,698,root-1/task3--ep8--succ0.pkl,3,8,1,0,520,187,520
239,lstm,0,val,700,root-1/task4--ep0--succ0.pkl,4,0,1,0,520,209,520
240,lstm,0,val,701,root-1/task4--ep1--succ0.pkl,4,1,1,0,520,209,520
241,lstm,0,val,704,root-1/task4--ep12--succ1.pkl,4,12,0,1,263,209,263
242,lstm,0,val,705,root-1/task4--ep13--succ0.pkl,4,13,1,0,520,209,520
243,lstm,0,val,706,root-1/task4--ep14--succ1.pkl,4,14,0,1,247,209,247
244,lstm,0,val,708,root-1/task4--ep16--succ0.pkl,4,16,1,0,520,209,520
245,lstm,0,val,709,root-1/task4--ep17--succ1.pkl,4,17,0,1,273,209,273
246,lstm,0,val,713,root-1/task4--ep20--succ1.pkl,4,20,0,1,209,209,209
247,lstm,0,val,716,root-1/task4--ep23--succ0.pkl,4,23,1,0,520,209,520
248,lstm,0,val,720,root-1/task4--ep27--succ1.pkl,4,27,0,1,231,209,231
249,lstm,0,val,721,root-1/task4--ep28--succ0.pkl,4,28,1,0,520,209,520
250,lstm,0,val,723,root-1/task4--ep3--succ1.pkl,4,3,0,1,243,209,243
251,lstm,0,val,726,root-1/task4--ep32--succ1.pkl,4,32,0,1,511,209,511
252,lstm,0,val,728,root-1/task4--ep34--succ0.pkl,4,34,1,0,520,209,520
253,lstm,0,val,731,root-1/task4--ep37--succ0.pkl,4,37,1,0,520,209,520
254,lstm,0,val,732,root-1/task4--ep38--succ1.pkl,4,38,0,1,217,209,217
255,lstm,0,val,733,root-1/task4--ep39--succ0.pkl,4,39,1,0,520,209,520
256,lstm,0,val,735,root-1/task4--ep40--succ0.pkl,4,40,1,0,520,209,520
257,lstm,0,val,736,root-1/task4--ep41--succ0.pkl,4,41,1,0,520,209,520
258,lstm,0,val,737,root-1/task4--ep42--succ0.pkl,4,42,1,0,520,209,520
259,lstm,0,val,738,root-1/task4--ep43--succ0.pkl,4,43,1,0,520,209,520
260,lstm,0,val,739,root-1/task4--ep44--succ1.pkl,4,44,0,1,233,209,233
261,lstm,0,val,740,root-1/task4--ep45--succ0.pkl,4,45,1,0,520,209,520
262,lstm,0,val,742,root-1/task4--ep47--succ0.pkl,4,47,1,0,520,209,520
263,lstm,0,val,745,root-1/task4--ep5--succ1.pkl,4,5,0,1,341,209,341
264,lstm,0,val,747,root-1/task4--ep7--succ0.pkl,4,7,1,0,520,209,520
265,lstm,0,val,751,root-1/task5--ep1--succ1.pkl,5,1,0,1,178,148,178
266,lstm,0,val,752,root-1/task5--ep10--succ1.pkl,5,10,0,1,242,148,242
267,lstm,0,val,753,root-1/task5--ep11--succ1.pkl,5,11,0,1,282,148,282
268,lstm,0,val,754,root-1/task5--ep12--succ1.pkl,5,12,0,1,159,148,159
269,lstm,0,val,757,root-1/task5--ep15--succ1.pkl,5,15,0,1,202,148,202
270,lstm,0,val,758,root-1/task5--ep16--succ1.pkl,5,16,0,1,170,148,170
271,lstm,0,val,761,root-1/task5--ep19--succ0.pkl,5,19,1,0,520,148,520
272,lstm,0,val,764,root-1/task5--ep21--succ1.pkl,5,21,0,1,177,148,177
273,lstm,0,val,766,root-1/task5--ep23--succ1.pkl,5,23,0,1,197,148,197
274,lstm,0,val,767,root-1/task5--ep24--succ1.pkl,5,24,0,1,174,148,174
275,lstm,0,val,773,root-1/task5--ep3--succ1.pkl,5,3,0,1,173,148,173
276,lstm,0,val,775,root-1/task5--ep31--succ1.pkl,5,31,0,1,207,148,207
277,lstm,0,val,776,root-1/task5--ep32--succ1.pkl,5,32,0,1,189,148,189
278,lstm,0,val,780,root-1/task5--ep36--succ0.pkl,5,36,1,0,520,148,520
279,lstm,0,val,781,root-1/task5--ep37--succ1.pkl,5,37,0,1,174,148,174
280,lstm,0,val,784,root-1/task5--ep4--succ1.pkl,5,4,0,1,266,148,266
281,lstm,0,val,785,root-1/task5--ep40--succ1.pkl,5,40,0,1,196,148,196
282,lstm,0,val,788,root-1/task5--ep43--succ1.pkl,5,43,0,1,211,148,211
283,lstm,0,val,791,root-1/task5--ep46--succ0.pkl,5,46,1,0,520,148,520
284,lstm,0,val,793,root-1/task5--ep48--succ1.pkl,5,48,0,1,190,148,190
285,lstm,0,val,797,root-1/task5--ep7--succ1.pkl,5,7,0,1,205,148,205
286,lstm,0,val,800,root-1/task6--ep0--succ1.pkl,6,0,0,1,289,190,289
287,lstm,0,val,808,root-1/task6--ep16--succ1.pkl,6,16,0,1,264,190,264
288,lstm,0,val,810,root-1/task6--ep18--succ0.pkl,6,18,1,0,520,190,520
289,lstm,0,val,815,root-1/task6--ep22--succ1.pkl,6,22,0,1,244,190,244
290,lstm,0,val,817,root-1/task6--ep24--succ1.pkl,6,24,0,1,331,190,331
291,lstm,0,val,819,root-1/task6--ep26--succ0.pkl,6,26,1,0,520,190,520
292,lstm,0,val,825,root-1/task6--ep31--succ1.pkl,6,31,0,1,291,190,291
293,lstm,0,val,828,root-1/task6--ep34--succ0.pkl,6,34,1,0,520,190,520
294,lstm,0,val,831,root-1/task6--ep37--succ1.pkl,6,37,0,1,191,190,191
295,lstm,0,val,832,root-1/task6--ep38--succ0.pkl,6,38,1,0,520,190,520
296,lstm,0,val,834,root-1/task6--ep4--succ1.pkl,6,4,0,1,513,190,513
297,lstm,0,val,836,root-1/task6--ep41--succ1.pkl,6,41,0,1,241,190,241
298,lstm,0,val,837,root-1/task6--ep42--succ1.pkl,6,42,0,1,302,190,302
299,lstm,0,val,839,root-1/task6--ep44--succ1.pkl,6,44,0,1,233,190,233
300,lstm,0,val,841,root-1/task6--ep46--succ0.pkl,6,46,1,0,520,190,520
301,lstm,0,val,842,root-1/task6--ep47--succ0.pkl,6,47,1,0,520,190,520
302,lstm,0,val,843,root-1/task6--ep48--succ1.pkl,6,48,0,1,233,190,233
303,lstm,0,val,844,root-1/task6--ep49--succ1.pkl,6,49,0,1,474,190,474
304,lstm,0,val,846,root-1/task6--ep6--succ0.pkl,6,6,1,0,520,190,520
305,lstm,0,val,847,root-1/task6--ep7--succ1.pkl,6,7,0,1,234,190,234
306,lstm,0,val,850,root-1/task7--ep0--succ1.pkl,7,0,0,1,246,210,246
307,lstm,0,val,857,root-1/task7--ep15--succ1.pkl,7,15,0,1,290,210,290
308,lstm,0,val,862,root-1/task7--ep2--succ0.pkl,7,2,1,0,520,210,520
309,lstm,0,val,864,root-1/task7--ep21--succ1.pkl,7,21,0,1,247,210,247
310,lstm,0,val,866,root-1/task7--ep23--succ0.pkl,7,23,1,0,520,210,520
311,lstm,0,val,867,root-1/task7--ep24--succ0.pkl,7,24,1,0,520,210,520
312,lstm,0,val,869,root-1/task7--ep26--succ0.pkl,7,26,1,0,520,210,520
313,lstm,0,val,870,root-1/task7--ep27--succ1.pkl,7,27,0,1,249,210,249
314,lstm,0,val,871,root-1/task7--ep28--succ1.pkl,7,28,0,1,316,210,316
315,lstm,0,val,879,root-1/task7--ep35--succ1.pkl,7,35,0,1,297,210,297
316,lstm,0,val,881,root-1/task7--ep37--succ1.pkl,7,37,0,1,230,210,230
317,lstm,0,val,882,root-1/task7--ep38--succ1.pkl,7,38,0,1,331,210,331
318,lstm,0,val,888,root-1/task7--ep43--succ0.pkl,7,43,1,0,520,210,520
319,lstm,0,val,891,root-1/task7--ep46--succ1.pkl,7,46,0,1,257,210,257
320,lstm,0,val,895,root-1/task7--ep5--succ0.pkl,7,5,1,0,520,210,520
321,lstm,0,val,896,root-1/task7--ep6--succ1.pkl,7,6,0,1,369,210,369
322,lstm,0,val,898,root-1/task7--ep8--succ0.pkl,7,8,1,0,520,210,520
323,lstm,0,val,899,root-1/task7--ep9--succ1.pkl,7,9,0,1,252,210,252
324,lstm,0,val,901,root-1/task8--ep1--succ1.pkl,8,1,0,1,391,315,391
325,lstm,0,val,904,root-1/task8--ep12--succ0.pkl,8,12,1,0,520,315,520
326,lstm,0,val,905,root-1/task8--ep13--succ0.pkl,8,13,1,0,520,315,520
327,lstm,0,val,906,root-1/task8--ep14--succ0.pkl,8,14,1,0,520,315,520
328,lstm,0,val,907,root-1/task8--ep15--succ0.pkl,8,15,1,0,520,315,520
329,lstm,0,val,910,root-1/task8--ep18--succ0.pkl,8,18,1,0,520,315,520
330,lstm,0,val,914,root-1/task8--ep21--succ0.pkl,8,21,1,0,520,315,520
331,lstm,0,val,920,root-1/task8--ep27--succ0.pkl,8,27,1,0,520,315,520
332,lstm,0,val,921,root-1/task8--ep28--succ0.pkl,8,28,1,0,520,315,520
333,lstm,0,val,923,root-1/task8--ep3--succ0.pkl,8,3,1,0,520,315,520
334,lstm,0,val,927,root-1/task8--ep33--succ0.pkl,8,33,1,0,520,315,520
335,lstm,0,val,932,root-1/task8--ep38--succ0.pkl,8,38,1,0,520,315,520
336,lstm,0,val,934,root-1/task8--ep4--succ0.pkl,8,4,1,0,520,315,520
337,lstm,0,val,940,root-1/task8--ep45--succ1.pkl,8,45,0,1,490,315,490
338,lstm,0,val,943,root-1/task8--ep48--succ0.pkl,8,48,1,0,520,315,520
339,lstm,0,val,945,root-1/task8--ep5--succ0.pkl,8,5,1,0,520,315,520
340,lstm,0,val,946,root-1/task8--ep6--succ1.pkl,8,6,0,1,440,315,440
341,lstm,0,val,947,root-1/task8--ep7--succ0.pkl,8,7,1,0,520,315,520
342,lstm,0,val,948,root-1/task8--ep8--succ0.pkl,8,8,1,0,520,315,520
343,lstm,0,val,954,root-1/task9--ep12--succ0.pkl,9,12,1,0,520,241,520
344,lstm,0,val,956,root-1/task9--ep14--succ0.pkl,9,14,1,0,520,241,520
345,lstm,0,val,958,root-1/task9--ep16--succ0.pkl,9,16,1,0,520,241,520
346,lstm,0,val,959,root-1/task9--ep17--succ1.pkl,9,17,0,1,349,241,349
347,lstm,0,val,965,root-1/task9--ep22--succ1.pkl,9,22,0,1,312,241,312
348,lstm,0,val,977,root-1/task9--ep33--succ1.pkl,9,33,0,1,247,241,247
349,lstm,0,val,978,root-1/task9--ep34--succ0.pkl,9,34,1,0,520,241,520
350,lstm,0,val,980,root-1/task9--ep36--succ1.pkl,9,36,0,1,359,241,359
351,lstm,0,val,981,root-1/task9--ep37--succ1.pkl,9,37,0,1,413,241,413
352,lstm,0,val,983,root-1/task9--ep39--succ0.pkl,9,39,1,0,520,241,520
353,lstm,0,val,984,root-1/task9--ep4--succ0.pkl,9,4,1,0,520,241,520
354,lstm,0,val,985,root-1/task9--ep40--succ1.pkl,9,40,0,1,389,241,389
355,lstm,0,val,987,root-1/task9--ep42--succ0.pkl,9,42,1,0,520,241,520
356,lstm,0,val,988,root-1/task9--ep43--succ0.pkl,9,43,1,0,520,241,520
357,lstm,0,val,990,root-1/task9--ep45--succ0.pkl,9,45,1,0,520,241,520
358,lstm,0,val,991,root-1/task9--ep46--succ0.pkl,9,46,1,0,520,241,520
359,lstm,0,val,994,root-1/task9--ep49--succ0.pkl,9,49,1,0,520,241,520
360,lstm,0,test,0,root-0/task0--ep0--succ1.pkl,0,0,0,1,372,230,372
361,lstm,0,test,1,root-0/task0--ep1--succ0.pkl,0,1,1,0,520,230,520
362,lstm,0,test,2,root-0/task0--ep10--succ1.pkl,0,10,0,1,297,230,297
363,lstm,0,test,3,root-0/task0--ep11--succ1.pkl,0,11,0,1,255,230,255
364,lstm,0,test,4,root-0/task0--ep12--succ0.pkl,0,12,1,0,520,230,520
365,lstm,0,test,5,root-0/task0--ep13--succ1.pkl,0,13,0,1,266,230,266
366,lstm,0,test,6,root-0/task0--ep14--succ0.pkl,0,14,1,0,520,230,520
367,lstm,0,test,7,root-0/task0--ep15--succ1.pkl,0,15,0,1,230,230,230
368,lstm,0,test,8,root-0/task0--ep16--succ0.pkl,0,16,1,0,520,230,520
369,lstm,0,test,9,root-0/task0--ep17--succ1.pkl,0,17,0,1,321,230,321
370,lstm,0,test,10,root-0/task0--ep18--succ1.pkl,0,18,0,1,303,230,303
371,lstm,0,test,11,root-0/task0--ep19--succ1.pkl,0,19,0,1,304,230,304
372,lstm,0,test,12,root-0/task0--ep2--succ0.pkl,0,2,1,0,520,230,520
373,lstm,0,test,13,root-0/task0--ep20--succ0.pkl,0,20,1,0,520,230,520
374,lstm,0,test,14,root-0/task0--ep21--succ1.pkl,0,21,0,1,365,230,365
375,lstm,0,test,15,root-0/task0--ep22--succ0.pkl,0,22,1,0,520,230,520
376,lstm,0,test,16,root-0/task0--ep23--succ1.pkl,0,23,0,1,414,230,414
377,lstm,0,test,17,root-0/task0--ep24--succ0.pkl,0,24,1,0,520,230,520
378,lstm,0,test,18,root-0/task0--ep25--succ0.pkl,0,25,1,0,520,230,520
379,lstm,0,test,19,root-0/task0--ep26--succ0.pkl,0,26,1,0,520,230,520
380,lstm,0,test,20,root-0/task0--ep27--succ1.pkl,0,27,0,1,297,230,297
381,lstm,0,test,21,root-0/task0--ep28--succ0.pkl,0,28,1,0,520,230,520
382,lstm,0,test,22,root-0/task0--ep29--succ1.pkl,0,29,0,1,257,230,257
383,lstm,0,test,23,root-0/task0--ep3--succ1.pkl,0,3,0,1,432,230,432
384,lstm,0,test,24,root-0/task0--ep30--succ0.pkl,0,30,1,0,520,230,520
385,lstm,0,test,25,root-0/task0--ep31--succ1.pkl,0,31,0,1,299,230,299
386,lstm,0,test,26,root-0/task0--ep32--succ1.pkl,0,32,0,1,321,230,321
387,lstm,0,test,27,root-0/task0--ep33--succ1.pkl,0,33,0,1,277,230,277
388,lstm,0,test,28,root-0/task0--ep34--succ1.pkl,0,34,0,1,252,230,252
389,lstm,0,test,29,root-0/task0--ep35--succ1.pkl,0,35,0,1,278,230,278
390,lstm,0,test,30,root-0/task0--ep36--succ0.pkl,0,36,1,0,520,230,520
391,lstm,0,test,31,root-0/task0--ep37--succ0.pkl,0,37,1,0,520,230,520
392,lstm,0,test,32,root-0/task0--ep38--succ0.pkl,0,38,1,0,520,230,520
393,lstm,0,test,33,root-0/task0--ep39--succ1.pkl,0,39,0,1,360,230,360
394,lstm,0,test,34,root-0/task0--ep4--succ0.pkl,0,4,1,0,520,230,520
395,lstm,0,test,35,root-0/task0--ep40--succ1.pkl,0,40,0,1,244,230,244
396,lstm,0,test,36,root-0/task0--ep41--succ1.pkl,0,41,0,1,398,230,398
397,lstm,0,test,37,root-0/task0--ep42--succ0.pkl,0,42,1,0,520,230,520
398,lstm,0,test,38,root-0/task0--ep43--succ1.pkl,0,43,0,1,357,230,357
399,lstm,0,test,39,root-0/task0--ep44--succ1.pkl,0,44,0,1,481,230,481
400,lstm,0,test,40,root-0/task0--ep45--succ1.pkl,0,45,0,1,375,230,375
401,lstm,0,test,41,root-0/task0--ep46--succ1.pkl,0,46,0,1,324,230,324
402,lstm,0,test,42,root-0/task0--ep47--succ1.pkl,0,47,0,1,283,230,283
403,lstm,0,test,43,root-0/task0--ep48--succ1.pkl,0,48,0,1,253,230,253
404,lstm,0,test,44,root-0/task0--ep49--succ1.pkl,0,49,0,1,321,230,321
405,lstm,0,test,45,root-0/task0--ep5--succ0.pkl,0,5,1,0,520,230,520
406,lstm,0,test,46,root-0/task0--ep6--succ1.pkl,0,6,0,1,359,230,359
407,lstm,0,test,47,root-0/task0--ep7--succ1.pkl,0,7,0,1,263,230,263
408,lstm,0,test,48,root-0/task0--ep8--succ0.pkl,0,8,1,0,520,230,520
409,lstm,0,test,49,root-0/task0--ep9--succ1.pkl,0,9,0,1,291,230,291
410,lstm,0,test,500,root-1/task0--ep0--succ0.pkl,0,0,1,0,520,230,520
411,lstm,0,test,501,root-1/task0--ep1--succ1.pkl,0,1,0,1,294,230,294
412,lstm,0,test,502,root-1/task0--ep10--succ1.pkl,0,10,0,1,290,230,290
413,lstm,0,test,503,root-1/task0--ep11--succ1.pkl,0,11,0,1,332,230,332
414,lstm,0,test,504,root-1/task0--ep12--succ0.pkl,0,12,1,0,520,230,520
415,lstm,0,test,505,root-1/task0--ep13--succ1.pkl,0,13,0,1,278,230,278
416,lstm,0,test,506,root-1/task0--ep14--succ0.pkl,0,14,1,0,520,230,520
417,lstm,0,test,507,root-1/task0--ep15--succ1.pkl,0,15,0,1,269,230,269
418,lstm,0,test,508,root-1/task0--ep16--succ0.pkl,0,16,1,0,520,230,520
419,lstm,0,test,509,root-1/task0--ep17--succ1.pkl,0,17,0,1,469,230,469
420,lstm,0,test,510,root-1/task0--ep18--succ0.pkl,0,18,1,0,520,230,520
421,lstm,0,test,511,root-1/task0--ep19--succ1.pkl,0,19,0,1,270,230,270
422,lstm,0,test,512,root-1/task0--ep2--succ0.pkl,0,2,1,0,520,230,520
423,lstm,0,test,513,root-1/task0--ep20--succ0.pkl,0,20,1,0,520,230,520
424,lstm,0,test,514,root-1/task0--ep21--succ1.pkl,0,21,0,1,280,230,280
425,lstm,0,test,515,root-1/task0--ep22--succ0.pkl,0,22,1,0,520,230,520
426,lstm,0,test,516,root-1/task0--ep23--succ1.pkl,0,23,0,1,340,230,340
427,lstm,0,test,517,root-1/task0--ep24--succ0.pkl,0,24,1,0,520,230,520
428,lstm,0,test,518,root-1/task0--ep25--succ1.pkl,0,25,0,1,295,230,295
429,lstm,0,test,519,root-1/task0--ep26--succ0.pkl,0,26,1,0,520,230,520
430,lstm,0,test,520,root-1/task0--ep27--succ1.pkl,0,27,0,1,292,230,292
431,lstm,0,test,521,root-1/task0--ep28--succ0.pkl,0,28,1,0,520,230,520
432,lstm,0,test,522,root-1/task0--ep29--succ1.pkl,0,29,0,1,322,230,322
433,lstm,0,test,523,root-1/task0--ep3--succ1.pkl,0,3,0,1,252,230,252
434,lstm,0,test,524,root-1/task0--ep30--succ1.pkl,0,30,0,1,385,230,385
435,lstm,0,test,525,root-1/task0--ep31--succ1.pkl,0,31,0,1,295,230,295
436,lstm,0,test,526,root-1/task0--ep32--succ0.pkl,0,32,1,0,520,230,520
437,lstm,0,test,527,root-1/task0--ep33--succ1.pkl,0,33,0,1,357,230,357
438,lstm,0,test,528,root-1/task0--ep34--succ1.pkl,0,34,0,1,371,230,371
439,lstm,0,test,529,root-1/task0--ep35--succ1.pkl,0,35,0,1,392,230,392
440,lstm,0,test,530,root-1/task0--ep36--succ0.pkl,0,36,1,0,520,230,520
441,lstm,0,test,531,root-1/task0--ep37--succ1.pkl,0,37,0,1,333,230,333
442,lstm,0,test,532,root-1/task0--ep38--succ0.pkl,0,38,1,0,520,230,520
443,lstm,0,test,533,root-1/task0--ep39--succ0.pkl,0,39,1,0,520,230,520
444,lstm,0,test,534,root-1/task0--ep4--succ0.pkl,0,4,1,0,520,230,520
445,lstm,0,test,535,root-1/task0--ep40--succ1.pkl,0,40,0,1,279,230,279
446,lstm,0,test,536,root-1/task0--ep41--succ1.pkl,0,41,0,1,348,230,348
447,lstm,0,test,537,root-1/task0--ep42--succ0.pkl,0,42,1,0,520,230,520
448,lstm,0,test,538,root-1/task0--ep43--succ0.pkl,0,43,1,0,520,230,520
449,lstm,0,test,539,root-1/task0--ep44--succ1.pkl,0,44,0,1,423,230,423
450,lstm,0,test,540,root-1/task0--ep45--succ1.pkl,0,45,0,1,346,230,346
451,lstm,0,test,541,root-1/task0--ep46--succ1.pkl,0,46,0,1,315,230,315
452,lstm,0,test,542,root-1/task0--ep47--succ1.pkl,0,47,0,1,315,230,315
453,lstm,0,test,543,root-1/task0--ep48--succ1.pkl,0,48,0,1,300,230,300
454,lstm,0,test,544,root-1/task0--ep49--succ0.pkl,0,49,1,0,520,230,520
455,lstm,0,test,545,root-1/task0--ep5--succ0.pkl,0,5,1,0,520,230,520
456,lstm,0,test,546,root-1/task0--ep6--succ1.pkl,0,6,0,1,370,230,370
457,lstm,0,test,547,root-1/task0--ep7--succ1.pkl,0,7,0,1,242,230,242
458,lstm,0,test,548,root-1/task0--ep8--succ1.pkl,0,8,0,1,341,230,341
459,lstm,0,test,549,root-1/task0--ep9--succ1.pkl,0,9,0,1,440,230,440
460,lstm,1,val,8,root-0/task0--ep16--succ0.pkl,0,16,1,0,520,230,520
461,lstm,1,val,9,root-0/task0--ep17--succ1.pkl,0,17,0,1,321,230,321
462,lstm,1,val,10,root-0/task0--ep18--succ1.pkl,0,18,0,1,303,230,303
463,lstm,1,val,11,root-0/task0--ep19--succ1.pkl,0,19,0,1,304,230,304
464,lstm,1,val,13,root-0/task0--ep20--succ0.pkl,0,20,1,0,520,230,520
465,lstm,1,val,16,root-0/task0--ep23--succ1.pkl,0,23,0,1,414,230,414
466,lstm,1,val,18,root-0/task0--ep25--succ0.pkl,0,25,1,0,520,230,520
467,lstm,1,val,19,root-0/task0--ep26--succ0.pkl,0,26,1,0,520,230,520
468,lstm,1,val,21,root-0/task0--ep28--succ0.pkl,0,28,1,0,520,230,520
469,lstm,1,val,22,root-0/task0--ep29--succ1.pkl,0,29,0,1,257,230,257
470,lstm,1,val,26,root-0/task0--ep32--succ1.pkl,0,32,0,1,321,230,321
471,lstm,1,val,28,root-0/task0--ep34--succ1.pkl,0,34,0,1,252,230,252
472,lstm,1,val,29,root-0/task0--ep35--succ1.pkl,0,35,0,1,278,230,278
473,lstm,1,val,32,root-0/task0--ep38--succ0.pkl,0,38,1,0,520,230,520
474,lstm,1,val,33,root-0/task0--ep39--succ1.pkl,0,39,0,1,360,230,360
475,lstm,1,val,34,root-0/task0--ep4--succ0.pkl,0,4,1,0,520,230,520
476,lstm,1,val,37,root-0/task0--ep42--succ0.pkl,0,42,1,0,520,230,520
477,lstm,1,val,38,root-0/task0--ep43--succ1.pkl,0,43,0,1,357,230,357
478,lstm,1,val,39,root-0/task0--ep44--succ1.pkl,0,44,0,1,481,230,481
479,lstm,1,val,40,root-0/task0--ep45--succ1.pkl,0,45,0,1,375,230,375
480,lstm,1,val,42,root-0/task0--ep47--succ1.pkl,0,47,0,1,283,230,283
481,lstm,1,val,44,root-0/task0--ep49--succ1.pkl,0,49,0,1,321,230,321
482,lstm,1,val,49,root-0/task0--ep9--succ1.pkl,0,9,0,1,291,230,291
483,lstm,1,val,100,root-0/task2--ep0--succ1.pkl,2,0,0,1,258,211,258
484,lstm,1,val,101,root-0/task2--ep1--succ1.pkl,2,1,0,1,285,211,285
485,lstm,1,val,109,root-0/task2--ep17--succ1.pkl,2,17,0,1,242,211,242
486,lstm,1,val,111,root-0/task2--ep19--succ1.pkl,2,19,0,1,227,211,227
487,lstm,1,val,112,root-0/task2--ep2--succ0.pkl,2,2,1,0,520,211,520
488,lstm,1,val,113,root-0/task2--ep20--succ0.pkl,2,20,1,0,520,211,520
489,lstm,1,val,114,root-0/task2--ep21--succ1.pkl,2,21,0,1,320,211,320
490,lstm,1,val,117,root-0/task2--ep24--succ0.pkl,2,24,1,0,520,211,520
491,lstm,1,val,118,root-0/task2--ep25--succ1.pkl,2,25,0,1,251,211,251
492,lstm,1,val,121,root-0/task2--ep28--succ1.pkl,2,28,0,1,304,211,304
493,lstm,1,val,122,root-0/task2--ep29--succ0.pkl,2,29,1,0,520,211,520
494,lstm,1,val,125,root-0/task2--ep31--succ0.pkl,2,31,1,0,520,211,520
495,lstm,1,val,127,root-0/task2--ep33--succ0.pkl,2,33,1,0,520,211,520
496,lstm,1,val,132,root-0/task2--ep38--succ1.pkl,2,38,0,1,295,211,295
497,lstm,1,val,133,root-0/task2--ep39--succ0.pkl,2,39,1,0,520,211,520
498,lstm,1,val,134,root-0/task2--ep4--succ1.pkl,2,4,0,1,225,211,225
499,lstm,1,val,136,root-0/task2--ep41--succ0.pkl,2,41,1,0,520,211,520
500,lstm,1,val,138,root-0/task2--ep43--succ1.pkl,2,43,0,1,342,211,342
501,lstm,1,val,139,root-0/task2--ep44--succ0.pkl,2,44,1,0,520,211,520
502,lstm,1,val,143,root-0/task2--ep48--succ0.pkl,2,48,1,0,520,211,520
503,lstm,1,val,145,root-0/task2--ep5--succ0.pkl,2,5,1,0,520,211,520
504,lstm,1,val,147,root-0/task2--ep7--succ0.pkl,2,7,1,0,520,211,520
505,lstm,1,val,148,root-0/task2--ep8--succ1.pkl,2,8,0,1,316,211,316
506,lstm,1,val,151,root-0/task3--ep1--succ0.pkl,3,1,1,0,520,187,520
507,lstm,1,val,154,root-0/task3--ep12--succ1.pkl,3,12,0,1,360,187,360
508,lstm,1,val,156,root-0/task3--ep14--succ0.pkl,3,14,1,0,520,187,520
509,lstm,1,val,159,root-0/task3--ep17--succ1.pkl,3,17,0,1,218,187,218
510,lstm,1,val,161,root-0/task3--ep19--succ0.pkl,3,19,1,0,520,187,520
511,lstm,1,val,163,root-0/task3--ep20--succ1.pkl,3,20,0,1,245,187,245
512,lstm,1,val,164,root-0/task3--ep21--succ0.pkl,3,21,1,0,520,187,520
513,lstm,1,val,165,root-0/task3--ep22--succ0.pkl,3,22,1,0,520,187,520
514,lstm,1,val,167,root-0/task3--ep24--succ1.pkl,3,24,0,1,277,187,277
515,lstm,1,val,172,root-0/task3--ep29--succ0.pkl,3,29,1,0,520,187,520
516,lstm,1,val,177,root-0/task3--ep33--succ0.pkl,3,33,1,0,520,187,520
517,lstm,1,val,178,root-0/task3--ep34--succ0.pkl,3,34,1,0,520,187,520
518,lstm,1,val,183,root-0/task3--ep39--succ1.pkl,3,39,0,1,196,187,196
519,lstm,1,val,184,root-0/task3--ep4--succ1.pkl,3,4,0,1,453,187,453
520,lstm,1,val,185,root-0/task3--ep40--succ0.pkl,3,40,1,0,520,187,520
521,lstm,1,val,186,root-0/task3--ep41--succ1.pkl,3,41,0,1,256,187,256
522,lstm,1,val,187,root-0/task3--ep42--succ0.pkl,3,42,1,0,520,187,520
523,lstm,1,val,188,root-0/task3--ep43--succ0.pkl,3,43,1,0,520,187,520
524,lstm,1,val,191,root-0/task3--ep46--succ0.pkl,3,46,1,0,520,187,520
525,lstm,1,val,195,root-0/task3--ep5--succ0.pkl,3,5,1,0,520,187,520
526,lstm,1,val,196,root-0/task3--ep6--succ0.pkl,3,6,1,0,520,187,520
527,lstm,1,val,197,root-0/task3--ep7--succ1.pkl,3,7,0,1,195,187,195
528,lstm,1,val,201,root-0/task4--ep1--succ0.pkl,4,1,1,0,520,209,520
529,lstm,1,val,203,root-0/task4--ep11--succ0.pkl,4,11,1,0,520,209,520
530,lstm,1,val,217,root-0/task4--ep24--succ1.pkl,4,24,0,1,294,209,294
531,lstm,1,val,219,root-0/task4--ep26--succ0.pkl,4,26,1,0,520,209,520
532,lstm,1,val,221,root-0/task4--ep28--succ1.pkl,4,28,0,1,233,209,233
533,lstm,1,val,223,root-0/task4--ep3--succ1.pkl,4,3,0,1,235,209,235
534,lstm,1,val,225,root-0/task4--ep31--succ1.pkl,4,31,0,1,241,209,241
535,lstm,1,val,227,root-0/task4--ep33--succ1.pkl,4,33,0,1,241,209,241
536,lstm,1,val,228,root-0/task4--ep34--succ1.pkl,4,34,0,1,246,209,246
537,lstm,1,val,233,root-0/task4--ep39--succ1.pkl,4,39,0,1,219,209,219
538,lstm,1,val,235,root-0/task4--ep40--succ0.pkl,4,40,1,0,520,209,520
539,lstm,1,val,239,root-0/task4--ep44--succ1.pkl,4,44,0,1,238,209,238
540,lstm,1,val,241,root-0/task4--ep46--succ0.pkl,4,46,1,0,520,209,520
541,lstm,1,val,249,root-0/task4--ep9--succ1.pkl,4,9,0,1,220,209,220
542,lstm,1,val,250,root-0/task5--ep0--succ1.pkl,5,0,0,1,161,148,161
543,lstm,1,val,253,root-0/task5--ep11--succ1.pkl,5,11,0,1,160,148,160
544,lstm,1,val,258,root-0/task5--ep16--succ1.pkl,5,16,0,1,327,148,327
545,lstm,1,val,264,root-0/task5--ep21--succ1.pkl,5,21,0,1,184,148,184
546,lstm,1,val,265,root-0/task5--ep22--succ0.pkl,5,22,1,0,520,148,520
547,lstm,1,val,267,root-0/task5--ep24--succ1.pkl,5,24,0,1,172,148,172
548,lstm,1,val,268,root-0/task5--ep25--succ1.pkl,5,25,0,1,207,148,207
549,lstm,1,val,269,root-0/task5--ep26--succ1.pkl,5,26,0,1,187,148,187
550,lstm,1,val,270,root-0/task5--ep27--succ1.pkl,5,27,0,1,261,148,261
551,lstm,1,val,271,root-0/task5--ep28--succ0.pkl,5,28,1,0,520,148,520
552,lstm,1,val,273,root-0/task5--ep3--succ1.pkl,5,3,0,1,233,148,233
553,lstm,1,val,274,root-0/task5--ep30--succ1.pkl,5,30,0,1,186,148,186
554,lstm,1,val,276,root-0/task5--ep32--succ1.pkl,5,32,0,1,183,148,183
555,lstm,1,val,280,root-0/task5--ep36--succ1.pkl,5,36,0,1,231,148,231
556,lstm,1,val,284,root-0/task5--ep4--succ1.pkl,5,4,0,1,194,148,194
557,lstm,1,val,287,root-0/task5--ep42--succ1.pkl,5,42,0,1,231,148,231
558,lstm,1,val,296,root-0/task5--ep6--succ1.pkl,5,6,0,1,197,148,197
559,lstm,1,val,298,root-0/task5--ep8--succ1.pkl,5,8,0,1,154,148,154
560,lstm,1,val,299,root-0/task5--ep9--succ1.pkl,5,9,0,1,334,148,334
561,lstm,1,val,301,root-0/task6--ep1--succ1.pkl,6,1,0,1,256,190,256
562,lstm,1,val,304,root-0/task6--ep12--succ1.pkl,6,12,0,1,254,190,254
563,lstm,1,val,314,root-0/task6--ep21--succ0.pkl,6,21,1,0,520,190,520
564,lstm,1,val,320,root-0/task6--ep27--succ1.pkl,6,27,0,1,247,190,247
565,lstm,1,val,321,root-0/task6--ep28--succ0.pkl,6,28,1,0,520,190,520
566,lstm,1,val,322,root-0/task6--ep29--succ1.pkl,6,29,0,1,236,190,236
567,lstm,1,val,325,root-0/task6--ep31--succ1.pkl,6,31,0,1,229,190,229
568,lstm,1,val,327,root-0/task6--ep33--succ1.pkl,6,33,0,1,216,190,216
569,lstm,1,val,330,root-0/task6--ep36--succ0.pkl,6,36,1,0,520,190,520
570,lstm,1,val,331,root-0/task6--ep37--succ1.pkl,6,37,0,1,251,190,251
571,lstm,1,val,332,root-0/task6--ep38--succ1.pkl,6,38,0,1,315,190,315
572,lstm,1,val,333,root-0/task6--ep39--succ0.pkl,6,39,1,0,520,190,520
573,lstm,1,val,335,root-0/task6--ep40--succ0.pkl,6,40,1,0,520,190,520
574,lstm,1,val,336,root-0/task6--ep41--succ1.pkl,6,41,0,1,387,190,387
575,lstm,1,val,337,root-0/task6--ep42--succ0.pkl,6,42,1,0,520,190,520
576,lstm,1,val,343,root-0/task6--ep48--succ0.pkl,6,48,1,0,520,190,520
577,lstm,1,val,344,root-0/task6--ep49--succ1.pkl,6,49,0,1,263,190,263
578,lstm,1,val,347,root-0/task6--ep7--succ1.pkl,6,7,0,1,268,190,268
579,lstm,1,val,353,root-0/task7--ep11--succ0.pkl,7,11,1,0,520,210,520
580,lstm,1,val,357,root-0/task7--ep15--succ1.pkl,7,15,0,1,227,210,227
581,lstm,1,val,360,root-0/task7--ep18--succ1.pkl,7,18,0,1,210,210,210
582,lstm,1,val,362,root-0/task7--ep2--succ1.pkl,7,2,0,1,332,210,332
583,lstm,1,val,365,root-0/task7--ep22--succ0.pkl,7,22,1,0,520,210,520
584,lstm,1,val,367,root-0/task7--ep24--succ1.pkl,7,24,0,1,231,210,231
585,lstm,1,val,368,root-0/task7--ep25--succ1.pkl,7,25,0,1,301,210,301
586,lstm,1,val,372,root-0/task7--ep29--succ0.pkl,7,29,1,0,520,210,520
587,lstm,1,val,373,root-0/task7--ep3--succ1.pkl,7,3,0,1,362,210,362
588,lstm,1,val,376,root-0/task7--ep32--succ1.pkl,7,32,0,1,239,210,239
589,lstm,1,val,381,root-0/task7--ep37--succ1.pkl,7,37,0,1,267,210,267
590,lstm,1,val,384,root-0/task7--ep4--succ0.pkl,7,4,1,0,520,210,520
591,lstm,1,val,385,root-0/task7--ep40--succ1.pkl,7,40,0,1,341,210,341
592,lstm,1,val,387,root-0/task7--ep42--succ1.pkl,7,42,0,1,267,210,267
593,lstm,1,val,389,root-0/task7--ep44--succ0.pkl,7,44,1,0,520,210,520
594,lstm,1,val,390,root-0/task7--ep45--succ1.pkl,7,45,0,1,260,210,260
595,lstm,1,val,391,root-0/task7--ep46--succ0.pkl,7,46,1,0,520,210,520
596,lstm,1,val,392,root-0/task7--ep47--succ1.pkl,7,47,0,1,300,210,300
597,lstm,1,val,394,root-0/task7--ep49--succ1.pkl,7,49,0,1,369,210,369
598,lstm,1,val,395,root-0/task7--ep5--succ0.pkl,7,5,1,0,520,210,520
599,lstm,1,val,401,root-0/task8--ep1--succ1.pkl,8,1,0,1,448,315,448
600,lstm,1,val,402,root-0/task8--ep10--succ0.pkl,8,10,1,0,520,315,520
601,lstm,1,val,403,root-0/task8--ep11--succ1.pkl,8,11,0,1,486,315,486
602,lstm,1,val,407,root-0/task8--ep15--succ1.pkl,8,15,0,1,347,315,347
603,lstm,1,val,409,root-0/task8--ep17--succ1.pkl,8,17,0,1,509,315,509
604,lstm,1,val,413,root-0/task8--ep20--succ0.pkl,8,20,1,0,520,315,520
605,lstm,1,val,419,root-0/task8--ep26--succ1.pkl,8,26,0,1,427,315,427
606,lstm,1,val,420,root-0/task8--ep27--succ0.pkl,8,27,1,0,520,315,520
607,lstm,1,val,424,root-0/task8--ep30--succ1.pkl,8,30,0,1,417,315,417
608,lstm,1,val,425,root-0/task8--ep31--succ0.pkl,8,31,1,0,520,315,520
609,lstm,1,val,426,root-0/task8--ep32--succ0.pkl,8,32,1,0,520,315,520
610,lstm,1,val,432,root-0/task8--ep38--succ0.pkl,8,38,1,0,520,315,520
611,lstm,1,val,433,root-0/task8--ep39--succ0.pkl,8,39,1,0,520,315,520
612,lstm,1,val,438,root-0/task8--ep43--succ0.pkl,8,43,1,0,520,315,520
613,lstm,1,val,439,root-0/task8--ep44--succ1.pkl,8,44,0,1,315,315,315
614,lstm,1,val,440,root-0/task8--ep45--succ0.pkl,8,45,1,0,520,315,520
615,lstm,1,val,441,root-0/task8--ep46--succ0.pkl,8,46,1,0,520,315,520
616,lstm,1,val,445,root-0/task8--ep5--succ0.pkl,8,5,1,0,520,315,520
617,lstm,1,val,446,root-0/task8--ep6--succ0.pkl,8,6,1,0,520,315,520
618,lstm,1,val,447,root-0/task8--ep7--succ0.pkl,8,7,1,0,520,315,520
619,lstm,1,val,449,root-0/task8--ep9--succ1.pkl,8,9,0,1,504,315,504
620,lstm,1,val,450,root-0/task9--ep0--succ0.pkl,9,0,1,0,520,241,520
621,lstm,1,val,451,root-0/task9--ep1--succ0.pkl,9,1,1,0,520,241,520
622,lstm,1,val,454,root-0/task9--ep12--succ0.pkl,9,12,1,0,520,241,520
623,lstm,1,val,458,root-0/task9--ep16--succ0.pkl,9,16,1,0,520,241,520
624,lstm,1,val,460,root-0/task9--ep18--succ1.pkl,9,18,0,1,372,241,372
625,lstm,1,val,461,root-0/task9--ep19--succ1.pkl,9,19,0,1,427,241,427
626,lstm,1,val,462,root-0/task9--ep2--succ1.pkl,9,2,0,1,300,241,300
627,lstm,1,val,464,root-0/task9--ep21--succ1.pkl,9,21,0,1,300,241,300
628,lstm,1,val,466,root-0/task9--ep23--succ0.pkl,9,23,1,0,520,241,520
629,lstm,1,val,467,root-0/task9--ep24--succ0.pkl,9,24,1,0,520,241,520
630,lstm,1,val,469,root-0/task9--ep26--succ0.pkl,9,26,1,0,520,241,520
631,lstm,1,val,476,root-0/task9--ep32--succ0.pkl,9,32,1,0,520,241,520
632,lstm,1,val,478,root-0/task9--ep34--succ0.pkl,9,34,1,0,520,241,520
633,lstm,1,val,480,root-0/task9--ep36--succ0.pkl,9,36,1,0,520,241,520
634,lstm,1,val,482,root-0/task9--ep38--succ0.pkl,9,38,1,0,520,241,520
635,lstm,1,val,483,root-0/task9--ep39--succ0.pkl,9,39,1,0,520,241,520
636,lstm,1,val,485,root-0/task9--ep40--succ0.pkl,9,40,1,0,520,241,520
637,lstm,1,val,486,root-0/task9--ep41--succ1.pkl,9,41,0,1,316,241,316
638,lstm,1,val,490,root-0/task9--ep45--succ0.pkl,9,45,1,0,520,241,520
639,lstm,1,val,494,root-0/task9--ep49--succ1.pkl,9,49,0,1,344,241,344
640,lstm,1,val,495,root-0/task9--ep5--succ1.pkl,9,5,0,1,312,241,312
641,lstm,1,val,497,root-0/task9--ep7--succ0.pkl,9,7,1,0,520,241,520
642,lstm,1,val,498,root-0/task9--ep8--succ1.pkl,9,8,0,1,307,241,307
643,lstm,1,val,500,root-1/task0--ep0--succ0.pkl,0,0,1,0,520,230,520
644,lstm,1,val,502,root-1/task0--ep10--succ1.pkl,0,10,0,1,290,230,290
645,lstm,1,val,505,root-1/task0--ep13--succ1.pkl,0,13,0,1,278,230,278
646,lstm,1,val,517,root-1/task0--ep24--succ0.pkl,0,24,1,0,520,230,520
647,lstm,1,val,518,root-1/task0--ep25--succ1.pkl,0,25,0,1,295,230,295
648,lstm,1,val,525,root-1/task0--ep31--succ1.pkl,0,31,0,1,295,230,295
649,lstm,1,val,526,root-1/task0--ep32--succ0.pkl,0,32,1,0,520,230,520
650,lstm,1,val,527,root-1/task0--ep33--succ1.pkl,0,33,0,1,357,230,357
651,lstm,1,val,528,root-1/task0--ep34--succ1.pkl,0,34,0,1,371,230,371
652,lstm,1,val,529,root-1/task0--ep35--succ1.pkl,0,35,0,1,392,230,392
653,lstm,1,val,531,root-1/task0--ep37--succ1.pkl,0,37,0,1,333,230,333
654,lstm,1,val,534,root-1/task0--ep4--succ0.pkl,0,4,1,0,520,230,520
655,lstm,1,val,536,root-1/task0--ep41--succ1.pkl,0,41,0,1,348,230,348
656,lstm,1,val,539,root-1/task0--ep44--succ1.pkl,0,44,0,1,423,230,423
657,lstm,1,val,542,root-1/task0--ep47--succ1.pkl,0,47,0,1,315,230,315
658,lstm,1,val,545,root-1/task0--ep5--succ0.pkl,0,5,1,0,520,230,520
659,lstm,1,val,548,root-1/task0--ep8--succ1.pkl,0,8,0,1,341,230,341
660,lstm,1,val,600,root-1/task2--ep0--succ0.pkl,2,0,1,0,520,211,520
661,lstm,1,val,601,root-1/task2--ep1--succ1.pkl,2,1,0,1,298,211,298
662,lstm,1,val,608,root-1/task2--ep16--succ1.pkl,2,16,0,1,265,211,265
663,lstm,1,val,612,root-1/task2--ep2--succ1.pkl,2,2,0,1,253,211,253
664,lstm,1,val,614,root-1/task2--ep21--succ1.pkl,2,21,0,1,260,211,260
665,lstm,1,val,617,root-1/task2--ep24--succ0.pkl,2,24,1,0,520,211,520
666,lstm,1,val,623,root-1/task2--ep3--succ0.pkl,2,3,1,0,520,211,520
667,lstm,1,val,625,root-1/task2--ep31--succ1.pkl,2,31,0,1,277,211,277
668,lstm,1,val,627,root-1/task2--ep33--succ0.pkl,2,33,1,0,520,211,520
669,lstm,1,val,629,root-1/task2--ep35--succ1.pkl,2,35,0,1,377,211,377
670,lstm,1,val,633,root-1/task2--ep39--succ1.pkl,2,39,0,1,439,211,439
671,lstm,1,val,634,root-1/task2--ep4--succ1.pkl,2,4,0,1,224,211,224
672,lstm,1,val,636,root-1/task2--ep41--succ0.pkl,2,41,1,0,520,211,520
673,lstm,1,val,637,root-1/task2--ep42--succ0.pkl,2,42,1,0,520,211,520
674,lstm,1,val,638,root-1/task2--ep43--succ0.pkl,2,43,1,0,520,211,520
675,lstm,1,val,646,root-1/task2--ep6--succ0.pkl,2,6,1,0,520,211,520
676,lstm,1,val,649,root-1/task2--ep9--succ0.pkl,2,9,1,0,520,211,520
677,lstm,1,val,650,root-1/task3--ep0--succ1.pkl,3,0,0,1,298,187,298
678,lstm,1,val,657,root-1/task3--ep15--succ1.pkl,3,15,0,1,244,187,244
679,lstm,1,val,662,root-1/task3--ep2--succ0.pkl,3,2,1,0,520,187,520
680,lstm,1,val,664,root-1/task3--ep21--succ0.pkl,3,21,1,0,520,187,520
681,lstm,1,val,666,root-1/task3--ep23--succ1.pkl,3,23,0,1,236,187,236
682,lstm,1,val,667,root-1/task3--ep24--succ0.pkl,3,24,1,0,520,187,520
683,lstm,1,val,669,root-1/task3--ep26--succ1.pkl,3,26,0,1,232,187,232
684,lstm,1,val,670,root-1/task3--ep27--succ0.pkl,3,27,1,0,520,187,520
685,lstm,1,val,671,root-1/task3--ep28--succ1.pkl,3,28,0,1,263,187,263
686,lstm,1,val,679,root-1/task3--ep35--succ0.pkl,3,35,1,0,520,187,520
687,lstm,1,val,681,root-1/task3--ep37--succ1.pkl,3,37,0,1,260,187,260
688,lstm,1,val,682,root-1/task3--ep38--succ0.pkl,3,38,1,0,520,187,520
689,lstm,1,val,688,root-1/task3--ep43--succ1.pkl,3,43,0,1,248,187,248
690,lstm,1,val,691,root-1/task3--ep46--succ0.pkl,3,46,1,0,520,187,520
691,lstm,1,val,695,root-1/task3--ep5--succ0.pkl,3,5,1,0,520,187,520
692,lstm,1,val,696,root-1/task3--ep6--succ0.pkl,3,6,1,0,520,187,520
693,lstm,1,val,698,root-1/task3--ep8--succ0.pkl,3,8,1,0,520,187,520
694,lstm,1,val,699,root-1/task3--ep9--succ0.pkl,3,9,1,0,520,187,520
695,lstm,1,val,700,root-1/task4--ep0--succ0.pkl,4,0,1,0,520,209,520
696,lstm,1,val,701,root-1/task4--ep1--succ0.pkl,4,1,1,0,520,209,520
697,lstm,1,val,704,root-1/task4--ep12--succ1.pkl,4,12,0,1,263,209,263
698,lstm,1,val,705,root-1/task4--ep13--succ0.pkl,4,13,1,0,520,209,520
699,lstm,1,val,706,root-1/task4--ep14--succ1.pkl,4,14,0,1,247,209,247
700,lstm,1,val,708,root-1/task4--ep16--succ0.pkl,4,16,1,0,520,209,520
701,lstm,1,val,709,root-1/task4--ep17--succ1.pkl,4,17,0,1,273,209,273
702,lstm,1,val,713,root-1/task4--ep20--succ1.pkl,4,20,0,1,209,209,209
703,lstm,1,val,716,root-1/task4--ep23--succ0.pkl,4,23,1,0,520,209,520
704,lstm,1,val,720,root-1/task4--ep27--succ1.pkl,4,27,0,1,231,209,231
705,lstm,1,val,721,root-1/task4--ep28--succ0.pkl,4,28,1,0,520,209,520
706,lstm,1,val,723,root-1/task4--ep3--succ1.pkl,4,3,0,1,243,209,243
707,lstm,1,val,726,root-1/task4--ep32--succ1.pkl,4,32,0,1,511,209,511
708,lstm,1,val,728,root-1/task4--ep34--succ0.pkl,4,34,1,0,520,209,520
709,lstm,1,val,731,root-1/task4--ep37--succ0.pkl,4,37,1,0,520,209,520
710,lstm,1,val,732,root-1/task4--ep38--succ1.pkl,4,38,0,1,217,209,217
711,lstm,1,val,733,root-1/task4--ep39--succ0.pkl,4,39,1,0,520,209,520
712,lstm,1,val,735,root-1/task4--ep40--succ0.pkl,4,40,1,0,520,209,520
713,lstm,1,val,736,root-1/task4--ep41--succ0.pkl,4,41,1,0,520,209,520
714,lstm,1,val,737,root-1/task4--ep42--succ0.pkl,4,42,1,0,520,209,520
715,lstm,1,val,738,root-1/task4--ep43--succ0.pkl,4,43,1,0,520,209,520
716,lstm,1,val,739,root-1/task4--ep44--succ1.pkl,4,44,0,1,233,209,233
717,lstm,1,val,740,root-1/task4--ep45--succ0.pkl,4,45,1,0,520,209,520
718,lstm,1,val,742,root-1/task4--ep47--succ0.pkl,4,47,1,0,520,209,520
719,lstm,1,val,745,root-1/task4--ep5--succ1.pkl,4,5,0,1,341,209,341
720,lstm,1,val,747,root-1/task4--ep7--succ0.pkl,4,7,1,0,520,209,520
721,lstm,1,val,751,root-1/task5--ep1--succ1.pkl,5,1,0,1,178,148,178
722,lstm,1,val,752,root-1/task5--ep10--succ1.pkl,5,10,0,1,242,148,242
723,lstm,1,val,753,root-1/task5--ep11--succ1.pkl,5,11,0,1,282,148,282
724,lstm,1,val,754,root-1/task5--ep12--succ1.pkl,5,12,0,1,159,148,159
725,lstm,1,val,757,root-1/task5--ep15--succ1.pkl,5,15,0,1,202,148,202
726,lstm,1,val,758,root-1/task5--ep16--succ1.pkl,5,16,0,1,170,148,170
727,lstm,1,val,761,root-1/task5--ep19--succ0.pkl,5,19,1,0,520,148,520
728,lstm,1,val,764,root-1/task5--ep21--succ1.pkl,5,21,0,1,177,148,177
729,lstm,1,val,766,root-1/task5--ep23--succ1.pkl,5,23,0,1,197,148,197
730,lstm,1,val,767,root-1/task5--ep24--succ1.pkl,5,24,0,1,174,148,174
731,lstm,1,val,773,root-1/task5--ep3--succ1.pkl,5,3,0,1,173,148,173
732,lstm,1,val,775,root-1/task5--ep31--succ1.pkl,5,31,0,1,207,148,207
733,lstm,1,val,776,root-1/task5--ep32--succ1.pkl,5,32,0,1,189,148,189
734,lstm,1,val,780,root-1/task5--ep36--succ0.pkl,5,36,1,0,520,148,520
735,lstm,1,val,781,root-1/task5--ep37--succ1.pkl,5,37,0,1,174,148,174
736,lstm,1,val,784,root-1/task5--ep4--succ1.pkl,5,4,0,1,266,148,266
737,lstm,1,val,785,root-1/task5--ep40--succ1.pkl,5,40,0,1,196,148,196
738,lstm,1,val,788,root-1/task5--ep43--succ1.pkl,5,43,0,1,211,148,211
739,lstm,1,val,791,root-1/task5--ep46--succ0.pkl,5,46,1,0,520,148,520
740,lstm,1,val,793,root-1/task5--ep48--succ1.pkl,5,48,0,1,190,148,190
741,lstm,1,val,797,root-1/task5--ep7--succ1.pkl,5,7,0,1,205,148,205
742,lstm,1,val,800,root-1/task6--ep0--succ1.pkl,6,0,0,1,289,190,289
743,lstm,1,val,804,root-1/task6--ep12--succ0.pkl,6,12,1,0,520,190,520
744,lstm,1,val,806,root-1/task6--ep14--succ0.pkl,6,14,1,0,520,190,520
745,lstm,1,val,807,root-1/task6--ep15--succ0.pkl,6,15,1,0,520,190,520
746,lstm,1,val,810,root-1/task6--ep18--succ0.pkl,6,18,1,0,520,190,520
747,lstm,1,val,811,root-1/task6--ep19--succ1.pkl,6,19,0,1,216,190,216
748,lstm,1,val,812,root-1/task6--ep2--succ0.pkl,6,2,1,0,520,190,520
749,lstm,1,val,816,root-1/task6--ep23--succ1.pkl,6,23,0,1,190,190,190
750,lstm,1,val,819,root-1/task6--ep26--succ0.pkl,6,26,1,0,520,190,520
751,lstm,1,val,820,root-1/task6--ep27--succ1.pkl,6,27,0,1,199,190,199
752,lstm,1,val,821,root-1/task6--ep28--succ1.pkl,6,28,0,1,239,190,239
753,lstm,1,val,825,root-1/task6--ep31--succ1.pkl,6,31,0,1,291,190,291
754,lstm,1,val,827,root-1/task6--ep33--succ0.pkl,6,33,1,0,520,190,520
755,lstm,1,val,828,root-1/task6--ep34--succ0.pkl,6,34,1,0,520,190,520
756,lstm,1,val,831,root-1/task6--ep37--succ1.pkl,6,37,0,1,191,190,191
757,lstm,1,val,833,root-1/task6--ep39--succ0.pkl,6,39,1,0,520,190,520
758,lstm,1,val,834,root-1/task6--ep4--succ1.pkl,6,4,0,1,513,190,513
759,lstm,1,val,838,root-1/task6--ep43--succ0.pkl,6,43,1,0,520,190,520
760,lstm,1,val,840,root-1/task6--ep45--succ0.pkl,6,45,1,0,520,190,520
761,lstm,1,val,844,root-1/task6--ep49--succ1.pkl,6,49,0,1,474,190,474
762,lstm,1,val,846,root-1/task6--ep6--succ0.pkl,6,6,1,0,520,190,520
763,lstm,1,val,847,root-1/task6--ep7--succ1.pkl,6,7,0,1,234,190,234
764,lstm,1,val,850,root-1/task7--ep0--succ1.pkl,7,0,0,1,246,210,246
765,lstm,1,val,858,root-1/task7--ep16--succ1.pkl,7,16,0,1,281,210,281
766,lstm,1,val,860,root-1/task7--ep18--succ1.pkl,7,18,0,1,232,210,232
767,lstm,1,val,865,root-1/task7--ep22--succ1.pkl,7,22,0,1,280,210,280
768,lstm,1,val,867,root-1/task7--ep24--succ0.pkl,7,24,1,0,520,210,520
769,lstm,1,val,869,root-1/task7--ep26--succ0.pkl,7,26,1,0,520,210,520
770,lstm,1,val,875,root-1/task7--ep31--succ1.pkl,7,31,0,1,500,210,500
771,lstm,1,val,878,root-1/task7--ep34--succ0.pkl,7,34,1,0,520,210,520
772,lstm,1,val,881,root-1/task7--ep37--succ1.pkl,7,37,0,1,230,210,230
773,lstm,1,val,882,root-1/task7--ep38--succ1.pkl,7,38,0,1,331,210,331
774,lstm,1,val,884,root-1/task7--ep4--succ0.pkl,7,4,1,0,520,210,520
775,lstm,1,val,886,root-1/task7--ep41--succ0.pkl,7,41,1,0,520,210,520
776,lstm,1,val,887,root-1/task7--ep42--succ1.pkl,7,42,0,1,253,210,253
777,lstm,1,val,889,root-1/task7--ep44--succ1.pkl,7,44,0,1,246,210,246
778,lstm,1,val,891,root-1/task7--ep46--succ1.pkl,7,46,0,1,257,210,257
779,lstm,1,val,892,root-1/task7--ep47--succ1.pkl,7,47,0,1,246,210,246
780,lstm,1,val,893,root-1/task7--ep48--succ1.pkl,7,48,0,1,290,210,290
781,lstm,1,val,894,root-1/task7--ep49--succ0.pkl,7,49,1,0,520,210,520
782,lstm,1,val,896,root-1/task7--ep6--succ1.pkl,7,6,0,1,369,210,369
783,lstm,1,val,897,root-1/task7--ep7--succ1.pkl,7,7,0,1,246,210,246
784,lstm,1,val,901,root-1/task8--ep1--succ1.pkl,8,1,0,1,391,315,391
785,lstm,1,val,904,root-1/task8--ep12--succ0.pkl,8,12,1,0,520,315,520
786,lstm,1,val,905,root-1/task8--ep13--succ0.pkl,8,13,1,0,520,315,520
787,lstm,1,val,906,root-1/task8--ep14--succ0.pkl,8,14,1,0,520,315,520
788,lstm,1,val,907,root-1/task8--ep15--succ0.pkl,8,15,1,0,520,315,520
789,lstm,1,val,910,root-1/task8--ep18--succ0.pkl,8,18,1,0,520,315,520
790,lstm,1,val,914,root-1/task8--ep21--succ0.pkl,8,21,1,0,520,315,520
791,lstm,1,val,920,root-1/task8--ep27--succ0.pkl,8,27,1,0,520,315,520
792,lstm,1,val,921,root-1/task8--ep28--succ0.pkl,8,28,1,0,520,315,520
793,lstm,1,val,923,root-1/task8--ep3--succ0.pkl,8,3,1,0,520,315,520
794,lstm,1,val,927,root-1/task8--ep33--succ0.pkl,8,33,1,0,520,315,520
795,lstm,1,val,932,root-1/task8--ep38--succ0.pkl,8,38,1,0,520,315,520
796,lstm,1,val,934,root-1/task8--ep4--succ0.pkl,8,4,1,0,520,315,520
797,lstm,1,val,940,root-1/task8--ep45--succ1.pkl,8,45,0,1,490,315,490
798,lstm,1,val,943,root-1/task8--ep48--succ0.pkl,8,48,1,0,520,315,520
799,lstm,1,val,945,root-1/task8--ep5--succ0.pkl,8,5,1,0,520,315,520
800,lstm,1,val,946,root-1/task8--ep6--succ1.pkl,8,6,0,1,440,315,440
801,lstm,1,val,947,root-1/task8--ep7--succ0.pkl,8,7,1,0,520,315,520
802,lstm,1,val,948,root-1/task8--ep8--succ0.pkl,8,8,1,0,520,315,520
803,lstm,1,val,954,root-1/task9--ep12--succ0.pkl,9,12,1,0,520,241,520
804,lstm,1,val,956,root-1/task9--ep14--succ0.pkl,9,14,1,0,520,241,520
805,lstm,1,val,958,root-1/task9--ep16--succ0.pkl,9,16,1,0,520,241,520
806,lstm,1,val,959,root-1/task9--ep17--succ1.pkl,9,17,0,1,349,241,349
807,lstm,1,val,965,root-1/task9--ep22--succ1.pkl,9,22,0,1,312,241,312
808,lstm,1,val,977,root-1/task9--ep33--succ1.pkl,9,33,0,1,247,241,247
809,lstm,1,val,978,root-1/task9--ep34--succ0.pkl,9,34,1,0,520,241,520
810,lstm,1,val,980,root-1/task9--ep36--succ1.pkl,9,36,0,1,359,241,359
811,lstm,1,val,981,root-1/task9--ep37--succ1.pkl,9,37,0,1,413,241,413
812,lstm,1,val,983,root-1/task9--ep39--succ0.pkl,9,39,1,0,520,241,520
813,lstm,1,val,984,root-1/task9--ep4--succ0.pkl,9,4,1,0,520,241,520
814,lstm,1,val,985,root-1/task9--ep40--succ1.pkl,9,40,0,1,389,241,389
815,lstm,1,val,987,root-1/task9--ep42--succ0.pkl,9,42,1,0,520,241,520
816,lstm,1,val,988,root-1/task9--ep43--succ0.pkl,9,43,1,0,520,241,520
817,lstm,1,val,990,root-1/task9--ep45--succ0.pkl,9,45,1,0,520,241,520
818,lstm,1,val,991,root-1/task9--ep46--succ0.pkl,9,46,1,0,520,241,520
819,lstm,1,val,994,root-1/task9--ep49--succ0.pkl,9,49,1,0,520,241,520
820,lstm,1,test,50,root-0/task1--ep0--succ1.pkl,1,0,0,1,268,218,268
821,lstm,1,test,51,root-0/task1--ep1--succ1.pkl,1,1,0,1,253,218,253
822,lstm,1,test,52,root-0/task1--ep10--succ1.pkl,1,10,0,1,271,218,271
823,lstm,1,test,53,root-0/task1--ep11--succ0.pkl,1,11,1,0,520,218,520
824,lstm,1,test,54,root-0/task1--ep12--succ1.pkl,1,12,0,1,238,218,238
825,lstm,1,test,55,root-0/task1--ep13--succ1.pkl,1,13,0,1,239,218,239
826,lstm,1,test,56,root-0/task1--ep14--succ1.pkl,1,14,0,1,309,218,309
827,lstm,1,test,57,root-0/task1--ep15--succ1.pkl,1,15,0,1,256,218,256
828,lstm,1,test,58,root-0/task1--ep16--succ1.pkl,1,16,0,1,248,218,248
829,lstm,1,test,59,root-0/task1--ep17--succ1.pkl,1,17,0,1,244,218,244
830,lstm,1,test,60,root-0/task1--ep18--succ1.pkl,1,18,0,1,246,218,246
831,lstm,1,test,61,root-0/task1--ep19--succ1.pkl,1,19,0,1,251,218,251
832,lstm,1,test,62,root-0/task1--ep2--succ1.pkl,1,2,0,1,322,218,322
833,lstm,1,test,63,root-0/task1--ep20--succ1.pkl,1,20,0,1,293,218,293
834,lstm,1,test,64,root-0/task1--ep21--succ0.pkl,1,21,1,0,520,218,520
835,lstm,1,test,65,root-0/task1--ep22--succ0.pkl,1,22,1,0,520,218,520
836,lstm,1,test,66,root-0/task1--ep23--succ0.pkl,1,23,1,0,520,218,520
837,lstm,1,test,67,root-0/task1--ep24--succ1.pkl,1,24,0,1,233,218,233
838,lstm,1,test,68,root-0/task1--ep25--succ1.pkl,1,25,0,1,277,218,277
839,lstm,1,test,69,root-0/task1--ep26--succ1.pkl,1,26,0,1,218,218,218
840,lstm,1,test,70,root-0/task1--ep27--succ0.pkl,1,27,1,0,520,218,520
841,lstm,1,test,71,root-0/task1--ep28--succ1.pkl,1,28,0,1,270,218,270
842,lstm,1,test,72,root-0/task1--ep29--succ1.pkl,1,29,0,1,236,218,236
843,lstm,1,test,73,root-0/task1--ep3--succ1.pkl,1,3,0,1,271,218,271
844,lstm,1,test,74,root-0/task1--ep30--succ1.pkl,1,30,0,1,264,218,264
845,lstm,1,test,75,root-0/task1--ep31--succ1.pkl,1,31,0,1,232,218,232
846,lstm,1,test,76,root-0/task1--ep32--succ0.pkl,1,32,1,0,520,218,520
847,lstm,1,test,77,root-0/task1--ep33--succ1.pkl,1,33,0,1,224,218,224
848,lstm,1,test,78,root-0/task1--ep34--succ0.pkl,1,34,1,0,520,218,520
849,lstm,1,test,79,root-0/task1--ep35--succ1.pkl,1,35,0,1,264,218,264
850,lstm,1,test,80,root-0/task1--ep36--succ0.pkl,1,36,1,0,520,218,520
851,lstm,1,test,81,root-0/task1--ep37--succ1.pkl,1,37,0,1,286,218,286
852,lstm,1,test,82,root-0/task1--ep38--succ1.pkl,1,38,0,1,249,218,249
853,lstm,1,test,83,root-0/task1--ep39--succ1.pkl,1,39,0,1,316,218,316
854,lstm,1,test,84,root-0/task1--ep4--succ1.pkl,1,4,0,1,487,218,487
855,lstm,1,test,85,root-0/task1--ep40--succ1.pkl,1,40,0,1,225,218,225
856,lstm,1,test,86,root-0/task1--ep41--succ1.pkl,1,41,0,1,396,218,396
857,lstm,1,test,87,root-0/task1--ep42--succ1.pkl,1,42,0,1,243,218,243
858,lstm,1,test,88,root-0/task1--ep43--succ0.pkl,1,43,1,0,520,218,520
859,lstm,1,test,89,root-0/task1--ep44--succ1.pkl,1,44,0,1,255,218,255
860,lstm,1,test,90,root-0/task1--ep45--succ1.pkl,1,45,0,1,334,218,334
861,lstm,1,test,91,root-0/task1--ep46--succ0.pkl,1,46,1,0,520,218,520
862,lstm,1,test,92,root-0/task1--ep47--succ1.pkl,1,47,0,1,248,218,248
863,lstm,1,test,93,root-0/task1--ep48--succ0.pkl,1,48,1,0,520,218,520
864,lstm,1,test,94,root-0/task1--ep49--succ1.pkl,1,49,0,1,265,218,265
865,lstm,1,test,95,root-0/task1--ep5--succ1.pkl,1,5,0,1,281,218,281
866,lstm,1,test,96,root-0/task1--ep6--succ1.pkl,1,6,0,1,375,218,375
867,lstm,1,test,97,root-0/task1--ep7--succ1.pkl,1,7,0,1,225,218,225
868,lstm,1,test,98,root-0/task1--ep8--succ1.pkl,1,8,0,1,260,218,260
869,lstm,1,test,99,root-0/task1--ep9--succ0.pkl,1,9,1,0,520,218,520
870,lstm,1,test,550,root-1/task1--ep0--succ1.pkl,1,0,0,1,249,218,249
871,lstm,1,test,551,root-1/task1--ep1--succ1.pkl,1,1,0,1,259,218,259
872,lstm,1,test,552,root-1/task1--ep10--succ1.pkl,1,10,0,1,269,218,269
873,lstm,1,test,553,root-1/task1--ep11--succ0.pkl,1,11,1,0,520,218,520
874,lstm,1,test,554,root-1/task1--ep12--succ1.pkl,1,12,0,1,262,218,262
875,lstm,1,test,555,root-1/task1--ep13--succ1.pkl,1,13,0,1,227,218,227
876,lstm,1,test,556,root-1/task1--ep14--succ0.pkl,1,14,1,0,520,218,520
877,lstm,1,test,557,root-1/task1--ep15--succ1.pkl,1,15,0,1,257,218,257
878,lstm,1,test,558,root-1/task1--ep16--succ1.pkl,1,16,0,1,255,218,255
879,lstm,1,test,559,root-1/task1--ep17--succ1.pkl,1,17,0,1,286,218,286
880,lstm,1,test,560,root-1/task1--ep18--succ1.pkl,1,18,0,1,242,218,242
881,lstm,1,test,561,root-1/task1--ep19--succ1.pkl,1,19,0,1,248,218,248
882,lstm,1,test,562,root-1/task1--ep2--succ1.pkl,1,2,0,1,235,218,235
883,lstm,1,test,563,root-1/task1--ep20--succ1.pkl,1,20,0,1,257,218,257
884,lstm,1,test,564,root-1/task1--ep21--succ0.pkl,1,21,1,0,520,218,520
885,lstm,1,test,565,root-1/task1--ep22--succ0.pkl,1,22,1,0,520,218,520
886,lstm,1,test,566,root-1/task1--ep23--succ0.pkl,1,23,1,0,520,218,520
887,lstm,1,test,567,root-1/task1--ep24--succ1.pkl,1,24,0,1,268,218,268
888,lstm,1,test,568,root-1/task1--ep25--succ1.pkl,1,25,0,1,244,218,244
889,lstm,1,test,569,root-1/task1--ep26--succ1.pkl,1,26,0,1,225,218,225
890,lstm,1,test,570,root-1/task1--ep27--succ0.pkl,1,27,1,0,520,218,520
891,lstm,1,test,571,root-1/task1--ep28--succ1.pkl,1,28,0,1,228,218,228
892,lstm,1,test,572,root-1/task1--ep29--succ1.pkl,1,29,0,1,272,218,272
893,lstm,1,test,573,root-1/task1--ep3--succ1.pkl,1,3,0,1,298,218,298
894,lstm,1,test,574,root-1/task1--ep30--succ1.pkl,1,30,0,1,264,218,264
895,lstm,1,test,575,root-1/task1--ep31--succ1.pkl,1,31,0,1,280,218,280
896,lstm,1,test,576,root-1/task1--ep32--succ0.pkl,1,32,1,0,520,218,520
897,lstm,1,test,577,root-1/task1--ep33--succ0.pkl,1,33,1,0,520,218,520
898,lstm,1,test,578,root-1/task1--ep34--succ0.pkl,1,34,1,0,520,218,520
899,lstm,1,test,579,root-1/task1--ep35--succ1.pkl,1,35,0,1,239,218,239
900,lstm,1,test,580,root-1/task1--ep36--succ0.pkl,1,36,1,0,520,218,520
901,lstm,1,test,581,root-1/task1--ep37--succ1.pkl,1,37,0,1,236,218,236
902,lstm,1,test,582,root-1/task1--ep38--succ1.pkl,1,38,0,1,232,218,232
903,lstm,1,test,583,root-1/task1--ep39--succ0.pkl,1,39,1,0,520,218,520
904,lstm,1,test,584,root-1/task1--ep4--succ1.pkl,1,4,0,1,305,218,305
905,lstm,1,test,585,root-1/task1--ep40--succ1.pkl,1,40,0,1,241,218,241
906,lstm,1,test,586,root-1/task1--ep41--succ1.pkl,1,41,0,1,367,218,367
907,lstm,1,test,587,root-1/task1--ep42--succ1.pkl,1,42,0,1,410,218,410
908,lstm,1,test,588,root-1/task1--ep43--succ0.pkl,1,43,1,0,520,218,520
909,lstm,1,test,589,root-1/task1--ep44--succ1.pkl,1,44,0,1,298,218,298
910,lstm,1,test,590,root-1/task1--ep45--succ1.pkl,1,45,0,1,302,218,302
911,lstm,1,test,591,root-1/task1--ep46--succ0.pkl,1,46,1,0,520,218,520
912,lstm,1,test,592,root-1/task1--ep47--succ1.pkl,1,47,0,1,305,218,305
913,lstm,1,test,593,root-1/task1--ep48--succ1.pkl,1,48,0,1,257,218,257
914,lstm,1,test,594,root-1/task1--ep49--succ1.pkl,1,49,0,1,267,218,267
915,lstm,1,test,595,root-1/task1--ep5--succ0.pkl,1,5,1,0,520,218,520
916,lstm,1,test,596,root-1/task1--ep6--succ0.pkl,1,6,1,0,520,218,520
917,lstm,1,test,597,root-1/task1--ep7--succ1.pkl,1,7,0,1,283,218,283
918,lstm,1,test,598,root-1/task1--ep8--succ1.pkl,1,8,0,1,252,218,252
919,lstm,1,test,599,root-1/task1--ep9--succ1.pkl,1,9,0,1,250,218,250
920,lstm,2,val,8,root-0/task0--ep16--succ0.pkl,0,16,1,0,520,230,520
921,lstm,2,val,9,root-0/task0--ep17--succ1.pkl,0,17,0,1,321,230,321
922,lstm,2,val,10,root-0/task0--ep18--succ1.pkl,0,18,0,1,303,230,303
923,lstm,2,val,11,root-0/task0--ep19--succ1.pkl,0,19,0,1,304,230,304
924,lstm,2,val,13,root-0/task0--ep20--succ0.pkl,0,20,1,0,520,230,520
925,lstm,2,val,16,root-0/task0--ep23--succ1.pkl,0,23,0,1,414,230,414
926,lstm,2,val,18,root-0/task0--ep25--succ0.pkl,0,25,1,0,520,230,520
927,lstm,2,val,19,root-0/task0--ep26--succ0.pkl,0,26,1,0,520,230,520
928,lstm,2,val,21,root-0/task0--ep28--succ0.pkl,0,28,1,0,520,230,520
929,lstm,2,val,22,root-0/task0--ep29--succ1.pkl,0,29,0,1,257,230,257
930,lstm,2,val,26,root-0/task0--ep32--succ1.pkl,0,32,0,1,321,230,321
931,lstm,2,val,28,root-0/task0--ep34--succ1.pkl,0,34,0,1,252,230,252
932,lstm,2,val,29,root-0/task0--ep35--succ1.pkl,0,35,0,1,278,230,278
933,lstm,2,val,32,root-0/task0--ep38--succ0.pkl,0,38,1,0,520,230,520
934,lstm,2,val,33,root-0/task0--ep39--succ1.pkl,0,39,0,1,360,230,360
935,lstm,2,val,34,root-0/task0--ep4--succ0.pkl,0,4,1,0,520,230,520
936,lstm,2,val,37,root-0/task0--ep42--succ0.pkl,0,42,1,0,520,230,520
937,lstm,2,val,38,root-0/task0--ep43--succ1.pkl,0,43,0,1,357,230,357
938,lstm,2,val,39,root-0/task0--ep44--succ1.pkl,0,44,0,1,481,230,481
939,lstm,2,val,40,root-0/task0--ep45--succ1.pkl,0,45,0,1,375,230,375
940,lstm,2,val,42,root-0/task0--ep47--succ1.pkl,0,47,0,1,283,230,283
941,lstm,2,val,44,root-0/task0--ep49--succ1.pkl,0,49,0,1,321,230,321
942,lstm,2,val,49,root-0/task0--ep9--succ1.pkl,0,9,0,1,291,230,291
943,lstm,2,val,50,root-0/task1--ep0--succ1.pkl,1,0,0,1,268,218,268
944,lstm,2,val,51,root-0/task1--ep1--succ1.pkl,1,1,0,1,253,218,253
945,lstm,2,val,54,root-0/task1--ep12--succ1.pkl,1,12,0,1,238,218,238
946,lstm,2,val,58,root-0/task1--ep16--succ1.pkl,1,16,0,1,248,218,248
947,lstm,2,val,60,root-0/task1--ep18--succ1.pkl,1,18,0,1,246,218,246
948,lstm,2,val,61,root-0/task1--ep19--succ1.pkl,1,19,0,1,251,218,251
949,lstm,2,val,62,root-0/task1--ep2--succ1.pkl,1,2,0,1,322,218,322
950,lstm,2,val,64,root-0/task1--ep21--succ0.pkl,1,21,1,0,520,218,520
951,lstm,2,val,66,root-0/task1--ep23--succ0.pkl,1,23,1,0,520,218,520
952,lstm,2,val,67,root-0/task1--ep24--succ1.pkl,1,24,0,1,233,218,233
953,lstm,2,val,69,root-0/task1--ep26--succ1.pkl,1,26,0,1,218,218,218
954,lstm,2,val,76,root-0/task1--ep32--succ0.pkl,1,32,1,0,520,218,520
955,lstm,2,val,78,root-0/task1--ep34--succ0.pkl,1,34,1,0,520,218,520
956,lstm,2,val,80,root-0/task1--ep36--succ0.pkl,1,36,1,0,520,218,520
957,lstm,2,val,82,root-0/task1--ep38--succ1.pkl,1,38,0,1,249,218,249
958,lstm,2,val,83,root-0/task1--ep39--succ1.pkl,1,39,0,1,316,218,316
959,lstm,2,val,85,root-0/task1--ep40--succ1.pkl,1,40,0,1,225,218,225
960,lstm,2,val,86,root-0/task1--ep41--succ1.pkl,1,41,0,1,396,218,396
961,lstm,2,val,90,root-0/task1--ep45--succ1.pkl,1,45,0,1,334,218,334
962,lstm,2,val,94,root-0/task1--ep49--succ1.pkl,1,49,0,1,265,218,265
963,lstm,2,val,95,root-0/task1--ep5--succ1.pkl,1,5,0,1,281,218,281
964,lstm,2,val,97,root-0/task1--ep7--succ1.pkl,1,7,0,1,225,218,225
965,lstm,2,val,98,root-0/task1--ep8--succ1.pkl,1,8,0,1,260,218,260
966,lstm,2,val,151,root-0/task3--ep1--succ0.pkl,3,1,1,0,520,187,520
967,lstm,2,val,154,root-0/task3--ep12--succ1.pkl,3,12,0,1,360,187,360
968,lstm,2,val,156,root-0/task3--ep14--succ0.pkl,3,14,1,0,520,187,520
969,lstm,2,val,159,root-0/task3--ep17--succ1.pkl,3,17,0,1,218,187,218
970,lstm,2,val,161,root-0/task3--ep19--succ0.pkl,3,19,1,0,520,187,520
971,lstm,2,val,163,root-0/task3--ep20--succ1.pkl,3,20,0,1,245,187,245
972,lstm,2,val,164,root-0/task3--ep21--succ0.pkl,3,21,1,0,520,187,520
973,lstm,2,val,165,root-0/task3--ep22--succ0.pkl,3,22,1,0,520,187,520
974,lstm,2,val,167,root-0/task3--ep24--succ1.pkl,3,24,0,1,277,187,277
975,lstm,2,val,172,root-0/task3--ep29--succ0.pkl,3,29,1,0,520,187,520
976,lstm,2,val,177,root-0/task3--ep33--succ0.pkl,3,33,1,0,520,187,520
977,lstm,2,val,178,root-0/task3--ep34--succ0.pkl,3,34,1,0,520,187,520
978,lstm,2,val,183,root-0/task3--ep39--succ1.pkl,3,39,0,1,196,187,196
979,lstm,2,val,184,root-0/task3--ep4--succ1.pkl,3,4,0,1,453,187,453
980,lstm,2,val,185,root-0/task3--ep40--succ0.pkl,3,40,1,0,520,187,520
981,lstm,2,val,186,root-0/task3--ep41--succ1.pkl,3,41,0,1,256,187,256
982,lstm,2,val,187,root-0/task3--ep42--succ0.pkl,3,42,1,0,520,187,520
983,lstm,2,val,188,root-0/task3--ep43--succ0.pkl,3,43,1,0,520,187,520
984,lstm,2,val,191,root-0/task3--ep46--succ0.pkl,3,46,1,0,520,187,520
985,lstm,2,val,195,root-0/task3--ep5--succ0.pkl,3,5,1,0,520,187,520
986,lstm,2,val,196,root-0/task3--ep6--succ0.pkl,3,6,1,0,520,187,520
987,lstm,2,val,197,root-0/task3--ep7--succ1.pkl,3,7,0,1,195,187,195
988,lstm,2,val,201,root-0/task4--ep1--succ0.pkl,4,1,1,0,520,209,520
989,lstm,2,val,202,root-0/task4--ep10--succ0.pkl,4,10,1,0,520,209,520
990,lstm,2,val,203,root-0/task4--ep11--succ0.pkl,4,11,1,0,520,209,520
991,lstm,2,val,207,root-0/task4--ep15--succ0.pkl,4,15,1,0,520,209,520
992,lstm,2,val,209,root-0/task4--ep17--succ0.pkl,4,17,1,0,520,209,520
993,lstm,2,val,213,root-0/task4--ep20--succ0.pkl,4,20,1,0,520,209,520
994,lstm,2,val,219,root-0/task4--ep26--succ0.pkl,4,26,1,0,520,209,520
995,lstm,2,val,220,root-0/task4--ep27--succ0.pkl,4,27,1,0,520,209,520
996,lstm,2,val,224,root-0/task4--ep30--succ0.pkl,4,30,1,0,520,209,520
997,lstm,2,val,225,root-0/task4--ep31--succ1.pkl,4,31,0,1,241,209,241
998,lstm,2,val,226,root-0/task4--ep32--succ1.pkl,4,32,0,1,219,209,219
999,lstm,2,val,232,root-0/task4--ep38--succ1.pkl,4,38,0,1,507,209,507
1000,lstm,2,val,233,root-0/task4--ep39--succ1.pkl,4,39,0,1,219,209,219
1001,lstm,2,val,238,root-0/task4--ep43--succ1.pkl,4,43,0,1,413,209,413
1002,lstm,2,val,239,root-0/task4--ep44--succ1.pkl,4,44,0,1,238,209,238
1003,lstm,2,val,240,root-0/task4--ep45--succ0.pkl,4,45,1,0,520,209,520
1004,lstm,2,val,241,root-0/task4--ep46--succ0.pkl,4,46,1,0,520,209,520
1005,lstm,2,val,245,root-0/task4--ep5--succ1.pkl,4,5,0,1,268,209,268
1006,lstm,2,val,246,root-0/task4--ep6--succ0.pkl,4,6,1,0,520,209,520
1007,lstm,2,val,247,root-0/task4--ep7--succ0.pkl,4,7,1,0,520,209,520
1008,lstm,2,val,249,root-0/task4--ep9--succ1.pkl,4,9,0,1,220,209,220
1009,lstm,2,val,250,root-0/task5--ep0--succ1.pkl,5,0,0,1,161,148,161
1010,lstm,2,val,253,root-0/task5--ep11--succ1.pkl,5,11,0,1,160,148,160
1011,lstm,2,val,258,root-0/task5--ep16--succ1.pkl,5,16,0,1,327,148,327
1012,lstm,2,val,264,root-0/task5--ep21--succ1.pkl,5,21,0,1,184,148,184
1013,lstm,2,val,265,root-0/task5--ep22--succ0.pkl,5,22,1,0,520,148,520
1014,lstm,2,val,267,root-0/task5--ep24--succ1.pkl,5,24,0,1,172,148,172
1015,lstm,2,val,268,root-0/task5--ep25--succ1.pkl,5,25,0,1,207,148,207
1016,lstm,2,val,269,root-0/task5--ep26--succ1.pkl,5,26,0,1,187,148,187
1017,lstm,2,val,270,root-0/task5--ep27--succ1.pkl,5,27,0,1,261,148,261
1018,lstm,2,val,271,root-0/task5--ep28--succ0.pkl,5,28,1,0,520,148,520
1019,lstm,2,val,273,root-0/task5--ep3--succ1.pkl,5,3,0,1,233,148,233
1020,lstm,2,val,274,root-0/task5--ep30--succ1.pkl,5,30,0,1,186,148,186
1021,lstm,2,val,276,root-0/task5--ep32--succ1.pkl,5,32,0,1,183,148,183
1022,lstm,2,val,280,root-0/task5--ep36--succ1.pkl,5,36,0,1,231,148,231
1023,lstm,2,val,284,root-0/task5--ep4--succ1.pkl,5,4,0,1,194,148,194
1024,lstm,2,val,287,root-0/task5--ep42--succ1.pkl,5,42,0,1,231,148,231
1025,lstm,2,val,296,root-0/task5--ep6--succ1.pkl,5,6,0,1,197,148,197
1026,lstm,2,val,298,root-0/task5--ep8--succ1.pkl,5,8,0,1,154,148,154
1027,lstm,2,val,299,root-0/task5--ep9--succ1.pkl,5,9,0,1,334,148,334
1028,lstm,2,val,301,root-0/task6--ep1--succ1.pkl,6,1,0,1,256,190,256
1029,lstm,2,val,304,root-0/task6--ep12--succ1.pkl,6,12,0,1,254,190,254
1030,lstm,2,val,314,root-0/task6--ep21--succ0.pkl,6,21,1,0,520,190,520
1031,lstm,2,val,320,root-0/task6--ep27--succ1.pkl,6,27,0,1,247,190,247
1032,lstm,2,val,321,root-0/task6--ep28--succ0.pkl,6,28,1,0,520,190,520
1033,lstm,2,val,322,root-0/task6--ep29--succ1.pkl,6,29,0,1,236,190,236
1034,lstm,2,val,325,root-0/task6--ep31--succ1.pkl,6,31,0,1,229,190,229
1035,lstm,2,val,327,root-0/task6--ep33--succ1.pkl,6,33,0,1,216,190,216
1036,lstm,2,val,330,root-0/task6--ep36--succ0.pkl,6,36,1,0,520,190,520
1037,lstm,2,val,331,root-0/task6--ep37--succ1.pkl,6,37,0,1,251,190,251
1038,lstm,2,val,332,root-0/task6--ep38--succ1.pkl,6,38,0,1,315,190,315
1039,lstm,2,val,333,root-0/task6--ep39--succ0.pkl,6,39,1,0,520,190,520
1040,lstm,2,val,335,root-0/task6--ep40--succ0.pkl,6,40,1,0,520,190,520
1041,lstm,2,val,336,root-0/task6--ep41--succ1.pkl,6,41,0,1,387,190,387
1042,lstm,2,val,337,root-0/task6--ep42--succ0.pkl,6,42,1,0,520,190,520
1043,lstm,2,val,343,root-0/task6--ep48--succ0.pkl,6,48,1,0,520,190,520
1044,lstm,2,val,344,root-0/task6--ep49--succ1.pkl,6,49,0,1,263,190,263
1045,lstm,2,val,347,root-0/task6--ep7--succ1.pkl,6,7,0,1,268,190,268
1046,lstm,2,val,353,root-0/task7--ep11--succ0.pkl,7,11,1,0,520,210,520
1047,lstm,2,val,357,root-0/task7--ep15--succ1.pkl,7,15,0,1,227,210,227
1048,lstm,2,val,360,root-0/task7--ep18--succ1.pkl,7,18,0,1,210,210,210
1049,lstm,2,val,362,root-0/task7--ep2--succ1.pkl,7,2,0,1,332,210,332
1050,lstm,2,val,365,root-0/task7--ep22--succ0.pkl,7,22,1,0,520,210,520
1051,lstm,2,val,367,root-0/task7--ep24--succ1.pkl,7,24,0,1,231,210,231
1052,lstm,2,val,368,root-0/task7--ep25--succ1.pkl,7,25,0,1,301,210,301
1053,lstm,2,val,372,root-0/task7--ep29--succ0.pkl,7,29,1,0,520,210,520
1054,lstm,2,val,373,root-0/task7--ep3--succ1.pkl,7,3,0,1,362,210,362
1055,lstm,2,val,376,root-0/task7--ep32--succ1.pkl,7,32,0,1,239,210,239
1056,lstm,2,val,381,root-0/task7--ep37--succ1.pkl,7,37,0,1,267,210,267
1057,lstm,2,val,384,root-0/task7--ep4--succ0.pkl,7,4,1,0,520,210,520
1058,lstm,2,val,385,root-0/task7--ep40--succ1.pkl,7,40,0,1,341,210,341
1059,lstm,2,val,387,root-0/task7--ep42--succ1.pkl,7,42,0,1,267,210,267
1060,lstm,2,val,389,root-0/task7--ep44--succ0.pkl,7,44,1,0,520,210,520
1061,lstm,2,val,390,root-0/task7--ep45--succ1.pkl,7,45,0,1,260,210,260
1062,lstm,2,val,391,root-0/task7--ep46--succ0.pkl,7,46,1,0,520,210,520
1063,lstm,2,val,392,root-0/task7--ep47--succ1.pkl,7,47,0,1,300,210,300
1064,lstm,2,val,394,root-0/task7--ep49--succ1.pkl,7,49,0,1,369,210,369
1065,lstm,2,val,395,root-0/task7--ep5--succ0.pkl,7,5,1,0,520,210,520
1066,lstm,2,val,400,root-0/task8--ep0--succ0.pkl,8,0,1,0,520,315,520
1067,lstm,2,val,401,root-0/task8--ep1--succ1.pkl,8,1,0,1,448,315,448
1068,lstm,2,val,409,root-0/task8--ep17--succ1.pkl,8,17,0,1,509,315,509
1069,lstm,2,val,411,root-0/task8--ep19--succ0.pkl,8,19,1,0,520,315,520
1070,lstm,2,val,412,root-0/task8--ep2--succ1.pkl,8,2,0,1,365,315,365
1071,lstm,2,val,413,root-0/task8--ep20--succ0.pkl,8,20,1,0,520,315,520
1072,lstm,2,val,414,root-0/task8--ep21--succ0.pkl,8,21,1,0,520,315,520
1073,lstm,2,val,417,root-0/task8--ep24--succ0.pkl,8,24,1,0,520,315,520
1074,lstm,2,val,418,root-0/task8--ep25--succ0.pkl,8,25,1,0,520,315,520
1075,lstm,2,val,421,root-0/task8--ep28--succ0.pkl,8,28,1,0,520,315,520
1076,lstm,2,val,422,root-0/task8--ep29--succ0.pkl,8,29,1,0,520,315,520
1077,lstm,2,val,425,root-0/task8--ep31--succ0.pkl,8,31,1,0,520,315,520
1078,lstm,2,val,427,root-0/task8--ep33--succ1.pkl,8,33,0,1,389,315,389
1079,lstm,2,val,432,root-0/task8--ep38--succ0.pkl,8,38,1,0,520,315,520
1080,lstm,2,val,433,root-0/task8--ep39--succ0.pkl,8,39,1,0,520,315,520
1081,lstm,2,val,434,root-0/task8--ep4--succ0.pkl,8,4,1,0,520,315,520
1082,lstm,2,val,436,root-0/task8--ep41--succ0.pkl,8,41,1,0,520,315,520
1083,lstm,2,val,438,root-0/task8--ep43--succ0.pkl,8,43,1,0,520,315,520
1084,lstm,2,val,439,root-0/task8--ep44--succ1.pkl,8,44,0,1,315,315,315
1085,lstm,2,val,443,root-0/task8--ep48--succ0.pkl,8,48,1,0,520,315,520
1086,lstm,2,val,445,root-0/task8--ep5--succ0.pkl,8,5,1,0,520,315,520
1087,lstm,2,val,447,root-0/task8--ep7--succ0.pkl,8,7,1,0,520,315,520
1088,lstm,2,val,448,root-0/task8--ep8--succ0.pkl,8,8,1,0,520,315,520
1089,lstm,2,val,451,root-0/task9--ep1--succ0.pkl,9,1,1,0,520,241,520
1090,lstm,2,val,453,root-0/task9--ep11--succ0.pkl,9,11,1,0,520,241,520
1091,lstm,2,val,467,root-0/task9--ep24--succ0.pkl,9,24,1,0,520,241,520
1092,lstm,2,val,469,root-0/task9--ep26--succ0.pkl,9,26,1,0,520,241,520
1093,lstm,2,val,471,root-0/task9--ep28--succ1.pkl,9,28,0,1,346,241,346
1094,lstm,2,val,473,root-0/task9--ep3--succ0.pkl,9,3,1,0,520,241,520
1095,lstm,2,val,475,root-0/task9--ep31--succ0.pkl,9,31,1,0,520,241,520
1096,lstm,2,val,477,root-0/task9--ep33--succ1.pkl,9,33,0,1,241,241,241
1097,lstm,2,val,478,root-0/task9--ep34--succ0.pkl,9,34,1,0,520,241,520
1098,lstm,2,val,483,root-0/task9--ep39--succ0.pkl,9,39,1,0,520,241,520
1099,lstm,2,val,485,root-0/task9--ep40--succ0.pkl,9,40,1,0,520,241,520
1100,lstm,2,val,489,root-0/task9--ep44--succ0.pkl,9,44,1,0,520,241,520
1101,lstm,2,val,491,root-0/task9--ep46--succ0.pkl,9,46,1,0,520,241,520
1102,lstm,2,val,499,root-0/task9--ep9--succ0.pkl,9,9,1,0,520,241,520
1103,lstm,2,val,500,root-1/task0--ep0--succ0.pkl,0,0,1,0,520,230,520
1104,lstm,2,val,502,root-1/task0--ep10--succ1.pkl,0,10,0,1,290,230,290
1105,lstm,2,val,505,root-1/task0--ep13--succ1.pkl,0,13,0,1,278,230,278
1106,lstm,2,val,517,root-1/task0--ep24--succ0.pkl,0,24,1,0,520,230,520
1107,lstm,2,val,518,root-1/task0--ep25--succ1.pkl,0,25,0,1,295,230,295
1108,lstm,2,val,525,root-1/task0--ep31--succ1.pkl,0,31,0,1,295,230,295
1109,lstm,2,val,526,root-1/task0--ep32--succ0.pkl,0,32,1,0,520,230,520
1110,lstm,2,val,527,root-1/task0--ep33--succ1.pkl,0,33,0,1,357,230,357
1111,lstm,2,val,528,root-1/task0--ep34--succ1.pkl,0,34,0,1,371,230,371
1112,lstm,2,val,529,root-1/task0--ep35--succ1.pkl,0,35,0,1,392,230,392
1113,lstm,2,val,531,root-1/task0--ep37--succ1.pkl,0,37,0,1,333,230,333
1114,lstm,2,val,534,root-1/task0--ep4--succ0.pkl,0,4,1,0,520,230,520
1115,lstm,2,val,536,root-1/task0--ep41--succ1.pkl,0,41,0,1,348,230,348
1116,lstm,2,val,539,root-1/task0--ep44--succ1.pkl,0,44,0,1,423,230,423
1117,lstm,2,val,542,root-1/task0--ep47--succ1.pkl,0,47,0,1,315,230,315
1118,lstm,2,val,545,root-1/task0--ep5--succ0.pkl,0,5,1,0,520,230,520
1119,lstm,2,val,548,root-1/task0--ep8--succ1.pkl,0,8,0,1,341,230,341
1120,lstm,2,val,554,root-1/task1--ep12--succ1.pkl,1,12,0,1,262,218,262
1121,lstm,2,val,556,root-1/task1--ep14--succ0.pkl,1,14,1,0,520,218,520
1122,lstm,2,val,558,root-1/task1--ep16--succ1.pkl,1,16,0,1,255,218,255
1123,lstm,2,val,559,root-1/task1--ep17--succ1.pkl,1,17,0,1,286,218,286
1124,lstm,2,val,565,root-1/task1--ep22--succ0.pkl,1,22,1,0,520,218,520
1125,lstm,2,val,577,root-1/task1--ep33--succ0.pkl,1,33,1,0,520,218,520
1126,lstm,2,val,578,root-1/task1--ep34--succ0.pkl,1,34,1,0,520,218,520
1127,lstm,2,val,580,root-1/task1--ep36--succ0.pkl,1,36,1,0,520,218,520
1128,lstm,2,val,581,root-1/task1--ep37--succ1.pkl,1,37,0,1,236,218,236
1129,lstm,2,val,583,root-1/task1--ep39--succ0.pkl,1,39,1,0,520,218,520
1130,lstm,2,val,584,root-1/task1--ep4--succ1.pkl,1,4,0,1,305,218,305
1131,lstm,2,val,585,root-1/task1--ep40--succ1.pkl,1,40,0,1,241,218,241
1132,lstm,2,val,587,root-1/task1--ep42--succ1.pkl,1,42,0,1,410,218,410
1133,lstm,2,val,588,root-1/task1--ep43--succ0.pkl,1,43,1,0,520,218,520
1134,lstm,2,val,590,root-1/task1--ep45--succ1.pkl,1,45,0,1,302,218,302
1135,lstm,2,val,591,root-1/task1--ep46--succ0.pkl,1,46,1,0,520,218,520
1136,lstm,2,val,594,root-1/task1--ep49--succ1.pkl,1,49,0,1,267,218,267
1137,lstm,2,val,650,root-1/task3--ep0--succ1.pkl,3,0,0,1,298,187,298
1138,lstm,2,val,657,root-1/task3--ep15--succ1.pkl,3,15,0,1,244,187,244
1139,lstm,2,val,662,root-1/task3--ep2--succ0.pkl,3,2,1,0,520,187,520
1140,lstm,2,val,664,root-1/task3--ep21--succ0.pkl,3,21,1,0,520,187,520
1141,lstm,2,val,666,root-1/task3--ep23--succ1.pkl,3,23,0,1,236,187,236
1142,lstm,2,val,667,root-1/task3--ep24--succ0.pkl,3,24,1,0,520,187,520
1143,lstm,2,val,669,root-1/task3--ep26--succ1.pkl,3,26,0,1,232,187,232
1144,lstm,2,val,670,root-1/task3--ep27--succ0.pkl,3,27,1,0,520,187,520
1145,lstm,2,val,671,root-1/task3--ep28--succ1.pkl,3,28,0,1,263,187,263
1146,lstm,2,val,679,root-1/task3--ep35--succ0.pkl,3,35,1,0,520,187,520
1147,lstm,2,val,681,root-1/task3--ep37--succ1.pkl,3,37,0,1,260,187,260
1148,lstm,2,val,682,root-1/task3--ep38--succ0.pkl,3,38,1,0,520,187,520
1149,lstm,2,val,688,root-1/task3--ep43--succ1.pkl,3,43,0,1,248,187,248
1150,lstm,2,val,691,root-1/task3--ep46--succ0.pkl,3,46,1,0,520,187,520
1151,lstm,2,val,695,root-1/task3--ep5--succ0.pkl,3,5,1,0,520,187,520
1152,lstm,2,val,696,root-1/task3--ep6--succ0.pkl,3,6,1,0,520,187,520
1153,lstm,2,val,698,root-1/task3--ep8--succ0.pkl,3,8,1,0,520,187,520
1154,lstm,2,val,699,root-1/task3--ep9--succ0.pkl,3,9,1,0,520,187,520
1155,lstm,2,val,701,root-1/task4--ep1--succ0.pkl,4,1,1,0,520,209,520
1156,lstm,2,val,704,root-1/task4--ep12--succ1.pkl,4,12,0,1,263,209,263
1157,lstm,2,val,705,root-1/task4--ep13--succ0.pkl,4,13,1,0,520,209,520
1158,lstm,2,val,706,root-1/task4--ep14--succ1.pkl,4,14,0,1,247,209,247
1159,lstm,2,val,707,root-1/task4--ep15--succ0.pkl,4,15,1,0,520,209,520
1160,lstm,2,val,710,root-1/task4--ep18--succ1.pkl,4,18,0,1,231,209,231
1161,lstm,2,val,714,root-1/task4--ep21--succ0.pkl,4,21,1,0,520,209,520
1162,lstm,2,val,720,root-1/task4--ep27--succ1.pkl,4,27,0,1,231,209,231
1163,lstm,2,val,721,root-1/task4--ep28--succ0.pkl,4,28,1,0,520,209,520
1164,lstm,2,val,723,root-1/task4--ep3--succ1.pkl,4,3,0,1,243,209,243
1165,lstm,2,val,727,root-1/task4--ep33--succ0.pkl,4,33,1,0,520,209,520
1166,lstm,2,val,732,root-1/task4--ep38--succ1.pkl,4,38,0,1,217,209,217
1167,lstm,2,val,734,root-1/task4--ep4--succ0.pkl,4,4,1,0,520,209,520
1168,lstm,2,val,740,root-1/task4--ep45--succ0.pkl,4,45,1,0,520,209,520
1169,lstm,2,val,743,root-1/task4--ep48--succ1.pkl,4,48,0,1,252,209,252
1170,lstm,2,val,745,root-1/task4--ep5--succ1.pkl,4,5,0,1,341,209,341
1171,lstm,2,val,746,root-1/task4--ep6--succ0.pkl,4,6,1,0,520,209,520
1172,lstm,2,val,747,root-1/task4--ep7--succ0.pkl,4,7,1,0,520,209,520
1173,lstm,2,val,748,root-1/task4--ep8--succ0.pkl,4,8,1,0,520,209,520
1174,lstm,2,val,751,root-1/task5--ep1--succ1.pkl,5,1,0,1,178,148,178
1175,lstm,2,val,752,root-1/task5--ep10--succ1.pkl,5,10,0,1,242,148,242
1176,lstm,2,val,753,root-1/task5--ep11--succ1.pkl,5,11,0,1,282,148,282
1177,lstm,2,val,754,root-1/task5--ep12--succ1.pkl,5,12,0,1,159,148,159
1178,lstm,2,val,757,root-1/task5--ep15--succ1.pkl,5,15,0,1,202,148,202
1179,lstm,2,val,758,root-1/task5--ep16--succ1.pkl,5,16,0,1,170,148,170
1180,lstm,2,val,761,root-1/task5--ep19--succ0.pkl,5,19,1,0,520,148,520
1181,lstm,2,val,764,root-1/task5--ep21--succ1.pkl,5,21,0,1,177,148,177
1182,lstm,2,val,766,root-1/task5--ep23--succ1.pkl,5,23,0,1,197,148,197
1183,lstm,2,val,767,root-1/task5--ep24--succ1.pkl,5,24,0,1,174,148,174
1184,lstm,2,val,773,root-1/task5--ep3--succ1.pkl,5,3,0,1,173,148,173
1185,lstm,2,val,775,root-1/task5--ep31--succ1.pkl,5,31,0,1,207,148,207
1186,lstm,2,val,776,root-1/task5--ep32--succ1.pkl,5,32,0,1,189,148,189
1187,lstm,2,val,780,root-1/task5--ep36--succ0.pkl,5,36,1,0,520,148,520
1188,lstm,2,val,781,root-1/task5--ep37--succ1.pkl,5,37,0,1,174,148,174
1189,lstm,2,val,784,root-1/task5--ep4--succ1.pkl,5,4,0,1,266,148,266
1190,lstm,2,val,785,root-1/task5--ep40--succ1.pkl,5,40,0,1,196,148,196
1191,lstm,2,val,788,root-1/task5--ep43--succ1.pkl,5,43,0,1,211,148,211
1192,lstm,2,val,791,root-1/task5--ep46--succ0.pkl,5,46,1,0,520,148,520
1193,lstm,2,val,793,root-1/task5--ep48--succ1.pkl,5,48,0,1,190,148,190
1194,lstm,2,val,797,root-1/task5--ep7--succ1.pkl,5,7,0,1,205,148,205
1195,lstm,2,val,800,root-1/task6--ep0--succ1.pkl,6,0,0,1,289,190,289
1196,lstm,2,val,804,root-1/task6--ep12--succ0.pkl,6,12,1,0,520,190,520
1197,lstm,2,val,806,root-1/task6--ep14--succ0.pkl,6,14,1,0,520,190,520
1198,lstm,2,val,807,root-1/task6--ep15--succ0.pkl,6,15,1,0,520,190,520
1199,lstm,2,val,810,root-1/task6--ep18--succ0.pkl,6,18,1,0,520,190,520
1200,lstm,2,val,811,root-1/task6--ep19--succ1.pkl,6,19,0,1,216,190,216
1201,lstm,2,val,812,root-1/task6--ep2--succ0.pkl,6,2,1,0,520,190,520
1202,lstm,2,val,816,root-1/task6--ep23--succ1.pkl,6,23,0,1,190,190,190
1203,lstm,2,val,819,root-1/task6--ep26--succ0.pkl,6,26,1,0,520,190,520
1204,lstm,2,val,820,root-1/task6--ep27--succ1.pkl,6,27,0,1,199,190,199
1205,lstm,2,val,821,root-1/task6--ep28--succ1.pkl,6,28,0,1,239,190,239
1206,lstm,2,val,825,root-1/task6--ep31--succ1.pkl,6,31,0,1,291,190,291
1207,lstm,2,val,827,root-1/task6--ep33--succ0.pkl,6,33,1,0,520,190,520
1208,lstm,2,val,828,root-1/task6--ep34--succ0.pkl,6,34,1,0,520,190,520
1209,lstm,2,val,831,root-1/task6--ep37--succ1.pkl,6,37,0,1,191,190,191
1210,lstm,2,val,833,root-1/task6--ep39--succ0.pkl,6,39,1,0,520,190,520
1211,lstm,2,val,834,root-1/task6--ep4--succ1.pkl,6,4,0,1,513,190,513
1212,lstm,2,val,838,root-1/task6--ep43--succ0.pkl,6,43,1,0,520,190,520
1213,lstm,2,val,840,root-1/task6--ep45--succ0.pkl,6,45,1,0,520,190,520
1214,lstm,2,val,844,root-1/task6--ep49--succ1.pkl,6,49,0,1,474,190,474
1215,lstm,2,val,846,root-1/task6--ep6--succ0.pkl,6,6,1,0,520,190,520
1216,lstm,2,val,847,root-1/task6--ep7--succ1.pkl,6,7,0,1,234,190,234
1217,lstm,2,val,850,root-1/task7--ep0--succ1.pkl,7,0,0,1,246,210,246
1218,lstm,2,val,858,root-1/task7--ep16--succ1.pkl,7,16,0,1,281,210,281
1219,lstm,2,val,860,root-1/task7--ep18--succ1.pkl,7,18,0,1,232,210,232
1220,lstm,2,val,865,root-1/task7--ep22--succ1.pkl,7,22,0,1,280,210,280
1221,lstm,2,val,867,root-1/task7--ep24--succ0.pkl,7,24,1,0,520,210,520
1222,lstm,2,val,869,root-1/task7--ep26--succ0.pkl,7,26,1,0,520,210,520
1223,lstm,2,val,875,root-1/task7--ep31--succ1.pkl,7,31,0,1,500,210,500
1224,lstm,2,val,878,root-1/task7--ep34--succ0.pkl,7,34,1,0,520,210,520
1225,lstm,2,val,881,root-1/task7--ep37--succ1.pkl,7,37,0,1,230,210,230
1226,lstm,2,val,882,root-1/task7--ep38--succ1.pkl,7,38,0,1,331,210,331
1227,lstm,2,val,884,root-1/task7--ep4--succ0.pkl,7,4,1,0,520,210,520
1228,lstm,2,val,886,root-1/task7--ep41--succ0.pkl,7,41,1,0,520,210,520
1229,lstm,2,val,887,root-1/task7--ep42--succ1.pkl,7,42,0,1,253,210,253
1230,lstm,2,val,889,root-1/task7--ep44--succ1.pkl,7,44,0,1,246,210,246
1231,lstm,2,val,891,root-1/task7--ep46--succ1.pkl,7,46,0,1,257,210,257
1232,lstm,2,val,892,root-1/task7--ep47--succ1.pkl,7,47,0,1,246,210,246
1233,lstm,2,val,893,root-1/task7--ep48--succ1.pkl,7,48,0,1,290,210,290
1234,lstm,2,val,894,root-1/task7--ep49--succ0.pkl,7,49,1,0,520,210,520
1235,lstm,2,val,896,root-1/task7--ep6--succ1.pkl,7,6,0,1,369,210,369
1236,lstm,2,val,897,root-1/task7--ep7--succ1.pkl,7,7,0,1,246,210,246
1237,lstm,2,val,900,root-1/task8--ep0--succ1.pkl,8,0,0,1,509,315,509
1238,lstm,2,val,901,root-1/task8--ep1--succ1.pkl,8,1,0,1,391,315,391
1239,lstm,2,val,908,root-1/task8--ep16--succ1.pkl,8,16,0,1,394,315,394
1240,lstm,2,val,912,root-1/task8--ep2--succ0.pkl,8,2,1,0,520,315,520
1241,lstm,2,val,914,root-1/task8--ep21--succ0.pkl,8,21,1,0,520,315,520
1242,lstm,2,val,917,root-1/task8--ep24--succ0.pkl,8,24,1,0,520,315,520
1243,lstm,2,val,923,root-1/task8--ep3--succ0.pkl,8,3,1,0,520,315,520
1244,lstm,2,val,925,root-1/task8--ep31--succ0.pkl,8,31,1,0,520,315,520
1245,lstm,2,val,927,root-1/task8--ep33--succ0.pkl,8,33,1,0,520,315,520
1246,lstm,2,val,929,root-1/task8--ep35--succ0.pkl,8,35,1,0,520,315,520
1247,lstm,2,val,933,root-1/task8--ep39--succ0.pkl,8,39,1,0,520,315,520
1248,lstm,2,val,934,root-1/task8--ep4--succ0.pkl,8,4,1,0,520,315,520
1249,lstm,2,val,936,root-1/task8--ep41--succ0.pkl,8,41,1,0,520,315,520
1250,lstm,2,val,937,root-1/task8--ep42--succ0.pkl,8,42,1,0,520,315,520
1251,lstm,2,val,938,root-1/task8--ep43--succ0.pkl,8,43,1,0,520,315,520
1252,lstm,2,val,946,root-1/task8--ep6--succ1.pkl,8,6,0,1,440,315,440
1253,lstm,2,val,949,root-1/task8--ep9--succ0.pkl,8,9,1,0,520,315,520
1254,lstm,2,val,950,root-1/task9--ep0--succ0.pkl,9,0,1,0,520,241,520
1255,lstm,2,val,951,root-1/task9--ep1--succ0.pkl,9,1,1,0,520,241,520
1256,lstm,2,val,954,root-1/task9--ep12--succ0.pkl,9,12,1,0,520,241,520
1257,lstm,2,val,955,root-1/task9--ep13--succ0.pkl,9,13,1,0,520,241,520
1258,lstm,2,val,956,root-1/task9--ep14--succ0.pkl,9,14,1,0,520,241,520
1259,lstm,2,val,958,root-1/task9--ep16--succ0.pkl,9,16,1,0,520,241,520
1260,lstm,2,val,959,root-1/task9--ep17--succ1.pkl,9,17,0,1,349,241,349
1261,lstm,2,val,963,root-1/task9--ep20--succ1.pkl,9,20,0,1,297,241,297
1262,lstm,2,val,966,root-1/task9--ep23--succ0.pkl,9,23,1,0,520,241,520
1263,lstm,2,val,970,root-1/task9--ep27--succ1.pkl,9,27,0,1,329,241,329
1264,lstm,2,val,971,root-1/task9--ep28--succ0.pkl,9,28,1,0,520,241,520
1265,lstm,2,val,973,root-1/task9--ep3--succ0.pkl,9,3,1,0,520,241,520
1266,lstm,2,val,976,root-1/task9--ep32--succ1.pkl,9,32,0,1,271,241,271
1267,lstm,2,val,978,root-1/task9--ep34--succ0.pkl,9,34,1,0,520,241,520
1268,lstm,2,val,981,root-1/task9--ep37--succ1.pkl,9,37,0,1,413,241,413
1269,lstm,2,val,982,root-1/task9--ep38--succ0.pkl,9,38,1,0,520,241,520
1270,lstm,2,val,983,root-1/task9--ep39--succ0.pkl,9,39,1,0,520,241,520
1271,lstm,2,val,985,root-1/task9--ep40--succ1.pkl,9,40,0,1,389,241,389
1272,lstm,2,val,986,root-1/task9--ep41--succ0.pkl,9,41,1,0,520,241,520
1273,lstm,2,val,987,root-1/task9--ep42--succ0.pkl,9,42,1,0,520,241,520
1274,lstm,2,val,988,root-1/task9--ep43--succ0.pkl,9,43,1,0,520,241,520
1275,lstm,2,val,989,root-1/task9--ep44--succ0.pkl,9,44,1,0,520,241,520
1276,lstm,2,val,990,root-1/task9--ep45--succ0.pkl,9,45,1,0,520,241,520
1277,lstm,2,val,992,root-1/task9--ep47--succ1.pkl,9,47,0,1,267,241,267
1278,lstm,2,val,995,root-1/task9--ep5--succ0.pkl,9,5,1,0,520,241,520
1279,lstm,2,val,997,root-1/task9--ep7--succ0.pkl,9,7,1,0,520,241,520
1280,lstm,2,test,100,root-0/task2--ep0--succ1.pkl,2,0,0,1,258,211,258
1281,lstm,2,test,101,root-0/task2--ep1--succ1.pkl,2,1,0,1,285,211,285
1282,lstm,2,test,102,root-0/task2--ep10--succ1.pkl,2,10,0,1,217,211,217
1283,lstm,2,test,103,root-0/task2--ep11--succ1.pkl,2,11,0,1,314,211,314
1284,lstm,2,test,104,root-0/task2--ep12--succ0.pkl,2,12,1,0,520,211,520
1285,lstm,2,test,105,root-0/task2--ep13--succ1.pkl,2,13,0,1,279,211,279
1286,lstm,2,test,106,root-0/task2--ep14--succ0.pkl,2,14,1,0,520,211,520
1287,lstm,2,test,107,root-0/task2--ep15--succ1.pkl,2,15,0,1,222,211,222
1288,lstm,2,test,108,root-0/task2--ep16--succ1.pkl,2,16,0,1,260,211,260
1289,lstm,2,test,109,root-0/task2--ep17--succ1.pkl,2,17,0,1,242,211,242
1290,lstm,2,test,110,root-0/task2--ep18--succ1.pkl,2,18,0,1,288,211,288
1291,lstm,2,test,111,root-0/task2--ep19--succ1.pkl,2,19,0,1,227,211,227
1292,lstm,2,test,112,root-0/task2--ep2--succ0.pkl,2,2,1,0,520,211,520
1293,lstm,2,test,113,root-0/task2--ep20--succ0.pkl,2,20,1,0,520,211,520
1294,lstm,2,test,114,root-0/task2--ep21--succ1.pkl,2,21,0,1,320,211,320
1295,lstm,2,test,115,root-0/task2--ep22--succ0.pkl,2,22,1,0,520,211,520
1296,lstm,2,test,116,root-0/task2--ep23--succ0.pkl,2,23,1,0,520,211,520
1297,lstm,2,test,117,root-0/task2--ep24--succ0.pkl,2,24,1,0,520,211,520
1298,lstm,2,test,118,root-0/task2--ep25--succ1.pkl,2,25,0,1,251,211,251
1299,lstm,2,test,119,root-0/task2--ep26--succ1.pkl,2,26,0,1,431,211,431
1300,lstm,2,test,120,root-0/task2--ep27--succ1.pkl,2,27,0,1,245,211,245
1301,lstm,2,test,121,root-0/task2--ep28--succ1.pkl,2,28,0,1,304,211,304
1302,lstm,2,test,122,root-0/task2--ep29--succ0.pkl,2,29,1,0,520,211,520
1303,lstm,2,test,123,root-0/task2--ep3--succ1.pkl,2,3,0,1,320,211,320
1304,lstm,2,test,124,root-0/task2--ep30--succ1.pkl,2,30,0,1,281,211,281
1305,lstm,2,test,125,root-0/task2--ep31--succ0.pkl,2,31,1,0,520,211,520
1306,lstm,2,test,126,root-0/task2--ep32--succ1.pkl,2,32,0,1,249,211,249
1307,lstm,2,test,127,root-0/task2--ep33--succ0.pkl,2,33,1,0,520,211,520
1308,lstm,2,test,128,root-0/task2--ep34--succ0.pkl,2,34,1,0,520,211,520
1309,lstm,2,test,129,root-0/task2--ep35--succ0.pkl,2,35,1,0,520,211,520
1310,lstm,2,test,130,root-0/task2--ep36--succ1.pkl,2,36,0,1,283,211,283
1311,lstm,2,test,131,root-0/task2--ep37--succ0.pkl,2,37,1,0,520,211,520
1312,lstm,2,test,132,root-0/task2--ep38--succ1.pkl,2,38,0,1,295,211,295
1313,lstm,2,test,133,root-0/task2--ep39--succ0.pkl,2,39,1,0,520,211,520
1314,lstm,2,test,134,root-0/task2--ep4--succ1.pkl,2,4,0,1,225,211,225
1315,lstm,2,test,135,root-0/task2--ep40--succ0.pkl,2,40,1,0,520,211,520
1316,lstm,2,test,136,root-0/task2--ep41--succ0.pkl,2,41,1,0,520,211,520
1317,lstm,2,test,137,root-0/task2--ep42--succ0.pkl,2,42,1,0,520,211,520
1318,lstm,2,test,138,root-0/task2--ep43--succ1.pkl,2,43,0,1,342,211,342
1319,lstm,2,test,139,root-0/task2--ep44--succ0.pkl,2,44,1,0,520,211,520
1320,lstm,2,test,140,root-0/task2--ep45--succ0.pkl,2,45,1,0,520,211,520
1321,lstm,2,test,141,root-0/task2--ep46--succ0.pkl,2,46,1,0,520,211,520
1322,lstm,2,test,142,root-0/task2--ep47--succ1.pkl,2,47,0,1,289,211,289
1323,lstm,2,test,143,root-0/task2--ep48--succ0.pkl,2,48,1,0,520,211,520
1324,lstm,2,test,144,root-0/task2--ep49--succ0.pkl,2,49,1,0,520,211,520
1325,lstm,2,test,145,root-0/task2--ep5--succ0.pkl,2,5,1,0,520,211,520
1326,lstm,2,test,146,root-0/task2--ep6--succ1.pkl,2,6,0,1,247,211,247
1327,lstm,2,test,147,root-0/task2--ep7--succ0.pkl,2,7,1,0,520,211,520
1328,lstm,2,test,148,root-0/task2--ep8--succ1.pkl,2,8,0,1,316,211,316
1329,lstm,2,test,149,root-0/task2--ep9--succ1.pkl,2,9,0,1,256,211,256
1330,lstm,2,test,600,root-1/task2--ep0--succ0.pkl,2,0,1,0,520,211,520
1331,lstm,2,test,601,root-1/task2--ep1--succ1.pkl,2,1,0,1,298,211,298
1332,lstm,2,test,602,root-1/task2--ep10--succ1.pkl,2,10,0,1,283,211,283
1333,lstm,2,test,603,root-1/task2--ep11--succ0.pkl,2,11,1,0,520,211,520
1334,lstm,2,test,604,root-1/task2--ep12--succ0.pkl,2,12,1,0,520,211,520
1335,lstm,2,test,605,root-1/task2--ep13--succ1.pkl,2,13,0,1,269,211,269
1336,lstm,2,test,606,root-1/task2--ep14--succ1.pkl,2,14,0,1,211,211,211
1337,lstm,2,test,607,root-1/task2--ep15--succ0.pkl,2,15,1,0,520,211,520
1338,lstm,2,test,608,root-1/task2--ep16--succ1.pkl,2,16,0,1,265,211,265
1339,lstm,2,test,609,root-1/task2--ep17--succ1.pkl,2,17,0,1,251,211,251
1340,lstm,2,test,610,root-1/task2--ep18--succ0.pkl,2,18,1,0,520,211,520
1341,lstm,2,test,611,root-1/task2--ep19--succ0.pkl,2,19,1,0,520,211,520
1342,lstm,2,test,612,root-1/task2--ep2--succ1.pkl,2,2,0,1,253,211,253
1343,lstm,2,test,613,root-1/task2--ep20--succ0.pkl,2,20,1,0,520,211,520
1344,lstm,2,test,614,root-1/task2--ep21--succ1.pkl,2,21,0,1,260,211,260
1345,lstm,2,test,615,root-1/task2--ep22--succ1.pkl,2,22,0,1,234,211,234
1346,lstm,2,test,616,root-1/task2--ep23--succ0.pkl,2,23,1,0,520,211,520
1347,lstm,2,test,617,root-1/task2--ep24--succ0.pkl,2,24,1,0,520,211,520
1348,lstm,2,test,618,root-1/task2--ep25--succ0.pkl,2,25,1,0,520,211,520
1349,lstm,2,test,619,root-1/task2--ep26--succ0.pkl,2,26,1,0,520,211,520
1350,lstm,2,test,620,root-1/task2--ep27--succ1.pkl,2,27,0,1,264,211,264
1351,lstm,2,test,621,root-1/task2--ep28--succ0.pkl,2,28,1,0,520,211,520
1352,lstm,2,test,622,root-1/task2--ep29--succ1.pkl,2,29,0,1,285,211,285
1353,lstm,2,test,623,root-1/task2--ep3--succ0.pkl,2,3,1,0,520,211,520
1354,lstm,2,test,624,root-1/task2--ep30--succ1.pkl,2,30,0,1,357,211,357
1355,lstm,2,test,625,root-1/task2--ep31--succ1.pkl,2,31,0,1,277,211,277
1356,lstm,2,test,626,root-1/task2--ep32--succ0.pkl,2,32,1,0,520,211,520
1357,lstm,2,test,627,root-1/task2--ep33--succ0.pkl,2,33,1,0,520,211,520
1358,lstm,2,test,628,root-1/task2--ep34--succ0.pkl,2,34,1,0,520,211,520
1359,lstm,2,test,629,root-1/task2--ep35--succ1.pkl,2,35,0,1,377,211,377
1360,lstm,2,test,630,root-1/task2--ep36--succ0.pkl,2,36,1,0,520,211,520
1361,lstm,2,test,631,root-1/task2--ep37--succ1.pkl,2,37,0,1,440,211,440
1362,lstm,2,test,632,root-1/task2--ep38--succ0.pkl,2,38,1,0,520,211,520
1363,lstm,2,test,633,root-1/task2--ep39--succ1.pkl,2,39,0,1,439,211,439
1364,lstm,2,test,634,root-1/task2--ep4--succ1.pkl,2,4,0,1,224,211,224
1365,lstm,2,test,635,root-1/task2--ep40--succ1.pkl,2,40,0,1,383,211,383
1366,lstm,2,test,636,root-1/task2--ep41--succ0.pkl,2,41,1,0,520,211,520
1367,lstm,2,test,637,root-1/task2--ep42--succ0.pkl,2,42,1,0,520,211,520
1368,lstm,2,test,638,root-1/task2--ep43--succ0.pkl,2,43,1,0,520,211,520
1369,lstm,2,test,639,root-1/task2--ep44--succ0.pkl,2,44,1,0,520,211,520
1370,lstm,2,test,640,root-1/task2--ep45--succ1.pkl,2,45,0,1,239,211,239
1371,lstm,2,test,641,root-1/task2--ep46--succ0.pkl,2,46,1,0,520,211,520
1372,lstm,2,test,642,root-1/task2--ep47--succ0.pkl,2,47,1,0,520,211,520
1373,lstm,2,test,643,root-1/task2--ep48--succ1.pkl,2,48,0,1,309,211,309
1374,lstm,2,test,644,root-1/task2--ep49--succ0.pkl,2,49,1,0,520,211,520
1375,lstm,2,test,645,root-1/task2--ep5--succ0.pkl,2,5,1,0,520,211,520
1376,lstm,2,test,646,root-1/task2--ep6--succ0.pkl,2,6,1,0,520,211,520
1377,lstm,2,test,647,root-1/task2--ep7--succ0.pkl,2,7,1,0,520,211,520
1378,lstm,2,test,648,root-1/task2--ep8--succ1.pkl,2,8,0,1,227,211,227
1379,lstm,2,test,649,root-1/task2--ep9--succ0.pkl,2,9,1,0,520,211,520
1380,lstm,3,val,8,root-0/task0--ep16--succ0.pkl,0,16,1,0,520,230,520
1381,lstm,3,val,9,root-0/task0--ep17--succ1.pkl,0,17,0,1,321,230,321
1382,lstm,3,val,10,root-0/task0--ep18--succ1.pkl,0,18,0,1,303,230,303
1383,lstm,3,val,11,root-0/task0--ep19--succ1.pkl,0,19,0,1,304,230,304
1384,lstm,3,val,13,root-0/task0--ep20--succ0.pkl,0,20,1,0,520,230,520
1385,lstm,3,val,16,root-0/task0--ep23--succ1.pkl,0,23,0,1,414,230,414
1386,lstm,3,val,18,root-0/task0--ep25--succ0.pkl,0,25,1,0,520,230,520
1387,lstm,3,val,19,root-0/task0--ep26--succ0.pkl,0,26,1,0,520,230,520
1388,lstm,3,val,21,root-0/task0--ep28--succ0.pkl,0,28,1,0,520,230,520
1389,lstm,3,val,22,root-0/task0--ep29--succ1.pkl,0,29,0,1,257,230,257
1390,lstm,3,val,26,root-0/task0--ep32--succ1.pkl,0,32,0,1,321,230,321
1391,lstm,3,val,28,root-0/task0--ep34--succ1.pkl,0,34,0,1,252,230,252
1392,lstm,3,val,29,root-0/task0--ep35--succ1.pkl,0,35,0,1,278,230,278
1393,lstm,3,val,32,root-0/task0--ep38--succ0.pkl,0,38,1,0,520,230,520
1394,lstm,3,val,33,root-0/task0--ep39--succ1.pkl,0,39,0,1,360,230,360
1395,lstm,3,val,34,root-0/task0--ep4--succ0.pkl,0,4,1,0,520,230,520
1396,lstm,3,val,37,root-0/task0--ep42--succ0.pkl,0,42,1,0,520,230,520
1397,lstm,3,val,38,root-0/task0--ep43--succ1.pkl,0,43,0,1,357,230,357
1398,lstm,3,val,39,root-0/task0--ep44--succ1.pkl,0,44,0,1,481,230,481
1399,lstm,3,val,40,root-0/task0--ep45--succ1.pkl,0,45,0,1,375,230,375
1400,lstm,3,val,42,root-0/task0--ep47--succ1.pkl,0,47,0,1,283,230,283
1401,lstm,3,val,44,root-0/task0--ep49--succ1.pkl,0,49,0,1,321,230,321
1402,lstm,3,val,49,root-0/task0--ep9--succ1.pkl,0,9,0,1,291,230,291
1403,lstm,3,val,51,root-0/task1--ep1--succ1.pkl,1,1,0,1,253,218,253
1404,lstm,3,val,54,root-0/task1--ep12--succ1.pkl,1,12,0,1,238,218,238
1405,lstm,3,val,64,root-0/task1--ep21--succ0.pkl,1,21,1,0,520,218,520
1406,lstm,3,val,70,root-0/task1--ep27--succ0.pkl,1,27,1,0,520,218,520
1407,lstm,3,val,71,root-0/task1--ep28--succ1.pkl,1,28,0,1,270,218,270
1408,lstm,3,val,72,root-0/task1--ep29--succ1.pkl,1,29,0,1,236,218,236
1409,lstm,3,val,75,root-0/task1--ep31--succ1.pkl,1,31,0,1,232,218,232
1410,lstm,3,val,77,root-0/task1--ep33--succ1.pkl,1,33,0,1,224,218,224
1411,lstm,3,val,80,root-0/task1--ep36--succ0.pkl,1,36,1,0,520,218,520
1412,lstm,3,val,81,root-0/task1--ep37--succ1.pkl,1,37,0,1,286,218,286
1413,lstm,3,val,82,root-0/task1--ep38--succ1.pkl,1,38,0,1,249,218,249
1414,lstm,3,val,83,root-0/task1--ep39--succ1.pkl,1,39,0,1,316,218,316
1415,lstm,3,val,85,root-0/task1--ep40--succ1.pkl,1,40,0,1,225,218,225
1416,lstm,3,val,86,root-0/task1--ep41--succ1.pkl,1,41,0,1,396,218,396
1417,lstm,3,val,87,root-0/task1--ep42--succ1.pkl,1,42,0,1,243,218,243
1418,lstm,3,val,93,root-0/task1--ep48--succ0.pkl,1,48,1,0,520,218,520
1419,lstm,3,val,94,root-0/task1--ep49--succ1.pkl,1,49,0,1,265,218,265
1420,lstm,3,val,97,root-0/task1--ep7--succ1.pkl,1,7,0,1,225,218,225
1421,lstm,3,val,100,root-0/task2--ep0--succ1.pkl,2,0,0,1,258,211,258
1422,lstm,3,val,101,root-0/task2--ep1--succ1.pkl,2,1,0,1,285,211,285
1423,lstm,3,val,109,root-0/task2--ep17--succ1.pkl,2,17,0,1,242,211,242
1424,lstm,3,val,111,root-0/task2--ep19--succ1.pkl,2,19,0,1,227,211,227
1425,lstm,3,val,112,root-0/task2--ep2--succ0.pkl,2,2,1,0,520,211,520
1426,lstm,3,val,113,root-0/task2--ep20--succ0.pkl,2,20,1,0,520,211,520
1427,lstm,3,val,114,root-0/task2--ep21--succ1.pkl,2,21,0,1,320,211,320
1428,lstm,3,val,117,root-0/task2--ep24--succ0.pkl,2,24,1,0,520,211,520
1429,lstm,3,val,118,root-0/task2--ep25--succ1.pkl,2,25,0,1,251,211,251
1430,lstm,3,val,121,root-0/task2--ep28--succ1.pkl,2,28,0,1,304,211,304
1431,lstm,3,val,122,root-0/task2--ep29--succ0.pkl,2,29,1,0,520,211,520
1432,lstm,3,val,125,root-0/task2--ep31--succ0.pkl,2,31,1,0,520,211,520
1433,lstm,3,val,127,root-0/task2--ep33--succ0.pkl,2,33,1,0,520,211,520
1434,lstm,3,val,132,root-0/task2--ep38--succ1.pkl,2,38,0,1,295,211,295
1435,lstm,3,val,133,root-0/task2--ep39--succ0.pkl,2,39,1,0,520,211,520
1436,lstm,3,val,134,root-0/task2--ep4--succ1.pkl,2,4,0,1,225,211,225
1437,lstm,3,val,136,root-0/task2--ep41--succ0.pkl,2,41,1,0,520,211,520
1438,lstm,3,val,138,root-0/task2--ep43--succ1.pkl,2,43,0,1,342,211,342
1439,lstm,3,val,139,root-0/task2--ep44--succ0.pkl,2,44,1,0,520,211,520
1440,lstm,3,val,143,root-0/task2--ep48--succ0.pkl,2,48,1,0,520,211,520
1441,lstm,3,val,145,root-0/task2--ep5--succ0.pkl,2,5,1,0,520,211,520
1442,lstm,3,val,147,root-0/task2--ep7--succ0.pkl,2,7,1,0,520,211,520
1443,lstm,3,val,148,root-0/task2--ep8--succ1.pkl,2,8,0,1,316,211,316
1444,lstm,3,val,201,root-0/task4--ep1--succ0.pkl,4,1,1,0,520,209,520
1445,lstm,3,val,203,root-0/task4--ep11--succ0.pkl,4,11,1,0,520,209,520
1446,lstm,3,val,217,root-0/task4--ep24--succ1.pkl,4,24,0,1,294,209,294
1447,lstm,3,val,219,root-0/task4--ep26--succ0.pkl,4,26,1,0,520,209,520
1448,lstm,3,val,221,root-0/task4--ep28--succ1.pkl,4,28,0,1,233,209,233
1449,lstm,3,val,223,root-0/task4--ep3--succ1.pkl,4,3,0,1,235,209,235
1450,lstm,3,val,225,root-0/task4--ep31--succ1.pkl,4,31,0,1,241,209,241
1451,lstm,3,val,227,root-0/task4--ep33--succ1.pkl,4,33,0,1,241,209,241
1452,lstm,3,val,228,root-0/task4--ep34--succ1.pkl,4,34,0,1,246,209,246
1453,lstm,3,val,233,root-0/task4--ep39--succ1.pkl,4,39,0,1,219,209,219
1454,lstm,3,val,235,root-0/task4--ep40--succ0.pkl,4,40,1,0,520,209,520
1455,lstm,3,val,239,root-0/task4--ep44--succ1.pkl,4,44,0,1,238,209,238
1456,lstm,3,val,241,root-0/task4--ep46--succ0.pkl,4,46,1,0,520,209,520
1457,lstm,3,val,249,root-0/task4--ep9--succ1.pkl,4,9,0,1,220,209,220
1458,lstm,3,val,250,root-0/task5--ep0--succ1.pkl,5,0,0,1,161,148,161
1459,lstm,3,val,253,root-0/task5--ep11--succ1.pkl,5,11,0,1,160,148,160
1460,lstm,3,val,258,root-0/task5--ep16--succ1.pkl,5,16,0,1,327,148,327
1461,lstm,3,val,264,root-0/task5--ep21--succ1.pkl,5,21,0,1,184,148,184
1462,lstm,3,val,265,root-0/task5--ep22--succ0.pkl,5,22,1,0,520,148,520
1463,lstm,3,val,267,root-0/task5--ep24--succ1.pkl,5,24,0,1,172,148,172
1464,lstm,3,val,268,root-0/task5--ep25--succ1.pkl,5,25,0,1,207,148,207
1465,lstm,3,val,269,root-0/task5--ep26--succ1.pkl,5,26,0,1,187,148,187
1466,lstm,3,val,270,root-0/task5--ep27--succ1.pkl,5,27,0,1,261,148,261
1467,lstm,3,val,271,root-0/task5--ep28--succ0.pkl,5,28,1,0,520,148,520
1468,lstm,3,val,273,root-0/task5--ep3--succ1.pkl,5,3,0,1,233,148,233
1469,lstm,3,val,274,root-0/task5--ep30--succ1.pkl,5,30,0,1,186,148,186
1470,lstm,3,val,276,root-0/task5--ep32--succ1.pkl,5,32,0,1,183,148,183
1471,lstm,3,val,280,root-0/task5--ep36--succ1.pkl,5,36,0,1,231,148,231
1472,lstm,3,val,284,root-0/task5--ep4--succ1.pkl,5,4,0,1,194,148,194
1473,lstm,3,val,287,root-0/task5--ep42--succ1.pkl,5,42,0,1,231,148,231
1474,lstm,3,val,296,root-0/task5--ep6--succ1.pkl,5,6,0,1,197,148,197
1475,lstm,3,val,298,root-0/task5--ep8--succ1.pkl,5,8,0,1,154,148,154
1476,lstm,3,val,299,root-0/task5--ep9--succ1.pkl,5,9,0,1,334,148,334
1477,lstm,3,val,303,root-0/task6--ep11--succ0.pkl,6,11,1,0,520,190,520
1478,lstm,3,val,307,root-0/task6--ep15--succ1.pkl,6,15,0,1,249,190,249
1479,lstm,3,val,310,root-0/task6--ep18--succ0.pkl,6,18,1,0,520,190,520
1480,lstm,3,val,312,root-0/task6--ep2--succ1.pkl,6,2,0,1,210,190,210
1481,lstm,3,val,315,root-0/task6--ep22--succ1.pkl,6,22,0,1,237,190,237
1482,lstm,3,val,317,root-0/task6--ep24--succ1.pkl,6,24,0,1,245,190,245
1483,lstm,3,val,318,root-0/task6--ep25--succ1.pkl,6,25,0,1,240,190,240
1484,lstm,3,val,322,root-0/task6--ep29--succ1.pkl,6,29,0,1,236,190,236
1485,lstm,3,val,323,root-0/task6--ep3--succ1.pkl,6,3,0,1,193,190,193
1486,lstm,3,val,326,root-0/task6--ep32--succ0.pkl,6,32,1,0,520,190,520
1487,lstm,3,val,331,root-0/task6--ep37--succ1.pkl,6,37,0,1,251,190,251
1488,lstm,3,val,334,root-0/task6--ep4--succ1.pkl,6,4,0,1,218,190,218
1489,lstm,3,val,335,root-0/task6--ep40--succ0.pkl,6,40,1,0,520,190,520
1490,lstm,3,val,337,root-0/task6--ep42--succ0.pkl,6,42,1,0,520,190,520
1491,lstm,3,val,339,root-0/task6--ep44--succ1.pkl,6,44,0,1,304,190,304
1492,lstm,3,val,340,root-0/task6--ep45--succ0.pkl,6,45,1,0,520,190,520
1493,lstm,3,val,341,root-0/task6--ep46--succ1.pkl,6,46,0,1,230,190,230
1494,lstm,3,val,342,root-0/task6--ep47--succ0.pkl,6,47,1,0,520,190,520
1495,lstm,3,val,344,root-0/task6--ep49--succ1.pkl,6,49,0,1,263,190,263
1496,lstm,3,val,345,root-0/task6--ep5--succ1.pkl,6,5,0,1,260,190,260
1497,lstm,3,val,351,root-0/task7--ep1--succ0.pkl,7,1,1,0,520,210,520
1498,lstm,3,val,354,root-0/task7--ep12--succ0.pkl,7,12,1,0,520,210,520
1499,lstm,3,val,356,root-0/task7--ep14--succ1.pkl,7,14,0,1,270,210,270
1500,lstm,3,val,359,root-0/task7--ep17--succ0.pkl,7,17,1,0,520,210,520
1501,lstm,3,val,361,root-0/task7--ep19--succ1.pkl,7,19,0,1,252,210,252
1502,lstm,3,val,363,root-0/task7--ep20--succ1.pkl,7,20,0,1,259,210,259
1503,lstm,3,val,364,root-0/task7--ep21--succ0.pkl,7,21,1,0,520,210,520
1504,lstm,3,val,365,root-0/task7--ep22--succ0.pkl,7,22,1,0,520,210,520
1505,lstm,3,val,367,root-0/task7--ep24--succ1.pkl,7,24,0,1,231,210,231
1506,lstm,3,val,372,root-0/task7--ep29--succ0.pkl,7,29,1,0,520,210,520
1507,lstm,3,val,377,root-0/task7--ep33--succ0.pkl,7,33,1,0,520,210,520
1508,lstm,3,val,378,root-0/task7--ep34--succ0.pkl,7,34,1,0,520,210,520
1509,lstm,3,val,383,root-0/task7--ep39--succ1.pkl,7,39,0,1,236,210,236
1510,lstm,3,val,384,root-0/task7--ep4--succ0.pkl,7,4,1,0,520,210,520
1511,lstm,3,val,385,root-0/task7--ep40--succ1.pkl,7,40,0,1,341,210,341
1512,lstm,3,val,386,root-0/task7--ep41--succ1.pkl,7,41,0,1,273,210,273
1513,lstm,3,val,387,root-0/task7--ep42--succ1.pkl,7,42,0,1,267,210,267
1514,lstm,3,val,388,root-0/task7--ep43--succ0.pkl,7,43,1,0,520,210,520
1515,lstm,3,val,391,root-0/task7--ep46--succ0.pkl,7,46,1,0,520,210,520
1516,lstm,3,val,395,root-0/task7--ep5--succ0.pkl,7,5,1,0,520,210,520
1517,lstm,3,val,396,root-0/task7--ep6--succ1.pkl,7,6,0,1,290,210,290
1518,lstm,3,val,397,root-0/task7--ep7--succ1.pkl,7,7,0,1,232,210,232
1519,lstm,3,val,401,root-0/task8--ep1--succ1.pkl,8,1,0,1,448,315,448
1520,lstm,3,val,402,root-0/task8--ep10--succ0.pkl,8,10,1,0,520,315,520
1521,lstm,3,val,403,root-0/task8--ep11--succ1.pkl,8,11,0,1,486,315,486
1522,lstm,3,val,407,root-0/task8--ep15--succ1.pkl,8,15,0,1,347,315,347
1523,lstm,3,val,409,root-0/task8--ep17--succ1.pkl,8,17,0,1,509,315,509
1524,lstm,3,val,413,root-0/task8--ep20--succ0.pkl,8,20,1,0,520,315,520
1525,lstm,3,val,419,root-0/task8--ep26--succ1.pkl,8,26,0,1,427,315,427
1526,lstm,3,val,420,root-0/task8--ep27--succ0.pkl,8,27,1,0,520,315,520
1527,lstm,3,val,424,root-0/task8--ep30--succ1.pkl,8,30,0,1,417,315,417
1528,lstm,3,val,425,root-0/task8--ep31--succ0.pkl,8,31,1,0,520,315,520
1529,lstm,3,val,426,root-0/task8--ep32--succ0.pkl,8,32,1,0,520,315,520
1530,lstm,3,val,432,root-0/task8--ep38--succ0.pkl,8,38,1,0,520,315,520
1531,lstm,3,val,433,root-0/task8--ep39--succ0.pkl,8,39,1,0,520,315,520
1532,lstm,3,val,438,root-0/task8--ep43--succ0.pkl,8,43,1,0,520,315,520
1533,lstm,3,val,439,root-0/task8--ep44--succ1.pkl,8,44,0,1,315,315,315
1534,lstm,3,val,440,root-0/task8--ep45--succ0.pkl,8,45,1,0,520,315,520
1535,lstm,3,val,441,root-0/task8--ep46--succ0.pkl,8,46,1,0,520,315,520
1536,lstm,3,val,445,root-0/task8--ep5--succ0.pkl,8,5,1,0,520,315,520
1537,lstm,3,val,446,root-0/task8--ep6--succ0.pkl,8,6,1,0,520,315,520
1538,lstm,3,val,447,root-0/task8--ep7--succ0.pkl,8,7,1,0,520,315,520
1539,lstm,3,val,449,root-0/task8--ep9--succ1.pkl,8,9,0,1,504,315,504
1540,lstm,3,val,450,root-0/task9--ep0--succ0.pkl,9,0,1,0,520,241,520
1541,lstm,3,val,451,root-0/task9--ep1--succ0.pkl,9,1,1,0,520,241,520
1542,lstm,3,val,454,root-0/task9--ep12--succ0.pkl,9,12,1,0,520,241,520
1543,lstm,3,val,458,root-0/task9--ep16--succ0.pkl,9,16,1,0,520,241,520
1544,lstm,3,val,460,root-0/task9--ep18--succ1.pkl,9,18,0,1,372,241,372
1545,lstm,3,val,461,root-0/task9--ep19--succ1.pkl,9,19,0,1,427,241,427
1546,lstm,3,val,462,root-0/task9--ep2--succ1.pkl,9,2,0,1,300,241,300
1547,lstm,3,val,464,root-0/task9--ep21--succ1.pkl,9,21,0,1,300,241,300
1548,lstm,3,val,466,root-0/task9--ep23--succ0.pkl,9,23,1,0,520,241,520
1549,lstm,3,val,467,root-0/task9--ep24--succ0.pkl,9,24,1,0,520,241,520
1550,lstm,3,val,469,root-0/task9--ep26--succ0.pkl,9,26,1,0,520,241,520
1551,lstm,3,val,476,root-0/task9--ep32--succ0.pkl,9,32,1,0,520,241,520
1552,lstm,3,val,478,root-0/task9--ep34--succ0.pkl,9,34,1,0,520,241,520
1553,lstm,3,val,480,root-0/task9--ep36--succ0.pkl,9,36,1,0,520,241,520
1554,lstm,3,val,482,root-0/task9--ep38--succ0.pkl,9,38,1,0,520,241,520
1555,lstm,3,val,483,root-0/task9--ep39--succ0.pkl,9,39,1,0,520,241,520
1556,lstm,3,val,485,root-0/task9--ep40--succ0.pkl,9,40,1,0,520,241,520
1557,lstm,3,val,486,root-0/task9--ep41--succ1.pkl,9,41,0,1,316,241,316
1558,lstm,3,val,490,root-0/task9--ep45--succ0.pkl,9,45,1,0,520,241,520
1559,lstm,3,val,494,root-0/task9--ep49--succ1.pkl,9,49,0,1,344,241,344
1560,lstm,3,val,495,root-0/task9--ep5--succ1.pkl,9,5,0,1,312,241,312
1561,lstm,3,val,497,root-0/task9--ep7--succ0.pkl,9,7,1,0,520,241,520
1562,lstm,3,val,498,root-0/task9--ep8--succ1.pkl,9,8,0,1,307,241,307
1563,lstm,3,val,500,root-1/task0--ep0--succ0.pkl,0,0,1,0,520,230,520
1564,lstm,3,val,502,root-1/task0--ep10--succ1.pkl,0,10,0,1,290,230,290
1565,lstm,3,val,505,root-1/task0--ep13--succ1.pkl,0,13,0,1,278,230,278
1566,lstm,3,val,517,root-1/task0--ep24--succ0.pkl,0,24,1,0,520,230,520
1567,lstm,3,val,518,root-1/task0--ep25--succ1.pkl,0,25,0,1,295,230,295
1568,lstm,3,val,525,root-1/task0--ep31--succ1.pkl,0,31,0,1,295,230,295
1569,lstm,3,val,526,root-1/task0--ep32--succ0.pkl,0,32,1,0,520,230,520
1570,lstm,3,val,527,root-1/task0--ep33--succ1.pkl,0,33,0,1,357,230,357
1571,lstm,3,val,528,root-1/task0--ep34--succ1.pkl,0,34,0,1,371,230,371
1572,lstm,3,val,529,root-1/task0--ep35--succ1.pkl,0,35,0,1,392,230,392
1573,lstm,3,val,531,root-1/task0--ep37--succ1.pkl,0,37,0,1,333,230,333
1574,lstm,3,val,534,root-1/task0--ep4--succ0.pkl,0,4,1,0,520,230,520
1575,lstm,3,val,536,root-1/task0--ep41--succ1.pkl,0,41,0,1,348,230,348
1576,lstm,3,val,539,root-1/task0--ep44--succ1.pkl,0,44,0,1,423,230,423
1577,lstm,3,val,542,root-1/task0--ep47--succ1.pkl,0,47,0,1,315,230,315
1578,lstm,3,val,545,root-1/task0--ep5--succ0.pkl,0,5,1,0,520,230,520
1579,lstm,3,val,548,root-1/task0--ep8--succ1.pkl,0,8,0,1,341,230,341
1580,lstm,3,val,550,root-1/task1--ep0--succ1.pkl,1,0,0,1,249,218,249
1581,lstm,3,val,554,root-1/task1--ep12--succ1.pkl,1,12,0,1,262,218,262
1582,lstm,3,val,556,root-1/task1--ep14--succ0.pkl,1,14,1,0,520,218,520
1583,lstm,3,val,557,root-1/task1--ep15--succ1.pkl,1,15,0,1,257,218,257
1584,lstm,3,val,560,root-1/task1--ep18--succ1.pkl,1,18,0,1,242,218,242
1585,lstm,3,val,561,root-1/task1--ep19--succ1.pkl,1,19,0,1,248,218,248
1586,lstm,3,val,562,root-1/task1--ep2--succ1.pkl,1,2,0,1,235,218,235
1587,lstm,3,val,566,root-1/task1--ep23--succ0.pkl,1,23,1,0,520,218,520
1588,lstm,3,val,569,root-1/task1--ep26--succ1.pkl,1,26,0,1,225,218,225
1589,lstm,3,val,570,root-1/task1--ep27--succ0.pkl,1,27,1,0,520,218,520
1590,lstm,3,val,571,root-1/task1--ep28--succ1.pkl,1,28,0,1,228,218,228
1591,lstm,3,val,575,root-1/task1--ep31--succ1.pkl,1,31,0,1,280,218,280
1592,lstm,3,val,577,root-1/task1--ep33--succ0.pkl,1,33,1,0,520,218,520
1593,lstm,3,val,578,root-1/task1--ep34--succ0.pkl,1,34,1,0,520,218,520
1594,lstm,3,val,581,root-1/task1--ep37--succ1.pkl,1,37,0,1,236,218,236
1595,lstm,3,val,583,root-1/task1--ep39--succ0.pkl,1,39,1,0,520,218,520
1596,lstm,3,val,584,root-1/task1--ep4--succ1.pkl,1,4,0,1,305,218,305
1597,lstm,3,val,588,root-1/task1--ep43--succ0.pkl,1,43,1,0,520,218,520
1598,lstm,3,val,590,root-1/task1--ep45--succ1.pkl,1,45,0,1,302,218,302
1599,lstm,3,val,594,root-1/task1--ep49--succ1.pkl,1,49,0,1,267,218,267
1600,lstm,3,val,596,root-1/task1--ep6--succ0.pkl,1,6,1,0,520,218,520
1601,lstm,3,val,597,root-1/task1--ep7--succ1.pkl,1,7,0,1,283,218,283
1602,lstm,3,val,600,root-1/task2--ep0--succ0.pkl,2,0,1,0,520,211,520
1603,lstm,3,val,601,root-1/task2--ep1--succ1.pkl,2,1,0,1,298,211,298
1604,lstm,3,val,608,root-1/task2--ep16--succ1.pkl,2,16,0,1,265,211,265
1605,lstm,3,val,612,root-1/task2--ep2--succ1.pkl,2,2,0,1,253,211,253
1606,lstm,3,val,614,root-1/task2--ep21--succ1.pkl,2,21,0,1,260,211,260
1607,lstm,3,val,617,root-1/task2--ep24--succ0.pkl,2,24,1,0,520,211,520
1608,lstm,3,val,623,root-1/task2--ep3--succ0.pkl,2,3,1,0,520,211,520
1609,lstm,3,val,625,root-1/task2--ep31--succ1.pkl,2,31,0,1,277,211,277
1610,lstm,3,val,627,root-1/task2--ep33--succ0.pkl,2,33,1,0,520,211,520
1611,lstm,3,val,629,root-1/task2--ep35--succ1.pkl,2,35,0,1,377,211,377
1612,lstm,3,val,633,root-1/task2--ep39--succ1.pkl,2,39,0,1,439,211,439
1613,lstm,3,val,634,root-1/task2--ep4--succ1.pkl,2,4,0,1,224,211,224
1614,lstm,3,val,636,root-1/task2--ep41--succ0.pkl,2,41,1,0,520,211,520
1615,lstm,3,val,637,root-1/task2--ep42--succ0.pkl,2,42,1,0,520,211,520
1616,lstm,3,val,638,root-1/task2--ep43--succ0.pkl,2,43,1,0,520,211,520
1617,lstm,3,val,646,root-1/task2--ep6--succ0.pkl,2,6,1,0,520,211,520
1618,lstm,3,val,649,root-1/task2--ep9--succ0.pkl,2,9,1,0,520,211,520
1619,lstm,3,val,700,root-1/task4--ep0--succ0.pkl,4,0,1,0,520,209,520
1620,lstm,3,val,701,root-1/task4--ep1--succ0.pkl,4,1,1,0,520,209,520
1621,lstm,3,val,704,root-1/task4--ep12--succ1.pkl,4,12,0,1,263,209,263
1622,lstm,3,val,705,root-1/task4--ep13--succ0.pkl,4,13,1,0,520,209,520
1623,lstm,3,val,706,root-1/task4--ep14--succ1.pkl,4,14,0,1,247,209,247
1624,lstm,3,val,708,root-1/task4--ep16--succ0.pkl,4,16,1,0,520,209,520
1625,lstm,3,val,709,root-1/task4--ep17--succ1.pkl,4,17,0,1,273,209,273
1626,lstm,3,val,713,root-1/task4--ep20--succ1.pkl,4,20,0,1,209,209,209
1627,lstm,3,val,716,root-1/task4--ep23--succ0.pkl,4,23,1,0,520,209,520
1628,lstm,3,val,720,root-1/task4--ep27--succ1.pkl,4,27,0,1,231,209,231
1629,lstm,3,val,721,root-1/task4--ep28--succ0.pkl,4,28,1,0,520,209,520
1630,lstm,3,val,723,root-1/task4--ep3--succ1.pkl,4,3,0,1,243,209,243
1631,lstm,3,val,726,root-1/task4--ep32--succ1.pkl,4,32,0,1,511,209,511
1632,lstm,3,val,728,root-1/task4--ep34--succ0.pkl,4,34,1,0,520,209,520
1633,lstm,3,val,731,root-1/task4--ep37--succ0.pkl,4,37,1,0,520,209,520
1634,lstm,3,val,732,root-1/task4--ep38--succ1.pkl,4,38,0,1,217,209,217
1635,lstm,3,val,733,root-1/task4--ep39--succ0.pkl,4,39,1,0,520,209,520
1636,lstm,3,val,735,root-1/task4--ep40--succ0.pkl,4,40,1,0,520,209,520
1637,lstm,3,val,736,root-1/task4--ep41--succ0.pkl,4,41,1,0,520,209,520
1638,lstm,3,val,737,root-1/task4--ep42--succ0.pkl,4,42,1,0,520,209,520
1639,lstm,3,val,738,root-1/task4--ep43--succ0.pkl,4,43,1,0,520,209,520
1640,lstm,3,val,739,root-1/task4--ep44--succ1.pkl,4,44,0,1,233,209,233
1641,lstm,3,val,740,root-1/task4--ep45--succ0.pkl,4,45,1,0,520,209,520
1642,lstm,3,val,742,root-1/task4--ep47--succ0.pkl,4,47,1,0,520,209,520
1643,lstm,3,val,745,root-1/task4--ep5--succ1.pkl,4,5,0,1,341,209,341
1644,lstm,3,val,747,root-1/task4--ep7--succ0.pkl,4,7,1,0,520,209,520
1645,lstm,3,val,751,root-1/task5--ep1--succ1.pkl,5,1,0,1,178,148,178
1646,lstm,3,val,752,root-1/task5--ep10--succ1.pkl,5,10,0,1,242,148,242
1647,lstm,3,val,753,root-1/task5--ep11--succ1.pkl,5,11,0,1,282,148,282
1648,lstm,3,val,754,root-1/task5--ep12--succ1.pkl,5,12,0,1,159,148,159
1649,lstm,3,val,757,root-1/task5--ep15--succ1.pkl,5,15,0,1,202,148,202
1650,lstm,3,val,758,root-1/task5--ep16--succ1.pkl,5,16,0,1,170,148,170
1651,lstm,3,val,761,root-1/task5--ep19--succ0.pkl,5,19,1,0,520,148,520
1652,lstm,3,val,764,root-1/task5--ep21--succ1.pkl,5,21,0,1,177,148,177
1653,lstm,3,val,766,root-1/task5--ep23--succ1.pkl,5,23,0,1,197,148,197
1654,lstm,3,val,767,root-1/task5--ep24--succ1.pkl,5,24,0,1,174,148,174
1655,lstm,3,val,773,root-1/task5--ep3--succ1.pkl,5,3,0,1,173,148,173
1656,lstm,3,val,775,root-1/task5--ep31--succ1.pkl,5,31,0,1,207,148,207
1657,lstm,3,val,776,root-1/task5--ep32--succ1.pkl,5,32,0,1,189,148,189
1658,lstm,3,val,780,root-1/task5--ep36--succ0.pkl,5,36,1,0,520,148,520
1659,lstm,3,val,781,root-1/task5--ep37--succ1.pkl,5,37,0,1,174,148,174
1660,lstm,3,val,784,root-1/task5--ep4--succ1.pkl,5,4,0,1,266,148,266
1661,lstm,3,val,785,root-1/task5--ep40--succ1.pkl,5,40,0,1,196,148,196
1662,lstm,3,val,788,root-1/task5--ep43--succ1.pkl,5,43,0,1,211,148,211
1663,lstm,3,val,791,root-1/task5--ep46--succ0.pkl,5,46,1,0,520,148,520
1664,lstm,3,val,793,root-1/task5--ep48--succ1.pkl,5,48,0,1,190,148,190
1665,lstm,3,val,797,root-1/task5--ep7--succ1.pkl,5,7,0,1,205,148,205
1666,lstm,3,val,800,root-1/task6--ep0--succ1.pkl,6,0,0,1,289,190,289
1667,lstm,3,val,808,root-1/task6--ep16--succ1.pkl,6,16,0,1,264,190,264
1668,lstm,3,val,810,root-1/task6--ep18--succ0.pkl,6,18,1,0,520,190,520
1669,lstm,3,val,815,root-1/task6--ep22--succ1.pkl,6,22,0,1,244,190,244
1670,lstm,3,val,817,root-1/task6--ep24--succ1.pkl,6,24,0,1,331,190,331
1671,lstm,3,val,819,root-1/task6--ep26--succ0.pkl,6,26,1,0,520,190,520
1672,lstm,3,val,825,root-1/task6--ep31--succ1.pkl,6,31,0,1,291,190,291
1673,lstm,3,val,828,root-1/task6--ep34--succ0.pkl,6,34,1,0,520,190,520
1674,lstm,3,val,831,root-1/task6--ep37--succ1.pkl,6,37,0,1,191,190,191
1675,lstm,3,val,832,root-1/task6--ep38--succ0.pkl,6,38,1,0,520,190,520
1676,lstm,3,val,834,root-1/task6--ep4--succ1.pkl,6,4,0,1,513,190,513
1677,lstm,3,val,836,root-1/task6--ep41--succ1.pkl,6,41,0,1,241,190,241
1678,lstm,3,val,837,root-1/task6--ep42--succ1.pkl,6,42,0,1,302,190,302
1679,lstm,3,val,839,root-1/task6--ep44--succ1.pkl,6,44,0,1,233,190,233
1680,lstm,3,val,841,root-1/task6--ep46--succ0.pkl,6,46,1,0,520,190,520
1681,lstm,3,val,842,root-1/task6--ep47--succ0.pkl,6,47,1,0,520,190,520
1682,lstm,3,val,843,root-1/task6--ep48--succ1.pkl,6,48,0,1,233,190,233
1683,lstm,3,val,844,root-1/task6--ep49--succ1.pkl,6,49,0,1,474,190,474
1684,lstm,3,val,846,root-1/task6--ep6--succ0.pkl,6,6,1,0,520,190,520
1685,lstm,3,val,847,root-1/task6--ep7--succ1.pkl,6,7,0,1,234,190,234
1686,lstm,3,val,850,root-1/task7--ep0--succ1.pkl,7,0,0,1,246,210,246
1687,lstm,3,val,857,root-1/task7--ep15--succ1.pkl,7,15,0,1,290,210,290
1688,lstm,3,val,862,root-1/task7--ep2--succ0.pkl,7,2,1,0,520,210,520
1689,lstm,3,val,864,root-1/task7--ep21--succ1.pkl,7,21,0,1,247,210,247
1690,lstm,3,val,866,root-1/task7--ep23--succ0.pkl,7,23,1,0,520,210,520
1691,lstm,3,val,867,root-1/task7--ep24--succ0.pkl,7,24,1,0,520,210,520
1692,lstm,3,val,869,root-1/task7--ep26--succ0.pkl,7,26,1,0,520,210,520
1693,lstm,3,val,870,root-1/task7--ep27--succ1.pkl,7,27,0,1,249,210,249
1694,lstm,3,val,871,root-1/task7--ep28--succ1.pkl,7,28,0,1,316,210,316
1695,lstm,3,val,879,root-1/task7--ep35--succ1.pkl,7,35,0,1,297,210,297
1696,lstm,3,val,881,root-1/task7--ep37--succ1.pkl,7,37,0,1,230,210,230
1697,lstm,3,val,882,root-1/task7--ep38--succ1.pkl,7,38,0,1,331,210,331
1698,lstm,3,val,888,root-1/task7--ep43--succ0.pkl,7,43,1,0,520,210,520
1699,lstm,3,val,891,root-1/task7--ep46--succ1.pkl,7,46,0,1,257,210,257
1700,lstm,3,val,895,root-1/task7--ep5--succ0.pkl,7,5,1,0,520,210,520
1701,lstm,3,val,896,root-1/task7--ep6--succ1.pkl,7,6,0,1,369,210,369
1702,lstm,3,val,898,root-1/task7--ep8--succ0.pkl,7,8,1,0,520,210,520
1703,lstm,3,val,899,root-1/task7--ep9--succ1.pkl,7,9,0,1,252,210,252
1704,lstm,3,val,901,root-1/task8--ep1--succ1.pkl,8,1,0,1,391,315,391
1705,lstm,3,val,904,root-1/task8--ep12--succ0.pkl,8,12,1,0,520,315,520
1706,lstm,3,val,905,root-1/task8--ep13--succ0.pkl,8,13,1,0,520,315,520
1707,lstm,3,val,906,root-1/task8--ep14--succ0.pkl,8,14,1,0,520,315,520
1708,lstm,3,val,907,root-1/task8--ep15--succ0.pkl,8,15,1,0,520,315,520
1709,lstm,3,val,910,root-1/task8--ep18--succ0.pkl,8,18,1,0,520,315,520
1710,lstm,3,val,914,root-1/task8--ep21--succ0.pkl,8,21,1,0,520,315,520
1711,lstm,3,val,920,root-1/task8--ep27--succ0.pkl,8,27,1,0,520,315,520
1712,lstm,3,val,921,root-1/task8--ep28--succ0.pkl,8,28,1,0,520,315,520
1713,lstm,3,val,923,root-1/task8--ep3--succ0.pkl,8,3,1,0,520,315,520
1714,lstm,3,val,927,root-1/task8--ep33--succ0.pkl,8,33,1,0,520,315,520
1715,lstm,3,val,932,root-1/task8--ep38--succ0.pkl,8,38,1,0,520,315,520
1716,lstm,3,val,934,root-1/task8--ep4--succ0.pkl,8,4,1,0,520,315,520
1717,lstm,3,val,940,root-1/task8--ep45--succ1.pkl,8,45,0,1,490,315,490
1718,lstm,3,val,943,root-1/task8--ep48--succ0.pkl,8,48,1,0,520,315,520
1719,lstm,3,val,945,root-1/task8--ep5--succ0.pkl,8,5,1,0,520,315,520
1720,lstm,3,val,946,root-1/task8--ep6--succ1.pkl,8,6,0,1,440,315,440
1721,lstm,3,val,947,root-1/task8--ep7--succ0.pkl,8,7,1,0,520,315,520
1722,lstm,3,val,948,root-1/task8--ep8--succ0.pkl,8,8,1,0,520,315,520
1723,lstm,3,val,954,root-1/task9--ep12--succ0.pkl,9,12,1,0,520,241,520
1724,lstm,3,val,956,root-1/task9--ep14--succ0.pkl,9,14,1,0,520,241,520
1725,lstm,3,val,958,root-1/task9--ep16--succ0.pkl,9,16,1,0,520,241,520
1726,lstm,3,val,959,root-1/task9--ep17--succ1.pkl,9,17,0,1,349,241,349
1727,lstm,3,val,965,root-1/task9--ep22--succ1.pkl,9,22,0,1,312,241,312
1728,lstm,3,val,977,root-1/task9--ep33--succ1.pkl,9,33,0,1,247,241,247
1729,lstm,3,val,978,root-1/task9--ep34--succ0.pkl,9,34,1,0,520,241,520
1730,lstm,3,val,980,root-1/task9--ep36--succ1.pkl,9,36,0,1,359,241,359
1731,lstm,3,val,981,root-1/task9--ep37--succ1.pkl,9,37,0,1,413,241,413
1732,lstm,3,val,983,root-1/task9--ep39--succ0.pkl,9,39,1,0,520,241,520
1733,lstm,3,val,984,root-1/task9--ep4--succ0.pkl,9,4,1,0,520,241,520
1734,lstm,3,val,985,root-1/task9--ep40--succ1.pkl,9,40,0,1,389,241,389
1735,lstm,3,val,987,root-1/task9--ep42--succ0.pkl,9,42,1,0,520,241,520
1736,lstm,3,val,988,root-1/task9--ep43--succ0.pkl,9,43,1,0,520,241,520
1737,lstm,3,val,990,root-1/task9--ep45--succ0.pkl,9,45,1,0,520,241,520
1738,lstm,3,val,991,root-1/task9--ep46--succ0.pkl,9,46,1,0,520,241,520
1739,lstm,3,val,994,root-1/task9--ep49--succ0.pkl,9,49,1,0,520,241,520
1740,lstm,3,test,150,root-0/task3--ep0--succ1.pkl,3,0,0,1,278,187,278
1741,lstm,3,test,151,root-0/task3--ep1--succ0.pkl,3,1,1,0,520,187,520
1742,lstm,3,test,152,root-0/task3--ep10--succ1.pkl,3,10,0,1,487,187,487
1743,lstm,3,test,153,root-0/task3--ep11--succ1.pkl,3,11,0,1,277,187,277
1744,lstm,3,test,154,root-0/task3--ep12--succ1.pkl,3,12,0,1,360,187,360
1745,lstm,3,test,155,root-0/task3--ep13--succ0.pkl,3,13,1,0,520,187,520
1746,lstm,3,test,156,root-0/task3--ep14--succ0.pkl,3,14,1,0,520,187,520
1747,lstm,3,test,157,root-0/task3--ep15--succ0.pkl,3,15,1,0,520,187,520
1748,lstm,3,test,158,root-0/task3--ep16--succ0.pkl,3,16,1,0,520,187,520
1749,lstm,3,test,159,root-0/task3--ep17--succ1.pkl,3,17,0,1,218,187,218
1750,lstm,3,test,160,root-0/task3--ep18--succ0.pkl,3,18,1,0,520,187,520
1751,lstm,3,test,161,root-0/task3--ep19--succ0.pkl,3,19,1,0,520,187,520
1752,lstm,3,test,162,root-0/task3--ep2--succ0.pkl,3,2,1,0,520,187,520
1753,lstm,3,test,163,root-0/task3--ep20--succ1.pkl,3,20,0,1,245,187,245
1754,lstm,3,test,164,root-0/task3--ep21--succ0.pkl,3,21,1,0,520,187,520
1755,lstm,3,test,165,root-0/task3--ep22--succ0.pkl,3,22,1,0,520,187,520
1756,lstm,3,test,166,root-0/task3--ep23--succ1.pkl,3,23,0,1,296,187,296
1757,lstm,3,test,167,root-0/task3--ep24--succ1.pkl,3,24,0,1,277,187,277
1758,lstm,3,test,168,root-0/task3--ep25--succ1.pkl,3,25,0,1,424,187,424
1759,lstm,3,test,169,root-0/task3--ep26--succ0.pkl,3,26,1,0,520,187,520
1760,lstm,3,test,170,root-0/task3--ep27--succ1.pkl,3,27,0,1,231,187,231
1761,lstm,3,test,171,root-0/task3--ep28--succ0.pkl,3,28,1,0,520,187,520
1762,lstm,3,test,172,root-0/task3--ep29--succ0.pkl,3,29,1,0,520,187,520
1763,lstm,3,test,173,root-0/task3--ep3--succ0.pkl,3,3,1,0,520,187,520
1764,lstm,3,test,174,root-0/task3--ep30--succ0.pkl,3,30,1,0,520,187,520
1765,lstm,3,test,175,root-0/task3--ep31--succ1.pkl,3,31,0,1,425,187,425
1766,lstm,3,test,176,root-0/task3--ep32--succ1.pkl,3,32,0,1,217,187,217
1767,lstm,3,test,177,root-0/task3--ep33--succ0.pkl,3,33,1,0,520,187,520
1768,lstm,3,test,178,root-0/task3--ep34--succ0.pkl,3,34,1,0,520,187,520
1769,lstm,3,test,179,root-0/task3--ep35--succ1.pkl,3,35,0,1,246,187,246
1770,lstm,3,test,180,root-0/task3--ep36--succ1.pkl,3,36,0,1,220,187,220
1771,lstm,3,test,181,root-0/task3--ep37--succ0.pkl,3,37,1,0,520,187,520
1772,lstm,3,test,182,root-0/task3--ep38--succ1.pkl,3,38,0,1,394,187,394
1773,lstm,3,test,183,root-0/task3--ep39--succ1.pkl,3,39,0,1,196,187,196
1774,lstm,3,test,184,root-0/task3--ep4--succ1.pkl,3,4,0,1,453,187,453
1775,lstm,3,test,185,root-0/task3--ep40--succ0.pkl,3,40,1,0,520,187,520
1776,lstm,3,test,186,root-0/task3--ep41--succ1.pkl,3,41,0,1,256,187,256
1777,lstm,3,test,187,root-0/task3--ep42--succ0.pkl,3,42,1,0,520,187,520
1778,lstm,3,test,188,root-0/task3--ep43--succ0.pkl,3,43,1,0,520,187,520
1779,lstm,3,test,189,root-0/task3--ep44--succ0.pkl,3,44,1,0,520,187,520
1780,lstm,3,test,190,root-0/task3--ep45--succ1.pkl,3,45,0,1,457,187,457
1781,lstm,3,test,191,root-0/task3--ep46--succ0.pkl,3,46,1,0,520,187,520
1782,lstm,3,test,192,root-0/task3--ep47--succ0.pkl,3,47,1,0,520,187,520
1783,lstm,3,test,193,root-0/task3--ep48--succ1.pkl,3,48,0,1,244,187,244
1784,lstm,3,test,194,root-0/task3--ep49--succ1.pkl,3,49,0,1,214,187,214
1785,lstm,3,test,195,root-0/task3--ep5--succ0.pkl,3,5,1,0,520,187,520
1786,lstm,3,test,196,root-0/task3--ep6--succ0.pkl,3,6,1,0,520,187,520
1787,lstm,3,test,197,root-0/task3--ep7--succ1.pkl,3,7,0,1,195,187,195
1788,lstm,3,test,198,root-0/task3--ep8--succ0.pkl,3,8,1,0,520,187,520
1789,lstm,3,test,199,root-0/task3--ep9--succ1.pkl,3,9,0,1,197,187,197
1790,lstm,3,test,650,root-1/task3--ep0--succ1.pkl,3,0,0,1,298,187,298
1791,lstm,3,test,651,root-1/task3--ep1--succ0.pkl,3,1,1,0,520,187,520
1792,lstm,3,test,652,root-1/task3--ep10--succ0.pkl,3,10,1,0,520,187,520
1793,lstm,3,test,653,root-1/task3--ep11--succ1.pkl,3,11,0,1,403,187,403
1794,lstm,3,test,654,root-1/task3--ep12--succ0.pkl,3,12,1,0,520,187,520
1795,lstm,3,test,655,root-1/task3--ep13--succ0.pkl,3,13,1,0,520,187,520
1796,lstm,3,test,656,root-1/task3--ep14--succ1.pkl,3,14,0,1,313,187,313
1797,lstm,3,test,657,root-1/task3--ep15--succ1.pkl,3,15,0,1,244,187,244
1798,lstm,3,test,658,root-1/task3--ep16--succ0.pkl,3,16,1,0,520,187,520
1799,lstm,3,test,659,root-1/task3--ep17--succ0.pkl,3,17,1,0,520,187,520
1800,lstm,3,test,660,root-1/task3--ep18--succ1.pkl,3,18,0,1,474,187,474
1801,lstm,3,test,661,root-1/task3--ep19--succ1.pkl,3,19,0,1,237,187,237
1802,lstm,3,test,662,root-1/task3--ep2--succ0.pkl,3,2,1,0,520,187,520
1803,lstm,3,test,663,root-1/task3--ep20--succ1.pkl,3,20,0,1,246,187,246
1804,lstm,3,test,664,root-1/task3--ep21--succ0.pkl,3,21,1,0,520,187,520
1805,lstm,3,test,665,root-1/task3--ep22--succ0.pkl,3,22,1,0,520,187,520
1806,lstm,3,test,666,root-1/task3--ep23--succ1.pkl,3,23,0,1,236,187,236
1807,lstm,3,test,667,root-1/task3--ep24--succ0.pkl,3,24,1,0,520,187,520
1808,lstm,3,test,668,root-1/task3--ep25--succ0.pkl,3,25,1,0,520,187,520
1809,lstm,3,test,669,root-1/task3--ep26--succ1.pkl,3,26,0,1,232,187,232
1810,lstm,3,test,670,root-1/task3--ep27--succ0.pkl,3,27,1,0,520,187,520
1811,lstm,3,test,671,root-1/task3--ep28--succ1.pkl,3,28,0,1,263,187,263
1812,lstm,3,test,672,root-1/task3--ep29--succ0.pkl,3,29,1,0,520,187,520
1813,lstm,3,test,673,root-1/task3--ep3--succ0.pkl,3,3,1,0,520,187,520
1814,lstm,3,test,674,root-1/task3--ep30--succ1.pkl,3,30,0,1,496,187,496
1815,lstm,3,test,675,root-1/task3--ep31--succ1.pkl,3,31,0,1,222,187,222
1816,lstm,3,test,676,root-1/task3--ep32--succ1.pkl,3,32,0,1,233,187,233
1817,lstm,3,test,677,root-1/task3--ep33--succ0.pkl,3,33,1,0,520,187,520
1818,lstm,3,test,678,root-1/task3--ep34--succ0.pkl,3,34,1,0,520,187,520
1819,lstm,3,test,679,root-1/task3--ep35--succ0.pkl,3,35,1,0,520,187,520
1820,lstm,3,test,680,root-1/task3--ep36--succ0.pkl,3,36,1,0,520,187,520
1821,lstm,3,test,681,root-1/task3--ep37--succ1.pkl,3,37,0,1,260,187,260
1822,lstm,3,test,682,root-1/task3--ep38--succ0.pkl,3,38,1,0,520,187,520
1823,lstm,3,test,683,root-1/task3--ep39--succ1.pkl,3,39,0,1,363,187,363
1824,lstm,3,test,684,root-1/task3--ep4--succ1.pkl,3,4,0,1,340,187,340
1825,lstm,3,test,685,root-1/task3--ep40--succ1.pkl,3,40,0,1,200,187,200
1826,lstm,3,test,686,root-1/task3--ep41--succ1.pkl,3,41,0,1,187,187,187
1827,lstm,3,test,687,root-1/task3--ep42--succ1.pkl,3,42,0,1,501,187,501
1828,lstm,3,test,688,root-1/task3--ep43--succ1.pkl,3,43,0,1,248,187,248
1829,lstm,3,test,689,root-1/task3--ep44--succ1.pkl,3,44,0,1,211,187,211
1830,lstm,3,test,690,root-1/task3--ep45--succ1.pkl,3,45,0,1,354,187,354
1831,lstm,3,test,691,root-1/task3--ep46--succ0.pkl,3,46,1,0,520,187,520
1832,lstm,3,test,692,root-1/task3--ep47--succ0.pkl,3,47,1,0,520,187,520
1833,lstm,3,test,693,root-1/task3--ep48--succ1.pkl,3,48,0,1,476,187,476
1834,lstm,3,test,694,root-1/task3--ep49--succ1.pkl,3,49,0,1,350,187,350
1835,lstm,3,test,695,root-1/task3--ep5--succ0.pkl,3,5,1,0,520,187,520
1836,lstm,3,test,696,root-1/task3--ep6--succ0.pkl,3,6,1,0,520,187,520
1837,lstm,3,test,697,root-1/task3--ep7--succ1.pkl,3,7,0,1,257,187,257
1838,lstm,3,test,698,root-1/task3--ep8--succ0.pkl,3,8,1,0,520,187,520
1839,lstm,3,test,699,root-1/task3--ep9--succ0.pkl,3,9,1,0,520,187,520
1840,lstm,4,val,8,root-0/task0--ep16--succ0.pkl,0,16,1,0,520,230,520
1841,lstm,4,val,9,root-0/task0--ep17--succ1.pkl,0,17,0,1,321,230,321
1842,lstm,4,val,10,root-0/task0--ep18--succ1.pkl,0,18,0,1,303,230,303
1843,lstm,4,val,11,root-0/task0--ep19--succ1.pkl,0,19,0,1,304,230,304
1844,lstm,4,val,13,root-0/task0--ep20--succ0.pkl,0,20,1,0,520,230,520
1845,lstm,4,val,16,root-0/task0--ep23--succ1.pkl,0,23,0,1,414,230,414
1846,lstm,4,val,18,root-0/task0--ep25--succ0.pkl,0,25,1,0,520,230,520
1847,lstm,4,val,19,root-0/task0--ep26--succ0.pkl,0,26,1,0,520,230,520
1848,lstm,4,val,21,root-0/task0--ep28--succ0.pkl,0,28,1,0,520,230,520
1849,lstm,4,val,22,root-0/task0--ep29--succ1.pkl,0,29,0,1,257,230,257
1850,lstm,4,val,26,root-0/task0--ep32--succ1.pkl,0,32,0,1,321,230,321
1851,lstm,4,val,28,root-0/task0--ep34--succ1.pkl,0,34,0,1,252,230,252
1852,lstm,4,val,29,root-0/task0--ep35--succ1.pkl,0,35,0,1,278,230,278
1853,lstm,4,val,32,root-0/task0--ep38--succ0.pkl,0,38,1,0,520,230,520
1854,lstm,4,val,33,root-0/task0--ep39--succ1.pkl,0,39,0,1,360,230,360
1855,lstm,4,val,34,root-0/task0--ep4--succ0.pkl,0,4,1,0,520,230,520
1856,lstm,4,val,37,root-0/task0--ep42--succ0.pkl,0,42,1,0,520,230,520
1857,lstm,4,val,38,root-0/task0--ep43--succ1.pkl,0,43,0,1,357,230,357
1858,lstm,4,val,39,root-0/task0--ep44--succ1.pkl,0,44,0,1,481,230,481
1859,lstm,4,val,40,root-0/task0--ep45--succ1.pkl,0,45,0,1,375,230,375
1860,lstm,4,val,42,root-0/task0--ep47--succ1.pkl,0,47,0,1,283,230,283
1861,lstm,4,val,44,root-0/task0--ep49--succ1.pkl,0,49,0,1,321,230,321
1862,lstm,4,val,49,root-0/task0--ep9--succ1.pkl,0,9,0,1,291,230,291
1863,lstm,4,val,50,root-0/task1--ep0--succ1.pkl,1,0,0,1,268,218,268
1864,lstm,4,val,51,root-0/task1--ep1--succ1.pkl,1,1,0,1,253,218,253
1865,lstm,4,val,54,root-0/task1--ep12--succ1.pkl,1,12,0,1,238,218,238
1866,lstm,4,val,58,root-0/task1--ep16--succ1.pkl,1,16,0,1,248,218,248
1867,lstm,4,val,60,root-0/task1--ep18--succ1.pkl,1,18,0,1,246,218,246
1868,lstm,4,val,61,root-0/task1--ep19--succ1.pkl,1,19,0,1,251,218,251
1869,lstm,4,val,62,root-0/task1--ep2--succ1.pkl,1,2,0,1,322,218,322
1870,lstm,4,val,64,root-0/task1--ep21--succ0.pkl,1,21,1,0,520,218,520
1871,lstm,4,val,66,root-0/task1--ep23--succ0.pkl,1,23,1,0,520,218,520
1872,lstm,4,val,67,root-0/task1--ep24--succ1.pkl,1,24,0,1,233,218,233
1873,lstm,4,val,69,root-0/task1--ep26--succ1.pkl,1,26,0,1,218,218,218
1874,lstm,4,val,76,root-0/task1--ep32--succ0.pkl,1,32,1,0,520,218,520
1875,lstm,4,val,78,root-0/task1--ep34--succ0.pkl,1,34,1,0,520,218,520
1876,lstm,4,val,80,root-0/task1--ep36--succ0.pkl,1,36,1,0,520,218,520
1877,lstm,4,val,82,root-0/task1--ep38--succ1.pkl,1,38,0,1,249,218,249
1878,lstm,4,val,83,root-0/task1--ep39--succ1.pkl,1,39,0,1,316,218,316
1879,lstm,4,val,85,root-0/task1--ep40--succ1.pkl,1,40,0,1,225,218,225
1880,lstm,4,val,86,root-0/task1--ep41--succ1.pkl,1,41,0,1,396,218,396
1881,lstm,4,val,90,root-0/task1--ep45--succ1.pkl,1,45,0,1,334,218,334
1882,lstm,4,val,94,root-0/task1--ep49--succ1.pkl,1,49,0,1,265,218,265
1883,lstm,4,val,95,root-0/task1--ep5--succ1.pkl,1,5,0,1,281,218,281
1884,lstm,4,val,97,root-0/task1--ep7--succ1.pkl,1,7,0,1,225,218,225
1885,lstm,4,val,98,root-0/task1--ep8--succ1.pkl,1,8,0,1,260,218,260
1886,lstm,4,val,100,root-0/task2--ep0--succ1.pkl,2,0,0,1,258,211,258
1887,lstm,4,val,101,root-0/task2--ep1--succ1.pkl,2,1,0,1,285,211,285
1888,lstm,4,val,109,root-0/task2--ep17--succ1.pkl,2,17,0,1,242,211,242
1889,lstm,4,val,111,root-0/task2--ep19--succ1.pkl,2,19,0,1,227,211,227
1890,lstm,4,val,112,root-0/task2--ep2--succ0.pkl,2,2,1,0,520,211,520
1891,lstm,4,val,113,root-0/task2--ep20--succ0.pkl,2,20,1,0,520,211,520
1892,lstm,4,val,114,root-0/task2--ep21--succ1.pkl,2,21,0,1,320,211,320
1893,lstm,4,val,117,root-0/task2--ep24--succ0.pkl,2,24,1,0,520,211,520
1894,lstm,4,val,118,root-0/task2--ep25--succ1.pkl,2,25,0,1,251,211,251
1895,lstm,4,val,121,root-0/task2--ep28--succ1.pkl,2,28,0,1,304,211,304
1896,lstm,4,val,122,root-0/task2--ep29--succ0.pkl,2,29,1,0,520,211,520
1897,lstm,4,val,125,root-0/task2--ep31--succ0.pkl,2,31,1,0,520,211,520
1898,lstm,4,val,127,root-0/task2--ep33--succ0.pkl,2,33,1,0,520,211,520
1899,lstm,4,val,132,root-0/task2--ep38--succ1.pkl,2,38,0,1,295,211,295
1900,lstm,4,val,133,root-0/task2--ep39--succ0.pkl,2,39,1,0,520,211,520
1901,lstm,4,val,134,root-0/task2--ep4--succ1.pkl,2,4,0,1,225,211,225
1902,lstm,4,val,136,root-0/task2--ep41--succ0.pkl,2,41,1,0,520,211,520
1903,lstm,4,val,138,root-0/task2--ep43--succ1.pkl,2,43,0,1,342,211,342
1904,lstm,4,val,139,root-0/task2--ep44--succ0.pkl,2,44,1,0,520,211,520
1905,lstm,4,val,143,root-0/task2--ep48--succ0.pkl,2,48,1,0,520,211,520
1906,lstm,4,val,145,root-0/task2--ep5--succ0.pkl,2,5,1,0,520,211,520
1907,lstm,4,val,147,root-0/task2--ep7--succ0.pkl,2,7,1,0,520,211,520
1908,lstm,4,val,148,root-0/task2--ep8--succ1.pkl,2,8,0,1,316,211,316
1909,lstm,4,val,151,root-0/task3--ep1--succ0.pkl,3,1,1,0,520,187,520
1910,lstm,4,val,154,root-0/task3--ep12--succ1.pkl,3,12,0,1,360,187,360
1911,lstm,4,val,156,root-0/task3--ep14--succ0.pkl,3,14,1,0,520,187,520
1912,lstm,4,val,159,root-0/task3--ep17--succ1.pkl,3,17,0,1,218,187,218
1913,lstm,4,val,161,root-0/task3--ep19--succ0.pkl,3,19,1,0,520,187,520
1914,lstm,4,val,163,root-0/task3--ep20--succ1.pkl,3,20,0,1,245,187,245
1915,lstm,4,val,164,root-0/task3--ep21--succ0.pkl,3,21,1,0,520,187,520
1916,lstm,4,val,165,root-0/task3--ep22--succ0.pkl,3,22,1,0,520,187,520
1917,lstm,4,val,167,root-0/task3--ep24--succ1.pkl,3,24,0,1,277,187,277
1918,lstm,4,val,172,root-0/task3--ep29--succ0.pkl,3,29,1,0,520,187,520
1919,lstm,4,val,177,root-0/task3--ep33--succ0.pkl,3,33,1,0,520,187,520
1920,lstm,4,val,178,root-0/task3--ep34--succ0.pkl,3,34,1,0,520,187,520
1921,lstm,4,val,183,root-0/task3--ep39--succ1.pkl,3,39,0,1,196,187,196
1922,lstm,4,val,184,root-0/task3--ep4--succ1.pkl,3,4,0,1,453,187,453
1923,lstm,4,val,185,root-0/task3--ep40--succ0.pkl,3,40,1,0,520,187,520
1924,lstm,4,val,186,root-0/task3--ep41--succ1.pkl,3,41,0,1,256,187,256
1925,lstm,4,val,187,root-0/task3--ep42--succ0.pkl,3,42,1,0,520,187,520
1926,lstm,4,val,188,root-0/task3--ep43--succ0.pkl,3,43,1,0,520,187,520
1927,lstm,4,val,191,root-0/task3--ep46--succ0.pkl,3,46,1,0,520,187,520
1928,lstm,4,val,195,root-0/task3--ep5--succ0.pkl,3,5,1,0,520,187,520
1929,lstm,4,val,196,root-0/task3--ep6--succ0.pkl,3,6,1,0,520,187,520
1930,lstm,4,val,197,root-0/task3--ep7--succ1.pkl,3,7,0,1,195,187,195
1931,lstm,4,val,250,root-0/task5--ep0--succ1.pkl,5,0,0,1,161,148,161
1932,lstm,4,val,253,root-0/task5--ep11--succ1.pkl,5,11,0,1,160,148,160
1933,lstm,4,val,258,root-0/task5--ep16--succ1.pkl,5,16,0,1,327,148,327
1934,lstm,4,val,264,root-0/task5--ep21--succ1.pkl,5,21,0,1,184,148,184
1935,lstm,4,val,265,root-0/task5--ep22--succ0.pkl,5,22,1,0,520,148,520
1936,lstm,4,val,267,root-0/task5--ep24--succ1.pkl,5,24,0,1,172,148,172
1937,lstm,4,val,268,root-0/task5--ep25--succ1.pkl,5,25,0,1,207,148,207
1938,lstm,4,val,269,root-0/task5--ep26--succ1.pkl,5,26,0,1,187,148,187
1939,lstm,4,val,270,root-0/task5--ep27--succ1.pkl,5,27,0,1,261,148,261
1940,lstm,4,val,271,root-0/task5--ep28--succ0.pkl,5,28,1,0,520,148,520
1941,lstm,4,val,273,root-0/task5--ep3--succ1.pkl,5,3,0,1,233,148,233
1942,lstm,4,val,274,root-0/task5--ep30--succ1.pkl,5,30,0,1,186,148,186
1943,lstm,4,val,276,root-0/task5--ep32--succ1.pkl,5,32,0,1,183,148,183
1944,lstm,4,val,280,root-0/task5--ep36--succ1.pkl,5,36,0,1,231,148,231
1945,lstm,4,val,284,root-0/task5--ep4--succ1.pkl,5,4,0,1,194,148,194
1946,lstm,4,val,287,root-0/task5--ep42--succ1.pkl,5,42,0,1,231,148,231
1947,lstm,4,val,296,root-0/task5--ep6--succ1.pkl,5,6,0,1,197,148,197
1948,lstm,4,val,298,root-0/task5--ep8--succ1.pkl,5,8,0,1,154,148,154
1949,lstm,4,val,299,root-0/task5--ep9--succ1.pkl,5,9,0,1,334,148,334
1950,lstm,4,val,301,root-0/task6--ep1--succ1.pkl,6,1,0,1,256,190,256
1951,lstm,4,val,304,root-0/task6--ep12--succ1.pkl,6,12,0,1,254,190,254
1952,lstm,4,val,314,root-0/task6--ep21--succ0.pkl,6,21,1,0,520,190,520
1953,lstm,4,val,320,root-0/task6--ep27--succ1.pkl,6,27,0,1,247,190,247
1954,lstm,4,val,321,root-0/task6--ep28--succ0.pkl,6,28,1,0,520,190,520
1955,lstm,4,val,322,root-0/task6--ep29--succ1.pkl,6,29,0,1,236,190,236
1956,lstm,4,val,325,root-0/task6--ep31--succ1.pkl,6,31,0,1,229,190,229
1957,lstm,4,val,327,root-0/task6--ep33--succ1.pkl,6,33,0,1,216,190,216
1958,lstm,4,val,330,root-0/task6--ep36--succ0.pkl,6,36,1,0,520,190,520
1959,lstm,4,val,331,root-0/task6--ep37--succ1.pkl,6,37,0,1,251,190,251
1960,lstm,4,val,332,root-0/task6--ep38--succ1.pkl,6,38,0,1,315,190,315
1961,lstm,4,val,333,root-0/task6--ep39--succ0.pkl,6,39,1,0,520,190,520
1962,lstm,4,val,335,root-0/task6--ep40--succ0.pkl,6,40,1,0,520,190,520
1963,lstm,4,val,336,root-0/task6--ep41--succ1.pkl,6,41,0,1,387,190,387
1964,lstm,4,val,337,root-0/task6--ep42--succ0.pkl,6,42,1,0,520,190,520
1965,lstm,4,val,343,root-0/task6--ep48--succ0.pkl,6,48,1,0,520,190,520
1966,lstm,4,val,344,root-0/task6--ep49--succ1.pkl,6,49,0,1,263,190,263
1967,lstm,4,val,347,root-0/task6--ep7--succ1.pkl,6,7,0,1,268,190,268
1968,lstm,4,val,353,root-0/task7--ep11--succ0.pkl,7,11,1,0,520,210,520
1969,lstm,4,val,357,root-0/task7--ep15--succ1.pkl,7,15,0,1,227,210,227
1970,lstm,4,val,360,root-0/task7--ep18--succ1.pkl,7,18,0,1,210,210,210
1971,lstm,4,val,362,root-0/task7--ep2--succ1.pkl,7,2,0,1,332,210,332
1972,lstm,4,val,365,root-0/task7--ep22--succ0.pkl,7,22,1,0,520,210,520
1973,lstm,4,val,367,root-0/task7--ep24--succ1.pkl,7,24,0,1,231,210,231
1974,lstm,4,val,368,root-0/task7--ep25--succ1.pkl,7,25,0,1,301,210,301
1975,lstm,4,val,372,root-0/task7--ep29--succ0.pkl,7,29,1,0,520,210,520
1976,lstm,4,val,373,root-0/task7--ep3--succ1.pkl,7,3,0,1,362,210,362
1977,lstm,4,val,376,root-0/task7--ep32--succ1.pkl,7,32,0,1,239,210,239
1978,lstm,4,val,381,root-0/task7--ep37--succ1.pkl,7,37,0,1,267,210,267
1979,lstm,4,val,384,root-0/task7--ep4--succ0.pkl,7,4,1,0,520,210,520
1980,lstm,4,val,385,root-0/task7--ep40--succ1.pkl,7,40,0,1,341,210,341
1981,lstm,4,val,387,root-0/task7--ep42--succ1.pkl,7,42,0,1,267,210,267
1982,lstm,4,val,389,root-0/task7--ep44--succ0.pkl,7,44,1,0,520,210,520
1983,lstm,4,val,390,root-0/task7--ep45--succ1.pkl,7,45,0,1,260,210,260
1984,lstm,4,val,391,root-0/task7--ep46--succ0.pkl,7,46,1,0,520,210,520
1985,lstm,4,val,392,root-0/task7--ep47--succ1.pkl,7,47,0,1,300,210,300
1986,lstm,4,val,394,root-0/task7--ep49--succ1.pkl,7,49,0,1,369,210,369
1987,lstm,4,val,395,root-0/task7--ep5--succ0.pkl,7,5,1,0,520,210,520
1988,lstm,4,val,401,root-0/task8--ep1--succ1.pkl,8,1,0,1,448,315,448
1989,lstm,4,val,402,root-0/task8--ep10--succ0.pkl,8,10,1,0,520,315,520
1990,lstm,4,val,403,root-0/task8--ep11--succ1.pkl,8,11,0,1,486,315,486
1991,lstm,4,val,407,root-0/task8--ep15--succ1.pkl,8,15,0,1,347,315,347
1992,lstm,4,val,409,root-0/task8--ep17--succ1.pkl,8,17,0,1,509,315,509
1993,lstm,4,val,413,root-0/task8--ep20--succ0.pkl,8,20,1,0,520,315,520
1994,lstm,4,val,419,root-0/task8--ep26--succ1.pkl,8,26,0,1,427,315,427
1995,lstm,4,val,420,root-0/task8--ep27--succ0.pkl,8,27,1,0,520,315,520
1996,lstm,4,val,424,root-0/task8--ep30--succ1.pkl,8,30,0,1,417,315,417
1997,lstm,4,val,425,root-0/task8--ep31--succ0.pkl,8,31,1,0,520,315,520
1998,lstm,4,val,426,root-0/task8--ep32--succ0.pkl,8,32,1,0,520,315,520
1999,lstm,4,val,432,root-0/task8--ep38--succ0.pkl,8,38,1,0,520,315,520
2000,lstm,4,val,433,root-0/task8--ep39--succ0.pkl,8,39,1,0,520,315,520
2001,lstm,4,val,438,root-0/task8--ep43--succ0.pkl,8,43,1,0,520,315,520
2002,lstm,4,val,439,root-0/task8--ep44--succ1.pkl,8,44,0,1,315,315,315
2003,lstm,4,val,440,root-0/task8--ep45--succ0.pkl,8,45,1,0,520,315,520
2004,lstm,4,val,441,root-0/task8--ep46--succ0.pkl,8,46,1,0,520,315,520
2005,lstm,4,val,445,root-0/task8--ep5--succ0.pkl,8,5,1,0,520,315,520
2006,lstm,4,val,446,root-0/task8--ep6--succ0.pkl,8,6,1,0,520,315,520
2007,lstm,4,val,447,root-0/task8--ep7--succ0.pkl,8,7,1,0,520,315,520
2008,lstm,4,val,449,root-0/task8--ep9--succ1.pkl,8,9,0,1,504,315,504
2009,lstm,4,val,451,root-0/task9--ep1--succ0.pkl,9,1,1,0,520,241,520
2010,lstm,4,val,453,root-0/task9--ep11--succ0.pkl,9,11,1,0,520,241,520
2011,lstm,4,val,467,root-0/task9--ep24--succ0.pkl,9,24,1,0,520,241,520
2012,lstm,4,val,469,root-0/task9--ep26--succ0.pkl,9,26,1,0,520,241,520
2013,lstm,4,val,471,root-0/task9--ep28--succ1.pkl,9,28,0,1,346,241,346
2014,lstm,4,val,473,root-0/task9--ep3--succ0.pkl,9,3,1,0,520,241,520
2015,lstm,4,val,475,root-0/task9--ep31--succ0.pkl,9,31,1,0,520,241,520
2016,lstm,4,val,477,root-0/task9--ep33--succ1.pkl,9,33,0,1,241,241,241
2017,lstm,4,val,478,root-0/task9--ep34--succ0.pkl,9,34,1,0,520,241,520
2018,lstm,4,val,483,root-0/task9--ep39--succ0.pkl,9,39,1,0,520,241,520
2019,lstm,4,val,485,root-0/task9--ep40--succ0.pkl,9,40,1,0,520,241,520
2020,lstm,4,val,489,root-0/task9--ep44--succ0.pkl,9,44,1,0,520,241,520
2021,lstm,4,val,491,root-0/task9--ep46--succ0.pkl,9,46,1,0,520,241,520
2022,lstm,4,val,499,root-0/task9--ep9--succ0.pkl,9,9,1,0,520,241,520
2023,lstm,4,val,500,root-1/task0--ep0--succ0.pkl,0,0,1,0,520,230,520
2024,lstm,4,val,502,root-1/task0--ep10--succ1.pkl,0,10,0,1,290,230,290
2025,lstm,4,val,505,root-1/task0--ep13--succ1.pkl,0,13,0,1,278,230,278
2026,lstm,4,val,517,root-1/task0--ep24--succ0.pkl,0,24,1,0,520,230,520
2027,lstm,4,val,518,root-1/task0--ep25--succ1.pkl,0,25,0,1,295,230,295
2028,lstm,4,val,525,root-1/task0--ep31--succ1.pkl,0,31,0,1,295,230,295
2029,lstm,4,val,526,root-1/task0--ep32--succ0.pkl,0,32,1,0,520,230,520
2030,lstm,4,val,527,root-1/task0--ep33--succ1.pkl,0,33,0,1,357,230,357
2031,lstm,4,val,528,root-1/task0--ep34--succ1.pkl,0,34,0,1,371,230,371
2032,lstm,4,val,529,root-1/task0--ep35--succ1.pkl,0,35,0,1,392,230,392
2033,lstm,4,val,531,root-1/task0--ep37--succ1.pkl,0,37,0,1,333,230,333
2034,lstm,4,val,534,root-1/task0--ep4--succ0.pkl,0,4,1,0,520,230,520
2035,lstm,4,val,536,root-1/task0--ep41--succ1.pkl,0,41,0,1,348,230,348
2036,lstm,4,val,539,root-1/task0--ep44--succ1.pkl,0,44,0,1,423,230,423
2037,lstm,4,val,542,root-1/task0--ep47--succ1.pkl,0,47,0,1,315,230,315
2038,lstm,4,val,545,root-1/task0--ep5--succ0.pkl,0,5,1,0,520,230,520
2039,lstm,4,val,548,root-1/task0--ep8--succ1.pkl,0,8,0,1,341,230,341
2040,lstm,4,val,554,root-1/task1--ep12--succ1.pkl,1,12,0,1,262,218,262
2041,lstm,4,val,556,root-1/task1--ep14--succ0.pkl,1,14,1,0,520,218,520
2042,lstm,4,val,558,root-1/task1--ep16--succ1.pkl,1,16,0,1,255,218,255
2043,lstm,4,val,559,root-1/task1--ep17--succ1.pkl,1,17,0,1,286,218,286
2044,lstm,4,val,565,root-1/task1--ep22--succ0.pkl,1,22,1,0,520,218,520
2045,lstm,4,val,577,root-1/task1--ep33--succ0.pkl,1,33,1,0,520,218,520
2046,lstm,4,val,578,root-1/task1--ep34--succ0.pkl,1,34,1,0,520,218,520
2047,lstm,4,val,580,root-1/task1--ep36--succ0.pkl,1,36,1,0,520,218,520
2048,lstm,4,val,581,root-1/task1--ep37--succ1.pkl,1,37,0,1,236,218,236
2049,lstm,4,val,583,root-1/task1--ep39--succ0.pkl,1,39,1,0,520,218,520
2050,lstm,4,val,584,root-1/task1--ep4--succ1.pkl,1,4,0,1,305,218,305
2051,lstm,4,val,585,root-1/task1--ep40--succ1.pkl,1,40,0,1,241,218,241
2052,lstm,4,val,587,root-1/task1--ep42--succ1.pkl,1,42,0,1,410,218,410
2053,lstm,4,val,588,root-1/task1--ep43--succ0.pkl,1,43,1,0,520,218,520
2054,lstm,4,val,590,root-1/task1--ep45--succ1.pkl,1,45,0,1,302,218,302
2055,lstm,4,val,591,root-1/task1--ep46--succ0.pkl,1,46,1,0,520,218,520
2056,lstm,4,val,594,root-1/task1--ep49--succ1.pkl,1,49,0,1,267,218,267
2057,lstm,4,val,600,root-1/task2--ep0--succ0.pkl,2,0,1,0,520,211,520
2058,lstm,4,val,601,root-1/task2--ep1--succ1.pkl,2,1,0,1,298,211,298
2059,lstm,4,val,608,root-1/task2--ep16--succ1.pkl,2,16,0,1,265,211,265
2060,lstm,4,val,612,root-1/task2--ep2--succ1.pkl,2,2,0,1,253,211,253
2061,lstm,4,val,614,root-1/task2--ep21--succ1.pkl,2,21,0,1,260,211,260
2062,lstm,4,val,617,root-1/task2--ep24--succ0.pkl,2,24,1,0,520,211,520
2063,lstm,4,val,623,root-1/task2--ep3--succ0.pkl,2,3,1,0,520,211,520
2064,lstm,4,val,625,root-1/task2--ep31--succ1.pkl,2,31,0,1,277,211,277
2065,lstm,4,val,627,root-1/task2--ep33--succ0.pkl,2,33,1,0,520,211,520
2066,lstm,4,val,629,root-1/task2--ep35--succ1.pkl,2,35,0,1,377,211,377
2067,lstm,4,val,633,root-1/task2--ep39--succ1.pkl,2,39,0,1,439,211,439
2068,lstm,4,val,634,root-1/task2--ep4--succ1.pkl,2,4,0,1,224,211,224
2069,lstm,4,val,636,root-1/task2--ep41--succ0.pkl,2,41,1,0,520,211,520
2070,lstm,4,val,637,root-1/task2--ep42--succ0.pkl,2,42,1,0,520,211,520
2071,lstm,4,val,638,root-1/task2--ep43--succ0.pkl,2,43,1,0,520,211,520
2072,lstm,4,val,646,root-1/task2--ep6--succ0.pkl,2,6,1,0,520,211,520
2073,lstm,4,val,649,root-1/task2--ep9--succ0.pkl,2,9,1,0,520,211,520
2074,lstm,4,val,650,root-1/task3--ep0--succ1.pkl,3,0,0,1,298,187,298
2075,lstm,4,val,657,root-1/task3--ep15--succ1.pkl,3,15,0,1,244,187,244
2076,lstm,4,val,662,root-1/task3--ep2--succ0.pkl,3,2,1,0,520,187,520
2077,lstm,4,val,664,root-1/task3--ep21--succ0.pkl,3,21,1,0,520,187,520
2078,lstm,4,val,666,root-1/task3--ep23--succ1.pkl,3,23,0,1,236,187,236
2079,lstm,4,val,667,root-1/task3--ep24--succ0.pkl,3,24,1,0,520,187,520
2080,lstm,4,val,669,root-1/task3--ep26--succ1.pkl,3,26,0,1,232,187,232
2081,lstm,4,val,670,root-1/task3--ep27--succ0.pkl,3,27,1,0,520,187,520
2082,lstm,4,val,671,root-1/task3--ep28--succ1.pkl,3,28,0,1,263,187,263
2083,lstm,4,val,679,root-1/task3--ep35--succ0.pkl,3,35,1,0,520,187,520
2084,lstm,4,val,681,root-1/task3--ep37--succ1.pkl,3,37,0,1,260,187,260
2085,lstm,4,val,682,root-1/task3--ep38--succ0.pkl,3,38,1,0,520,187,520
2086,lstm,4,val,688,root-1/task3--ep43--succ1.pkl,3,43,0,1,248,187,248
2087,lstm,4,val,691,root-1/task3--ep46--succ0.pkl,3,46,1,0,520,187,520
2088,lstm,4,val,695,root-1/task3--ep5--succ0.pkl,3,5,1,0,520,187,520
2089,lstm,4,val,696,root-1/task3--ep6--succ0.pkl,3,6,1,0,520,187,520
2090,lstm,4,val,698,root-1/task3--ep8--succ0.pkl,3,8,1,0,520,187,520
2091,lstm,4,val,699,root-1/task3--ep9--succ0.pkl,3,9,1,0,520,187,520
2092,lstm,4,val,751,root-1/task5--ep1--succ1.pkl,5,1,0,1,178,148,178
2093,lstm,4,val,752,root-1/task5--ep10--succ1.pkl,5,10,0,1,242,148,242
2094,lstm,4,val,753,root-1/task5--ep11--succ1.pkl,5,11,0,1,282,148,282
2095,lstm,4,val,754,root-1/task5--ep12--succ1.pkl,5,12,0,1,159,148,159
2096,lstm,4,val,757,root-1/task5--ep15--succ1.pkl,5,15,0,1,202,148,202
2097,lstm,4,val,758,root-1/task5--ep16--succ1.pkl,5,16,0,1,170,148,170
2098,lstm,4,val,761,root-1/task5--ep19--succ0.pkl,5,19,1,0,520,148,520
2099,lstm,4,val,764,root-1/task5--ep21--succ1.pkl,5,21,0,1,177,148,177
2100,lstm,4,val,766,root-1/task5--ep23--succ1.pkl,5,23,0,1,197,148,197
2101,lstm,4,val,767,root-1/task5--ep24--succ1.pkl,5,24,0,1,174,148,174
2102,lstm,4,val,773,root-1/task5--ep3--succ1.pkl,5,3,0,1,173,148,173
2103,lstm,4,val,775,root-1/task5--ep31--succ1.pkl,5,31,0,1,207,148,207
2104,lstm,4,val,776,root-1/task5--ep32--succ1.pkl,5,32,0,1,189,148,189
2105,lstm,4,val,780,root-1/task5--ep36--succ0.pkl,5,36,1,0,520,148,520
2106,lstm,4,val,781,root-1/task5--ep37--succ1.pkl,5,37,0,1,174,148,174
2107,lstm,4,val,784,root-1/task5--ep4--succ1.pkl,5,4,0,1,266,148,266
2108,lstm,4,val,785,root-1/task5--ep40--succ1.pkl,5,40,0,1,196,148,196
2109,lstm,4,val,788,root-1/task5--ep43--succ1.pkl,5,43,0,1,211,148,211
2110,lstm,4,val,791,root-1/task5--ep46--succ0.pkl,5,46,1,0,520,148,520
2111,lstm,4,val,793,root-1/task5--ep48--succ1.pkl,5,48,0,1,190,148,190
2112,lstm,4,val,797,root-1/task5--ep7--succ1.pkl,5,7,0,1,205,148,205
2113,lstm,4,val,800,root-1/task6--ep0--succ1.pkl,6,0,0,1,289,190,289
2114,lstm,4,val,804,root-1/task6--ep12--succ0.pkl,6,12,1,0,520,190,520
2115,lstm,4,val,806,root-1/task6--ep14--succ0.pkl,6,14,1,0,520,190,520
2116,lstm,4,val,807,root-1/task6--ep15--succ0.pkl,6,15,1,0,520,190,520
2117,lstm,4,val,810,root-1/task6--ep18--succ0.pkl,6,18,1,0,520,190,520
2118,lstm,4,val,811,root-1/task6--ep19--succ1.pkl,6,19,0,1,216,190,216
2119,lstm,4,val,812,root-1/task6--ep2--succ0.pkl,6,2,1,0,520,190,520
2120,lstm,4,val,816,root-1/task6--ep23--succ1.pkl,6,23,0,1,190,190,190
2121,lstm,4,val,819,root-1/task6--ep26--succ0.pkl,6,26,1,0,520,190,520
2122,lstm,4,val,820,root-1/task6--ep27--succ1.pkl,6,27,0,1,199,190,199
2123,lstm,4,val,821,root-1/task6--ep28--succ1.pkl,6,28,0,1,239,190,239
2124,lstm,4,val,825,root-1/task6--ep31--succ1.pkl,6,31,0,1,291,190,291
2125,lstm,4,val,827,root-1/task6--ep33--succ0.pkl,6,33,1,0,520,190,520
2126,lstm,4,val,828,root-1/task6--ep34--succ0.pkl,6,34,1,0,520,190,520
2127,lstm,4,val,831,root-1/task6--ep37--succ1.pkl,6,37,0,1,191,190,191
2128,lstm,4,val,833,root-1/task6--ep39--succ0.pkl,6,39,1,0,520,190,520
2129,lstm,4,val,834,root-1/task6--ep4--succ1.pkl,6,4,0,1,513,190,513
2130,lstm,4,val,838,root-1/task6--ep43--succ0.pkl,6,43,1,0,520,190,520
2131,lstm,4,val,840,root-1/task6--ep45--succ0.pkl,6,45,1,0,520,190,520
2132,lstm,4,val,844,root-1/task6--ep49--succ1.pkl,6,49,0,1,474,190,474
2133,lstm,4,val,846,root-1/task6--ep6--succ0.pkl,6,6,1,0,520,190,520
2134,lstm,4,val,847,root-1/task6--ep7--succ1.pkl,6,7,0,1,234,190,234
2135,lstm,4,val,850,root-1/task7--ep0--succ1.pkl,7,0,0,1,246,210,246
2136,lstm,4,val,858,root-1/task7--ep16--succ1.pkl,7,16,0,1,281,210,281
2137,lstm,4,val,860,root-1/task7--ep18--succ1.pkl,7,18,0,1,232,210,232
2138,lstm,4,val,865,root-1/task7--ep22--succ1.pkl,7,22,0,1,280,210,280
2139,lstm,4,val,867,root-1/task7--ep24--succ0.pkl,7,24,1,0,520,210,520
2140,lstm,4,val,869,root-1/task7--ep26--succ0.pkl,7,26,1,0,520,210,520
2141,lstm,4,val,875,root-1/task7--ep31--succ1.pkl,7,31,0,1,500,210,500
2142,lstm,4,val,878,root-1/task7--ep34--succ0.pkl,7,34,1,0,520,210,520
2143,lstm,4,val,881,root-1/task7--ep37--succ1.pkl,7,37,0,1,230,210,230
2144,lstm,4,val,882,root-1/task7--ep38--succ1.pkl,7,38,0,1,331,210,331
2145,lstm,4,val,884,root-1/task7--ep4--succ0.pkl,7,4,1,0,520,210,520
2146,lstm,4,val,886,root-1/task7--ep41--succ0.pkl,7,41,1,0,520,210,520
2147,lstm,4,val,887,root-1/task7--ep42--succ1.pkl,7,42,0,1,253,210,253
2148,lstm,4,val,889,root-1/task7--ep44--succ1.pkl,7,44,0,1,246,210,246
2149,lstm,4,val,891,root-1/task7--ep46--succ1.pkl,7,46,0,1,257,210,257
2150,lstm,4,val,892,root-1/task7--ep47--succ1.pkl,7,47,0,1,246,210,246
2151,lstm,4,val,893,root-1/task7--ep48--succ1.pkl,7,48,0,1,290,210,290
2152,lstm,4,val,894,root-1/task7--ep49--succ0.pkl,7,49,1,0,520,210,520
2153,lstm,4,val,896,root-1/task7--ep6--succ1.pkl,7,6,0,1,369,210,369
2154,lstm,4,val,897,root-1/task7--ep7--succ1.pkl,7,7,0,1,246,210,246
2155,lstm,4,val,901,root-1/task8--ep1--succ1.pkl,8,1,0,1,391,315,391
2156,lstm,4,val,904,root-1/task8--ep12--succ0.pkl,8,12,1,0,520,315,520
2157,lstm,4,val,905,root-1/task8--ep13--succ0.pkl,8,13,1,0,520,315,520
2158,lstm,4,val,906,root-1/task8--ep14--succ0.pkl,8,14,1,0,520,315,520
2159,lstm,4,val,907,root-1/task8--ep15--succ0.pkl,8,15,1,0,520,315,520
2160,lstm,4,val,910,root-1/task8--ep18--succ0.pkl,8,18,1,0,520,315,520
2161,lstm,4,val,914,root-1/task8--ep21--succ0.pkl,8,21,1,0,520,315,520
2162,lstm,4,val,920,root-1/task8--ep27--succ0.pkl,8,27,1,0,520,315,520
2163,lstm,4,val,921,root-1/task8--ep28--succ0.pkl,8,28,1,0,520,315,520
2164,lstm,4,val,923,root-1/task8--ep3--succ0.pkl,8,3,1,0,520,315,520
2165,lstm,4,val,927,root-1/task8--ep33--succ0.pkl,8,33,1,0,520,315,520
2166,lstm,4,val,932,root-1/task8--ep38--succ0.pkl,8,38,1,0,520,315,520
2167,lstm,4,val,934,root-1/task8--ep4--succ0.pkl,8,4,1,0,520,315,520
2168,lstm,4,val,940,root-1/task8--ep45--succ1.pkl,8,45,0,1,490,315,490
2169,lstm,4,val,943,root-1/task8--ep48--succ0.pkl,8,48,1,0,520,315,520
2170,lstm,4,val,945,root-1/task8--ep5--succ0.pkl,8,5,1,0,520,315,520
2171,lstm,4,val,946,root-1/task8--ep6--succ1.pkl,8,6,0,1,440,315,440
2172,lstm,4,val,947,root-1/task8--ep7--succ0.pkl,8,7,1,0,520,315,520
2173,lstm,4,val,948,root-1/task8--ep8--succ0.pkl,8,8,1,0,520,315,520
2174,lstm,4,val,950,root-1/task9--ep0--succ0.pkl,9,0,1,0,520,241,520
2175,lstm,4,val,951,root-1/task9--ep1--succ0.pkl,9,1,1,0,520,241,520
2176,lstm,4,val,954,root-1/task9--ep12--succ0.pkl,9,12,1,0,520,241,520
2177,lstm,4,val,955,root-1/task9--ep13--succ0.pkl,9,13,1,0,520,241,520
2178,lstm,4,val,956,root-1/task9--ep14--succ0.pkl,9,14,1,0,520,241,520
2179,lstm,4,val,958,root-1/task9--ep16--succ0.pkl,9,16,1,0,520,241,520
2180,lstm,4,val,959,root-1/task9--ep17--succ1.pkl,9,17,0,1,349,241,349
2181,lstm,4,val,963,root-1/task9--ep20--succ1.pkl,9,20,0,1,297,241,297
2182,lstm,4,val,966,root-1/task9--ep23--succ0.pkl,9,23,1,0,520,241,520
2183,lstm,4,val,970,root-1/task9--ep27--succ1.pkl,9,27,0,1,329,241,329
2184,lstm,4,val,971,root-1/task9--ep28--succ0.pkl,9,28,1,0,520,241,520
2185,lstm,4,val,973,root-1/task9--ep3--succ0.pkl,9,3,1,0,520,241,520
2186,lstm,4,val,976,root-1/task9--ep32--succ1.pkl,9,32,0,1,271,241,271
2187,lstm,4,val,978,root-1/task9--ep34--succ0.pkl,9,34,1,0,520,241,520
2188,lstm,4,val,981,root-1/task9--ep37--succ1.pkl,9,37,0,1,413,241,413
2189,lstm,4,val,982,root-1/task9--ep38--succ0.pkl,9,38,1,0,520,241,520
2190,lstm,4,val,983,root-1/task9--ep39--succ0.pkl,9,39,1,0,520,241,520
2191,lstm,4,val,985,root-1/task9--ep40--succ1.pkl,9,40,0,1,389,241,389
2192,lstm,4,val,986,root-1/task9--ep41--succ0.pkl,9,41,1,0,520,241,520
2193,lstm,4,val,987,root-1/task9--ep42--succ0.pkl,9,42,1,0,520,241,520
2194,lstm,4,val,988,root-1/task9--ep43--succ0.pkl,9,43,1,0,520,241,520
2195,lstm,4,val,989,root-1/task9--ep44--succ0.pkl,9,44,1,0,520,241,520
2196,lstm,4,val,990,root-1/task9--ep45--succ0.pkl,9,45,1,0,520,241,520
2197,lstm,4,val,992,root-1/task9--ep47--succ1.pkl,9,47,0,1,267,241,267
2198,lstm,4,val,995,root-1/task9--ep5--succ0.pkl,9,5,1,0,520,241,520
2199,lstm,4,val,997,root-1/task9--ep7--succ0.pkl,9,7,1,0,520,241,520
2200,lstm,4,test,200,root-0/task4--ep0--succ0.pkl,4,0,1,0,520,209,520
2201,lstm,4,test,201,root-0/task4--ep1--succ0.pkl,4,1,1,0,520,209,520
2202,lstm,4,test,202,root-0/task4--ep10--succ0.pkl,4,10,1,0,520,209,520
2203,lstm,4,test,203,root-0/task4--ep11--succ0.pkl,4,11,1,0,520,209,520
2204,lstm,4,test,204,root-0/task4--ep12--succ0.pkl,4,12,1,0,520,209,520
2205,lstm,4,test,205,root-0/task4--ep13--succ1.pkl,4,13,0,1,231,209,231
2206,lstm,4,test,206,root-0/task4--ep14--succ1.pkl,4,14,0,1,250,209,250
2207,lstm,4,test,207,root-0/task4--ep15--succ0.pkl,4,15,1,0,520,209,520
2208,lstm,4,test,208,root-0/task4--ep16--succ0.pkl,4,16,1,0,520,209,520
2209,lstm,4,test,209,root-0/task4--ep17--succ0.pkl,4,17,1,0,520,209,520
2210,lstm,4,test,210,root-0/task4--ep18--succ0.pkl,4,18,1,0,520,209,520
2211,lstm,4,test,211,root-0/task4--ep19--succ0.pkl,4,19,1,0,520,209,520
2212,lstm,4,test,212,root-0/task4--ep2--succ1.pkl,4,2,0,1,255,209,255
2213,lstm,4,test,213,root-0/task4--ep20--succ0.pkl,4,20,1,0,520,209,520
2214,lstm,4,test,214,root-0/task4--ep21--succ0.pkl,4,21,1,0,520,209,520
2215,lstm,4,test,215,root-0/task4--ep22--succ1.pkl,4,22,0,1,231,209,231
2216,lstm,4,test,216,root-0/task4--ep23--succ0.pkl,4,23,1,0,520,209,520
2217,lstm,4,test,217,root-0/task4--ep24--succ1.pkl,4,24,0,1,294,209,294
2218,lstm,4,test,218,root-0/task4--ep25--succ0.pkl,4,25,1,0,520,209,520
2219,lstm,4,test,219,root-0/task4--ep26--succ0.pkl,4,26,1,0,520,209,520
2220,lstm,4,test,220,root-0/task4--ep27--succ0.pkl,4,27,1,0,520,209,520
2221,lstm,4,test,221,root-0/task4--ep28--succ1.pkl,4,28,0,1,233,209,233
2222,lstm,4,test,222,root-0/task4--ep29--succ1.pkl,4,29,0,1,251,209,251
2223,lstm,4,test,223,root-0/task4--ep3--succ1.pkl,4,3,0,1,235,209,235
2224,lstm,4,test,224,root-0/task4--ep30--succ0.pkl,4,30,1,0,520,209,520
2225,lstm,4,test,225,root-0/task4--ep31--succ1.pkl,4,31,0,1,241,209,241
2226,lstm,4,test,226,root-0/task4--ep32--succ1.pkl,4,32,0,1,219,209,219
2227,lstm,4,test,227,root-0/task4--ep33--succ1.pkl,4,33,0,1,241,209,241
2228,lstm,4,test,228,root-0/task4--ep34--succ1.pkl,4,34,0,1,246,209,246
2229,lstm,4,test,229,root-0/task4--ep35--succ0.pkl,4,35,1,0,520,209,520
2230,lstm,4,test,230,root-0/task4--ep36--succ1.pkl,4,36,0,1,226,209,226
2231,lstm,4,test,231,root-0/task4--ep37--succ0.pkl,4,37,1,0,520,209,520
2232,lstm,4,test,232,root-0/task4--ep38--succ1.pkl,4,38,0,1,507,209,507
2233,lstm,4,test,233,root-0/task4--ep39--succ1.pkl,4,39,0,1,219,209,219
2234,lstm,4,test,234,root-0/task4--ep4--succ0.pkl,4,4,1,0,520,209,520
2235,lstm,4,test,235,root-0/task4--ep40--succ0.pkl,4,40,1,0,520,209,520
2236,lstm,4,test,236,root-0/task4--ep41--succ1.pkl,4,41,0,1,280,209,280
2237,lstm,4,test,237,root-0/task4--ep42--succ0.pkl,4,42,1,0,520,209,520
2238,lstm,4,test,238,root-0/task4--ep43--succ1.pkl,4,43,0,1,413,209,413
2239,lstm,4,test,239,root-0/task4--ep44--succ1.pkl,4,44,0,1,238,209,238
2240,lstm,4,test,240,root-0/task4--ep45--succ0.pkl,4,45,1,0,520,209,520
2241,lstm,4,test,241,root-0/task4--ep46--succ0.pkl,4,46,1,0,520,209,520
2242,lstm,4,test,242,root-0/task4--ep47--succ0.pkl,4,47,1,0,520,209,520
2243,lstm,4,test,243,root-0/task4--ep48--succ1.pkl,4,48,0,1,246,209,246
2244,lstm,4,test,244,root-0/task4--ep49--succ1.pkl,4,49,0,1,249,209,249
2245,lstm,4,test,245,root-0/task4--ep5--succ1.pkl,4,5,0,1,268,209,268
2246,lstm,4,test,246,root-0/task4--ep6--succ0.pkl,4,6,1,0,520,209,520
2247,lstm,4,test,247,root-0/task4--ep7--succ0.pkl,4,7,1,0,520,209,520
2248,lstm,4,test,248,root-0/task4--ep8--succ0.pkl,4,8,1,0,520,209,520
2249,lstm,4,test,249,root-0/task4--ep9--succ1.pkl,4,9,0,1,220,209,220
2250,lstm,4,test,700,root-1/task4--ep0--succ0.pkl,4,0,1,0,520,209,520
2251,lstm,4,test,701,root-1/task4--ep1--succ0.pkl,4,1,1,0,520,209,520
2252,lstm,4,test,702,root-1/task4--ep10--succ1.pkl,4,10,0,1,245,209,245
2253,lstm,4,test,703,root-1/task4--ep11--succ0.pkl,4,11,1,0,520,209,520
2254,lstm,4,test,704,root-1/task4--ep12--succ1.pkl,4,12,0,1,263,209,263
2255,lstm,4,test,705,root-1/task4--ep13--succ0.pkl,4,13,1,0,520,209,520
2256,lstm,4,test,706,root-1/task4--ep14--succ1.pkl,4,14,0,1,247,209,247
2257,lstm,4,test,707,root-1/task4--ep15--succ0.pkl,4,15,1,0,520,209,520
2258,lstm,4,test,708,root-1/task4--ep16--succ0.pkl,4,16,1,0,520,209,520
2259,lstm,4,test,709,root-1/task4--ep17--succ1.pkl,4,17,0,1,273,209,273
2260,lstm,4,test,710,root-1/task4--ep18--succ1.pkl,4,18,0,1,231,209,231
2261,lstm,4,test,711,root-1/task4--ep19--succ0.pkl,4,19,1,0,520,209,520
2262,lstm,4,test,712,root-1/task4--ep2--succ0.pkl,4,2,1,0,520,209,520
2263,lstm,4,test,713,root-1/task4--ep20--succ1.pkl,4,20,0,1,209,209,209
2264,lstm,4,test,714,root-1/task4--ep21--succ0.pkl,4,21,1,0,520,209,520
2265,lstm,4,test,715,root-1/task4--ep22--succ0.pkl,4,22,1,0,520,209,520
2266,lstm,4,test,716,root-1/task4--ep23--succ0.pkl,4,23,1,0,520,209,520
2267,lstm,4,test,717,root-1/task4--ep24--succ0.pkl,4,24,1,0,520,209,520
2268,lstm,4,test,718,root-1/task4--ep25--succ0.pkl,4,25,1,0,520,209,520
2269,lstm,4,test,719,root-1/task4--ep26--succ0.pkl,4,26,1,0,520,209,520
2270,lstm,4,test,720,root-1/task4--ep27--succ1.pkl,4,27,0,1,231,209,231
2271,lstm,4,test,721,root-1/task4--ep28--succ0.pkl,4,28,1,0,520,209,520
2272,lstm,4,test,722,root-1/task4--ep29--succ0.pkl,4,29,1,0,520,209,520
2273,lstm,4,test,723,root-1/task4--ep3--succ1.pkl,4,3,0,1,243,209,243
2274,lstm,4,test,724,root-1/task4--ep30--succ1.pkl,4,30,0,1,245,209,245
2275,lstm,4,test,725,root-1/task4--ep31--succ0.pkl,4,31,1,0,520,209,520
2276,lstm,4,test,726,root-1/task4--ep32--succ1.pkl,4,32,0,1,511,209,511
2277,lstm,4,test,727,root-1/task4--ep33--succ0.pkl,4,33,1,0,520,209,520
2278,lstm,4,test,728,root-1/task4--ep34--succ0.pkl,4,34,1,0,520,209,520
2279,lstm,4,test,729,root-1/task4--ep35--succ0.pkl,4,35,1,0,520,209,520
2280,lstm,4,test,730,root-1/task4--ep36--succ1.pkl,4,36,0,1,259,209,259
2281,lstm,4,test,731,root-1/task4--ep37--succ0.pkl,4,37,1,0,520,209,520
2282,lstm,4,test,732,root-1/task4--ep38--succ1.pkl,4,38,0,1,217,209,217
2283,lstm,4,test,733,root-1/task4--ep39--succ0.pkl,4,39,1,0,520,209,520
2284,lstm,4,test,734,root-1/task4--ep4--succ0.pkl,4,4,1,0,520,209,520
2285,lstm,4,test,735,root-1/task4--ep40--succ0.pkl,4,40,1,0,520,209,520
2286,lstm,4,test,736,root-1/task4--ep41--succ0.pkl,4,41,1,0,520,209,520
2287,lstm,4,test,737,root-1/task4--ep42--succ0.pkl,4,42,1,0,520,209,520
2288,lstm,4,test,738,root-1/task4--ep43--succ0.pkl,4,43,1,0,520,209,520
2289,lstm,4,test,739,root-1/task4--ep44--succ1.pkl,4,44,0,1,233,209,233
2290,lstm,4,test,740,root-1/task4--ep45--succ0.pkl,4,45,1,0,520,209,520
2291,lstm,4,test,741,root-1/task4--ep46--succ0.pkl,4,46,1,0,520,209,520
2292,lstm,4,test,742,root-1/task4--ep47--succ0.pkl,4,47,1,0,520,209,520
2293,lstm,4,test,743,root-1/task4--ep48--succ1.pkl,4,48,0,1,252,209,252
2294,lstm,4,test,744,root-1/task4--ep49--succ1.pkl,4,49,0,1,227,209,227
2295,lstm,4,test,745,root-1/task4--ep5--succ1.pkl,4,5,0,1,341,209,341
2296,lstm,4,test,746,root-1/task4--ep6--succ0.pkl,4,6,1,0,520,209,520
2297,lstm,4,test,747,root-1/task4--ep7--succ0.pkl,4,7,1,0,520,209,520
2298,lstm,4,test,748,root-1/task4--ep8--succ0.pkl,4,8,1,0,520,209,520
2299,lstm,4,test,749,root-1/task4--ep9--succ0.pkl,4,9,1,0,520,209,520
2300,lstm,5,val,0,root-0/task0--ep0--succ1.pkl,0,0,0,1,372,230,372
2301,lstm,5,val,3,root-0/task0--ep11--succ1.pkl,0,11,0,1,255,230,255
2302,lstm,5,val,8,root-0/task0--ep16--succ0.pkl,0,16,1,0,520,230,520
2303,lstm,5,val,14,root-0/task0--ep21--succ1.pkl,0,21,0,1,365,230,365
2304,lstm,5,val,15,root-0/task0--ep22--succ0.pkl,0,22,1,0,520,230,520
2305,lstm,5,val,17,root-0/task0--ep24--succ0.pkl,0,24,1,0,520,230,520
2306,lstm,5,val,18,root-0/task0--ep25--succ0.pkl,0,25,1,0,520,230,520
2307,lstm,5,val,19,root-0/task0--ep26--succ0.pkl,0,26,1,0,520,230,520
2308,lstm,5,val,20,root-0/task0--ep27--succ1.pkl,0,27,0,1,297,230,297
2309,lstm,5,val,21,root-0/task0--ep28--succ0.pkl,0,28,1,0,520,230,520
2310,lstm,5,val,23,root-0/task0--ep3--succ1.pkl,0,3,0,1,432,230,432
2311,lstm,5,val,24,root-0/task0--ep30--succ0.pkl,0,30,1,0,520,230,520
2312,lstm,5,val,26,root-0/task0--ep32--succ1.pkl,0,32,0,1,321,230,321
2313,lstm,5,val,30,root-0/task0--ep36--succ0.pkl,0,36,1,0,520,230,520
2314,lstm,5,val,34,root-0/task0--ep4--succ0.pkl,0,4,1,0,520,230,520
2315,lstm,5,val,37,root-0/task0--ep42--succ0.pkl,0,42,1,0,520,230,520
2316,lstm,5,val,46,root-0/task0--ep6--succ1.pkl,0,6,0,1,359,230,359
2317,lstm,5,val,48,root-0/task0--ep8--succ0.pkl,0,8,1,0,520,230,520
2318,lstm,5,val,49,root-0/task0--ep9--succ1.pkl,0,9,0,1,291,230,291
2319,lstm,5,val,51,root-0/task1--ep1--succ1.pkl,1,1,0,1,253,218,253
2320,lstm,5,val,54,root-0/task1--ep12--succ1.pkl,1,12,0,1,238,218,238
2321,lstm,5,val,64,root-0/task1--ep21--succ0.pkl,1,21,1,0,520,218,520
2322,lstm,5,val,70,root-0/task1--ep27--succ0.pkl,1,27,1,0,520,218,520
2323,lstm,5,val,71,root-0/task1--ep28--succ1.pkl,1,28,0,1,270,218,270
2324,lstm,5,val,72,root-0/task1--ep29--succ1.pkl,1,29,0,1,236,218,236
2325,lstm,5,val,75,root-0/task1--ep31--succ1.pkl,1,31,0,1,232,218,232
2326,lstm,5,val,77,root-0/task1--ep33--succ1.pkl,1,33,0,1,224,218,224
2327,lstm,5,val,80,root-0/task1--ep36--succ0.pkl,1,36,1,0,520,218,520
2328,lstm,5,val,81,root-0/task1--ep37--succ1.pkl,1,37,0,1,286,218,286
2329,lstm,5,val,82,root-0/task1--ep38--succ1.pkl,1,38,0,1,249,218,249
2330,lstm,5,val,83,root-0/task1--ep39--succ1.pkl,1,39,0,1,316,218,316
2331,lstm,5,val,85,root-0/task1--ep40--succ1.pkl,1,40,0,1,225,218,225
2332,lstm,5,val,86,root-0/task1--ep41--succ1.pkl,1,41,0,1,396,218,396
2333,lstm,5,val,87,root-0/task1--ep42--succ1.pkl,1,42,0,1,243,218,243
2334,lstm,5,val,93,root-0/task1--ep48--succ0.pkl,1,48,1,0,520,218,520
2335,lstm,5,val,94,root-0/task1--ep49--succ1.pkl,1,49,0,1,265,218,265
2336,lstm,5,val,97,root-0/task1--ep7--succ1.pkl,1,7,0,1,225,218,225
2337,lstm,5,val,100,root-0/task2--ep0--succ1.pkl,2,0,0,1,258,211,258
2338,lstm,5,val,101,root-0/task2--ep1--succ1.pkl,2,1,0,1,285,211,285
2339,lstm,5,val,109,root-0/task2--ep17--succ1.pkl,2,17,0,1,242,211,242
2340,lstm,5,val,111,root-0/task2--ep19--succ1.pkl,2,19,0,1,227,211,227
2341,lstm,5,val,112,root-0/task2--ep2--succ0.pkl,2,2,1,0,520,211,520
2342,lstm,5,val,113,root-0/task2--ep20--succ0.pkl,2,20,1,0,520,211,520
2343,lstm,5,val,114,root-0/task2--ep21--succ1.pkl,2,21,0,1,320,211,320
2344,lstm,5,val,117,root-0/task2--ep24--succ0.pkl,2,24,1,0,520,211,520
2345,lstm,5,val,118,root-0/task2--ep25--succ1.pkl,2,25,0,1,251,211,251
2346,lstm,5,val,121,root-0/task2--ep28--succ1.pkl,2,28,0,1,304,211,304
2347,lstm,5,val,122,root-0/task2--ep29--succ0.pkl,2,29,1,0,520,211,520
2348,lstm,5,val,125,root-0/task2--ep31--succ0.pkl,2,31,1,0,520,211,520
2349,lstm,5,val,127,root-0/task2--ep33--succ0.pkl,2,33,1,0,520,211,520
2350,lstm,5,val,132,root-0/task2--ep38--succ1.pkl,2,38,0,1,295,211,295
2351,lstm,5,val,133,root-0/task2--ep39--succ0.pkl,2,39,1,0,520,211,520
2352,lstm,5,val,134,root-0/task2--ep4--succ1.pkl,2,4,0,1,225,211,225
2353,lstm,5,val,136,root-0/task2--ep41--succ0.pkl,2,41,1,0,520,211,520
2354,lstm,5,val,138,root-0/task2--ep43--succ1.pkl,2,43,0,1,342,211,342
2355,lstm,5,val,139,root-0/task2--ep44--succ0.pkl,2,44,1,0,520,211,520
2356,lstm,5,val,143,root-0/task2--ep48--succ0.pkl,2,48,1,0,520,211,520
2357,lstm,5,val,145,root-0/task2--ep5--succ0.pkl,2,5,1,0,520,211,520
2358,lstm,5,val,147,root-0/task2--ep7--succ0.pkl,2,7,1,0,520,211,520
2359,lstm,5,val,148,root-0/task2--ep8--succ1.pkl,2,8,0,1,316,211,316
2360,lstm,5,val,158,root-0/task3--ep16--succ0.pkl,3,16,1,0,520,187,520
2361,lstm,5,val,159,root-0/task3--ep17--succ1.pkl,3,17,0,1,218,187,218
2362,lstm,5,val,160,root-0/task3--ep18--succ0.pkl,3,18,1,0,520,187,520
2363,lstm,5,val,161,root-0/task3--ep19--succ0.pkl,3,19,1,0,520,187,520
2364,lstm,5,val,163,root-0/task3--ep20--succ1.pkl,3,20,0,1,245,187,245
2365,lstm,5,val,166,root-0/task3--ep23--succ1.pkl,3,23,0,1,296,187,296
2366,lstm,5,val,168,root-0/task3--ep25--succ1.pkl,3,25,0,1,424,187,424
2367,lstm,5,val,169,root-0/task3--ep26--succ0.pkl,3,26,1,0,520,187,520
2368,lstm,5,val,171,root-0/task3--ep28--succ0.pkl,3,28,1,0,520,187,520
2369,lstm,5,val,172,root-0/task3--ep29--succ0.pkl,3,29,1,0,520,187,520
2370,lstm,5,val,176,root-0/task3--ep32--succ1.pkl,3,32,0,1,217,187,217
2371,lstm,5,val,178,root-0/task3--ep34--succ0.pkl,3,34,1,0,520,187,520
2372,lstm,5,val,179,root-0/task3--ep35--succ1.pkl,3,35,0,1,246,187,246
2373,lstm,5,val,182,root-0/task3--ep38--succ1.pkl,3,38,0,1,394,187,394
2374,lstm,5,val,183,root-0/task3--ep39--succ1.pkl,3,39,0,1,196,187,196
2375,lstm,5,val,184,root-0/task3--ep4--succ1.pkl,3,4,0,1,453,187,453
2376,lstm,5,val,187,root-0/task3--ep42--succ0.pkl,3,42,1,0,520,187,520
2377,lstm,5,val,188,root-0/task3--ep43--succ0.pkl,3,43,1,0,520,187,520
2378,lstm,5,val,189,root-0/task3--ep44--succ0.pkl,3,44,1,0,520,187,520
2379,lstm,5,val,190,root-0/task3--ep45--succ1.pkl,3,45,0,1,457,187,457
2380,lstm,5,val,192,root-0/task3--ep47--succ0.pkl,3,47,1,0,520,187,520
2381,lstm,5,val,194,root-0/task3--ep49--succ1.pkl,3,49,0,1,214,187,214
2382,lstm,5,val,199,root-0/task3--ep9--succ1.pkl,3,9,0,1,197,187,197
2383,lstm,5,val,201,root-0/task4--ep1--succ0.pkl,4,1,1,0,520,209,520
2384,lstm,5,val,203,root-0/task4--ep11--succ0.pkl,4,11,1,0,520,209,520
2385,lstm,5,val,217,root-0/task4--ep24--succ1.pkl,4,24,0,1,294,209,294
2386,lstm,5,val,219,root-0/task4--ep26--succ0.pkl,4,26,1,0,520,209,520
2387,lstm,5,val,221,root-0/task4--ep28--succ1.pkl,4,28,0,1,233,209,233
2388,lstm,5,val,223,root-0/task4--ep3--succ1.pkl,4,3,0,1,235,209,235
2389,lstm,5,val,225,root-0/task4--ep31--succ1.pkl,4,31,0,1,241,209,241
2390,lstm,5,val,227,root-0/task4--ep33--succ1.pkl,4,33,0,1,241,209,241
2391,lstm,5,val,228,root-0/task4--ep34--succ1.pkl,4,34,0,1,246,209,246
2392,lstm,5,val,233,root-0/task4--ep39--succ1.pkl,4,39,0,1,219,209,219
2393,lstm,5,val,235,root-0/task4--ep40--succ0.pkl,4,40,1,0,520,209,520
2394,lstm,5,val,239,root-0/task4--ep44--succ1.pkl,4,44,0,1,238,209,238
2395,lstm,5,val,241,root-0/task4--ep46--succ0.pkl,4,46,1,0,520,209,520
2396,lstm,5,val,249,root-0/task4--ep9--succ1.pkl,4,9,0,1,220,209,220
2397,lstm,5,val,303,root-0/task6--ep11--succ0.pkl,6,11,1,0,520,190,520
2398,lstm,5,val,307,root-0/task6--ep15--succ1.pkl,6,15,0,1,249,190,249
2399,lstm,5,val,310,root-0/task6--ep18--succ0.pkl,6,18,1,0,520,190,520
2400,lstm,5,val,312,root-0/task6--ep2--succ1.pkl,6,2,0,1,210,190,210
2401,lstm,5,val,315,root-0/task6--ep22--succ1.pkl,6,22,0,1,237,190,237
2402,lstm,5,val,317,root-0/task6--ep24--succ1.pkl,6,24,0,1,245,190,245
2403,lstm,5,val,318,root-0/task6--ep25--succ1.pkl,6,25,0,1,240,190,240
2404,lstm,5,val,322,root-0/task6--ep29--succ1.pkl,6,29,0,1,236,190,236
2405,lstm,5,val,323,root-0/task6--ep3--succ1.pkl,6,3,0,1,193,190,193
2406,lstm,5,val,326,root-0/task6--ep32--succ0.pkl,6,32,1,0,520,190,520
2407,lstm,5,val,331,root-0/task6--ep37--succ1.pkl,6,37,0,1,251,190,251
2408,lstm,5,val,334,root-0/task6--ep4--succ1.pkl,6,4,0,1,218,190,218
2409,lstm,5,val,335,root-0/task6--ep40--succ0.pkl,6,40,1,0,520,190,520
2410,lstm,5,val,337,root-0/task6--ep42--succ0.pkl,6,42,1,0,520,190,520
2411,lstm,5,val,339,root-0/task6--ep44--succ1.pkl,6,44,0,1,304,190,304
2412,lstm,5,val,340,root-0/task6--ep45--succ0.pkl,6,45,1,0,520,190,520
2413,lstm,5,val,341,root-0/task6--ep46--succ1.pkl,6,46,0,1,230,190,230
2414,lstm,5,val,342,root-0/task6--ep47--succ0.pkl,6,47,1,0,520,190,520
2415,lstm,5,val,344,root-0/task6--ep49--succ1.pkl,6,49,0,1,263,190,263
2416,lstm,5,val,345,root-0/task6--ep5--succ1.pkl,6,5,0,1,260,190,260
2417,lstm,5,val,351,root-0/task7--ep1--succ0.pkl,7,1,1,0,520,210,520
2418,lstm,5,val,354,root-0/task7--ep12--succ0.pkl,7,12,1,0,520,210,520
2419,lstm,5,val,356,root-0/task7--ep14--succ1.pkl,7,14,0,1,270,210,270
2420,lstm,5,val,359,root-0/task7--ep17--succ0.pkl,7,17,1,0,520,210,520
2421,lstm,5,val,361,root-0/task7--ep19--succ1.pkl,7,19,0,1,252,210,252
2422,lstm,5,val,363,root-0/task7--ep20--succ1.pkl,7,20,0,1,259,210,259
2423,lstm,5,val,364,root-0/task7--ep21--succ0.pkl,7,21,1,0,520,210,520
2424,lstm,5,val,365,root-0/task7--ep22--succ0.pkl,7,22,1,0,520,210,520
2425,lstm,5,val,367,root-0/task7--ep24--succ1.pkl,7,24,0,1,231,210,231
2426,lstm,5,val,372,root-0/task7--ep29--succ0.pkl,7,29,1,0,520,210,520
2427,lstm,5,val,377,root-0/task7--ep33--succ0.pkl,7,33,1,0,520,210,520
2428,lstm,5,val,378,root-0/task7--ep34--succ0.pkl,7,34,1,0,520,210,520
2429,lstm,5,val,383,root-0/task7--ep39--succ1.pkl,7,39,0,1,236,210,236
2430,lstm,5,val,384,root-0/task7--ep4--succ0.pkl,7,4,1,0,520,210,520
2431,lstm,5,val,385,root-0/task7--ep40--succ1.pkl,7,40,0,1,341,210,341
2432,lstm,5,val,386,root-0/task7--ep41--succ1.pkl,7,41,0,1,273,210,273
2433,lstm,5,val,387,root-0/task7--ep42--succ1.pkl,7,42,0,1,267,210,267
2434,lstm,5,val,388,root-0/task7--ep43--succ0.pkl,7,43,1,0,520,210,520
2435,lstm,5,val,391,root-0/task7--ep46--succ0.pkl,7,46,1,0,520,210,520
2436,lstm,5,val,395,root-0/task7--ep5--succ0.pkl,7,5,1,0,520,210,520
2437,lstm,5,val,396,root-0/task7--ep6--succ1.pkl,7,6,0,1,290,210,290
2438,lstm,5,val,397,root-0/task7--ep7--succ1.pkl,7,7,0,1,232,210,232
2439,lstm,5,val,401,root-0/task8--ep1--succ1.pkl,8,1,0,1,448,315,448
2440,lstm,5,val,402,root-0/task8--ep10--succ0.pkl,8,10,1,0,520,315,520
2441,lstm,5,val,403,root-0/task8--ep11--succ1.pkl,8,11,0,1,486,315,486
2442,lstm,5,val,407,root-0/task8--ep15--succ1.pkl,8,15,0,1,347,315,347
2443,lstm,5,val,409,root-0/task8--ep17--succ1.pkl,8,17,0,1,509,315,509
2444,lstm,5,val,413,root-0/task8--ep20--succ0.pkl,8,20,1,0,520,315,520
2445,lstm,5,val,419,root-0/task8--ep26--succ1.pkl,8,26,0,1,427,315,427
2446,lstm,5,val,420,root-0/task8--ep27--succ0.pkl,8,27,1,0,520,315,520
2447,lstm,5,val,424,root-0/task8--ep30--succ1.pkl,8,30,0,1,417,315,417
2448,lstm,5,val,425,root-0/task8--ep31--succ0.pkl,8,31,1,0,520,315,520
2449,lstm,5,val,426,root-0/task8--ep32--succ0.pkl,8,32,1,0,520,315,520
2450,lstm,5,val,432,root-0/task8--ep38--succ0.pkl,8,38,1,0,520,315,520
2451,lstm,5,val,433,root-0/task8--ep39--succ0.pkl,8,39,1,0,520,315,520
2452,lstm,5,val,438,root-0/task8--ep43--succ0.pkl,8,43,1,0,520,315,520
2453,lstm,5,val,439,root-0/task8--ep44--succ1.pkl,8,44,0,1,315,315,315
2454,lstm,5,val,440,root-0/task8--ep45--succ0.pkl,8,45,1,0,520,315,520
2455,lstm,5,val,441,root-0/task8--ep46--succ0.pkl,8,46,1,0,520,315,520
2456,lstm,5,val,445,root-0/task8--ep5--succ0.pkl,8,5,1,0,520,315,520
2457,lstm,5,val,446,root-0/task8--ep6--succ0.pkl,8,6,1,0,520,315,520
2458,lstm,5,val,447,root-0/task8--ep7--succ0.pkl,8,7,1,0,520,315,520
2459,lstm,5,val,449,root-0/task8--ep9--succ1.pkl,8,9,0,1,504,315,504
2460,lstm,5,val,450,root-0/task9--ep0--succ0.pkl,9,0,1,0,520,241,520
2461,lstm,5,val,451,root-0/task9--ep1--succ0.pkl,9,1,1,0,520,241,520
2462,lstm,5,val,454,root-0/task9--ep12--succ0.pkl,9,12,1,0,520,241,520
2463,lstm,5,val,458,root-0/task9--ep16--succ0.pkl,9,16,1,0,520,241,520
2464,lstm,5,val,460,root-0/task9--ep18--succ1.pkl,9,18,0,1,372,241,372
2465,lstm,5,val,461,root-0/task9--ep19--succ1.pkl,9,19,0,1,427,241,427
2466,lstm,5,val,462,root-0/task9--ep2--succ1.pkl,9,2,0,1,300,241,300
2467,lstm,5,val,464,root-0/task9--ep21--succ1.pkl,9,21,0,1,300,241,300
2468,lstm,5,val,466,root-0/task9--ep23--succ0.pkl,9,23,1,0,520,241,520
2469,lstm,5,val,467,root-0/task9--ep24--succ0.pkl,9,24,1,0,520,241,520
2470,lstm,5,val,469,root-0/task9--ep26--succ0.pkl,9,26,1,0,520,241,520
2471,lstm,5,val,476,root-0/task9--ep32--succ0.pkl,9,32,1,0,520,241,520
2472,lstm,5,val,478,root-0/task9--ep34--succ0.pkl,9,34,1,0,520,241,520
2473,lstm,5,val,480,root-0/task9--ep36--succ0.pkl,9,36,1,0,520,241,520
2474,lstm,5,val,482,root-0/task9--ep38--succ0.pkl,9,38,1,0,520,241,520
2475,lstm,5,val,483,root-0/task9--ep39--succ0.pkl,9,39,1,0,520,241,520
2476,lstm,5,val,485,root-0/task9--ep40--succ0.pkl,9,40,1,0,520,241,520
2477,lstm,5,val,486,root-0/task9--ep41--succ1.pkl,9,41,0,1,316,241,316
2478,lstm,5,val,490,root-0/task9--ep45--succ0.pkl,9,45,1,0,520,241,520
2479,lstm,5,val,494,root-0/task9--ep49--succ1.pkl,9,49,0,1,344,241,344
2480,lstm,5,val,495,root-0/task9--ep5--succ1.pkl,9,5,0,1,312,241,312
2481,lstm,5,val,497,root-0/task9--ep7--succ0.pkl,9,7,1,0,520,241,520
2482,lstm,5,val,498,root-0/task9--ep8--succ1.pkl,9,8,0,1,307,241,307
2483,lstm,5,val,501,root-1/task0--ep1--succ1.pkl,0,1,0,1,294,230,294
2484,lstm,5,val,502,root-1/task0--ep10--succ1.pkl,0,10,0,1,290,230,290
2485,lstm,5,val,503,root-1/task0--ep11--succ1.pkl,0,11,0,1,332,230,332
2486,lstm,5,val,504,root-1/task0--ep12--succ0.pkl,0,12,1,0,520,230,520
2487,lstm,5,val,507,root-1/task0--ep15--succ1.pkl,0,15,0,1,269,230,269
2488,lstm,5,val,508,root-1/task0--ep16--succ0.pkl,0,16,1,0,520,230,520
2489,lstm,5,val,511,root-1/task0--ep19--succ1.pkl,0,19,0,1,270,230,270
2490,lstm,5,val,514,root-1/task0--ep21--succ1.pkl,0,21,0,1,280,230,280
2491,lstm,5,val,516,root-1/task0--ep23--succ1.pkl,0,23,0,1,340,230,340
2492,lstm,5,val,517,root-1/task0--ep24--succ0.pkl,0,24,1,0,520,230,520
2493,lstm,5,val,523,root-1/task0--ep3--succ1.pkl,0,3,0,1,252,230,252
2494,lstm,5,val,525,root-1/task0--ep31--succ1.pkl,0,31,0,1,295,230,295
2495,lstm,5,val,526,root-1/task0--ep32--succ0.pkl,0,32,1,0,520,230,520
2496,lstm,5,val,530,root-1/task0--ep36--succ0.pkl,0,36,1,0,520,230,520
2497,lstm,5,val,531,root-1/task0--ep37--succ1.pkl,0,37,0,1,333,230,333
2498,lstm,5,val,534,root-1/task0--ep4--succ0.pkl,0,4,1,0,520,230,520
2499,lstm,5,val,535,root-1/task0--ep40--succ1.pkl,0,40,0,1,279,230,279
2500,lstm,5,val,538,root-1/task0--ep43--succ0.pkl,0,43,1,0,520,230,520
2501,lstm,5,val,541,root-1/task0--ep46--succ1.pkl,0,46,0,1,315,230,315
2502,lstm,5,val,543,root-1/task0--ep48--succ1.pkl,0,48,0,1,300,230,300
2503,lstm,5,val,547,root-1/task0--ep7--succ1.pkl,0,7,0,1,242,230,242
2504,lstm,5,val,550,root-1/task1--ep0--succ1.pkl,1,0,0,1,249,218,249
2505,lstm,5,val,554,root-1/task1--ep12--succ1.pkl,1,12,0,1,262,218,262
2506,lstm,5,val,556,root-1/task1--ep14--succ0.pkl,1,14,1,0,520,218,520
2507,lstm,5,val,557,root-1/task1--ep15--succ1.pkl,1,15,0,1,257,218,257
2508,lstm,5,val,560,root-1/task1--ep18--succ1.pkl,1,18,0,1,242,218,242
2509,lstm,5,val,561,root-1/task1--ep19--succ1.pkl,1,19,0,1,248,218,248
2510,lstm,5,val,562,root-1/task1--ep2--succ1.pkl,1,2,0,1,235,218,235
2511,lstm,5,val,566,root-1/task1--ep23--succ0.pkl,1,23,1,0,520,218,520
2512,lstm,5,val,569,root-1/task1--ep26--succ1.pkl,1,26,0,1,225,218,225
2513,lstm,5,val,570,root-1/task1--ep27--succ0.pkl,1,27,1,0,520,218,520
2514,lstm,5,val,571,root-1/task1--ep28--succ1.pkl,1,28,0,1,228,218,228
2515,lstm,5,val,575,root-1/task1--ep31--succ1.pkl,1,31,0,1,280,218,280
2516,lstm,5,val,577,root-1/task1--ep33--succ0.pkl,1,33,1,0,520,218,520
2517,lstm,5,val,578,root-1/task1--ep34--succ0.pkl,1,34,1,0,520,218,520
2518,lstm,5,val,581,root-1/task1--ep37--succ1.pkl,1,37,0,1,236,218,236
2519,lstm,5,val,583,root-1/task1--ep39--succ0.pkl,1,39,1,0,520,218,520
2520,lstm,5,val,584,root-1/task1--ep4--succ1.pkl,1,4,0,1,305,218,305
2521,lstm,5,val,588,root-1/task1--ep43--succ0.pkl,1,43,1,0,520,218,520
2522,lstm,5,val,590,root-1/task1--ep45--succ1.pkl,1,45,0,1,302,218,302
2523,lstm,5,val,594,root-1/task1--ep49--succ1.pkl,1,49,0,1,267,218,267
2524,lstm,5,val,596,root-1/task1--ep6--succ0.pkl,1,6,1,0,520,218,520
2525,lstm,5,val,597,root-1/task1--ep7--succ1.pkl,1,7,0,1,283,218,283
2526,lstm,5,val,600,root-1/task2--ep0--succ0.pkl,2,0,1,0,520,211,520
2527,lstm,5,val,601,root-1/task2--ep1--succ1.pkl,2,1,0,1,298,211,298
2528,lstm,5,val,608,root-1/task2--ep16--succ1.pkl,2,16,0,1,265,211,265
2529,lstm,5,val,612,root-1/task2--ep2--succ1.pkl,2,2,0,1,253,211,253
2530,lstm,5,val,614,root-1/task2--ep21--succ1.pkl,2,21,0,1,260,211,260
2531,lstm,5,val,617,root-1/task2--ep24--succ0.pkl,2,24,1,0,520,211,520
2532,lstm,5,val,623,root-1/task2--ep3--succ0.pkl,2,3,1,0,520,211,520
2533,lstm,5,val,625,root-1/task2--ep31--succ1.pkl,2,31,0,1,277,211,277
2534,lstm,5,val,627,root-1/task2--ep33--succ0.pkl,2,33,1,0,520,211,520
2535,lstm,5,val,629,root-1/task2--ep35--succ1.pkl,2,35,0,1,377,211,377
2536,lstm,5,val,633,root-1/task2--ep39--succ1.pkl,2,39,0,1,439,211,439
2537,lstm,5,val,634,root-1/task2--ep4--succ1.pkl,2,4,0,1,224,211,224
2538,lstm,5,val,636,root-1/task2--ep41--succ0.pkl,2,41,1,0,520,211,520
2539,lstm,5,val,637,root-1/task2--ep42--succ0.pkl,2,42,1,0,520,211,520
2540,lstm,5,val,638,root-1/task2--ep43--succ0.pkl,2,43,1,0,520,211,520
2541,lstm,5,val,646,root-1/task2--ep6--succ0.pkl,2,6,1,0,520,211,520
2542,lstm,5,val,649,root-1/task2--ep9--succ0.pkl,2,9,1,0,520,211,520
2543,lstm,5,val,650,root-1/task3--ep0--succ1.pkl,3,0,0,1,298,187,298
2544,lstm,5,val,652,root-1/task3--ep10--succ0.pkl,3,10,1,0,520,187,520
2545,lstm,5,val,655,root-1/task3--ep13--succ0.pkl,3,13,1,0,520,187,520
2546,lstm,5,val,667,root-1/task3--ep24--succ0.pkl,3,24,1,0,520,187,520
2547,lstm,5,val,668,root-1/task3--ep25--succ0.pkl,3,25,1,0,520,187,520
2548,lstm,5,val,675,root-1/task3--ep31--succ1.pkl,3,31,0,1,222,187,222
2549,lstm,5,val,676,root-1/task3--ep32--succ1.pkl,3,32,0,1,233,187,233
2550,lstm,5,val,677,root-1/task3--ep33--succ0.pkl,3,33,1,0,520,187,520
2551,lstm,5,val,678,root-1/task3--ep34--succ0.pkl,3,34,1,0,520,187,520
2552,lstm,5,val,679,root-1/task3--ep35--succ0.pkl,3,35,1,0,520,187,520
2553,lstm,5,val,681,root-1/task3--ep37--succ1.pkl,3,37,0,1,260,187,260
2554,lstm,5,val,684,root-1/task3--ep4--succ1.pkl,3,4,0,1,340,187,340
2555,lstm,5,val,686,root-1/task3--ep41--succ1.pkl,3,41,0,1,187,187,187
2556,lstm,5,val,689,root-1/task3--ep44--succ1.pkl,3,44,0,1,211,187,211
2557,lstm,5,val,692,root-1/task3--ep47--succ0.pkl,3,47,1,0,520,187,520
2558,lstm,5,val,695,root-1/task3--ep5--succ0.pkl,3,5,1,0,520,187,520
2559,lstm,5,val,698,root-1/task3--ep8--succ0.pkl,3,8,1,0,520,187,520
2560,lstm,5,val,700,root-1/task4--ep0--succ0.pkl,4,0,1,0,520,209,520
2561,lstm,5,val,701,root-1/task4--ep1--succ0.pkl,4,1,1,0,520,209,520
2562,lstm,5,val,704,root-1/task4--ep12--succ1.pkl,4,12,0,1,263,209,263
2563,lstm,5,val,705,root-1/task4--ep13--succ0.pkl,4,13,1,0,520,209,520
2564,lstm,5,val,706,root-1/task4--ep14--succ1.pkl,4,14,0,1,247,209,247
2565,lstm,5,val,708,root-1/task4--ep16--succ0.pkl,4,16,1,0,520,209,520
2566,lstm,5,val,709,root-1/task4--ep17--succ1.pkl,4,17,0,1,273,209,273
2567,lstm,5,val,713,root-1/task4--ep20--succ1.pkl,4,20,0,1,209,209,209
2568,lstm,5,val,716,root-1/task4--ep23--succ0.pkl,4,23,1,0,520,209,520
2569,lstm,5,val,720,root-1/task4--ep27--succ1.pkl,4,27,0,1,231,209,231
2570,lstm,5,val,721,root-1/task4--ep28--succ0.pkl,4,28,1,0,520,209,520
2571,lstm,5,val,723,root-1/task4--ep3--succ1.pkl,4,3,0,1,243,209,243
2572,lstm,5,val,726,root-1/task4--ep32--succ1.pkl,4,32,0,1,511,209,511
2573,lstm,5,val,728,root-1/task4--ep34--succ0.pkl,4,34,1,0,520,209,520
2574,lstm,5,val,731,root-1/task4--ep37--succ0.pkl,4,37,1,0,520,209,520
2575,lstm,5,val,732,root-1/task4--ep38--succ1.pkl,4,38,0,1,217,209,217
2576,lstm,5,val,733,root-1/task4--ep39--succ0.pkl,4,39,1,0,520,209,520
2577,lstm,5,val,735,root-1/task4--ep40--succ0.pkl,4,40,1,0,520,209,520
2578,lstm,5,val,736,root-1/task4--ep41--succ0.pkl,4,41,1,0,520,209,520
2579,lstm,5,val,737,root-1/task4--ep42--succ0.pkl,4,42,1,0,520,209,520
2580,lstm,5,val,738,root-1/task4--ep43--succ0.pkl,4,43,1,0,520,209,520
2581,lstm,5,val,739,root-1/task4--ep44--succ1.pkl,4,44,0,1,233,209,233
2582,lstm,5,val,740,root-1/task4--ep45--succ0.pkl,4,45,1,0,520,209,520
2583,lstm,5,val,742,root-1/task4--ep47--succ0.pkl,4,47,1,0,520,209,520
2584,lstm,5,val,745,root-1/task4--ep5--succ1.pkl,4,5,0,1,341,209,341
2585,lstm,5,val,747,root-1/task4--ep7--succ0.pkl,4,7,1,0,520,209,520
2586,lstm,5,val,800,root-1/task6--ep0--succ1.pkl,6,0,0,1,289,190,289
2587,lstm,5,val,808,root-1/task6--ep16--succ1.pkl,6,16,0,1,264,190,264
2588,lstm,5,val,810,root-1/task6--ep18--succ0.pkl,6,18,1,0,520,190,520
2589,lstm,5,val,815,root-1/task6--ep22--succ1.pkl,6,22,0,1,244,190,244
2590,lstm,5,val,817,root-1/task6--ep24--succ1.pkl,6,24,0,1,331,190,331
2591,lstm,5,val,819,root-1/task6--ep26--succ0.pkl,6,26,1,0,520,190,520
2592,lstm,5,val,825,root-1/task6--ep31--succ1.pkl,6,31,0,1,291,190,291
2593,lstm,5,val,828,root-1/task6--ep34--succ0.pkl,6,34,1,0,520,190,520
2594,lstm,5,val,831,root-1/task6--ep37--succ1.pkl,6,37,0,1,191,190,191
2595,lstm,5,val,832,root-1/task6--ep38--succ0.pkl,6,38,1,0,520,190,520
2596,lstm,5,val,834,root-1/task6--ep4--succ1.pkl,6,4,0,1,513,190,513
2597,lstm,5,val,836,root-1/task6--ep41--succ1.pkl,6,41,0,1,241,190,241
2598,lstm,5,val,837,root-1/task6--ep42--succ1.pkl,6,42,0,1,302,190,302
2599,lstm,5,val,839,root-1/task6--ep44--succ1.pkl,6,44,0,1,233,190,233
2600,lstm,5,val,841,root-1/task6--ep46--succ0.pkl,6,46,1,0,520,190,520
2601,lstm,5,val,842,root-1/task6--ep47--succ0.pkl,6,47,1,0,520,190,520
2602,lstm,5,val,843,root-1/task6--ep48--succ1.pkl,6,48,0,1,233,190,233
2603,lstm,5,val,844,root-1/task6--ep49--succ1.pkl,6,49,0,1,474,190,474
2604,lstm,5,val,846,root-1/task6--ep6--succ0.pkl,6,6,1,0,520,190,520
2605,lstm,5,val,847,root-1/task6--ep7--succ1.pkl,6,7,0,1,234,190,234
2606,lstm,5,val,850,root-1/task7--ep0--succ1.pkl,7,0,0,1,246,210,246
2607,lstm,5,val,857,root-1/task7--ep15--succ1.pkl,7,15,0,1,290,210,290
2608,lstm,5,val,862,root-1/task7--ep2--succ0.pkl,7,2,1,0,520,210,520
2609,lstm,5,val,864,root-1/task7--ep21--succ1.pkl,7,21,0,1,247,210,247
2610,lstm,5,val,866,root-1/task7--ep23--succ0.pkl,7,23,1,0,520,210,520
2611,lstm,5,val,867,root-1/task7--ep24--succ0.pkl,7,24,1,0,520,210,520
2612,lstm,5,val,869,root-1/task7--ep26--succ0.pkl,7,26,1,0,520,210,520
2613,lstm,5,val,870,root-1/task7--ep27--succ1.pkl,7,27,0,1,249,210,249
2614,lstm,5,val,871,root-1/task7--ep28--succ1.pkl,7,28,0,1,316,210,316
2615,lstm,5,val,879,root-1/task7--ep35--succ1.pkl,7,35,0,1,297,210,297
2616,lstm,5,val,881,root-1/task7--ep37--succ1.pkl,7,37,0,1,230,210,230
2617,lstm,5,val,882,root-1/task7--ep38--succ1.pkl,7,38,0,1,331,210,331
2618,lstm,5,val,888,root-1/task7--ep43--succ0.pkl,7,43,1,0,520,210,520
2619,lstm,5,val,891,root-1/task7--ep46--succ1.pkl,7,46,0,1,257,210,257
2620,lstm,5,val,895,root-1/task7--ep5--succ0.pkl,7,5,1,0,520,210,520
2621,lstm,5,val,896,root-1/task7--ep6--succ1.pkl,7,6,0,1,369,210,369
2622,lstm,5,val,898,root-1/task7--ep8--succ0.pkl,7,8,1,0,520,210,520
2623,lstm,5,val,899,root-1/task7--ep9--succ1.pkl,7,9,0,1,252,210,252
2624,lstm,5,val,901,root-1/task8--ep1--succ1.pkl,8,1,0,1,391,315,391
2625,lstm,5,val,904,root-1/task8--ep12--succ0.pkl,8,12,1,0,520,315,520
2626,lstm,5,val,905,root-1/task8--ep13--succ0.pkl,8,13,1,0,520,315,520
2627,lstm,5,val,906,root-1/task8--ep14--succ0.pkl,8,14,1,0,520,315,520
2628,lstm,5,val,907,root-1/task8--ep15--succ0.pkl,8,15,1,0,520,315,520
2629,lstm,5,val,910,root-1/task8--ep18--succ0.pkl,8,18,1,0,520,315,520
2630,lstm,5,val,914,root-1/task8--ep21--succ0.pkl,8,21,1,0,520,315,520
2631,lstm,5,val,920,root-1/task8--ep27--succ0.pkl,8,27,1,0,520,315,520
2632,lstm,5,val,921,root-1/task8--ep28--succ0.pkl,8,28,1,0,520,315,520
2633,lstm,5,val,923,root-1/task8--ep3--succ0.pkl,8,3,1,0,520,315,520
2634,lstm,5,val,927,root-1/task8--ep33--succ0.pkl,8,33,1,0,520,315,520
2635,lstm,5,val,932,root-1/task8--ep38--succ0.pkl,8,38,1,0,520,315,520
2636,lstm,5,val,934,root-1/task8--ep4--succ0.pkl,8,4,1,0,520,315,520
2637,lstm,5,val,940,root-1/task8--ep45--succ1.pkl,8,45,0,1,490,315,490
2638,lstm,5,val,943,root-1/task8--ep48--succ0.pkl,8,48,1,0,520,315,520
2639,lstm,5,val,945,root-1/task8--ep5--succ0.pkl,8,5,1,0,520,315,520
2640,lstm,5,val,946,root-1/task8--ep6--succ1.pkl,8,6,0,1,440,315,440
2641,lstm,5,val,947,root-1/task8--ep7--succ0.pkl,8,7,1,0,520,315,520
2642,lstm,5,val,948,root-1/task8--ep8--succ0.pkl,8,8,1,0,520,315,520
2643,lstm,5,val,954,root-1/task9--ep12--succ0.pkl,9,12,1,0,520,241,520
2644,lstm,5,val,956,root-1/task9--ep14--succ0.pkl,9,14,1,0,520,241,520
2645,lstm,5,val,958,root-1/task9--ep16--succ0.pkl,9,16,1,0,520,241,520
2646,lstm,5,val,959,root-1/task9--ep17--succ1.pkl,9,17,0,1,349,241,349
2647,lstm,5,val,965,root-1/task9--ep22--succ1.pkl,9,22,0,1,312,241,312
2648,lstm,5,val,977,root-1/task9--ep33--succ1.pkl,9,33,0,1,247,241,247
2649,lstm,5,val,978,root-1/task9--ep34--succ0.pkl,9,34,1,0,520,241,520
2650,lstm,5,val,980,root-1/task9--ep36--succ1.pkl,9,36,0,1,359,241,359
2651,lstm,5,val,981,root-1/task9--ep37--succ1.pkl,9,37,0,1,413,241,413
2652,lstm,5,val,983,root-1/task9--ep39--succ0.pkl,9,39,1,0,520,241,520
2653,lstm,5,val,984,root-1/task9--ep4--succ0.pkl,9,4,1,0,520,241,520
2654,lstm,5,val,985,root-1/task9--ep40--succ1.pkl,9,40,0,1,389,241,389
2655,lstm,5,val,987,root-1/task9--ep42--succ0.pkl,9,42,1,0,520,241,520
2656,lstm,5,val,988,root-1/task9--ep43--succ0.pkl,9,43,1,0,520,241,520
2657,lstm,5,val,990,root-1/task9--ep45--succ0.pkl,9,45,1,0,520,241,520
2658,lstm,5,val,991,root-1/task9--ep46--succ0.pkl,9,46,1,0,520,241,520
2659,lstm,5,val,994,root-1/task9--ep49--succ0.pkl,9,49,1,0,520,241,520
2660,lstm,5,test,250,root-0/task5--ep0--succ1.pkl,5,0,0,1,161,148,161
2661,lstm,5,test,251,root-0/task5--ep1--succ1.pkl,5,1,0,1,305,148,305
2662,lstm,5,test,252,root-0/task5--ep10--succ1.pkl,5,10,0,1,274,148,274
2663,lstm,5,test,253,root-0/task5--ep11--succ1.pkl,5,11,0,1,160,148,160
2664,lstm,5,test,254,root-0/task5--ep12--succ1.pkl,5,12,0,1,201,148,201
2665,lstm,5,test,255,root-0/task5--ep13--succ1.pkl,5,13,0,1,170,148,170
2666,lstm,5,test,256,root-0/task5--ep14--succ1.pkl,5,14,0,1,223,148,223
2667,lstm,5,test,257,root-0/task5--ep15--succ1.pkl,5,15,0,1,154,148,154
2668,lstm,5,test,258,root-0/task5--ep16--succ1.pkl,5,16,0,1,327,148,327
2669,lstm,5,test,259,root-0/task5--ep17--succ1.pkl,5,17,0,1,181,148,181
2670,lstm,5,test,260,root-0/task5--ep18--succ1.pkl,5,18,0,1,175,148,175
2671,lstm,5,test,261,root-0/task5--ep19--succ1.pkl,5,19,0,1,200,148,200
2672,lstm,5,test,262,root-0/task5--ep2--succ1.pkl,5,2,0,1,179,148,179
2673,lstm,5,test,263,root-0/task5--ep20--succ0.pkl,5,20,1,0,520,148,520
2674,lstm,5,test,264,root-0/task5--ep21--succ1.pkl,5,21,0,1,184,148,184
2675,lstm,5,test,265,root-0/task5--ep22--succ0.pkl,5,22,1,0,520,148,520
2676,lstm,5,test,266,root-0/task5--ep23--succ1.pkl,5,23,0,1,174,148,174
2677,lstm,5,test,267,root-0/task5--ep24--succ1.pkl,5,24,0,1,172,148,172
2678,lstm,5,test,268,root-0/task5--ep25--succ1.pkl,5,25,0,1,207,148,207
2679,lstm,5,test,269,root-0/task5--ep26--succ1.pkl,5,26,0,1,187,148,187
2680,lstm,5,test,270,root-0/task5--ep27--succ1.pkl,5,27,0,1,261,148,261
2681,lstm,5,test,271,root-0/task5--ep28--succ0.pkl,5,28,1,0,520,148,520
2682,lstm,5,test,272,root-0/task5--ep29--succ1.pkl,5,29,0,1,148,148,148
2683,lstm,5,test,273,root-0/task5--ep3--succ1.pkl,5,3,0,1,233,148,233
2684,lstm,5,test,274,root-0/task5--ep30--succ1.pkl,5,30,0,1,186,148,186
2685,lstm,5,test,275,root-0/task5--ep31--succ0.pkl,5,31,1,0,520,148,520
2686,lstm,5,test,276,root-0/task5--ep32--succ1.pkl,5,32,0,1,183,148,183
2687,lstm,5,test,277,root-0/task5--ep33--succ0.pkl,5,33,1,0,520,148,520
2688,lstm,5,test,278,root-0/task5--ep34--succ1.pkl,5,34,0,1,198,148,198
2689,lstm,5,test,279,root-0/task5--ep35--succ1.pkl,5,35,0,1,179,148,179
2690,lstm,5,test,280,root-0/task5--ep36--succ1.pkl,5,36,0,1,231,148,231
2691,lstm,5,test,281,root-0/task5--ep37--succ1.pkl,5,37,0,1,178,148,178
2692,lstm,5,test,282,root-0/task5--ep38--succ0.pkl,5,38,1,0,520,148,520
2693,lstm,5,test,283,root-0/task5--ep39--succ1.pkl,5,39,0,1,184,148,184
2694,lstm,5,test,284,root-0/task5--ep4--succ1.pkl,5,4,0,1,194,148,194
2695,lstm,5,test,285,root-0/task5--ep40--succ0.pkl,5,40,1,0,520,148,520
2696,lstm,5,test,286,root-0/task5--ep41--succ1.pkl,5,41,0,1,200,148,200
2697,lstm,5,test,287,root-0/task5--ep42--succ1.pkl,5,42,0,1,231,148,231
2698,lstm,5,test,288,root-0/task5--ep43--succ1.pkl,5,43,0,1,176,148,176
2699,lstm,5,test,289,root-0/task5--ep44--succ1.pkl,5,44,0,1,210,148,210
2700,lstm,5,test,290,root-0/task5--ep45--succ1.pkl,5,45,0,1,195,148,195
2701,lstm,5,test,291,root-0/task5--ep46--succ1.pkl,5,46,0,1,157,148,157
2702,lstm,5,test,292,root-0/task5--ep47--succ1.pkl,5,47,0,1,430,148,430
2703,lstm,5,test,293,root-0/task5--ep48--succ1.pkl,5,48,0,1,212,148,212
2704,lstm,5,test,294,root-0/task5--ep49--succ1.pkl,5,49,0,1,200,148,200
2705,lstm,5,test,295,root-0/task5--ep5--succ0.pkl,5,5,1,0,520,148,520
2706,lstm,5,test,296,root-0/task5--ep6--succ1.pkl,5,6,0,1,197,148,197
2707,lstm,5,test,297,root-0/task5--ep7--succ1.pkl,5,7,0,1,197,148,197
2708,lstm,5,test,298,root-0/task5--ep8--succ1.pkl,5,8,0,1,154,148,154
2709,lstm,5,test,299,root-0/task5--ep9--succ1.pkl,5,9,0,1,334,148,334
2710,lstm,5,test,750,root-1/task5--ep0--succ1.pkl,5,0,0,1,201,148,201
2711,lstm,5,test,751,root-1/task5--ep1--succ1.pkl,5,1,0,1,178,148,178
2712,lstm,5,test,752,root-1/task5--ep10--succ1.pkl,5,10,0,1,242,148,242
2713,lstm,5,test,753,root-1/task5--ep11--succ1.pkl,5,11,0,1,282,148,282
2714,lstm,5,test,754,root-1/task5--ep12--succ1.pkl,5,12,0,1,159,148,159
2715,lstm,5,test,755,root-1/task5--ep13--succ1.pkl,5,13,0,1,165,148,165
2716,lstm,5,test,756,root-1/task5--ep14--succ1.pkl,5,14,0,1,235,148,235
2717,lstm,5,test,757,root-1/task5--ep15--succ1.pkl,5,15,0,1,202,148,202
2718,lstm,5,test,758,root-1/task5--ep16--succ1.pkl,5,16,0,1,170,148,170
2719,lstm,5,test,759,root-1/task5--ep17--succ1.pkl,5,17,0,1,188,148,188
2720,lstm,5,test,760,root-1/task5--ep18--succ1.pkl,5,18,0,1,215,148,215
2721,lstm,5,test,761,root-1/task5--ep19--succ0.pkl,5,19,1,0,520,148,520
2722,lstm,5,test,762,root-1/task5--ep2--succ1.pkl,5,2,0,1,210,148,210
2723,lstm,5,test,763,root-1/task5--ep20--succ0.pkl,5,20,1,0,520,148,520
2724,lstm,5,test,764,root-1/task5--ep21--succ1.pkl,5,21,0,1,177,148,177
2725,lstm,5,test,765,root-1/task5--ep22--succ1.pkl,5,22,0,1,178,148,178
2726,lstm,5,test,766,root-1/task5--ep23--succ1.pkl,5,23,0,1,197,148,197
2727,lstm,5,test,767,root-1/task5--ep24--succ1.pkl,5,24,0,1,174,148,174
2728,lstm,5,test,768,root-1/task5--ep25--succ1.pkl,5,25,0,1,195,148,195
2729,lstm,5,test,769,root-1/task5--ep26--succ0.pkl,5,26,1,0,520,148,520
2730,lstm,5,test,770,root-1/task5--ep27--succ1.pkl,5,27,0,1,201,148,201
2731,lstm,5,test,771,root-1/task5--ep28--succ1.pkl,5,28,0,1,222,148,222
2732,lstm,5,test,772,root-1/task5--ep29--succ1.pkl,5,29,0,1,148,148,148
2733,lstm,5,test,773,root-1/task5--ep3--succ1.pkl,5,3,0,1,173,148,173
2734,lstm,5,test,774,root-1/task5--ep30--succ0.pkl,5,30,1,0,520,148,520
2735,lstm,5,test,775,root-1/task5--ep31--succ1.pkl,5,31,0,1,207,148,207
2736,lstm,5,test,776,root-1/task5--ep32--succ1.pkl,5,32,0,1,189,148,189
2737,lstm,5,test,777,root-1/task5--ep33--succ0.pkl,5,33,1,0,520,148,520
2738,lstm,5,test,778,root-1/task5--ep34--succ1.pkl,5,34,0,1,174,148,174
2739,lstm,5,test,779,root-1/task5--ep35--succ1.pkl,5,35,0,1,211,148,211
2740,lstm,5,test,780,root-1/task5--ep36--succ0.pkl,5,36,1,0,520,148,520
2741,lstm,5,test,781,root-1/task5--ep37--succ1.pkl,5,37,0,1,174,148,174
2742,lstm,5,test,782,root-1/task5--ep38--succ1.pkl,5,38,0,1,181,148,181
2743,lstm,5,test,783,root-1/task5--ep39--succ1.pkl,5,39,0,1,169,148,169
2744,lstm,5,test,784,root-1/task5--ep4--succ1.pkl,5,4,0,1,266,148,266
2745,lstm,5,test,785,root-1/task5--ep40--succ1.pkl,5,40,0,1,196,148,196
2746,lstm,5,test,786,root-1/task5--ep41--succ0.pkl,5,41,1,0,520,148,520
2747,lstm,5,test,787,root-1/task5--ep42--succ1.pkl,5,42,0,1,194,148,194
2748,lstm,5,test,788,root-1/task5--ep43--succ1.pkl,5,43,0,1,211,148,211
2749,lstm,5,test,789,root-1/task5--ep44--succ1.pkl,5,44,0,1,183,148,183
2750,lstm,5,test,790,root-1/task5--ep45--succ1.pkl,5,45,0,1,172,148,172
2751,lstm,5,test,791,root-1/task5--ep46--succ0.pkl,5,46,1,0,520,148,520
2752,lstm,5,test,792,root-1/task5--ep47--succ0.pkl,5,47,1,0,520,148,520
2753,lstm,5,test,793,root-1/task5--ep48--succ1.pkl,5,48,0,1,190,148,190
2754,lstm,5,test,794,root-1/task5--ep49--succ1.pkl,5,49,0,1,211,148,211
2755,lstm,5,test,795,root-1/task5--ep5--succ1.pkl,5,5,0,1,183,148,183
2756,lstm,5,test,796,root-1/task5--ep6--succ1.pkl,5,6,0,1,199,148,199
2757,lstm,5,test,797,root-1/task5--ep7--succ1.pkl,5,7,0,1,205,148,205
2758,lstm,5,test,798,root-1/task5--ep8--succ1.pkl,5,8,0,1,153,148,153
2759,lstm,5,test,799,root-1/task5--ep9--succ1.pkl,5,9,0,1,396,148,396
2760,lstm,6,val,8,root-0/task0--ep16--succ0.pkl,0,16,1,0,520,230,520
2761,lstm,6,val,9,root-0/task0--ep17--succ1.pkl,0,17,0,1,321,230,321
2762,lstm,6,val,10,root-0/task0--ep18--succ1.pkl,0,18,0,1,303,230,303
2763,lstm,6,val,11,root-0/task0--ep19--succ1.pkl,0,19,0,1,304,230,304
2764,lstm,6,val,13,root-0/task0--ep20--succ0.pkl,0,20,1,0,520,230,520
2765,lstm,6,val,16,root-0/task0--ep23--succ1.pkl,0,23,0,1,414,230,414
2766,lstm,6,val,18,root-0/task0--ep25--succ0.pkl,0,25,1,0,520,230,520
2767,lstm,6,val,19,root-0/task0--ep26--succ0.pkl,0,26,1,0,520,230,520
2768,lstm,6,val,21,root-0/task0--ep28--succ0.pkl,0,28,1,0,520,230,520
2769,lstm,6,val,22,root-0/task0--ep29--succ1.pkl,0,29,0,1,257,230,257
2770,lstm,6,val,26,root-0/task0--ep32--succ1.pkl,0,32,0,1,321,230,321
2771,lstm,6,val,28,root-0/task0--ep34--succ1.pkl,0,34,0,1,252,230,252
2772,lstm,6,val,29,root-0/task0--ep35--succ1.pkl,0,35,0,1,278,230,278
2773,lstm,6,val,32,root-0/task0--ep38--succ0.pkl,0,38,1,0,520,230,520
2774,lstm,6,val,33,root-0/task0--ep39--succ1.pkl,0,39,0,1,360,230,360
2775,lstm,6,val,34,root-0/task0--ep4--succ0.pkl,0,4,1,0,520,230,520
2776,lstm,6,val,37,root-0/task0--ep42--succ0.pkl,0,42,1,0,520,230,520
2777,lstm,6,val,38,root-0/task0--ep43--succ1.pkl,0,43,0,1,357,230,357
2778,lstm,6,val,39,root-0/task0--ep44--succ1.pkl,0,44,0,1,481,230,481
2779,lstm,6,val,40,root-0/task0--ep45--succ1.pkl,0,45,0,1,375,230,375
2780,lstm,6,val,42,root-0/task0--ep47--succ1.pkl,0,47,0,1,283,230,283
2781,lstm,6,val,44,root-0/task0--ep49--succ1.pkl,0,49,0,1,321,230,321
2782,lstm,6,val,49,root-0/task0--ep9--succ1.pkl,0,9,0,1,291,230,291
2783,lstm,6,val,51,root-0/task1--ep1--succ1.pkl,1,1,0,1,253,218,253
2784,lstm,6,val,54,root-0/task1--ep12--succ1.pkl,1,12,0,1,238,218,238
2785,lstm,6,val,64,root-0/task1--ep21--succ0.pkl,1,21,1,0,520,218,520
2786,lstm,6,val,70,root-0/task1--ep27--succ0.pkl,1,27,1,0,520,218,520
2787,lstm,6,val,71,root-0/task1--ep28--succ1.pkl,1,28,0,1,270,218,270
2788,lstm,6,val,72,root-0/task1--ep29--succ1.pkl,1,29,0,1,236,218,236
2789,lstm,6,val,75,root-0/task1--ep31--succ1.pkl,1,31,0,1,232,218,232
2790,lstm,6,val,77,root-0/task1--ep33--succ1.pkl,1,33,0,1,224,218,224
2791,lstm,6,val,80,root-0/task1--ep36--succ0.pkl,1,36,1,0,520,218,520
2792,lstm,6,val,81,root-0/task1--ep37--succ1.pkl,1,37,0,1,286,218,286
2793,lstm,6,val,82,root-0/task1--ep38--succ1.pkl,1,38,0,1,249,218,249
2794,lstm,6,val,83,root-0/task1--ep39--succ1.pkl,1,39,0,1,316,218,316
2795,lstm,6,val,85,root-0/task1--ep40--succ1.pkl,1,40,0,1,225,218,225
2796,lstm,6,val,86,root-0/task1--ep41--succ1.pkl,1,41,0,1,396,218,396
2797,lstm,6,val,87,root-0/task1--ep42--succ1.pkl,1,42,0,1,243,218,243
2798,lstm,6,val,93,root-0/task1--ep48--succ0.pkl,1,48,1,0,520,218,520
2799,lstm,6,val,94,root-0/task1--ep49--succ1.pkl,1,49,0,1,265,218,265
2800,lstm,6,val,97,root-0/task1--ep7--succ1.pkl,1,7,0,1,225,218,225
2801,lstm,6,val,100,root-0/task2--ep0--succ1.pkl,2,0,0,1,258,211,258
2802,lstm,6,val,101,root-0/task2--ep1--succ1.pkl,2,1,0,1,285,211,285
2803,lstm,6,val,109,root-0/task2--ep17--succ1.pkl,2,17,0,1,242,211,242
2804,lstm,6,val,111,root-0/task2--ep19--succ1.pkl,2,19,0,1,227,211,227
2805,lstm,6,val,112,root-0/task2--ep2--succ0.pkl,2,2,1,0,520,211,520
2806,lstm,6,val,113,root-0/task2--ep20--succ0.pkl,2,20,1,0,520,211,520
2807,lstm,6,val,114,root-0/task2--ep21--succ1.pkl,2,21,0,1,320,211,320
2808,lstm,6,val,117,root-0/task2--ep24--succ0.pkl,2,24,1,0,520,211,520
2809,lstm,6,val,118,root-0/task2--ep25--succ1.pkl,2,25,0,1,251,211,251
2810,lstm,6,val,121,root-0/task2--ep28--succ1.pkl,2,28,0,1,304,211,304
2811,lstm,6,val,122,root-0/task2--ep29--succ0.pkl,2,29,1,0,520,211,520
2812,lstm,6,val,125,root-0/task2--ep31--succ0.pkl,2,31,1,0,520,211,520
2813,lstm,6,val,127,root-0/task2--ep33--succ0.pkl,2,33,1,0,520,211,520
2814,lstm,6,val,132,root-0/task2--ep38--succ1.pkl,2,38,0,1,295,211,295
2815,lstm,6,val,133,root-0/task2--ep39--succ0.pkl,2,39,1,0,520,211,520
2816,lstm,6,val,134,root-0/task2--ep4--succ1.pkl,2,4,0,1,225,211,225
2817,lstm,6,val,136,root-0/task2--ep41--succ0.pkl,2,41,1,0,520,211,520
2818,lstm,6,val,138,root-0/task2--ep43--succ1.pkl,2,43,0,1,342,211,342
2819,lstm,6,val,139,root-0/task2--ep44--succ0.pkl,2,44,1,0,520,211,520
2820,lstm,6,val,143,root-0/task2--ep48--succ0.pkl,2,48,1,0,520,211,520
2821,lstm,6,val,145,root-0/task2--ep5--succ0.pkl,2,5,1,0,520,211,520
2822,lstm,6,val,147,root-0/task2--ep7--succ0.pkl,2,7,1,0,520,211,520
2823,lstm,6,val,148,root-0/task2--ep8--succ1.pkl,2,8,0,1,316,211,316
2824,lstm,6,val,151,root-0/task3--ep1--succ0.pkl,3,1,1,0,520,187,520
2825,lstm,6,val,154,root-0/task3--ep12--succ1.pkl,3,12,0,1,360,187,360
2826,lstm,6,val,156,root-0/task3--ep14--succ0.pkl,3,14,1,0,520,187,520
2827,lstm,6,val,159,root-0/task3--ep17--succ1.pkl,3,17,0,1,218,187,218
2828,lstm,6,val,161,root-0/task3--ep19--succ0.pkl,3,19,1,0,520,187,520
2829,lstm,6,val,163,root-0/task3--ep20--succ1.pkl,3,20,0,1,245,187,245
2830,lstm,6,val,164,root-0/task3--ep21--succ0.pkl,3,21,1,0,520,187,520
2831,lstm,6,val,165,root-0/task3--ep22--succ0.pkl,3,22,1,0,520,187,520
2832,lstm,6,val,167,root-0/task3--ep24--succ1.pkl,3,24,0,1,277,187,277
2833,lstm,6,val,172,root-0/task3--ep29--succ0.pkl,3,29,1,0,520,187,520
2834,lstm,6,val,177,root-0/task3--ep33--succ0.pkl,3,33,1,0,520,187,520
2835,lstm,6,val,178,root-0/task3--ep34--succ0.pkl,3,34,1,0,520,187,520
2836,lstm,6,val,183,root-0/task3--ep39--succ1.pkl,3,39,0,1,196,187,196
2837,lstm,6,val,184,root-0/task3--ep4--succ1.pkl,3,4,0,1,453,187,453
2838,lstm,6,val,185,root-0/task3--ep40--succ0.pkl,3,40,1,0,520,187,520
2839,lstm,6,val,186,root-0/task3--ep41--succ1.pkl,3,41,0,1,256,187,256
2840,lstm,6,val,187,root-0/task3--ep42--succ0.pkl,3,42,1,0,520,187,520
2841,lstm,6,val,188,root-0/task3--ep43--succ0.pkl,3,43,1,0,520,187,520
2842,lstm,6,val,191,root-0/task3--ep46--succ0.pkl,3,46,1,0,520,187,520
2843,lstm,6,val,195,root-0/task3--ep5--succ0.pkl,3,5,1,0,520,187,520
2844,lstm,6,val,196,root-0/task3--ep6--succ0.pkl,3,6,1,0,520,187,520
2845,lstm,6,val,197,root-0/task3--ep7--succ1.pkl,3,7,0,1,195,187,195
2846,lstm,6,val,201,root-0/task4--ep1--succ0.pkl,4,1,1,0,520,209,520
2847,lstm,6,val,203,root-0/task4--ep11--succ0.pkl,4,11,1,0,520,209,520
2848,lstm,6,val,217,root-0/task4--ep24--succ1.pkl,4,24,0,1,294,209,294
2849,lstm,6,val,219,root-0/task4--ep26--succ0.pkl,4,26,1,0,520,209,520
2850,lstm,6,val,221,root-0/task4--ep28--succ1.pkl,4,28,0,1,233,209,233
2851,lstm,6,val,223,root-0/task4--ep3--succ1.pkl,4,3,0,1,235,209,235
2852,lstm,6,val,225,root-0/task4--ep31--succ1.pkl,4,31,0,1,241,209,241
2853,lstm,6,val,227,root-0/task4--ep33--succ1.pkl,4,33,0,1,241,209,241
2854,lstm,6,val,228,root-0/task4--ep34--succ1.pkl,4,34,0,1,246,209,246
2855,lstm,6,val,233,root-0/task4--ep39--succ1.pkl,4,39,0,1,219,209,219
2856,lstm,6,val,235,root-0/task4--ep40--succ0.pkl,4,40,1,0,520,209,520
2857,lstm,6,val,239,root-0/task4--ep44--succ1.pkl,4,44,0,1,238,209,238
2858,lstm,6,val,241,root-0/task4--ep46--succ0.pkl,4,46,1,0,520,209,520
2859,lstm,6,val,249,root-0/task4--ep9--succ1.pkl,4,9,0,1,220,209,220
2860,lstm,6,val,250,root-0/task5--ep0--succ1.pkl,5,0,0,1,161,148,161
2861,lstm,6,val,253,root-0/task5--ep11--succ1.pkl,5,11,0,1,160,148,160
2862,lstm,6,val,258,root-0/task5--ep16--succ1.pkl,5,16,0,1,327,148,327
2863,lstm,6,val,264,root-0/task5--ep21--succ1.pkl,5,21,0,1,184,148,184
2864,lstm,6,val,265,root-0/task5--ep22--succ0.pkl,5,22,1,0,520,148,520
2865,lstm,6,val,267,root-0/task5--ep24--succ1.pkl,5,24,0,1,172,148,172
2866,lstm,6,val,268,root-0/task5--ep25--succ1.pkl,5,25,0,1,207,148,207
2867,lstm,6,val,269,root-0/task5--ep26--succ1.pkl,5,26,0,1,187,148,187
2868,lstm,6,val,270,root-0/task5--ep27--succ1.pkl,5,27,0,1,261,148,261
2869,lstm,6,val,271,root-0/task5--ep28--succ0.pkl,5,28,1,0,520,148,520
2870,lstm,6,val,273,root-0/task5--ep3--succ1.pkl,5,3,0,1,233,148,233
2871,lstm,6,val,274,root-0/task5--ep30--succ1.pkl,5,30,0,1,186,148,186
2872,lstm,6,val,276,root-0/task5--ep32--succ1.pkl,5,32,0,1,183,148,183
2873,lstm,6,val,280,root-0/task5--ep36--succ1.pkl,5,36,0,1,231,148,231
2874,lstm,6,val,284,root-0/task5--ep4--succ1.pkl,5,4,0,1,194,148,194
2875,lstm,6,val,287,root-0/task5--ep42--succ1.pkl,5,42,0,1,231,148,231
2876,lstm,6,val,296,root-0/task5--ep6--succ1.pkl,5,6,0,1,197,148,197
2877,lstm,6,val,298,root-0/task5--ep8--succ1.pkl,5,8,0,1,154,148,154
2878,lstm,6,val,299,root-0/task5--ep9--succ1.pkl,5,9,0,1,334,148,334
2879,lstm,6,val,353,root-0/task7--ep11--succ0.pkl,7,11,1,0,520,210,520
2880,lstm,6,val,357,root-0/task7--ep15--succ1.pkl,7,15,0,1,227,210,227
2881,lstm,6,val,360,root-0/task7--ep18--succ1.pkl,7,18,0,1,210,210,210
2882,lstm,6,val,362,root-0/task7--ep2--succ1.pkl,7,2,0,1,332,210,332
2883,lstm,6,val,365,root-0/task7--ep22--succ0.pkl,7,22,1,0,520,210,520
2884,lstm,6,val,367,root-0/task7--ep24--succ1.pkl,7,24,0,1,231,210,231
2885,lstm,6,val,368,root-0/task7--ep25--succ1.pkl,7,25,0,1,301,210,301
2886,lstm,6,val,372,root-0/task7--ep29--succ0.pkl,7,29,1,0,520,210,520
2887,lstm,6,val,373,root-0/task7--ep3--succ1.pkl,7,3,0,1,362,210,362
2888,lstm,6,val,376,root-0/task7--ep32--succ1.pkl,7,32,0,1,239,210,239
2889,lstm,6,val,381,root-0/task7--ep37--succ1.pkl,7,37,0,1,267,210,267
2890,lstm,6,val,384,root-0/task7--ep4--succ0.pkl,7,4,1,0,520,210,520
2891,lstm,6,val,385,root-0/task7--ep40--succ1.pkl,7,40,0,1,341,210,341
2892,lstm,6,val,387,root-0/task7--ep42--succ1.pkl,7,42,0,1,267,210,267
2893,lstm,6,val,389,root-0/task7--ep44--succ0.pkl,7,44,1,0,520,210,520
2894,lstm,6,val,390,root-0/task7--ep45--succ1.pkl,7,45,0,1,260,210,260
2895,lstm,6,val,391,root-0/task7--ep46--succ0.pkl,7,46,1,0,520,210,520
2896,lstm,6,val,392,root-0/task7--ep47--succ1.pkl,7,47,0,1,300,210,300
2897,lstm,6,val,394,root-0/task7--ep49--succ1.pkl,7,49,0,1,369,210,369
2898,lstm,6,val,395,root-0/task7--ep5--succ0.pkl,7,5,1,0,520,210,520
2899,lstm,6,val,401,root-0/task8--ep1--succ1.pkl,8,1,0,1,448,315,448
2900,lstm,6,val,402,root-0/task8--ep10--succ0.pkl,8,10,1,0,520,315,520
2901,lstm,6,val,403,root-0/task8--ep11--succ1.pkl,8,11,0,1,486,315,486
2902,lstm,6,val,407,root-0/task8--ep15--succ1.pkl,8,15,0,1,347,315,347
2903,lstm,6,val,409,root-0/task8--ep17--succ1.pkl,8,17,0,1,509,315,509
2904,lstm,6,val,413,root-0/task8--ep20--succ0.pkl,8,20,1,0,520,315,520
2905,lstm,6,val,419,root-0/task8--ep26--succ1.pkl,8,26,0,1,427,315,427
2906,lstm,6,val,420,root-0/task8--ep27--succ0.pkl,8,27,1,0,520,315,520
2907,lstm,6,val,424,root-0/task8--ep30--succ1.pkl,8,30,0,1,417,315,417
2908,lstm,6,val,425,root-0/task8--ep31--succ0.pkl,8,31,1,0,520,315,520
2909,lstm,6,val,426,root-0/task8--ep32--succ0.pkl,8,32,1,0,520,315,520
2910,lstm,6,val,432,root-0/task8--ep38--succ0.pkl,8,38,1,0,520,315,520
2911,lstm,6,val,433,root-0/task8--ep39--succ0.pkl,8,39,1,0,520,315,520
2912,lstm,6,val,438,root-0/task8--ep43--succ0.pkl,8,43,1,0,520,315,520
2913,lstm,6,val,439,root-0/task8--ep44--succ1.pkl,8,44,0,1,315,315,315
2914,lstm,6,val,440,root-0/task8--ep45--succ0.pkl,8,45,1,0,520,315,520
2915,lstm,6,val,441,root-0/task8--ep46--succ0.pkl,8,46,1,0,520,315,520
2916,lstm,6,val,445,root-0/task8--ep5--succ0.pkl,8,5,1,0,520,315,520
2917,lstm,6,val,446,root-0/task8--ep6--succ0.pkl,8,6,1,0,520,315,520
2918,lstm,6,val,447,root-0/task8--ep7--succ0.pkl,8,7,1,0,520,315,520
2919,lstm,6,val,449,root-0/task8--ep9--succ1.pkl,8,9,0,1,504,315,504
2920,lstm,6,val,450,root-0/task9--ep0--succ0.pkl,9,0,1,0,520,241,520
2921,lstm,6,val,451,root-0/task9--ep1--succ0.pkl,9,1,1,0,520,241,520
2922,lstm,6,val,454,root-0/task9--ep12--succ0.pkl,9,12,1,0,520,241,520
2923,lstm,6,val,458,root-0/task9--ep16--succ0.pkl,9,16,1,0,520,241,520
2924,lstm,6,val,460,root-0/task9--ep18--succ1.pkl,9,18,0,1,372,241,372
2925,lstm,6,val,461,root-0/task9--ep19--succ1.pkl,9,19,0,1,427,241,427
2926,lstm,6,val,462,root-0/task9--ep2--succ1.pkl,9,2,0,1,300,241,300
2927,lstm,6,val,464,root-0/task9--ep21--succ1.pkl,9,21,0,1,300,241,300
2928,lstm,6,val,466,root-0/task9--ep23--succ0.pkl,9,23,1,0,520,241,520
2929,lstm,6,val,467,root-0/task9--ep24--succ0.pkl,9,24,1,0,520,241,520
2930,lstm,6,val,469,root-0/task9--ep26--succ0.pkl,9,26,1,0,520,241,520
2931,lstm,6,val,476,root-0/task9--ep32--succ0.pkl,9,32,1,0,520,241,520
2932,lstm,6,val,478,root-0/task9--ep34--succ0.pkl,9,34,1,0,520,241,520
2933,lstm,6,val,480,root-0/task9--ep36--succ0.pkl,9,36,1,0,520,241,520
2934,lstm,6,val,482,root-0/task9--ep38--succ0.pkl,9,38,1,0,520,241,520
2935,lstm,6,val,483,root-0/task9--ep39--succ0.pkl,9,39,1,0,520,241,520
2936,lstm,6,val,485,root-0/task9--ep40--succ0.pkl,9,40,1,0,520,241,520
2937,lstm,6,val,486,root-0/task9--ep41--succ1.pkl,9,41,0,1,316,241,316
2938,lstm,6,val,490,root-0/task9--ep45--succ0.pkl,9,45,1,0,520,241,520
2939,lstm,6,val,494,root-0/task9--ep49--succ1.pkl,9,49,0,1,344,241,344
2940,lstm,6,val,495,root-0/task9--ep5--succ1.pkl,9,5,0,1,312,241,312
2941,lstm,6,val,497,root-0/task9--ep7--succ0.pkl,9,7,1,0,520,241,520
2942,lstm,6,val,498,root-0/task9--ep8--succ1.pkl,9,8,0,1,307,241,307
2943,lstm,6,val,500,root-1/task0--ep0--succ0.pkl,0,0,1,0,520,230,520
2944,lstm,6,val,502,root-1/task0--ep10--succ1.pkl,0,10,0,1,290,230,290
2945,lstm,6,val,505,root-1/task0--ep13--succ1.pkl,0,13,0,1,278,230,278
2946,lstm,6,val,517,root-1/task0--ep24--succ0.pkl,0,24,1,0,520,230,520
2947,lstm,6,val,518,root-1/task0--ep25--succ1.pkl,0,25,0,1,295,230,295
2948,lstm,6,val,525,root-1/task0--ep31--succ1.pkl,0,31,0,1,295,230,295
2949,lstm,6,val,526,root-1/task0--ep32--succ0.pkl,0,32,1,0,520,230,520
2950,lstm,6,val,527,root-1/task0--ep33--succ1.pkl,0,33,0,1,357,230,357
2951,lstm,6,val,528,root-1/task0--ep34--succ1.pkl,0,34,0,1,371,230,371
2952,lstm,6,val,529,root-1/task0--ep35--succ1.pkl,0,35,0,1,392,230,392
2953,lstm,6,val,531,root-1/task0--ep37--succ1.pkl,0,37,0,1,333,230,333
2954,lstm,6,val,534,root-1/task0--ep4--succ0.pkl,0,4,1,0,520,230,520
2955,lstm,6,val,536,root-1/task0--ep41--succ1.pkl,0,41,0,1,348,230,348
2956,lstm,6,val,539,root-1/task0--ep44--succ1.pkl,0,44,0,1,423,230,423
2957,lstm,6,val,542,root-1/task0--ep47--succ1.pkl,0,47,0,1,315,230,315
2958,lstm,6,val,545,root-1/task0--ep5--succ0.pkl,0,5,1,0,520,230,520
2959,lstm,6,val,548,root-1/task0--ep8--succ1.pkl,0,8,0,1,341,230,341
2960,lstm,6,val,550,root-1/task1--ep0--succ1.pkl,1,0,0,1,249,218,249
2961,lstm,6,val,554,root-1/task1--ep12--succ1.pkl,1,12,0,1,262,218,262
2962,lstm,6,val,556,root-1/task1--ep14--succ0.pkl,1,14,1,0,520,218,520
2963,lstm,6,val,557,root-1/task1--ep15--succ1.pkl,1,15,0,1,257,218,257
2964,lstm,6,val,560,root-1/task1--ep18--succ1.pkl,1,18,0,1,242,218,242
2965,lstm,6,val,561,root-1/task1--ep19--succ1.pkl,1,19,0,1,248,218,248
2966,lstm,6,val,562,root-1/task1--ep2--succ1.pkl,1,2,0,1,235,218,235
2967,lstm,6,val,566,root-1/task1--ep23--succ0.pkl,1,23,1,0,520,218,520
2968,lstm,6,val,569,root-1/task1--ep26--succ1.pkl,1,26,0,1,225,218,225
2969,lstm,6,val,570,root-1/task1--ep27--succ0.pkl,1,27,1,0,520,218,520
2970,lstm,6,val,571,root-1/task1--ep28--succ1.pkl,1,28,0,1,228,218,228
2971,lstm,6,val,575,root-1/task1--ep31--succ1.pkl,1,31,0,1,280,218,280
2972,lstm,6,val,577,root-1/task1--ep33--succ0.pkl,1,33,1,0,520,218,520
2973,lstm,6,val,578,root-1/task1--ep34--succ0.pkl,1,34,1,0,520,218,520
2974,lstm,6,val,581,root-1/task1--ep37--succ1.pkl,1,37,0,1,236,218,236
2975,lstm,6,val,583,root-1/task1--ep39--succ0.pkl,1,39,1,0,520,218,520
2976,lstm,6,val,584,root-1/task1--ep4--succ1.pkl,1,4,0,1,305,218,305
2977,lstm,6,val,588,root-1/task1--ep43--succ0.pkl,1,43,1,0,520,218,520
2978,lstm,6,val,590,root-1/task1--ep45--succ1.pkl,1,45,0,1,302,218,302
2979,lstm,6,val,594,root-1/task1--ep49--succ1.pkl,1,49,0,1,267,218,267
2980,lstm,6,val,596,root-1/task1--ep6--succ0.pkl,1,6,1,0,520,218,520
2981,lstm,6,val,597,root-1/task1--ep7--succ1.pkl,1,7,0,1,283,218,283
2982,lstm,6,val,600,root-1/task2--ep0--succ0.pkl,2,0,1,0,520,211,520
2983,lstm,6,val,601,root-1/task2--ep1--succ1.pkl,2,1,0,1,298,211,298
2984,lstm,6,val,608,root-1/task2--ep16--succ1.pkl,2,16,0,1,265,211,265
2985,lstm,6,val,612,root-1/task2--ep2--succ1.pkl,2,2,0,1,253,211,253
2986,lstm,6,val,614,root-1/task2--ep21--succ1.pkl,2,21,0,1,260,211,260
2987,lstm,6,val,617,root-1/task2--ep24--succ0.pkl,2,24,1,0,520,211,520
2988,lstm,6,val,623,root-1/task2--ep3--succ0.pkl,2,3,1,0,520,211,520
2989,lstm,6,val,625,root-1/task2--ep31--succ1.pkl,2,31,0,1,277,211,277
2990,lstm,6,val,627,root-1/task2--ep33--succ0.pkl,2,33,1,0,520,211,520
2991,lstm,6,val,629,root-1/task2--ep35--succ1.pkl,2,35,0,1,377,211,377
2992,lstm,6,val,633,root-1/task2--ep39--succ1.pkl,2,39,0,1,439,211,439
2993,lstm,6,val,634,root-1/task2--ep4--succ1.pkl,2,4,0,1,224,211,224
2994,lstm,6,val,636,root-1/task2--ep41--succ0.pkl,2,41,1,0,520,211,520
2995,lstm,6,val,637,root-1/task2--ep42--succ0.pkl,2,42,1,0,520,211,520
2996,lstm,6,val,638,root-1/task2--ep43--succ0.pkl,2,43,1,0,520,211,520
2997,lstm,6,val,646,root-1/task2--ep6--succ0.pkl,2,6,1,0,520,211,520
2998,lstm,6,val,649,root-1/task2--ep9--succ0.pkl,2,9,1,0,520,211,520
2999,lstm,6,val,650,root-1/task3--ep0--succ1.pkl,3,0,0,1,298,187,298
3000,lstm,6,val,657,root-1/task3--ep15--succ1.pkl,3,15,0,1,244,187,244
3001,lstm,6,val,662,root-1/task3--ep2--succ0.pkl,3,2,1,0,520,187,520
3002,lstm,6,val,664,root-1/task3--ep21--succ0.pkl,3,21,1,0,520,187,520
3003,lstm,6,val,666,root-1/task3--ep23--succ1.pkl,3,23,0,1,236,187,236
3004,lstm,6,val,667,root-1/task3--ep24--succ0.pkl,3,24,1,0,520,187,520
3005,lstm,6,val,669,root-1/task3--ep26--succ1.pkl,3,26,0,1,232,187,232
3006,lstm,6,val,670,root-1/task3--ep27--succ0.pkl,3,27,1,0,520,187,520
3007,lstm,6,val,671,root-1/task3--ep28--succ1.pkl,3,28,0,1,263,187,263
3008,lstm,6,val,679,root-1/task3--ep35--succ0.pkl,3,35,1,0,520,187,520
3009,lstm,6,val,681,root-1/task3--ep37--succ1.pkl,3,37,0,1,260,187,260
3010,lstm,6,val,682,root-1/task3--ep38--succ0.pkl,3,38,1,0,520,187,520
3011,lstm,6,val,688,root-1/task3--ep43--succ1.pkl,3,43,0,1,248,187,248
3012,lstm,6,val,691,root-1/task3--ep46--succ0.pkl,3,46,1,0,520,187,520
3013,lstm,6,val,695,root-1/task3--ep5--succ0.pkl,3,5,1,0,520,187,520
3014,lstm,6,val,696,root-1/task3--ep6--succ0.pkl,3,6,1,0,520,187,520
3015,lstm,6,val,698,root-1/task3--ep8--succ0.pkl,3,8,1,0,520,187,520
3016,lstm,6,val,699,root-1/task3--ep9--succ0.pkl,3,9,1,0,520,187,520
3017,lstm,6,val,700,root-1/task4--ep0--succ0.pkl,4,0,1,0,520,209,520
3018,lstm,6,val,701,root-1/task4--ep1--succ0.pkl,4,1,1,0,520,209,520
3019,lstm,6,val,704,root-1/task4--ep12--succ1.pkl,4,12,0,1,263,209,263
3020,lstm,6,val,705,root-1/task4--ep13--succ0.pkl,4,13,1,0,520,209,520
3021,lstm,6,val,706,root-1/task4--ep14--succ1.pkl,4,14,0,1,247,209,247
3022,lstm,6,val,708,root-1/task4--ep16--succ0.pkl,4,16,1,0,520,209,520
3023,lstm,6,val,709,root-1/task4--ep17--succ1.pkl,4,17,0,1,273,209,273
3024,lstm,6,val,713,root-1/task4--ep20--succ1.pkl,4,20,0,1,209,209,209
3025,lstm,6,val,716,root-1/task4--ep23--succ0.pkl,4,23,1,0,520,209,520
3026,lstm,6,val,720,root-1/task4--ep27--succ1.pkl,4,27,0,1,231,209,231
3027,lstm,6,val,721,root-1/task4--ep28--succ0.pkl,4,28,1,0,520,209,520
3028,lstm,6,val,723,root-1/task4--ep3--succ1.pkl,4,3,0,1,243,209,243
3029,lstm,6,val,726,root-1/task4--ep32--succ1.pkl,4,32,0,1,511,209,511
3030,lstm,6,val,728,root-1/task4--ep34--succ0.pkl,4,34,1,0,520,209,520
3031,lstm,6,val,731,root-1/task4--ep37--succ0.pkl,4,37,1,0,520,209,520
3032,lstm,6,val,732,root-1/task4--ep38--succ1.pkl,4,38,0,1,217,209,217
3033,lstm,6,val,733,root-1/task4--ep39--succ0.pkl,4,39,1,0,520,209,520
3034,lstm,6,val,735,root-1/task4--ep40--succ0.pkl,4,40,1,0,520,209,520
3035,lstm,6,val,736,root-1/task4--ep41--succ0.pkl,4,41,1,0,520,209,520
3036,lstm,6,val,737,root-1/task4--ep42--succ0.pkl,4,42,1,0,520,209,520
3037,lstm,6,val,738,root-1/task4--ep43--succ0.pkl,4,43,1,0,520,209,520
3038,lstm,6,val,739,root-1/task4--ep44--succ1.pkl,4,44,0,1,233,209,233
3039,lstm,6,val,740,root-1/task4--ep45--succ0.pkl,4,45,1,0,520,209,520
3040,lstm,6,val,742,root-1/task4--ep47--succ0.pkl,4,47,1,0,520,209,520
3041,lstm,6,val,745,root-1/task4--ep5--succ1.pkl,4,5,0,1,341,209,341
3042,lstm,6,val,747,root-1/task4--ep7--succ0.pkl,4,7,1,0,520,209,520
3043,lstm,6,val,751,root-1/task5--ep1--succ1.pkl,5,1,0,1,178,148,178
3044,lstm,6,val,752,root-1/task5--ep10--succ1.pkl,5,10,0,1,242,148,242
3045,lstm,6,val,753,root-1/task5--ep11--succ1.pkl,5,11,0,1,282,148,282
3046,lstm,6,val,754,root-1/task5--ep12--succ1.pkl,5,12,0,1,159,148,159
3047,lstm,6,val,757,root-1/task5--ep15--succ1.pkl,5,15,0,1,202,148,202
3048,lstm,6,val,758,root-1/task5--ep16--succ1.pkl,5,16,0,1,170,148,170
3049,lstm,6,val,761,root-1/task5--ep19--succ0.pkl,5,19,1,0,520,148,520
3050,lstm,6,val,764,root-1/task5--ep21--succ1.pkl,5,21,0,1,177,148,177
3051,lstm,6,val,766,root-1/task5--ep23--succ1.pkl,5,23,0,1,197,148,197
3052,lstm,6,val,767,root-1/task5--ep24--succ1.pkl,5,24,0,1,174,148,174
3053,lstm,6,val,773,root-1/task5--ep3--succ1.pkl,5,3,0,1,173,148,173
3054,lstm,6,val,775,root-1/task5--ep31--succ1.pkl,5,31,0,1,207,148,207
3055,lstm,6,val,776,root-1/task5--ep32--succ1.pkl,5,32,0,1,189,148,189
3056,lstm,6,val,780,root-1/task5--ep36--succ0.pkl,5,36,1,0,520,148,520
3057,lstm,6,val,781,root-1/task5--ep37--succ1.pkl,5,37,0,1,174,148,174
3058,lstm,6,val,784,root-1/task5--ep4--succ1.pkl,5,4,0,1,266,148,266
3059,lstm,6,val,785,root-1/task5--ep40--succ1.pkl,5,40,0,1,196,148,196
3060,lstm,6,val,788,root-1/task5--ep43--succ1.pkl,5,43,0,1,211,148,211
3061,lstm,6,val,791,root-1/task5--ep46--succ0.pkl,5,46,1,0,520,148,520
3062,lstm,6,val,793,root-1/task5--ep48--succ1.pkl,5,48,0,1,190,148,190
3063,lstm,6,val,797,root-1/task5--ep7--succ1.pkl,5,7,0,1,205,148,205
3064,lstm,6,val,850,root-1/task7--ep0--succ1.pkl,7,0,0,1,246,210,246
3065,lstm,6,val,858,root-1/task7--ep16--succ1.pkl,7,16,0,1,281,210,281
3066,lstm,6,val,860,root-1/task7--ep18--succ1.pkl,7,18,0,1,232,210,232
3067,lstm,6,val,865,root-1/task7--ep22--succ1.pkl,7,22,0,1,280,210,280
3068,lstm,6,val,867,root-1/task7--ep24--succ0.pkl,7,24,1,0,520,210,520
3069,lstm,6,val,869,root-1/task7--ep26--succ0.pkl,7,26,1,0,520,210,520
3070,lstm,6,val,875,root-1/task7--ep31--succ1.pkl,7,31,0,1,500,210,500
3071,lstm,6,val,878,root-1/task7--ep34--succ0.pkl,7,34,1,0,520,210,520
3072,lstm,6,val,881,root-1/task7--ep37--succ1.pkl,7,37,0,1,230,210,230
3073,lstm,6,val,882,root-1/task7--ep38--succ1.pkl,7,38,0,1,331,210,331
3074,lstm,6,val,884,root-1/task7--ep4--succ0.pkl,7,4,1,0,520,210,520
3075,lstm,6,val,886,root-1/task7--ep41--succ0.pkl,7,41,1,0,520,210,520
3076,lstm,6,val,887,root-1/task7--ep42--succ1.pkl,7,42,0,1,253,210,253
3077,lstm,6,val,889,root-1/task7--ep44--succ1.pkl,7,44,0,1,246,210,246
3078,lstm,6,val,891,root-1/task7--ep46--succ1.pkl,7,46,0,1,257,210,257
3079,lstm,6,val,892,root-1/task7--ep47--succ1.pkl,7,47,0,1,246,210,246
3080,lstm,6,val,893,root-1/task7--ep48--succ1.pkl,7,48,0,1,290,210,290
3081,lstm,6,val,894,root-1/task7--ep49--succ0.pkl,7,49,1,0,520,210,520
3082,lstm,6,val,896,root-1/task7--ep6--succ1.pkl,7,6,0,1,369,210,369
3083,lstm,6,val,897,root-1/task7--ep7--succ1.pkl,7,7,0,1,246,210,246
3084,lstm,6,val,901,root-1/task8--ep1--succ1.pkl,8,1,0,1,391,315,391
3085,lstm,6,val,904,root-1/task8--ep12--succ0.pkl,8,12,1,0,520,315,520
3086,lstm,6,val,905,root-1/task8--ep13--succ0.pkl,8,13,1,0,520,315,520
3087,lstm,6,val,906,root-1/task8--ep14--succ0.pkl,8,14,1,0,520,315,520
3088,lstm,6,val,907,root-1/task8--ep15--succ0.pkl,8,15,1,0,520,315,520
3089,lstm,6,val,910,root-1/task8--ep18--succ0.pkl,8,18,1,0,520,315,520
3090,lstm,6,val,914,root-1/task8--ep21--succ0.pkl,8,21,1,0,520,315,520
3091,lstm,6,val,920,root-1/task8--ep27--succ0.pkl,8,27,1,0,520,315,520
3092,lstm,6,val,921,root-1/task8--ep28--succ0.pkl,8,28,1,0,520,315,520
3093,lstm,6,val,923,root-1/task8--ep3--succ0.pkl,8,3,1,0,520,315,520
3094,lstm,6,val,927,root-1/task8--ep33--succ0.pkl,8,33,1,0,520,315,520
3095,lstm,6,val,932,root-1/task8--ep38--succ0.pkl,8,38,1,0,520,315,520
3096,lstm,6,val,934,root-1/task8--ep4--succ0.pkl,8,4,1,0,520,315,520
3097,lstm,6,val,940,root-1/task8--ep45--succ1.pkl,8,45,0,1,490,315,490
3098,lstm,6,val,943,root-1/task8--ep48--succ0.pkl,8,48,1,0,520,315,520
3099,lstm,6,val,945,root-1/task8--ep5--succ0.pkl,8,5,1,0,520,315,520
3100,lstm,6,val,946,root-1/task8--ep6--succ1.pkl,8,6,0,1,440,315,440
3101,lstm,6,val,947,root-1/task8--ep7--succ0.pkl,8,7,1,0,520,315,520
3102,lstm,6,val,948,root-1/task8--ep8--succ0.pkl,8,8,1,0,520,315,520
3103,lstm,6,val,954,root-1/task9--ep12--succ0.pkl,9,12,1,0,520,241,520
3104,lstm,6,val,956,root-1/task9--ep14--succ0.pkl,9,14,1,0,520,241,520
3105,lstm,6,val,958,root-1/task9--ep16--succ0.pkl,9,16,1,0,520,241,520
3106,lstm,6,val,959,root-1/task9--ep17--succ1.pkl,9,17,0,1,349,241,349
3107,lstm,6,val,965,root-1/task9--ep22--succ1.pkl,9,22,0,1,312,241,312
3108,lstm,6,val,977,root-1/task9--ep33--succ1.pkl,9,33,0,1,247,241,247
3109,lstm,6,val,978,root-1/task9--ep34--succ0.pkl,9,34,1,0,520,241,520
3110,lstm,6,val,980,root-1/task9--ep36--succ1.pkl,9,36,0,1,359,241,359
3111,lstm,6,val,981,root-1/task9--ep37--succ1.pkl,9,37,0,1,413,241,413
3112,lstm,6,val,983,root-1/task9--ep39--succ0.pkl,9,39,1,0,520,241,520
3113,lstm,6,val,984,root-1/task9--ep4--succ0.pkl,9,4,1,0,520,241,520
3114,lstm,6,val,985,root-1/task9--ep40--succ1.pkl,9,40,0,1,389,241,389
3115,lstm,6,val,987,root-1/task9--ep42--succ0.pkl,9,42,1,0,520,241,520
3116,lstm,6,val,988,root-1/task9--ep43--succ0.pkl,9,43,1,0,520,241,520
3117,lstm,6,val,990,root-1/task9--ep45--succ0.pkl,9,45,1,0,520,241,520
3118,lstm,6,val,991,root-1/task9--ep46--succ0.pkl,9,46,1,0,520,241,520
3119,lstm,6,val,994,root-1/task9--ep49--succ0.pkl,9,49,1,0,520,241,520
3120,lstm,6,test,300,root-0/task6--ep0--succ1.pkl,6,0,0,1,214,190,214
3121,lstm,6,test,301,root-0/task6--ep1--succ1.pkl,6,1,0,1,256,190,256
3122,lstm,6,test,302,root-0/task6--ep10--succ0.pkl,6,10,1,0,520,190,520
3123,lstm,6,test,303,root-0/task6--ep11--succ0.pkl,6,11,1,0,520,190,520
3124,lstm,6,test,304,root-0/task6--ep12--succ1.pkl,6,12,0,1,254,190,254
3125,lstm,6,test,305,root-0/task6--ep13--succ1.pkl,6,13,0,1,368,190,368
3126,lstm,6,test,306,root-0/task6--ep14--succ0.pkl,6,14,1,0,520,190,520
3127,lstm,6,test,307,root-0/task6--ep15--succ1.pkl,6,15,0,1,249,190,249
3128,lstm,6,test,308,root-0/task6--ep16--succ0.pkl,6,16,1,0,520,190,520
3129,lstm,6,test,309,root-0/task6--ep17--succ0.pkl,6,17,1,0,520,190,520
3130,lstm,6,test,310,root-0/task6--ep18--succ0.pkl,6,18,1,0,520,190,520
3131,lstm,6,test,311,root-0/task6--ep19--succ1.pkl,6,19,0,1,338,190,338
3132,lstm,6,test,312,root-0/task6--ep2--succ1.pkl,6,2,0,1,210,190,210
3133,lstm,6,test,313,root-0/task6--ep20--succ0.pkl,6,20,1,0,520,190,520
3134,lstm,6,test,314,root-0/task6--ep21--succ0.pkl,6,21,1,0,520,190,520
3135,lstm,6,test,315,root-0/task6--ep22--succ1.pkl,6,22,0,1,237,190,237
3136,lstm,6,test,316,root-0/task6--ep23--succ0.pkl,6,23,1,0,520,190,520
3137,lstm,6,test,317,root-0/task6--ep24--succ1.pkl,6,24,0,1,245,190,245
3138,lstm,6,test,318,root-0/task6--ep25--succ1.pkl,6,25,0,1,240,190,240
3139,lstm,6,test,319,root-0/task6--ep26--succ0.pkl,6,26,1,0,520,190,520
3140,lstm,6,test,320,root-0/task6--ep27--succ1.pkl,6,27,0,1,247,190,247
3141,lstm,6,test,321,root-0/task6--ep28--succ0.pkl,6,28,1,0,520,190,520
3142,lstm,6,test,322,root-0/task6--ep29--succ1.pkl,6,29,0,1,236,190,236
3143,lstm,6,test,323,root-0/task6--ep3--succ1.pkl,6,3,0,1,193,190,193
3144,lstm,6,test,324,root-0/task6--ep30--succ1.pkl,6,30,0,1,202,190,202
3145,lstm,6,test,325,root-0/task6--ep31--succ1.pkl,6,31,0,1,229,190,229
3146,lstm,6,test,326,root-0/task6--ep32--succ0.pkl,6,32,1,0,520,190,520
3147,lstm,6,test,327,root-0/task6--ep33--succ1.pkl,6,33,0,1,216,190,216
3148,lstm,6,test,328,root-0/task6--ep34--succ1.pkl,6,34,0,1,246,190,246
3149,lstm,6,test,329,root-0/task6--ep35--succ0.pkl,6,35,1,0,520,190,520
3150,lstm,6,test,330,root-0/task6--ep36--succ0.pkl,6,36,1,0,520,190,520
3151,lstm,6,test,331,root-0/task6--ep37--succ1.pkl,6,37,0,1,251,190,251
3152,lstm,6,test,332,root-0/task6--ep38--succ1.pkl,6,38,0,1,315,190,315
3153,lstm,6,test,333,root-0/task6--ep39--succ0.pkl,6,39,1,0,520,190,520
3154,lstm,6,test,334,root-0/task6--ep4--succ1.pkl,6,4,0,1,218,190,218
3155,lstm,6,test,335,root-0/task6--ep40--succ0.pkl,6,40,1,0,520,190,520
3156,lstm,6,test,336,root-0/task6--ep41--succ1.pkl,6,41,0,1,387,190,387
3157,lstm,6,test,337,root-0/task6--ep42--succ0.pkl,6,42,1,0,520,190,520
3158,lstm,6,test,338,root-0/task6--ep43--succ1.pkl,6,43,0,1,323,190,323
3159,lstm,6,test,339,root-0/task6--ep44--succ1.pkl,6,44,0,1,304,190,304
3160,lstm,6,test,340,root-0/task6--ep45--succ0.pkl,6,45,1,0,520,190,520
3161,lstm,6,test,341,root-0/task6--ep46--succ1.pkl,6,46,0,1,230,190,230
3162,lstm,6,test,342,root-0/task6--ep47--succ0.pkl,6,47,1,0,520,190,520
3163,lstm,6,test,343,root-0/task6--ep48--succ0.pkl,6,48,1,0,520,190,520
3164,lstm,6,test,344,root-0/task6--ep49--succ1.pkl,6,49,0,1,263,190,263
3165,lstm,6,test,345,root-0/task6--ep5--succ1.pkl,6,5,0,1,260,190,260
3166,lstm,6,test,346,root-0/task6--ep6--succ0.pkl,6,6,1,0,520,190,520
3167,lstm,6,test,347,root-0/task6--ep7--succ1.pkl,6,7,0,1,268,190,268
3168,lstm,6,test,348,root-0/task6--ep8--succ1.pkl,6,8,0,1,278,190,278
3169,lstm,6,test,349,root-0/task6--ep9--succ0.pkl,6,9,1,0,520,190,520
3170,lstm,6,test,800,root-1/task6--ep0--succ1.pkl,6,0,0,1,289,190,289
3171,lstm,6,test,801,root-1/task6--ep1--succ1.pkl,6,1,0,1,242,190,242
3172,lstm,6,test,802,root-1/task6--ep10--succ0.pkl,6,10,1,0,520,190,520
3173,lstm,6,test,803,root-1/task6--ep11--succ1.pkl,6,11,0,1,489,190,489
3174,lstm,6,test,804,root-1/task6--ep12--succ0.pkl,6,12,1,0,520,190,520
3175,lstm,6,test,805,root-1/task6--ep13--succ0.pkl,6,13,1,0,520,190,520
3176,lstm,6,test,806,root-1/task6--ep14--succ0.pkl,6,14,1,0,520,190,520
3177,lstm,6,test,807,root-1/task6--ep15--succ0.pkl,6,15,1,0,520,190,520
3178,lstm,6,test,808,root-1/task6--ep16--succ1.pkl,6,16,0,1,264,190,264
3179,lstm,6,test,809,root-1/task6--ep17--succ0.pkl,6,17,1,0,520,190,520
3180,lstm,6,test,810,root-1/task6--ep18--succ0.pkl,6,18,1,0,520,190,520
3181,lstm,6,test,811,root-1/task6--ep19--succ1.pkl,6,19,0,1,216,190,216
3182,lstm,6,test,812,root-1/task6--ep2--succ0.pkl,6,2,1,0,520,190,520
3183,lstm,6,test,813,root-1/task6--ep20--succ0.pkl,6,20,1,0,520,190,520
3184,lstm,6,test,814,root-1/task6--ep21--succ0.pkl,6,21,1,0,520,190,520
3185,lstm,6,test,815,root-1/task6--ep22--succ1.pkl,6,22,0,1,244,190,244
3186,lstm,6,test,816,root-1/task6--ep23--succ1.pkl,6,23,0,1,190,190,190
3187,lstm,6,test,817,root-1/task6--ep24--succ1.pkl,6,24,0,1,331,190,331
3188,lstm,6,test,818,root-1/task6--ep25--succ0.pkl,6,25,1,0,520,190,520
3189,lstm,6,test,819,root-1/task6--ep26--succ0.pkl,6,26,1,0,520,190,520
3190,lstm,6,test,820,root-1/task6--ep27--succ1.pkl,6,27,0,1,199,190,199
3191,lstm,6,test,821,root-1/task6--ep28--succ1.pkl,6,28,0,1,239,190,239
3192,lstm,6,test,822,root-1/task6--ep29--succ0.pkl,6,29,1,0,520,190,520
3193,lstm,6,test,823,root-1/task6--ep3--succ1.pkl,6,3,0,1,225,190,225
3194,lstm,6,test,824,root-1/task6--ep30--succ1.pkl,6,30,0,1,281,190,281
3195,lstm,6,test,825,root-1/task6--ep31--succ1.pkl,6,31,0,1,291,190,291
3196,lstm,6,test,826,root-1/task6--ep32--succ1.pkl,6,32,0,1,294,190,294
3197,lstm,6,test,827,root-1/task6--ep33--succ0.pkl,6,33,1,0,520,190,520
3198,lstm,6,test,828,root-1/task6--ep34--succ0.pkl,6,34,1,0,520,190,520
3199,lstm,6,test,829,root-1/task6--ep35--succ0.pkl,6,35,1,0,520,190,520
3200,lstm,6,test,830,root-1/task6--ep36--succ1.pkl,6,36,0,1,231,190,231
3201,lstm,6,test,831,root-1/task6--ep37--succ1.pkl,6,37,0,1,191,190,191
3202,lstm,6,test,832,root-1/task6--ep38--succ0.pkl,6,38,1,0,520,190,520
3203,lstm,6,test,833,root-1/task6--ep39--succ0.pkl,6,39,1,0,520,190,520
3204,lstm,6,test,834,root-1/task6--ep4--succ1.pkl,6,4,0,1,513,190,513
3205,lstm,6,test,835,root-1/task6--ep40--succ0.pkl,6,40,1,0,520,190,520
3206,lstm,6,test,836,root-1/task6--ep41--succ1.pkl,6,41,0,1,241,190,241
3207,lstm,6,test,837,root-1/task6--ep42--succ1.pkl,6,42,0,1,302,190,302
3208,lstm,6,test,838,root-1/task6--ep43--succ0.pkl,6,43,1,0,520,190,520
3209,lstm,6,test,839,root-1/task6--ep44--succ1.pkl,6,44,0,1,233,190,233
3210,lstm,6,test,840,root-1/task6--ep45--succ0.pkl,6,45,1,0,520,190,520
3211,lstm,6,test,841,root-1/task6--ep46--succ0.pkl,6,46,1,0,520,190,520
3212,lstm,6,test,842,root-1/task6--ep47--succ0.pkl,6,47,1,0,520,190,520
3213,lstm,6,test,843,root-1/task6--ep48--succ1.pkl,6,48,0,1,233,190,233
3214,lstm,6,test,844,root-1/task6--ep49--succ1.pkl,6,49,0,1,474,190,474
3215,lstm,6,test,845,root-1/task6--ep5--succ1.pkl,6,5,0,1,323,190,323
3216,lstm,6,test,846,root-1/task6--ep6--succ0.pkl,6,6,1,0,520,190,520
3217,lstm,6,test,847,root-1/task6--ep7--succ1.pkl,6,7,0,1,234,190,234
3218,lstm,6,test,848,root-1/task6--ep8--succ1.pkl,6,8,0,1,296,190,296
3219,lstm,6,test,849,root-1/task6--ep9--succ1.pkl,6,9,0,1,218,190,218
3220,lstm,7,val,8,root-0/task0--ep16--succ0.pkl,0,16,1,0,520,230,520
3221,lstm,7,val,9,root-0/task0--ep17--succ1.pkl,0,17,0,1,321,230,321
3222,lstm,7,val,10,root-0/task0--ep18--succ1.pkl,0,18,0,1,303,230,303
3223,lstm,7,val,11,root-0/task0--ep19--succ1.pkl,0,19,0,1,304,230,304
3224,lstm,7,val,13,root-0/task0--ep20--succ0.pkl,0,20,1,0,520,230,520
3225,lstm,7,val,16,root-0/task0--ep23--succ1.pkl,0,23,0,1,414,230,414
3226,lstm,7,val,18,root-0/task0--ep25--succ0.pkl,0,25,1,0,520,230,520
3227,lstm,7,val,19,root-0/task0--ep26--succ0.pkl,0,26,1,0,520,230,520
3228,lstm,7,val,21,root-0/task0--ep28--succ0.pkl,0,28,1,0,520,230,520
3229,lstm,7,val,22,root-0/task0--ep29--succ1.pkl,0,29,0,1,257,230,257
3230,lstm,7,val,26,root-0/task0--ep32--succ1.pkl,0,32,0,1,321,230,321
3231,lstm,7,val,28,root-0/task0--ep34--succ1.pkl,0,34,0,1,252,230,252
3232,lstm,7,val,29,root-0/task0--ep35--succ1.pkl,0,35,0,1,278,230,278
3233,lstm,7,val,32,root-0/task0--ep38--succ0.pkl,0,38,1,0,520,230,520
3234,lstm,7,val,33,root-0/task0--ep39--succ1.pkl,0,39,0,1,360,230,360
3235,lstm,7,val,34,root-0/task0--ep4--succ0.pkl,0,4,1,0,520,230,520
3236,lstm,7,val,37,root-0/task0--ep42--succ0.pkl,0,42,1,0,520,230,520
3237,lstm,7,val,38,root-0/task0--ep43--succ1.pkl,0,43,0,1,357,230,357
3238,lstm,7,val,39,root-0/task0--ep44--succ1.pkl,0,44,0,1,481,230,481
3239,lstm,7,val,40,root-0/task0--ep45--succ1.pkl,0,45,0,1,375,230,375
3240,lstm,7,val,42,root-0/task0--ep47--succ1.pkl,0,47,0,1,283,230,283
3241,lstm,7,val,44,root-0/task0--ep49--succ1.pkl,0,49,0,1,321,230,321
3242,lstm,7,val,49,root-0/task0--ep9--succ1.pkl,0,9,0,1,291,230,291
3243,lstm,7,val,51,root-0/task1--ep1--succ1.pkl,1,1,0,1,253,218,253
3244,lstm,7,val,54,root-0/task1--ep12--succ1.pkl,1,12,0,1,238,218,238
3245,lstm,7,val,64,root-0/task1--ep21--succ0.pkl,1,21,1,0,520,218,520
3246,lstm,7,val,70,root-0/task1--ep27--succ0.pkl,1,27,1,0,520,218,520
3247,lstm,7,val,71,root-0/task1--ep28--succ1.pkl,1,28,0,1,270,218,270
3248,lstm,7,val,72,root-0/task1--ep29--succ1.pkl,1,29,0,1,236,218,236
3249,lstm,7,val,75,root-0/task1--ep31--succ1.pkl,1,31,0,1,232,218,232
3250,lstm,7,val,77,root-0/task1--ep33--succ1.pkl,1,33,0,1,224,218,224
3251,lstm,7,val,80,root-0/task1--ep36--succ0.pkl,1,36,1,0,520,218,520
3252,lstm,7,val,81,root-0/task1--ep37--succ1.pkl,1,37,0,1,286,218,286
3253,lstm,7,val,82,root-0/task1--ep38--succ1.pkl,1,38,0,1,249,218,249
3254,lstm,7,val,83,root-0/task1--ep39--succ1.pkl,1,39,0,1,316,218,316
3255,lstm,7,val,85,root-0/task1--ep40--succ1.pkl,1,40,0,1,225,218,225
3256,lstm,7,val,86,root-0/task1--ep41--succ1.pkl,1,41,0,1,396,218,396
3257,lstm,7,val,87,root-0/task1--ep42--succ1.pkl,1,42,0,1,243,218,243
3258,lstm,7,val,93,root-0/task1--ep48--succ0.pkl,1,48,1,0,520,218,520
3259,lstm,7,val,94,root-0/task1--ep49--succ1.pkl,1,49,0,1,265,218,265
3260,lstm,7,val,97,root-0/task1--ep7--succ1.pkl,1,7,0,1,225,218,225
3261,lstm,7,val,100,root-0/task2--ep0--succ1.pkl,2,0,0,1,258,211,258
3262,lstm,7,val,101,root-0/task2--ep1--succ1.pkl,2,1,0,1,285,211,285
3263,lstm,7,val,109,root-0/task2--ep17--succ1.pkl,2,17,0,1,242,211,242
3264,lstm,7,val,111,root-0/task2--ep19--succ1.pkl,2,19,0,1,227,211,227
3265,lstm,7,val,112,root-0/task2--ep2--succ0.pkl,2,2,1,0,520,211,520
3266,lstm,7,val,113,root-0/task2--ep20--succ0.pkl,2,20,1,0,520,211,520
3267,lstm,7,val,114,root-0/task2--ep21--succ1.pkl,2,21,0,1,320,211,320
3268,lstm,7,val,117,root-0/task2--ep24--succ0.pkl,2,24,1,0,520,211,520
3269,lstm,7,val,118,root-0/task2--ep25--succ1.pkl,2,25,0,1,251,211,251
3270,lstm,7,val,121,root-0/task2--ep28--succ1.pkl,2,28,0,1,304,211,304
3271,lstm,7,val,122,root-0/task2--ep29--succ0.pkl,2,29,1,0,520,211,520
3272,lstm,7,val,125,root-0/task2--ep31--succ0.pkl,2,31,1,0,520,211,520
3273,lstm,7,val,127,root-0/task2--ep33--succ0.pkl,2,33,1,0,520,211,520
3274,lstm,7,val,132,root-0/task2--ep38--succ1.pkl,2,38,0,1,295,211,295
3275,lstm,7,val,133,root-0/task2--ep39--succ0.pkl,2,39,1,0,520,211,520
3276,lstm,7,val,134,root-0/task2--ep4--succ1.pkl,2,4,0,1,225,211,225
3277,lstm,7,val,136,root-0/task2--ep41--succ0.pkl,2,41,1,0,520,211,520
3278,lstm,7,val,138,root-0/task2--ep43--succ1.pkl,2,43,0,1,342,211,342
3279,lstm,7,val,139,root-0/task2--ep44--succ0.pkl,2,44,1,0,520,211,520
3280,lstm,7,val,143,root-0/task2--ep48--succ0.pkl,2,48,1,0,520,211,520
3281,lstm,7,val,145,root-0/task2--ep5--succ0.pkl,2,5,1,0,520,211,520
3282,lstm,7,val,147,root-0/task2--ep7--succ0.pkl,2,7,1,0,520,211,520
3283,lstm,7,val,148,root-0/task2--ep8--succ1.pkl,2,8,0,1,316,211,316
3284,lstm,7,val,151,root-0/task3--ep1--succ0.pkl,3,1,1,0,520,187,520
3285,lstm,7,val,154,root-0/task3--ep12--succ1.pkl,3,12,0,1,360,187,360
3286,lstm,7,val,156,root-0/task3--ep14--succ0.pkl,3,14,1,0,520,187,520
3287,lstm,7,val,159,root-0/task3--ep17--succ1.pkl,3,17,0,1,218,187,218
3288,lstm,7,val,161,root-0/task3--ep19--succ0.pkl,3,19,1,0,520,187,520
3289,lstm,7,val,163,root-0/task3--ep20--succ1.pkl,3,20,0,1,245,187,245
3290,lstm,7,val,164,root-0/task3--ep21--succ0.pkl,3,21,1,0,520,187,520
3291,lstm,7,val,165,root-0/task3--ep22--succ0.pkl,3,22,1,0,520,187,520
3292,lstm,7,val,167,root-0/task3--ep24--succ1.pkl,3,24,0,1,277,187,277
3293,lstm,7,val,172,root-0/task3--ep29--succ0.pkl,3,29,1,0,520,187,520
3294,lstm,7,val,177,root-0/task3--ep33--succ0.pkl,3,33,1,0,520,187,520
3295,lstm,7,val,178,root-0/task3--ep34--succ0.pkl,3,34,1,0,520,187,520
3296,lstm,7,val,183,root-0/task3--ep39--succ1.pkl,3,39,0,1,196,187,196
3297,lstm,7,val,184,root-0/task3--ep4--succ1.pkl,3,4,0,1,453,187,453
3298,lstm,7,val,185,root-0/task3--ep40--succ0.pkl,3,40,1,0,520,187,520
3299,lstm,7,val,186,root-0/task3--ep41--succ1.pkl,3,41,0,1,256,187,256
3300,lstm,7,val,187,root-0/task3--ep42--succ0.pkl,3,42,1,0,520,187,520
3301,lstm,7,val,188,root-0/task3--ep43--succ0.pkl,3,43,1,0,520,187,520
3302,lstm,7,val,191,root-0/task3--ep46--succ0.pkl,3,46,1,0,520,187,520
3303,lstm,7,val,195,root-0/task3--ep5--succ0.pkl,3,5,1,0,520,187,520
3304,lstm,7,val,196,root-0/task3--ep6--succ0.pkl,3,6,1,0,520,187,520
3305,lstm,7,val,197,root-0/task3--ep7--succ1.pkl,3,7,0,1,195,187,195
3306,lstm,7,val,201,root-0/task4--ep1--succ0.pkl,4,1,1,0,520,209,520
3307,lstm,7,val,203,root-0/task4--ep11--succ0.pkl,4,11,1,0,520,209,520
3308,lstm,7,val,217,root-0/task4--ep24--succ1.pkl,4,24,0,1,294,209,294
3309,lstm,7,val,219,root-0/task4--ep26--succ0.pkl,4,26,1,0,520,209,520
3310,lstm,7,val,221,root-0/task4--ep28--succ1.pkl,4,28,0,1,233,209,233
3311,lstm,7,val,223,root-0/task4--ep3--succ1.pkl,4,3,0,1,235,209,235
3312,lstm,7,val,225,root-0/task4--ep31--succ1.pkl,4,31,0,1,241,209,241
3313,lstm,7,val,227,root-0/task4--ep33--succ1.pkl,4,33,0,1,241,209,241
3314,lstm,7,val,228,root-0/task4--ep34--succ1.pkl,4,34,0,1,246,209,246
3315,lstm,7,val,233,root-0/task4--ep39--succ1.pkl,4,39,0,1,219,209,219
3316,lstm,7,val,235,root-0/task4--ep40--succ0.pkl,4,40,1,0,520,209,520
3317,lstm,7,val,239,root-0/task4--ep44--succ1.pkl,4,44,0,1,238,209,238
3318,lstm,7,val,241,root-0/task4--ep46--succ0.pkl,4,46,1,0,520,209,520
3319,lstm,7,val,249,root-0/task4--ep9--succ1.pkl,4,9,0,1,220,209,220
3320,lstm,7,val,250,root-0/task5--ep0--succ1.pkl,5,0,0,1,161,148,161
3321,lstm,7,val,253,root-0/task5--ep11--succ1.pkl,5,11,0,1,160,148,160
3322,lstm,7,val,258,root-0/task5--ep16--succ1.pkl,5,16,0,1,327,148,327
3323,lstm,7,val,264,root-0/task5--ep21--succ1.pkl,5,21,0,1,184,148,184
3324,lstm,7,val,265,root-0/task5--ep22--succ0.pkl,5,22,1,0,520,148,520
3325,lstm,7,val,267,root-0/task5--ep24--succ1.pkl,5,24,0,1,172,148,172
3326,lstm,7,val,268,root-0/task5--ep25--succ1.pkl,5,25,0,1,207,148,207
3327,lstm,7,val,269,root-0/task5--ep26--succ1.pkl,5,26,0,1,187,148,187
3328,lstm,7,val,270,root-0/task5--ep27--succ1.pkl,5,27,0,1,261,148,261
3329,lstm,7,val,271,root-0/task5--ep28--succ0.pkl,5,28,1,0,520,148,520
3330,lstm,7,val,273,root-0/task5--ep3--succ1.pkl,5,3,0,1,233,148,233
3331,lstm,7,val,274,root-0/task5--ep30--succ1.pkl,5,30,0,1,186,148,186
3332,lstm,7,val,276,root-0/task5--ep32--succ1.pkl,5,32,0,1,183,148,183
3333,lstm,7,val,280,root-0/task5--ep36--succ1.pkl,5,36,0,1,231,148,231
3334,lstm,7,val,284,root-0/task5--ep4--succ1.pkl,5,4,0,1,194,148,194
3335,lstm,7,val,287,root-0/task5--ep42--succ1.pkl,5,42,0,1,231,148,231
3336,lstm,7,val,296,root-0/task5--ep6--succ1.pkl,5,6,0,1,197,148,197
3337,lstm,7,val,298,root-0/task5--ep8--succ1.pkl,5,8,0,1,154,148,154
3338,lstm,7,val,299,root-0/task5--ep9--succ1.pkl,5,9,0,1,334,148,334
3339,lstm,7,val,303,root-0/task6--ep11--succ0.pkl,6,11,1,0,520,190,520
3340,lstm,7,val,307,root-0/task6--ep15--succ1.pkl,6,15,0,1,249,190,249
3341,lstm,7,val,310,root-0/task6--ep18--succ0.pkl,6,18,1,0,520,190,520
3342,lstm,7,val,312,root-0/task6--ep2--succ1.pkl,6,2,0,1,210,190,210
3343,lstm,7,val,315,root-0/task6--ep22--succ1.pkl,6,22,0,1,237,190,237
3344,lstm,7,val,317,root-0/task6--ep24--succ1.pkl,6,24,0,1,245,190,245
3345,lstm,7,val,318,root-0/task6--ep25--succ1.pkl,6,25,0,1,240,190,240
3346,lstm,7,val,322,root-0/task6--ep29--succ1.pkl,6,29,0,1,236,190,236
3347,lstm,7,val,323,root-0/task6--ep3--succ1.pkl,6,3,0,1,193,190,193
3348,lstm,7,val,326,root-0/task6--ep32--succ0.pkl,6,32,1,0,520,190,520
3349,lstm,7,val,331,root-0/task6--ep37--succ1.pkl,6,37,0,1,251,190,251
3350,lstm,7,val,334,root-0/task6--ep4--succ1.pkl,6,4,0,1,218,190,218
3351,lstm,7,val,335,root-0/task6--ep40--succ0.pkl,6,40,1,0,520,190,520
3352,lstm,7,val,337,root-0/task6--ep42--succ0.pkl,6,42,1,0,520,190,520
3353,lstm,7,val,339,root-0/task6--ep44--succ1.pkl,6,44,0,1,304,190,304
3354,lstm,7,val,340,root-0/task6--ep45--succ0.pkl,6,45,1,0,520,190,520
3355,lstm,7,val,341,root-0/task6--ep46--succ1.pkl,6,46,0,1,230,190,230
3356,lstm,7,val,342,root-0/task6--ep47--succ0.pkl,6,47,1,0,520,190,520
3357,lstm,7,val,344,root-0/task6--ep49--succ1.pkl,6,49,0,1,263,190,263
3358,lstm,7,val,345,root-0/task6--ep5--succ1.pkl,6,5,0,1,260,190,260
3359,lstm,7,val,401,root-0/task8--ep1--succ1.pkl,8,1,0,1,448,315,448
3360,lstm,7,val,402,root-0/task8--ep10--succ0.pkl,8,10,1,0,520,315,520
3361,lstm,7,val,403,root-0/task8--ep11--succ1.pkl,8,11,0,1,486,315,486
3362,lstm,7,val,407,root-0/task8--ep15--succ1.pkl,8,15,0,1,347,315,347
3363,lstm,7,val,409,root-0/task8--ep17--succ1.pkl,8,17,0,1,509,315,509
3364,lstm,7,val,413,root-0/task8--ep20--succ0.pkl,8,20,1,0,520,315,520
3365,lstm,7,val,419,root-0/task8--ep26--succ1.pkl,8,26,0,1,427,315,427
3366,lstm,7,val,420,root-0/task8--ep27--succ0.pkl,8,27,1,0,520,315,520
3367,lstm,7,val,424,root-0/task8--ep30--succ1.pkl,8,30,0,1,417,315,417
3368,lstm,7,val,425,root-0/task8--ep31--succ0.pkl,8,31,1,0,520,315,520
3369,lstm,7,val,426,root-0/task8--ep32--succ0.pkl,8,32,1,0,520,315,520
3370,lstm,7,val,432,root-0/task8--ep38--succ0.pkl,8,38,1,0,520,315,520
3371,lstm,7,val,433,root-0/task8--ep39--succ0.pkl,8,39,1,0,520,315,520
3372,lstm,7,val,438,root-0/task8--ep43--succ0.pkl,8,43,1,0,520,315,520
3373,lstm,7,val,439,root-0/task8--ep44--succ1.pkl,8,44,0,1,315,315,315
3374,lstm,7,val,440,root-0/task8--ep45--succ0.pkl,8,45,1,0,520,315,520
3375,lstm,7,val,441,root-0/task8--ep46--succ0.pkl,8,46,1,0,520,315,520
3376,lstm,7,val,445,root-0/task8--ep5--succ0.pkl,8,5,1,0,520,315,520
3377,lstm,7,val,446,root-0/task8--ep6--succ0.pkl,8,6,1,0,520,315,520
3378,lstm,7,val,447,root-0/task8--ep7--succ0.pkl,8,7,1,0,520,315,520
3379,lstm,7,val,449,root-0/task8--ep9--succ1.pkl,8,9,0,1,504,315,504
3380,lstm,7,val,450,root-0/task9--ep0--succ0.pkl,9,0,1,0,520,241,520
3381,lstm,7,val,451,root-0/task9--ep1--succ0.pkl,9,1,1,0,520,241,520
3382,lstm,7,val,454,root-0/task9--ep12--succ0.pkl,9,12,1,0,520,241,520
3383,lstm,7,val,458,root-0/task9--ep16--succ0.pkl,9,16,1,0,520,241,520
3384,lstm,7,val,460,root-0/task9--ep18--succ1.pkl,9,18,0,1,372,241,372
3385,lstm,7,val,461,root-0/task9--ep19--succ1.pkl,9,19,0,1,427,241,427
3386,lstm,7,val,462,root-0/task9--ep2--succ1.pkl,9,2,0,1,300,241,300
3387,lstm,7,val,464,root-0/task9--ep21--succ1.pkl,9,21,0,1,300,241,300
3388,lstm,7,val,466,root-0/task9--ep23--succ0.pkl,9,23,1,0,520,241,520
3389,lstm,7,val,467,root-0/task9--ep24--succ0.pkl,9,24,1,0,520,241,520
3390,lstm,7,val,469,root-0/task9--ep26--succ0.pkl,9,26,1,0,520,241,520
3391,lstm,7,val,476,root-0/task9--ep32--succ0.pkl,9,32,1,0,520,241,520
3392,lstm,7,val,478,root-0/task9--ep34--succ0.pkl,9,34,1,0,520,241,520
3393,lstm,7,val,480,root-0/task9--ep36--succ0.pkl,9,36,1,0,520,241,520
3394,lstm,7,val,482,root-0/task9--ep38--succ0.pkl,9,38,1,0,520,241,520
3395,lstm,7,val,483,root-0/task9--ep39--succ0.pkl,9,39,1,0,520,241,520
3396,lstm,7,val,485,root-0/task9--ep40--succ0.pkl,9,40,1,0,520,241,520
3397,lstm,7,val,486,root-0/task9--ep41--succ1.pkl,9,41,0,1,316,241,316
3398,lstm,7,val,490,root-0/task9--ep45--succ0.pkl,9,45,1,0,520,241,520
3399,lstm,7,val,494,root-0/task9--ep49--succ1.pkl,9,49,0,1,344,241,344
3400,lstm,7,val,495,root-0/task9--ep5--succ1.pkl,9,5,0,1,312,241,312
3401,lstm,7,val,497,root-0/task9--ep7--succ0.pkl,9,7,1,0,520,241,520
3402,lstm,7,val,498,root-0/task9--ep8--succ1.pkl,9,8,0,1,307,241,307
3403,lstm,7,val,500,root-1/task0--ep0--succ0.pkl,0,0,1,0,520,230,520
3404,lstm,7,val,502,root-1/task0--ep10--succ1.pkl,0,10,0,1,290,230,290
3405,lstm,7,val,505,root-1/task0--ep13--succ1.pkl,0,13,0,1,278,230,278
3406,lstm,7,val,517,root-1/task0--ep24--succ0.pkl,0,24,1,0,520,230,520
3407,lstm,7,val,518,root-1/task0--ep25--succ1.pkl,0,25,0,1,295,230,295
3408,lstm,7,val,525,root-1/task0--ep31--succ1.pkl,0,31,0,1,295,230,295
3409,lstm,7,val,526,root-1/task0--ep32--succ0.pkl,0,32,1,0,520,230,520
3410,lstm,7,val,527,root-1/task0--ep33--succ1.pkl,0,33,0,1,357,230,357
3411,lstm,7,val,528,root-1/task0--ep34--succ1.pkl,0,34,0,1,371,230,371
3412,lstm,7,val,529,root-1/task0--ep35--succ1.pkl,0,35,0,1,392,230,392
3413,lstm,7,val,531,root-1/task0--ep37--succ1.pkl,0,37,0,1,333,230,333
3414,lstm,7,val,534,root-1/task0--ep4--succ0.pkl,0,4,1,0,520,230,520
3415,lstm,7,val,536,root-1/task0--ep41--succ1.pkl,0,41,0,1,348,230,348
3416,lstm,7,val,539,root-1/task0--ep44--succ1.pkl,0,44,0,1,423,230,423
3417,lstm,7,val,542,root-1/task0--ep47--succ1.pkl,0,47,0,1,315,230,315
3418,lstm,7,val,545,root-1/task0--ep5--succ0.pkl,0,5,1,0,520,230,520
3419,lstm,7,val,548,root-1/task0--ep8--succ1.pkl,0,8,0,1,341,230,341
3420,lstm,7,val,550,root-1/task1--ep0--succ1.pkl,1,0,0,1,249,218,249
3421,lstm,7,val,554,root-1/task1--ep12--succ1.pkl,1,12,0,1,262,218,262
3422,lstm,7,val,556,root-1/task1--ep14--succ0.pkl,1,14,1,0,520,218,520
3423,lstm,7,val,557,root-1/task1--ep15--succ1.pkl,1,15,0,1,257,218,257
3424,lstm,7,val,560,root-1/task1--ep18--succ1.pkl,1,18,0,1,242,218,242
3425,lstm,7,val,561,root-1/task1--ep19--succ1.pkl,1,19,0,1,248,218,248
3426,lstm,7,val,562,root-1/task1--ep2--succ1.pkl,1,2,0,1,235,218,235
3427,lstm,7,val,566,root-1/task1--ep23--succ0.pkl,1,23,1,0,520,218,520
3428,lstm,7,val,569,root-1/task1--ep26--succ1.pkl,1,26,0,1,225,218,225
3429,lstm,7,val,570,root-1/task1--ep27--succ0.pkl,1,27,1,0,520,218,520
3430,lstm,7,val,571,root-1/task1--ep28--succ1.pkl,1,28,0,1,228,218,228
3431,lstm,7,val,575,root-1/task1--ep31--succ1.pkl,1,31,0,1,280,218,280
3432,lstm,7,val,577,root-1/task1--ep33--succ0.pkl,1,33,1,0,520,218,520
3433,lstm,7,val,578,root-1/task1--ep34--succ0.pkl,1,34,1,0,520,218,520
3434,lstm,7,val,581,root-1/task1--ep37--succ1.pkl,1,37,0,1,236,218,236
3435,lstm,7,val,583,root-1/task1--ep39--succ0.pkl,1,39,1,0,520,218,520
3436,lstm,7,val,584,root-1/task1--ep4--succ1.pkl,1,4,0,1,305,218,305
3437,lstm,7,val,588,root-1/task1--ep43--succ0.pkl,1,43,1,0,520,218,520
3438,lstm,7,val,590,root-1/task1--ep45--succ1.pkl,1,45,0,1,302,218,302
3439,lstm,7,val,594,root-1/task1--ep49--succ1.pkl,1,49,0,1,267,218,267
3440,lstm,7,val,596,root-1/task1--ep6--succ0.pkl,1,6,1,0,520,218,520
3441,lstm,7,val,597,root-1/task1--ep7--succ1.pkl,1,7,0,1,283,218,283
3442,lstm,7,val,600,root-1/task2--ep0--succ0.pkl,2,0,1,0,520,211,520
3443,lstm,7,val,601,root-1/task2--ep1--succ1.pkl,2,1,0,1,298,211,298
3444,lstm,7,val,608,root-1/task2--ep16--succ1.pkl,2,16,0,1,265,211,265
3445,lstm,7,val,612,root-1/task2--ep2--succ1.pkl,2,2,0,1,253,211,253
3446,lstm,7,val,614,root-1/task2--ep21--succ1.pkl,2,21,0,1,260,211,260
3447,lstm,7,val,617,root-1/task2--ep24--succ0.pkl,2,24,1,0,520,211,520
3448,lstm,7,val,623,root-1/task2--ep3--succ0.pkl,2,3,1,0,520,211,520
3449,lstm,7,val,625,root-1/task2--ep31--succ1.pkl,2,31,0,1,277,211,277
3450,lstm,7,val,627,root-1/task2--ep33--succ0.pkl,2,33,1,0,520,211,520
3451,lstm,7,val,629,root-1/task2--ep35--succ1.pkl,2,35,0,1,377,211,377
3452,lstm,7,val,633,root-1/task2--ep39--succ1.pkl,2,39,0,1,439,211,439
3453,lstm,7,val,634,root-1/task2--ep4--succ1.pkl,2,4,0,1,224,211,224
3454,lstm,7,val,636,root-1/task2--ep41--succ0.pkl,2,41,1,0,520,211,520
3455,lstm,7,val,637,root-1/task2--ep42--succ0.pkl,2,42,1,0,520,211,520
3456,lstm,7,val,638,root-1/task2--ep43--succ0.pkl,2,43,1,0,520,211,520
3457,lstm,7,val,646,root-1/task2--ep6--succ0.pkl,2,6,1,0,520,211,520
3458,lstm,7,val,649,root-1/task2--ep9--succ0.pkl,2,9,1,0,520,211,520
3459,lstm,7,val,650,root-1/task3--ep0--succ1.pkl,3,0,0,1,298,187,298
3460,lstm,7,val,657,root-1/task3--ep15--succ1.pkl,3,15,0,1,244,187,244
3461,lstm,7,val,662,root-1/task3--ep2--succ0.pkl,3,2,1,0,520,187,520
3462,lstm,7,val,664,root-1/task3--ep21--succ0.pkl,3,21,1,0,520,187,520
3463,lstm,7,val,666,root-1/task3--ep23--succ1.pkl,3,23,0,1,236,187,236
3464,lstm,7,val,667,root-1/task3--ep24--succ0.pkl,3,24,1,0,520,187,520
3465,lstm,7,val,669,root-1/task3--ep26--succ1.pkl,3,26,0,1,232,187,232
3466,lstm,7,val,670,root-1/task3--ep27--succ0.pkl,3,27,1,0,520,187,520
3467,lstm,7,val,671,root-1/task3--ep28--succ1.pkl,3,28,0,1,263,187,263
3468,lstm,7,val,679,root-1/task3--ep35--succ0.pkl,3,35,1,0,520,187,520
3469,lstm,7,val,681,root-1/task3--ep37--succ1.pkl,3,37,0,1,260,187,260
3470,lstm,7,val,682,root-1/task3--ep38--succ0.pkl,3,38,1,0,520,187,520
3471,lstm,7,val,688,root-1/task3--ep43--succ1.pkl,3,43,0,1,248,187,248
3472,lstm,7,val,691,root-1/task3--ep46--succ0.pkl,3,46,1,0,520,187,520
3473,lstm,7,val,695,root-1/task3--ep5--succ0.pkl,3,5,1,0,520,187,520
3474,lstm,7,val,696,root-1/task3--ep6--succ0.pkl,3,6,1,0,520,187,520
3475,lstm,7,val,698,root-1/task3--ep8--succ0.pkl,3,8,1,0,520,187,520
3476,lstm,7,val,699,root-1/task3--ep9--succ0.pkl,3,9,1,0,520,187,520
3477,lstm,7,val,700,root-1/task4--ep0--succ0.pkl,4,0,1,0,520,209,520
3478,lstm,7,val,701,root-1/task4--ep1--succ0.pkl,4,1,1,0,520,209,520
3479,lstm,7,val,704,root-1/task4--ep12--succ1.pkl,4,12,0,1,263,209,263
3480,lstm,7,val,705,root-1/task4--ep13--succ0.pkl,4,13,1,0,520,209,520
3481,lstm,7,val,706,root-1/task4--ep14--succ1.pkl,4,14,0,1,247,209,247
3482,lstm,7,val,708,root-1/task4--ep16--succ0.pkl,4,16,1,0,520,209,520
3483,lstm,7,val,709,root-1/task4--ep17--succ1.pkl,4,17,0,1,273,209,273
3484,lstm,7,val,713,root-1/task4--ep20--succ1.pkl,4,20,0,1,209,209,209
3485,lstm,7,val,716,root-1/task4--ep23--succ0.pkl,4,23,1,0,520,209,520
3486,lstm,7,val,720,root-1/task4--ep27--succ1.pkl,4,27,0,1,231,209,231
3487,lstm,7,val,721,root-1/task4--ep28--succ0.pkl,4,28,1,0,520,209,520
3488,lstm,7,val,723,root-1/task4--ep3--succ1.pkl,4,3,0,1,243,209,243
3489,lstm,7,val,726,root-1/task4--ep32--succ1.pkl,4,32,0,1,511,209,511
3490,lstm,7,val,728,root-1/task4--ep34--succ0.pkl,4,34,1,0,520,209,520
3491,lstm,7,val,731,root-1/task4--ep37--succ0.pkl,4,37,1,0,520,209,520
3492,lstm,7,val,732,root-1/task4--ep38--succ1.pkl,4,38,0,1,217,209,217
3493,lstm,7,val,733,root-1/task4--ep39--succ0.pkl,4,39,1,0,520,209,520
3494,lstm,7,val,735,root-1/task4--ep40--succ0.pkl,4,40,1,0,520,209,520
3495,lstm,7,val,736,root-1/task4--ep41--succ0.pkl,4,41,1,0,520,209,520
3496,lstm,7,val,737,root-1/task4--ep42--succ0.pkl,4,42,1,0,520,209,520
3497,lstm,7,val,738,root-1/task4--ep43--succ0.pkl,4,43,1,0,520,209,520
3498,lstm,7,val,739,root-1/task4--ep44--succ1.pkl,4,44,0,1,233,209,233
3499,lstm,7,val,740,root-1/task4--ep45--succ0.pkl,4,45,1,0,520,209,520
3500,lstm,7,val,742,root-1/task4--ep47--succ0.pkl,4,47,1,0,520,209,520
3501,lstm,7,val,745,root-1/task4--ep5--succ1.pkl,4,5,0,1,341,209,341
3502,lstm,7,val,747,root-1/task4--ep7--succ0.pkl,4,7,1,0,520,209,520
3503,lstm,7,val,751,root-1/task5--ep1--succ1.pkl,5,1,0,1,178,148,178
3504,lstm,7,val,752,root-1/task5--ep10--succ1.pkl,5,10,0,1,242,148,242
3505,lstm,7,val,753,root-1/task5--ep11--succ1.pkl,5,11,0,1,282,148,282
3506,lstm,7,val,754,root-1/task5--ep12--succ1.pkl,5,12,0,1,159,148,159
3507,lstm,7,val,757,root-1/task5--ep15--succ1.pkl,5,15,0,1,202,148,202
3508,lstm,7,val,758,root-1/task5--ep16--succ1.pkl,5,16,0,1,170,148,170
3509,lstm,7,val,761,root-1/task5--ep19--succ0.pkl,5,19,1,0,520,148,520
3510,lstm,7,val,764,root-1/task5--ep21--succ1.pkl,5,21,0,1,177,148,177
3511,lstm,7,val,766,root-1/task5--ep23--succ1.pkl,5,23,0,1,197,148,197
3512,lstm,7,val,767,root-1/task5--ep24--succ1.pkl,5,24,0,1,174,148,174
3513,lstm,7,val,773,root-1/task5--ep3--succ1.pkl,5,3,0,1,173,148,173
3514,lstm,7,val,775,root-1/task5--ep31--succ1.pkl,5,31,0,1,207,148,207
3515,lstm,7,val,776,root-1/task5--ep32--succ1.pkl,5,32,0,1,189,148,189
3516,lstm,7,val,780,root-1/task5--ep36--succ0.pkl,5,36,1,0,520,148,520
3517,lstm,7,val,781,root-1/task5--ep37--succ1.pkl,5,37,0,1,174,148,174
3518,lstm,7,val,784,root-1/task5--ep4--succ1.pkl,5,4,0,1,266,148,266
3519,lstm,7,val,785,root-1/task5--ep40--succ1.pkl,5,40,0,1,196,148,196
3520,lstm,7,val,788,root-1/task5--ep43--succ1.pkl,5,43,0,1,211,148,211
3521,lstm,7,val,791,root-1/task5--ep46--succ0.pkl,5,46,1,0,520,148,520
3522,lstm,7,val,793,root-1/task5--ep48--succ1.pkl,5,48,0,1,190,148,190
3523,lstm,7,val,797,root-1/task5--ep7--succ1.pkl,5,7,0,1,205,148,205
3524,lstm,7,val,800,root-1/task6--ep0--succ1.pkl,6,0,0,1,289,190,289
3525,lstm,7,val,808,root-1/task6--ep16--succ1.pkl,6,16,0,1,264,190,264
3526,lstm,7,val,810,root-1/task6--ep18--succ0.pkl,6,18,1,0,520,190,520
3527,lstm,7,val,815,root-1/task6--ep22--succ1.pkl,6,22,0,1,244,190,244
3528,lstm,7,val,817,root-1/task6--ep24--succ1.pkl,6,24,0,1,331,190,331
3529,lstm,7,val,819,root-1/task6--ep26--succ0.pkl,6,26,1,0,520,190,520
3530,lstm,7,val,825,root-1/task6--ep31--succ1.pkl,6,31,0,1,291,190,291
3531,lstm,7,val,828,root-1/task6--ep34--succ0.pkl,6,34,1,0,520,190,520
3532,lstm,7,val,831,root-1/task6--ep37--succ1.pkl,6,37,0,1,191,190,191
3533,lstm,7,val,832,root-1/task6--ep38--succ0.pkl,6,38,1,0,520,190,520
3534,lstm,7,val,834,root-1/task6--ep4--succ1.pkl,6,4,0,1,513,190,513
3535,lstm,7,val,836,root-1/task6--ep41--succ1.pkl,6,41,0,1,241,190,241
3536,lstm,7,val,837,root-1/task6--ep42--succ1.pkl,6,42,0,1,302,190,302
3537,lstm,7,val,839,root-1/task6--ep44--succ1.pkl,6,44,0,1,233,190,233
3538,lstm,7,val,841,root-1/task6--ep46--succ0.pkl,6,46,1,0,520,190,520
3539,lstm,7,val,842,root-1/task6--ep47--succ0.pkl,6,47,1,0,520,190,520
3540,lstm,7,val,843,root-1/task6--ep48--succ1.pkl,6,48,0,1,233,190,233
3541,lstm,7,val,844,root-1/task6--ep49--succ1.pkl,6,49,0,1,474,190,474
3542,lstm,7,val,846,root-1/task6--ep6--succ0.pkl,6,6,1,0,520,190,520
3543,lstm,7,val,847,root-1/task6--ep7--succ1.pkl,6,7,0,1,234,190,234
3544,lstm,7,val,901,root-1/task8--ep1--succ1.pkl,8,1,0,1,391,315,391
3545,lstm,7,val,904,root-1/task8--ep12--succ0.pkl,8,12,1,0,520,315,520
3546,lstm,7,val,905,root-1/task8--ep13--succ0.pkl,8,13,1,0,520,315,520
3547,lstm,7,val,906,root-1/task8--ep14--succ0.pkl,8,14,1,0,520,315,520
3548,lstm,7,val,907,root-1/task8--ep15--succ0.pkl,8,15,1,0,520,315,520
3549,lstm,7,val,910,root-1/task8--ep18--succ0.pkl,8,18,1,0,520,315,520
3550,lstm,7,val,914,root-1/task8--ep21--succ0.pkl,8,21,1,0,520,315,520
3551,lstm,7,val,920,root-1/task8--ep27--succ0.pkl,8,27,1,0,520,315,520
3552,lstm,7,val,921,root-1/task8--ep28--succ0.pkl,8,28,1,0,520,315,520
3553,lstm,7,val,923,root-1/task8--ep3--succ0.pkl,8,3,1,0,520,315,520
3554,lstm,7,val,927,root-1/task8--ep33--succ0.pkl,8,33,1,0,520,315,520
3555,lstm,7,val,932,root-1/task8--ep38--succ0.pkl,8,38,1,0,520,315,520
3556,lstm,7,val,934,root-1/task8--ep4--succ0.pkl,8,4,1,0,520,315,520
3557,lstm,7,val,940,root-1/task8--ep45--succ1.pkl,8,45,0,1,490,315,490
3558,lstm,7,val,943,root-1/task8--ep48--succ0.pkl,8,48,1,0,520,315,520
3559,lstm,7,val,945,root-1/task8--ep5--succ0.pkl,8,5,1,0,520,315,520
3560,lstm,7,val,946,root-1/task8--ep6--succ1.pkl,8,6,0,1,440,315,440
3561,lstm,7,val,947,root-1/task8--ep7--succ0.pkl,8,7,1,0,520,315,520
3562,lstm,7,val,948,root-1/task8--ep8--succ0.pkl,8,8,1,0,520,315,520
3563,lstm,7,val,954,root-1/task9--ep12--succ0.pkl,9,12,1,0,520,241,520
3564,lstm,7,val,956,root-1/task9--ep14--succ0.pkl,9,14,1,0,520,241,520
3565,lstm,7,val,958,root-1/task9--ep16--succ0.pkl,9,16,1,0,520,241,520
3566,lstm,7,val,959,root-1/task9--ep17--succ1.pkl,9,17,0,1,349,241,349
3567,lstm,7,val,965,root-1/task9--ep22--succ1.pkl,9,22,0,1,312,241,312
3568,lstm,7,val,977,root-1/task9--ep33--succ1.pkl,9,33,0,1,247,241,247
3569,lstm,7,val,978,root-1/task9--ep34--succ0.pkl,9,34,1,0,520,241,520
3570,lstm,7,val,980,root-1/task9--ep36--succ1.pkl,9,36,0,1,359,241,359
3571,lstm,7,val,981,root-1/task9--ep37--succ1.pkl,9,37,0,1,413,241,413
3572,lstm,7,val,983,root-1/task9--ep39--succ0.pkl,9,39,1,0,520,241,520
3573,lstm,7,val,984,root-1/task9--ep4--succ0.pkl,9,4,1,0,520,241,520
3574,lstm,7,val,985,root-1/task9--ep40--succ1.pkl,9,40,0,1,389,241,389
3575,lstm,7,val,987,root-1/task9--ep42--succ0.pkl,9,42,1,0,520,241,520
3576,lstm,7,val,988,root-1/task9--ep43--succ0.pkl,9,43,1,0,520,241,520
3577,lstm,7,val,990,root-1/task9--ep45--succ0.pkl,9,45,1,0,520,241,520
3578,lstm,7,val,991,root-1/task9--ep46--succ0.pkl,9,46,1,0,520,241,520
3579,lstm,7,val,994,root-1/task9--ep49--succ0.pkl,9,49,1,0,520,241,520
3580,lstm,7,test,350,root-0/task7--ep0--succ1.pkl,7,0,0,1,229,210,229
3581,lstm,7,test,351,root-0/task7--ep1--succ0.pkl,7,1,1,0,520,210,520
3582,lstm,7,test,352,root-0/task7--ep10--succ1.pkl,7,10,0,1,245,210,245
3583,lstm,7,test,353,root-0/task7--ep11--succ0.pkl,7,11,1,0,520,210,520
3584,lstm,7,test,354,root-0/task7--ep12--succ0.pkl,7,12,1,0,520,210,520
3585,lstm,7,test,355,root-0/task7--ep13--succ0.pkl,7,13,1,0,520,210,520
3586,lstm,7,test,356,root-0/task7--ep14--succ1.pkl,7,14,0,1,270,210,270
3587,lstm,7,test,357,root-0/task7--ep15--succ1.pkl,7,15,0,1,227,210,227
3588,lstm,7,test,358,root-0/task7--ep16--succ1.pkl,7,16,0,1,271,210,271
3589,lstm,7,test,359,root-0/task7--ep17--succ0.pkl,7,17,1,0,520,210,520
3590,lstm,7,test,360,root-0/task7--ep18--succ1.pkl,7,18,0,1,210,210,210
3591,lstm,7,test,361,root-0/task7--ep19--succ1.pkl,7,19,0,1,252,210,252
3592,lstm,7,test,362,root-0/task7--ep2--succ1.pkl,7,2,0,1,332,210,332
3593,lstm,7,test,363,root-0/task7--ep20--succ1.pkl,7,20,0,1,259,210,259
3594,lstm,7,test,364,root-0/task7--ep21--succ0.pkl,7,21,1,0,520,210,520
3595,lstm,7,test,365,root-0/task7--ep22--succ0.pkl,7,22,1,0,520,210,520
3596,lstm,7,test,366,root-0/task7--ep23--succ1.pkl,7,23,0,1,376,210,376
3597,lstm,7,test,367,root-0/task7--ep24--succ1.pkl,7,24,0,1,231,210,231
3598,lstm,7,test,368,root-0/task7--ep25--succ1.pkl,7,25,0,1,301,210,301
3599,lstm,7,test,369,root-0/task7--ep26--succ0.pkl,7,26,1,0,520,210,520
3600,lstm,7,test,370,root-0/task7--ep27--succ1.pkl,7,27,0,1,240,210,240
3601,lstm,7,test,371,root-0/task7--ep28--succ1.pkl,7,28,0,1,354,210,354
3602,lstm,7,test,372,root-0/task7--ep29--succ0.pkl,7,29,1,0,520,210,520
3603,lstm,7,test,373,root-0/task7--ep3--succ1.pkl,7,3,0,1,362,210,362
3604,lstm,7,test,374,root-0/task7--ep30--succ0.pkl,7,30,1,0,520,210,520
3605,lstm,7,test,375,root-0/task7--ep31--succ1.pkl,7,31,0,1,294,210,294
3606,lstm,7,test,376,root-0/task7--ep32--succ1.pkl,7,32,0,1,239,210,239
3607,lstm,7,test,377,root-0/task7--ep33--succ0.pkl,7,33,1,0,520,210,520
3608,lstm,7,test,378,root-0/task7--ep34--succ0.pkl,7,34,1,0,520,210,520
3609,lstm,7,test,379,root-0/task7--ep35--succ0.pkl,7,35,1,0,520,210,520
3610,lstm,7,test,380,root-0/task7--ep36--succ1.pkl,7,36,0,1,253,210,253
3611,lstm,7,test,381,root-0/task7--ep37--succ1.pkl,7,37,0,1,267,210,267
3612,lstm,7,test,382,root-0/task7--ep38--succ0.pkl,7,38,1,0,520,210,520
3613,lstm,7,test,383,root-0/task7--ep39--succ1.pkl,7,39,0,1,236,210,236
3614,lstm,7,test,384,root-0/task7--ep4--succ0.pkl,7,4,1,0,520,210,520
3615,lstm,7,test,385,root-0/task7--ep40--succ1.pkl,7,40,0,1,341,210,341
3616,lstm,7,test,386,root-0/task7--ep41--succ1.pkl,7,41,0,1,273,210,273
3617,lstm,7,test,387,root-0/task7--ep42--succ1.pkl,7,42,0,1,267,210,267
3618,lstm,7,test,388,root-0/task7--ep43--succ0.pkl,7,43,1,0,520,210,520
3619,lstm,7,test,389,root-0/task7--ep44--succ0.pkl,7,44,1,0,520,210,520
3620,lstm,7,test,390,root-0/task7--ep45--succ1.pkl,7,45,0,1,260,210,260
3621,lstm,7,test,391,root-0/task7--ep46--succ0.pkl,7,46,1,0,520,210,520
3622,lstm,7,test,392,root-0/task7--ep47--succ1.pkl,7,47,0,1,300,210,300
3623,lstm,7,test,393,root-0/task7--ep48--succ1.pkl,7,48,0,1,381,210,381
3624,lstm,7,test,394,root-0/task7--ep49--succ1.pkl,7,49,0,1,369,210,369
3625,lstm,7,test,395,root-0/task7--ep5--succ0.pkl,7,5,1,0,520,210,520
3626,lstm,7,test,396,root-0/task7--ep6--succ1.pkl,7,6,0,1,290,210,290
3627,lstm,7,test,397,root-0/task7--ep7--succ1.pkl,7,7,0,1,232,210,232
3628,lstm,7,test,398,root-0/task7--ep8--succ0.pkl,7,8,1,0,520,210,520
3629,lstm,7,test,399,root-0/task7--ep9--succ1.pkl,7,9,0,1,271,210,271
3630,lstm,7,test,850,root-1/task7--ep0--succ1.pkl,7,0,0,1,246,210,246
3631,lstm,7,test,851,root-1/task7--ep1--succ0.pkl,7,1,1,0,520,210,520
3632,lstm,7,test,852,root-1/task7--ep10--succ1.pkl,7,10,0,1,295,210,295
3633,lstm,7,test,853,root-1/task7--ep11--succ0.pkl,7,11,1,0,520,210,520
3634,lstm,7,test,854,root-1/task7--ep12--succ1.pkl,7,12,0,1,335,210,335
3635,lstm,7,test,855,root-1/task7--ep13--succ0.pkl,7,13,1,0,520,210,520
3636,lstm,7,test,856,root-1/task7--ep14--succ1.pkl,7,14,0,1,237,210,237
3637,lstm,7,test,857,root-1/task7--ep15--succ1.pkl,7,15,0,1,290,210,290
3638,lstm,7,test,858,root-1/task7--ep16--succ1.pkl,7,16,0,1,281,210,281
3639,lstm,7,test,859,root-1/task7--ep17--succ0.pkl,7,17,1,0,520,210,520
3640,lstm,7,test,860,root-1/task7--ep18--succ1.pkl,7,18,0,1,232,210,232
3641,lstm,7,test,861,root-1/task7--ep19--succ1.pkl,7,19,0,1,249,210,249
3642,lstm,7,test,862,root-1/task7--ep2--succ0.pkl,7,2,1,0,520,210,520
3643,lstm,7,test,863,root-1/task7--ep20--succ1.pkl,7,20,0,1,271,210,271
3644,lstm,7,test,864,root-1/task7--ep21--succ1.pkl,7,21,0,1,247,210,247
3645,lstm,7,test,865,root-1/task7--ep22--succ1.pkl,7,22,0,1,280,210,280
3646,lstm,7,test,866,root-1/task7--ep23--succ0.pkl,7,23,1,0,520,210,520
3647,lstm,7,test,867,root-1/task7--ep24--succ0.pkl,7,24,1,0,520,210,520
3648,lstm,7,test,868,root-1/task7--ep25--succ1.pkl,7,25,0,1,354,210,354
3649,lstm,7,test,869,root-1/task7--ep26--succ0.pkl,7,26,1,0,520,210,520
3650,lstm,7,test,870,root-1/task7--ep27--succ1.pkl,7,27,0,1,249,210,249
3651,lstm,7,test,871,root-1/task7--ep28--succ1.pkl,7,28,0,1,316,210,316
3652,lstm,7,test,872,root-1/task7--ep29--succ1.pkl,7,29,0,1,252,210,252
3653,lstm,7,test,873,root-1/task7--ep3--succ0.pkl,7,3,1,0,520,210,520
3654,lstm,7,test,874,root-1/task7--ep30--succ1.pkl,7,30,0,1,251,210,251
3655,lstm,7,test,875,root-1/task7--ep31--succ1.pkl,7,31,0,1,500,210,500
3656,lstm,7,test,876,root-1/task7--ep32--succ1.pkl,7,32,0,1,259,210,259
3657,lstm,7,test,877,root-1/task7--ep33--succ0.pkl,7,33,1,0,520,210,520
3658,lstm,7,test,878,root-1/task7--ep34--succ0.pkl,7,34,1,0,520,210,520
3659,lstm,7,test,879,root-1/task7--ep35--succ1.pkl,7,35,0,1,297,210,297
3660,lstm,7,test,880,root-1/task7--ep36--succ1.pkl,7,36,0,1,212,210,212
3661,lstm,7,test,881,root-1/task7--ep37--succ1.pkl,7,37,0,1,230,210,230
3662,lstm,7,test,882,root-1/task7--ep38--succ1.pkl,7,38,0,1,331,210,331
3663,lstm,7,test,883,root-1/task7--ep39--succ1.pkl,7,39,0,1,289,210,289
3664,lstm,7,test,884,root-1/task7--ep4--succ0.pkl,7,4,1,0,520,210,520
3665,lstm,7,test,885,root-1/task7--ep40--succ1.pkl,7,40,0,1,214,210,214
3666,lstm,7,test,886,root-1/task7--ep41--succ0.pkl,7,41,1,0,520,210,520
3667,lstm,7,test,887,root-1/task7--ep42--succ1.pkl,7,42,0,1,253,210,253
3668,lstm,7,test,888,root-1/task7--ep43--succ0.pkl,7,43,1,0,520,210,520
3669,lstm,7,test,889,root-1/task7--ep44--succ1.pkl,7,44,0,1,246,210,246
3670,lstm,7,test,890,root-1/task7--ep45--succ1.pkl,7,45,0,1,264,210,264
3671,lstm,7,test,891,root-1/task7--ep46--succ1.pkl,7,46,0,1,257,210,257
3672,lstm,7,test,892,root-1/task7--ep47--succ1.pkl,7,47,0,1,246,210,246
3673,lstm,7,test,893,root-1/task7--ep48--succ1.pkl,7,48,0,1,290,210,290
3674,lstm,7,test,894,root-1/task7--ep49--succ0.pkl,7,49,1,0,520,210,520
3675,lstm,7,test,895,root-1/task7--ep5--succ0.pkl,7,5,1,0,520,210,520
3676,lstm,7,test,896,root-1/task7--ep6--succ1.pkl,7,6,0,1,369,210,369
3677,lstm,7,test,897,root-1/task7--ep7--succ1.pkl,7,7,0,1,246,210,246
3678,lstm,7,test,898,root-1/task7--ep8--succ0.pkl,7,8,1,0,520,210,520
3679,lstm,7,test,899,root-1/task7--ep9--succ1.pkl,7,9,0,1,252,210,252
3680,lstm,8,val,8,root-0/task0--ep16--succ0.pkl,0,16,1,0,520,230,520
3681,lstm,8,val,9,root-0/task0--ep17--succ1.pkl,0,17,0,1,321,230,321
3682,lstm,8,val,10,root-0/task0--ep18--succ1.pkl,0,18,0,1,303,230,303
3683,lstm,8,val,11,root-0/task0--ep19--succ1.pkl,0,19,0,1,304,230,304
3684,lstm,8,val,13,root-0/task0--ep20--succ0.pkl,0,20,1,0,520,230,520
3685,lstm,8,val,16,root-0/task0--ep23--succ1.pkl,0,23,0,1,414,230,414
3686,lstm,8,val,18,root-0/task0--ep25--succ0.pkl,0,25,1,0,520,230,520
3687,lstm,8,val,19,root-0/task0--ep26--succ0.pkl,0,26,1,0,520,230,520
3688,lstm,8,val,21,root-0/task0--ep28--succ0.pkl,0,28,1,0,520,230,520
3689,lstm,8,val,22,root-0/task0--ep29--succ1.pkl,0,29,0,1,257,230,257
3690,lstm,8,val,26,root-0/task0--ep32--succ1.pkl,0,32,0,1,321,230,321
3691,lstm,8,val,28,root-0/task0--ep34--succ1.pkl,0,34,0,1,252,230,252
3692,lstm,8,val,29,root-0/task0--ep35--succ1.pkl,0,35,0,1,278,230,278
3693,lstm,8,val,32,root-0/task0--ep38--succ0.pkl,0,38,1,0,520,230,520
3694,lstm,8,val,33,root-0/task0--ep39--succ1.pkl,0,39,0,1,360,230,360
3695,lstm,8,val,34,root-0/task0--ep4--succ0.pkl,0,4,1,0,520,230,520
3696,lstm,8,val,37,root-0/task0--ep42--succ0.pkl,0,42,1,0,520,230,520
3697,lstm,8,val,38,root-0/task0--ep43--succ1.pkl,0,43,0,1,357,230,357
3698,lstm,8,val,39,root-0/task0--ep44--succ1.pkl,0,44,0,1,481,230,481
3699,lstm,8,val,40,root-0/task0--ep45--succ1.pkl,0,45,0,1,375,230,375
3700,lstm,8,val,42,root-0/task0--ep47--succ1.pkl,0,47,0,1,283,230,283
3701,lstm,8,val,44,root-0/task0--ep49--succ1.pkl,0,49,0,1,321,230,321
3702,lstm,8,val,49,root-0/task0--ep9--succ1.pkl,0,9,0,1,291,230,291
3703,lstm,8,val,50,root-0/task1--ep0--succ1.pkl,1,0,0,1,268,218,268
3704,lstm,8,val,51,root-0/task1--ep1--succ1.pkl,1,1,0,1,253,218,253
3705,lstm,8,val,54,root-0/task1--ep12--succ1.pkl,1,12,0,1,238,218,238
3706,lstm,8,val,58,root-0/task1--ep16--succ1.pkl,1,16,0,1,248,218,248
3707,lstm,8,val,60,root-0/task1--ep18--succ1.pkl,1,18,0,1,246,218,246
3708,lstm,8,val,61,root-0/task1--ep19--succ1.pkl,1,19,0,1,251,218,251
3709,lstm,8,val,62,root-0/task1--ep2--succ1.pkl,1,2,0,1,322,218,322
3710,lstm,8,val,64,root-0/task1--ep21--succ0.pkl,1,21,1,0,520,218,520
3711,lstm,8,val,66,root-0/task1--ep23--succ0.pkl,1,23,1,0,520,218,520
3712,lstm,8,val,67,root-0/task1--ep24--succ1.pkl,1,24,0,1,233,218,233
3713,lstm,8,val,69,root-0/task1--ep26--succ1.pkl,1,26,0,1,218,218,218
3714,lstm,8,val,76,root-0/task1--ep32--succ0.pkl,1,32,1,0,520,218,520
3715,lstm,8,val,78,root-0/task1--ep34--succ0.pkl,1,34,1,0,520,218,520
3716,lstm,8,val,80,root-0/task1--ep36--succ0.pkl,1,36,1,0,520,218,520
3717,lstm,8,val,82,root-0/task1--ep38--succ1.pkl,1,38,0,1,249,218,249
3718,lstm,8,val,83,root-0/task1--ep39--succ1.pkl,1,39,0,1,316,218,316
3719,lstm,8,val,85,root-0/task1--ep40--succ1.pkl,1,40,0,1,225,218,225
3720,lstm,8,val,86,root-0/task1--ep41--succ1.pkl,1,41,0,1,396,218,396
3721,lstm,8,val,90,root-0/task1--ep45--succ1.pkl,1,45,0,1,334,218,334
3722,lstm,8,val,94,root-0/task1--ep49--succ1.pkl,1,49,0,1,265,218,265
3723,lstm,8,val,95,root-0/task1--ep5--succ1.pkl,1,5,0,1,281,218,281
3724,lstm,8,val,97,root-0/task1--ep7--succ1.pkl,1,7,0,1,225,218,225
3725,lstm,8,val,98,root-0/task1--ep8--succ1.pkl,1,8,0,1,260,218,260
3726,lstm,8,val,100,root-0/task2--ep0--succ1.pkl,2,0,0,1,258,211,258
3727,lstm,8,val,101,root-0/task2--ep1--succ1.pkl,2,1,0,1,285,211,285
3728,lstm,8,val,109,root-0/task2--ep17--succ1.pkl,2,17,0,1,242,211,242
3729,lstm,8,val,111,root-0/task2--ep19--succ1.pkl,2,19,0,1,227,211,227
3730,lstm,8,val,112,root-0/task2--ep2--succ0.pkl,2,2,1,0,520,211,520
3731,lstm,8,val,113,root-0/task2--ep20--succ0.pkl,2,20,1,0,520,211,520
3732,lstm,8,val,114,root-0/task2--ep21--succ1.pkl,2,21,0,1,320,211,320
3733,lstm,8,val,117,root-0/task2--ep24--succ0.pkl,2,24,1,0,520,211,520
3734,lstm,8,val,118,root-0/task2--ep25--succ1.pkl,2,25,0,1,251,211,251
3735,lstm,8,val,121,root-0/task2--ep28--succ1.pkl,2,28,0,1,304,211,304
3736,lstm,8,val,122,root-0/task2--ep29--succ0.pkl,2,29,1,0,520,211,520
3737,lstm,8,val,125,root-0/task2--ep31--succ0.pkl,2,31,1,0,520,211,520
3738,lstm,8,val,127,root-0/task2--ep33--succ0.pkl,2,33,1,0,520,211,520
3739,lstm,8,val,132,root-0/task2--ep38--succ1.pkl,2,38,0,1,295,211,295
3740,lstm,8,val,133,root-0/task2--ep39--succ0.pkl,2,39,1,0,520,211,520
3741,lstm,8,val,134,root-0/task2--ep4--succ1.pkl,2,4,0,1,225,211,225
3742,lstm,8,val,136,root-0/task2--ep41--succ0.pkl,2,41,1,0,520,211,520
3743,lstm,8,val,138,root-0/task2--ep43--succ1.pkl,2,43,0,1,342,211,342
3744,lstm,8,val,139,root-0/task2--ep44--succ0.pkl,2,44,1,0,520,211,520
3745,lstm,8,val,143,root-0/task2--ep48--succ0.pkl,2,48,1,0,520,211,520
3746,lstm,8,val,145,root-0/task2--ep5--succ0.pkl,2,5,1,0,520,211,520
3747,lstm,8,val,147,root-0/task2--ep7--succ0.pkl,2,7,1,0,520,211,520
3748,lstm,8,val,148,root-0/task2--ep8--succ1.pkl,2,8,0,1,316,211,316
3749,lstm,8,val,151,root-0/task3--ep1--succ0.pkl,3,1,1,0,520,187,520
3750,lstm,8,val,154,root-0/task3--ep12--succ1.pkl,3,12,0,1,360,187,360
3751,lstm,8,val,156,root-0/task3--ep14--succ0.pkl,3,14,1,0,520,187,520
3752,lstm,8,val,159,root-0/task3--ep17--succ1.pkl,3,17,0,1,218,187,218
3753,lstm,8,val,161,root-0/task3--ep19--succ0.pkl,3,19,1,0,520,187,520
3754,lstm,8,val,163,root-0/task3--ep20--succ1.pkl,3,20,0,1,245,187,245
3755,lstm,8,val,164,root-0/task3--ep21--succ0.pkl,3,21,1,0,520,187,520
3756,lstm,8,val,165,root-0/task3--ep22--succ0.pkl,3,22,1,0,520,187,520
3757,lstm,8,val,167,root-0/task3--ep24--succ1.pkl,3,24,0,1,277,187,277
3758,lstm,8,val,172,root-0/task3--ep29--succ0.pkl,3,29,1,0,520,187,520
3759,lstm,8,val,177,root-0/task3--ep33--succ0.pkl,3,33,1,0,520,187,520
3760,lstm,8,val,178,root-0/task3--ep34--succ0.pkl,3,34,1,0,520,187,520
3761,lstm,8,val,183,root-0/task3--ep39--succ1.pkl,3,39,0,1,196,187,196
3762,lstm,8,val,184,root-0/task3--ep4--succ1.pkl,3,4,0,1,453,187,453
3763,lstm,8,val,185,root-0/task3--ep40--succ0.pkl,3,40,1,0,520,187,520
3764,lstm,8,val,186,root-0/task3--ep41--succ1.pkl,3,41,0,1,256,187,256
3765,lstm,8,val,187,root-0/task3--ep42--succ0.pkl,3,42,1,0,520,187,520
3766,lstm,8,val,188,root-0/task3--ep43--succ0.pkl,3,43,1,0,520,187,520
3767,lstm,8,val,191,root-0/task3--ep46--succ0.pkl,3,46,1,0,520,187,520
3768,lstm,8,val,195,root-0/task3--ep5--succ0.pkl,3,5,1,0,520,187,520
3769,lstm,8,val,196,root-0/task3--ep6--succ0.pkl,3,6,1,0,520,187,520
3770,lstm,8,val,197,root-0/task3--ep7--succ1.pkl,3,7,0,1,195,187,195
3771,lstm,8,val,201,root-0/task4--ep1--succ0.pkl,4,1,1,0,520,209,520
3772,lstm,8,val,202,root-0/task4--ep10--succ0.pkl,4,10,1,0,520,209,520
3773,lstm,8,val,203,root-0/task4--ep11--succ0.pkl,4,11,1,0,520,209,520
3774,lstm,8,val,207,root-0/task4--ep15--succ0.pkl,4,15,1,0,520,209,520
3775,lstm,8,val,209,root-0/task4--ep17--succ0.pkl,4,17,1,0,520,209,520
3776,lstm,8,val,213,root-0/task4--ep20--succ0.pkl,4,20,1,0,520,209,520
3777,lstm,8,val,219,root-0/task4--ep26--succ0.pkl,4,26,1,0,520,209,520
3778,lstm,8,val,220,root-0/task4--ep27--succ0.pkl,4,27,1,0,520,209,520
3779,lstm,8,val,224,root-0/task4--ep30--succ0.pkl,4,30,1,0,520,209,520
3780,lstm,8,val,225,root-0/task4--ep31--succ1.pkl,4,31,0,1,241,209,241
3781,lstm,8,val,226,root-0/task4--ep32--succ1.pkl,4,32,0,1,219,209,219
3782,lstm,8,val,232,root-0/task4--ep38--succ1.pkl,4,38,0,1,507,209,507
3783,lstm,8,val,233,root-0/task4--ep39--succ1.pkl,4,39,0,1,219,209,219
3784,lstm,8,val,238,root-0/task4--ep43--succ1.pkl,4,43,0,1,413,209,413
3785,lstm,8,val,239,root-0/task4--ep44--succ1.pkl,4,44,0,1,238,209,238
3786,lstm,8,val,240,root-0/task4--ep45--succ0.pkl,4,45,1,0,520,209,520
3787,lstm,8,val,241,root-0/task4--ep46--succ0.pkl,4,46,1,0,520,209,520
3788,lstm,8,val,245,root-0/task4--ep5--succ1.pkl,4,5,0,1,268,209,268
3789,lstm,8,val,246,root-0/task4--ep6--succ0.pkl,4,6,1,0,520,209,520
3790,lstm,8,val,247,root-0/task4--ep7--succ0.pkl,4,7,1,0,520,209,520
3791,lstm,8,val,249,root-0/task4--ep9--succ1.pkl,4,9,0,1,220,209,220
3792,lstm,8,val,250,root-0/task5--ep0--succ1.pkl,5,0,0,1,161,148,161
3793,lstm,8,val,253,root-0/task5--ep11--succ1.pkl,5,11,0,1,160,148,160
3794,lstm,8,val,258,root-0/task5--ep16--succ1.pkl,5,16,0,1,327,148,327
3795,lstm,8,val,264,root-0/task5--ep21--succ1.pkl,5,21,0,1,184,148,184
3796,lstm,8,val,265,root-0/task5--ep22--succ0.pkl,5,22,1,0,520,148,520
3797,lstm,8,val,267,root-0/task5--ep24--succ1.pkl,5,24,0,1,172,148,172
3798,lstm,8,val,268,root-0/task5--ep25--succ1.pkl,5,25,0,1,207,148,207
3799,lstm,8,val,269,root-0/task5--ep26--succ1.pkl,5,26,0,1,187,148,187
3800,lstm,8,val,270,root-0/task5--ep27--succ1.pkl,5,27,0,1,261,148,261
3801,lstm,8,val,271,root-0/task5--ep28--succ0.pkl,5,28,1,0,520,148,520
3802,lstm,8,val,273,root-0/task5--ep3--succ1.pkl,5,3,0,1,233,148,233
3803,lstm,8,val,274,root-0/task5--ep30--succ1.pkl,5,30,0,1,186,148,186
3804,lstm,8,val,276,root-0/task5--ep32--succ1.pkl,5,32,0,1,183,148,183
3805,lstm,8,val,280,root-0/task5--ep36--succ1.pkl,5,36,0,1,231,148,231
3806,lstm,8,val,284,root-0/task5--ep4--succ1.pkl,5,4,0,1,194,148,194
3807,lstm,8,val,287,root-0/task5--ep42--succ1.pkl,5,42,0,1,231,148,231
3808,lstm,8,val,296,root-0/task5--ep6--succ1.pkl,5,6,0,1,197,148,197
3809,lstm,8,val,298,root-0/task5--ep8--succ1.pkl,5,8,0,1,154,148,154
3810,lstm,8,val,299,root-0/task5--ep9--succ1.pkl,5,9,0,1,334,148,334
3811,lstm,8,val,301,root-0/task6--ep1--succ1.pkl,6,1,0,1,256,190,256
3812,lstm,8,val,304,root-0/task6--ep12--succ1.pkl,6,12,0,1,254,190,254
3813,lstm,8,val,314,root-0/task6--ep21--succ0.pkl,6,21,1,0,520,190,520
3814,lstm,8,val,320,root-0/task6--ep27--succ1.pkl,6,27,0,1,247,190,247
3815,lstm,8,val,321,root-0/task6--ep28--succ0.pkl,6,28,1,0,520,190,520
3816,lstm,8,val,322,root-0/task6--ep29--succ1.pkl,6,29,0,1,236,190,236
3817,lstm,8,val,325,root-0/task6--ep31--succ1.pkl,6,31,0,1,229,190,229
3818,lstm,8,val,327,root-0/task6--ep33--succ1.pkl,6,33,0,1,216,190,216
3819,lstm,8,val,330,root-0/task6--ep36--succ0.pkl,6,36,1,0,520,190,520
3820,lstm,8,val,331,root-0/task6--ep37--succ1.pkl,6,37,0,1,251,190,251
3821,lstm,8,val,332,root-0/task6--ep38--succ1.pkl,6,38,0,1,315,190,315
3822,lstm,8,val,333,root-0/task6--ep39--succ0.pkl,6,39,1,0,520,190,520
3823,lstm,8,val,335,root-0/task6--ep40--succ0.pkl,6,40,1,0,520,190,520
3824,lstm,8,val,336,root-0/task6--ep41--succ1.pkl,6,41,0,1,387,190,387
3825,lstm,8,val,337,root-0/task6--ep42--succ0.pkl,6,42,1,0,520,190,520
3826,lstm,8,val,343,root-0/task6--ep48--succ0.pkl,6,48,1,0,520,190,520
3827,lstm,8,val,344,root-0/task6--ep49--succ1.pkl,6,49,0,1,263,190,263
3828,lstm,8,val,347,root-0/task6--ep7--succ1.pkl,6,7,0,1,268,190,268
3829,lstm,8,val,353,root-0/task7--ep11--succ0.pkl,7,11,1,0,520,210,520
3830,lstm,8,val,357,root-0/task7--ep15--succ1.pkl,7,15,0,1,227,210,227
3831,lstm,8,val,360,root-0/task7--ep18--succ1.pkl,7,18,0,1,210,210,210
3832,lstm,8,val,362,root-0/task7--ep2--succ1.pkl,7,2,0,1,332,210,332
3833,lstm,8,val,365,root-0/task7--ep22--succ0.pkl,7,22,1,0,520,210,520
3834,lstm,8,val,367,root-0/task7--ep24--succ1.pkl,7,24,0,1,231,210,231
3835,lstm,8,val,368,root-0/task7--ep25--succ1.pkl,7,25,0,1,301,210,301
3836,lstm,8,val,372,root-0/task7--ep29--succ0.pkl,7,29,1,0,520,210,520
3837,lstm,8,val,373,root-0/task7--ep3--succ1.pkl,7,3,0,1,362,210,362
3838,lstm,8,val,376,root-0/task7--ep32--succ1.pkl,7,32,0,1,239,210,239
3839,lstm,8,val,381,root-0/task7--ep37--succ1.pkl,7,37,0,1,267,210,267
3840,lstm,8,val,384,root-0/task7--ep4--succ0.pkl,7,4,1,0,520,210,520
3841,lstm,8,val,385,root-0/task7--ep40--succ1.pkl,7,40,0,1,341,210,341
3842,lstm,8,val,387,root-0/task7--ep42--succ1.pkl,7,42,0,1,267,210,267
3843,lstm,8,val,389,root-0/task7--ep44--succ0.pkl,7,44,1,0,520,210,520
3844,lstm,8,val,390,root-0/task7--ep45--succ1.pkl,7,45,0,1,260,210,260
3845,lstm,8,val,391,root-0/task7--ep46--succ0.pkl,7,46,1,0,520,210,520
3846,lstm,8,val,392,root-0/task7--ep47--succ1.pkl,7,47,0,1,300,210,300
3847,lstm,8,val,394,root-0/task7--ep49--succ1.pkl,7,49,0,1,369,210,369
3848,lstm,8,val,395,root-0/task7--ep5--succ0.pkl,7,5,1,0,520,210,520
3849,lstm,8,val,451,root-0/task9--ep1--succ0.pkl,9,1,1,0,520,241,520
3850,lstm,8,val,453,root-0/task9--ep11--succ0.pkl,9,11,1,0,520,241,520
3851,lstm,8,val,467,root-0/task9--ep24--succ0.pkl,9,24,1,0,520,241,520
3852,lstm,8,val,469,root-0/task9--ep26--succ0.pkl,9,26,1,0,520,241,520
3853,lstm,8,val,471,root-0/task9--ep28--succ1.pkl,9,28,0,1,346,241,346
3854,lstm,8,val,473,root-0/task9--ep3--succ0.pkl,9,3,1,0,520,241,520
3855,lstm,8,val,475,root-0/task9--ep31--succ0.pkl,9,31,1,0,520,241,520
3856,lstm,8,val,477,root-0/task9--ep33--succ1.pkl,9,33,0,1,241,241,241
3857,lstm,8,val,478,root-0/task9--ep34--succ0.pkl,9,34,1,0,520,241,520
3858,lstm,8,val,483,root-0/task9--ep39--succ0.pkl,9,39,1,0,520,241,520
3859,lstm,8,val,485,root-0/task9--ep40--succ0.pkl,9,40,1,0,520,241,520
3860,lstm,8,val,489,root-0/task9--ep44--succ0.pkl,9,44,1,0,520,241,520
3861,lstm,8,val,491,root-0/task9--ep46--succ0.pkl,9,46,1,0,520,241,520
3862,lstm,8,val,499,root-0/task9--ep9--succ0.pkl,9,9,1,0,520,241,520
3863,lstm,8,val,500,root-1/task0--ep0--succ0.pkl,0,0,1,0,520,230,520
3864,lstm,8,val,502,root-1/task0--ep10--succ1.pkl,0,10,0,1,290,230,290
3865,lstm,8,val,505,root-1/task0--ep13--succ1.pkl,0,13,0,1,278,230,278
3866,lstm,8,val,517,root-1/task0--ep24--succ0.pkl,0,24,1,0,520,230,520
3867,lstm,8,val,518,root-1/task0--ep25--succ1.pkl,0,25,0,1,295,230,295
3868,lstm,8,val,525,root-1/task0--ep31--succ1.pkl,0,31,0,1,295,230,295
3869,lstm,8,val,526,root-1/task0--ep32--succ0.pkl,0,32,1,0,520,230,520
3870,lstm,8,val,527,root-1/task0--ep33--succ1.pkl,0,33,0,1,357,230,357
3871,lstm,8,val,528,root-1/task0--ep34--succ1.pkl,0,34,0,1,371,230,371
3872,lstm,8,val,529,root-1/task0--ep35--succ1.pkl,0,35,0,1,392,230,392
3873,lstm,8,val,531,root-1/task0--ep37--succ1.pkl,0,37,0,1,333,230,333
3874,lstm,8,val,534,root-1/task0--ep4--succ0.pkl,0,4,1,0,520,230,520
3875,lstm,8,val,536,root-1/task0--ep41--succ1.pkl,0,41,0,1,348,230,348
3876,lstm,8,val,539,root-1/task0--ep44--succ1.pkl,0,44,0,1,423,230,423
3877,lstm,8,val,542,root-1/task0--ep47--succ1.pkl,0,47,0,1,315,230,315
3878,lstm,8,val,545,root-1/task0--ep5--succ0.pkl,0,5,1,0,520,230,520
3879,lstm,8,val,548,root-1/task0--ep8--succ1.pkl,0,8,0,1,341,230,341
3880,lstm,8,val,554,root-1/task1--ep12--succ1.pkl,1,12,0,1,262,218,262
3881,lstm,8,val,556,root-1/task1--ep14--succ0.pkl,1,14,1,0,520,218,520
3882,lstm,8,val,558,root-1/task1--ep16--succ1.pkl,1,16,0,1,255,218,255
3883,lstm,8,val,559,root-1/task1--ep17--succ1.pkl,1,17,0,1,286,218,286
3884,lstm,8,val,565,root-1/task1--ep22--succ0.pkl,1,22,1,0,520,218,520
3885,lstm,8,val,577,root-1/task1--ep33--succ0.pkl,1,33,1,0,520,218,520
3886,lstm,8,val,578,root-1/task1--ep34--succ0.pkl,1,34,1,0,520,218,520
3887,lstm,8,val,580,root-1/task1--ep36--succ0.pkl,1,36,1,0,520,218,520
3888,lstm,8,val,581,root-1/task1--ep37--succ1.pkl,1,37,0,1,236,218,236
3889,lstm,8,val,583,root-1/task1--ep39--succ0.pkl,1,39,1,0,520,218,520
3890,lstm,8,val,584,root-1/task1--ep4--succ1.pkl,1,4,0,1,305,218,305
3891,lstm,8,val,585,root-1/task1--ep40--succ1.pkl,1,40,0,1,241,218,241
3892,lstm,8,val,587,root-1/task1--ep42--succ1.pkl,1,42,0,1,410,218,410
3893,lstm,8,val,588,root-1/task1--ep43--succ0.pkl,1,43,1,0,520,218,520
3894,lstm,8,val,590,root-1/task1--ep45--succ1.pkl,1,45,0,1,302,218,302
3895,lstm,8,val,591,root-1/task1--ep46--succ0.pkl,1,46,1,0,520,218,520
3896,lstm,8,val,594,root-1/task1--ep49--succ1.pkl,1,49,0,1,267,218,267
3897,lstm,8,val,600,root-1/task2--ep0--succ0.pkl,2,0,1,0,520,211,520
3898,lstm,8,val,601,root-1/task2--ep1--succ1.pkl,2,1,0,1,298,211,298
3899,lstm,8,val,608,root-1/task2--ep16--succ1.pkl,2,16,0,1,265,211,265
3900,lstm,8,val,612,root-1/task2--ep2--succ1.pkl,2,2,0,1,253,211,253
3901,lstm,8,val,614,root-1/task2--ep21--succ1.pkl,2,21,0,1,260,211,260
3902,lstm,8,val,617,root-1/task2--ep24--succ0.pkl,2,24,1,0,520,211,520
3903,lstm,8,val,623,root-1/task2--ep3--succ0.pkl,2,3,1,0,520,211,520
3904,lstm,8,val,625,root-1/task2--ep31--succ1.pkl,2,31,0,1,277,211,277
3905,lstm,8,val,627,root-1/task2--ep33--succ0.pkl,2,33,1,0,520,211,520
3906,lstm,8,val,629,root-1/task2--ep35--succ1.pkl,2,35,0,1,377,211,377
3907,lstm,8,val,633,root-1/task2--ep39--succ1.pkl,2,39,0,1,439,211,439
3908,lstm,8,val,634,root-1/task2--ep4--succ1.pkl,2,4,0,1,224,211,224
3909,lstm,8,val,636,root-1/task2--ep41--succ0.pkl,2,41,1,0,520,211,520
3910,lstm,8,val,637,root-1/task2--ep42--succ0.pkl,2,42,1,0,520,211,520
3911,lstm,8,val,638,root-1/task2--ep43--succ0.pkl,2,43,1,0,520,211,520
3912,lstm,8,val,646,root-1/task2--ep6--succ0.pkl,2,6,1,0,520,211,520
3913,lstm,8,val,649,root-1/task2--ep9--succ0.pkl,2,9,1,0,520,211,520
3914,lstm,8,val,650,root-1/task3--ep0--succ1.pkl,3,0,0,1,298,187,298
3915,lstm,8,val,657,root-1/task3--ep15--succ1.pkl,3,15,0,1,244,187,244
3916,lstm,8,val,662,root-1/task3--ep2--succ0.pkl,3,2,1,0,520,187,520
3917,lstm,8,val,664,root-1/task3--ep21--succ0.pkl,3,21,1,0,520,187,520
3918,lstm,8,val,666,root-1/task3--ep23--succ1.pkl,3,23,0,1,236,187,236
3919,lstm,8,val,667,root-1/task3--ep24--succ0.pkl,3,24,1,0,520,187,520
3920,lstm,8,val,669,root-1/task3--ep26--succ1.pkl,3,26,0,1,232,187,232
3921,lstm,8,val,670,root-1/task3--ep27--succ0.pkl,3,27,1,0,520,187,520
3922,lstm,8,val,671,root-1/task3--ep28--succ1.pkl,3,28,0,1,263,187,263
3923,lstm,8,val,679,root-1/task3--ep35--succ0.pkl,3,35,1,0,520,187,520
3924,lstm,8,val,681,root-1/task3--ep37--succ1.pkl,3,37,0,1,260,187,260
3925,lstm,8,val,682,root-1/task3--ep38--succ0.pkl,3,38,1,0,520,187,520
3926,lstm,8,val,688,root-1/task3--ep43--succ1.pkl,3,43,0,1,248,187,248
3927,lstm,8,val,691,root-1/task3--ep46--succ0.pkl,3,46,1,0,520,187,520
3928,lstm,8,val,695,root-1/task3--ep5--succ0.pkl,3,5,1,0,520,187,520
3929,lstm,8,val,696,root-1/task3--ep6--succ0.pkl,3,6,1,0,520,187,520
3930,lstm,8,val,698,root-1/task3--ep8--succ0.pkl,3,8,1,0,520,187,520
3931,lstm,8,val,699,root-1/task3--ep9--succ0.pkl,3,9,1,0,520,187,520
3932,lstm,8,val,701,root-1/task4--ep1--succ0.pkl,4,1,1,0,520,209,520
3933,lstm,8,val,704,root-1/task4--ep12--succ1.pkl,4,12,0,1,263,209,263
3934,lstm,8,val,705,root-1/task4--ep13--succ0.pkl,4,13,1,0,520,209,520
3935,lstm,8,val,706,root-1/task4--ep14--succ1.pkl,4,14,0,1,247,209,247
3936,lstm,8,val,707,root-1/task4--ep15--succ0.pkl,4,15,1,0,520,209,520
3937,lstm,8,val,710,root-1/task4--ep18--succ1.pkl,4,18,0,1,231,209,231
3938,lstm,8,val,714,root-1/task4--ep21--succ0.pkl,4,21,1,0,520,209,520
3939,lstm,8,val,720,root-1/task4--ep27--succ1.pkl,4,27,0,1,231,209,231
3940,lstm,8,val,721,root-1/task4--ep28--succ0.pkl,4,28,1,0,520,209,520
3941,lstm,8,val,723,root-1/task4--ep3--succ1.pkl,4,3,0,1,243,209,243
3942,lstm,8,val,727,root-1/task4--ep33--succ0.pkl,4,33,1,0,520,209,520
3943,lstm,8,val,732,root-1/task4--ep38--succ1.pkl,4,38,0,1,217,209,217
3944,lstm,8,val,734,root-1/task4--ep4--succ0.pkl,4,4,1,0,520,209,520
3945,lstm,8,val,740,root-1/task4--ep45--succ0.pkl,4,45,1,0,520,209,520
3946,lstm,8,val,743,root-1/task4--ep48--succ1.pkl,4,48,0,1,252,209,252
3947,lstm,8,val,745,root-1/task4--ep5--succ1.pkl,4,5,0,1,341,209,341
3948,lstm,8,val,746,root-1/task4--ep6--succ0.pkl,4,6,1,0,520,209,520
3949,lstm,8,val,747,root-1/task4--ep7--succ0.pkl,4,7,1,0,520,209,520
3950,lstm,8,val,748,root-1/task4--ep8--succ0.pkl,4,8,1,0,520,209,520
3951,lstm,8,val,751,root-1/task5--ep1--succ1.pkl,5,1,0,1,178,148,178
3952,lstm,8,val,752,root-1/task5--ep10--succ1.pkl,5,10,0,1,242,148,242
3953,lstm,8,val,753,root-1/task5--ep11--succ1.pkl,5,11,0,1,282,148,282
3954,lstm,8,val,754,root-1/task5--ep12--succ1.pkl,5,12,0,1,159,148,159
3955,lstm,8,val,757,root-1/task5--ep15--succ1.pkl,5,15,0,1,202,148,202
3956,lstm,8,val,758,root-1/task5--ep16--succ1.pkl,5,16,0,1,170,148,170
3957,lstm,8,val,761,root-1/task5--ep19--succ0.pkl,5,19,1,0,520,148,520
3958,lstm,8,val,764,root-1/task5--ep21--succ1.pkl,5,21,0,1,177,148,177
3959,lstm,8,val,766,root-1/task5--ep23--succ1.pkl,5,23,0,1,197,148,197
3960,lstm,8,val,767,root-1/task5--ep24--succ1.pkl,5,24,0,1,174,148,174
3961,lstm,8,val,773,root-1/task5--ep3--succ1.pkl,5,3,0,1,173,148,173
3962,lstm,8,val,775,root-1/task5--ep31--succ1.pkl,5,31,0,1,207,148,207
3963,lstm,8,val,776,root-1/task5--ep32--succ1.pkl,5,32,0,1,189,148,189
3964,lstm,8,val,780,root-1/task5--ep36--succ0.pkl,5,36,1,0,520,148,520
3965,lstm,8,val,781,root-1/task5--ep37--succ1.pkl,5,37,0,1,174,148,174
3966,lstm,8,val,784,root-1/task5--ep4--succ1.pkl,5,4,0,1,266,148,266
3967,lstm,8,val,785,root-1/task5--ep40--succ1.pkl,5,40,0,1,196,148,196
3968,lstm,8,val,788,root-1/task5--ep43--succ1.pkl,5,43,0,1,211,148,211
3969,lstm,8,val,791,root-1/task5--ep46--succ0.pkl,5,46,1,0,520,148,520
3970,lstm,8,val,793,root-1/task5--ep48--succ1.pkl,5,48,0,1,190,148,190
3971,lstm,8,val,797,root-1/task5--ep7--succ1.pkl,5,7,0,1,205,148,205
3972,lstm,8,val,800,root-1/task6--ep0--succ1.pkl,6,0,0,1,289,190,289
3973,lstm,8,val,804,root-1/task6--ep12--succ0.pkl,6,12,1,0,520,190,520
3974,lstm,8,val,806,root-1/task6--ep14--succ0.pkl,6,14,1,0,520,190,520
3975,lstm,8,val,807,root-1/task6--ep15--succ0.pkl,6,15,1,0,520,190,520
3976,lstm,8,val,810,root-1/task6--ep18--succ0.pkl,6,18,1,0,520,190,520
3977,lstm,8,val,811,root-1/task6--ep19--succ1.pkl,6,19,0,1,216,190,216
3978,lstm,8,val,812,root-1/task6--ep2--succ0.pkl,6,2,1,0,520,190,520
3979,lstm,8,val,816,root-1/task6--ep23--succ1.pkl,6,23,0,1,190,190,190
3980,lstm,8,val,819,root-1/task6--ep26--succ0.pkl,6,26,1,0,520,190,520
3981,lstm,8,val,820,root-1/task6--ep27--succ1.pkl,6,27,0,1,199,190,199
3982,lstm,8,val,821,root-1/task6--ep28--succ1.pkl,6,28,0,1,239,190,239
3983,lstm,8,val,825,root-1/task6--ep31--succ1.pkl,6,31,0,1,291,190,291
3984,lstm,8,val,827,root-1/task6--ep33--succ0.pkl,6,33,1,0,520,190,520
3985,lstm,8,val,828,root-1/task6--ep34--succ0.pkl,6,34,1,0,520,190,520
3986,lstm,8,val,831,root-1/task6--ep37--succ1.pkl,6,37,0,1,191,190,191
3987,lstm,8,val,833,root-1/task6--ep39--succ0.pkl,6,39,1,0,520,190,520
3988,lstm,8,val,834,root-1/task6--ep4--succ1.pkl,6,4,0,1,513,190,513
3989,lstm,8,val,838,root-1/task6--ep43--succ0.pkl,6,43,1,0,520,190,520
3990,lstm,8,val,840,root-1/task6--ep45--succ0.pkl,6,45,1,0,520,190,520
3991,lstm,8,val,844,root-1/task6--ep49--succ1.pkl,6,49,0,1,474,190,474
3992,lstm,8,val,846,root-1/task6--ep6--succ0.pkl,6,6,1,0,520,190,520
3993,lstm,8,val,847,root-1/task6--ep7--succ1.pkl,6,7,0,1,234,190,234
3994,lstm,8,val,850,root-1/task7--ep0--succ1.pkl,7,0,0,1,246,210,246
3995,lstm,8,val,858,root-1/task7--ep16--succ1.pkl,7,16,0,1,281,210,281
3996,lstm,8,val,860,root-1/task7--ep18--succ1.pkl,7,18,0,1,232,210,232
3997,lstm,8,val,865,root-1/task7--ep22--succ1.pkl,7,22,0,1,280,210,280
3998,lstm,8,val,867,root-1/task7--ep24--succ0.pkl,7,24,1,0,520,210,520
3999,lstm,8,val,869,root-1/task7--ep26--succ0.pkl,7,26,1,0,520,210,520
4000,lstm,8,val,875,root-1/task7--ep31--succ1.pkl,7,31,0,1,500,210,500
4001,lstm,8,val,878,root-1/task7--ep34--succ0.pkl,7,34,1,0,520,210,520
4002,lstm,8,val,881,root-1/task7--ep37--succ1.pkl,7,37,0,1,230,210,230
4003,lstm,8,val,882,root-1/task7--ep38--succ1.pkl,7,38,0,1,331,210,331
4004,lstm,8,val,884,root-1/task7--ep4--succ0.pkl,7,4,1,0,520,210,520
4005,lstm,8,val,886,root-1/task7--ep41--succ0.pkl,7,41,1,0,520,210,520
4006,lstm,8,val,887,root-1/task7--ep42--succ1.pkl,7,42,0,1,253,210,253
4007,lstm,8,val,889,root-1/task7--ep44--succ1.pkl,7,44,0,1,246,210,246
4008,lstm,8,val,891,root-1/task7--ep46--succ1.pkl,7,46,0,1,257,210,257
4009,lstm,8,val,892,root-1/task7--ep47--succ1.pkl,7,47,0,1,246,210,246
4010,lstm,8,val,893,root-1/task7--ep48--succ1.pkl,7,48,0,1,290,210,290
4011,lstm,8,val,894,root-1/task7--ep49--succ0.pkl,7,49,1,0,520,210,520
4012,lstm,8,val,896,root-1/task7--ep6--succ1.pkl,7,6,0,1,369,210,369
4013,lstm,8,val,897,root-1/task7--ep7--succ1.pkl,7,7,0,1,246,210,246
4014,lstm,8,val,950,root-1/task9--ep0--succ0.pkl,9,0,1,0,520,241,520
4015,lstm,8,val,951,root-1/task9--ep1--succ0.pkl,9,1,1,0,520,241,520
4016,lstm,8,val,954,root-1/task9--ep12--succ0.pkl,9,12,1,0,520,241,520
4017,lstm,8,val,955,root-1/task9--ep13--succ0.pkl,9,13,1,0,520,241,520
4018,lstm,8,val,956,root-1/task9--ep14--succ0.pkl,9,14,1,0,520,241,520
4019,lstm,8,val,958,root-1/task9--ep16--succ0.pkl,9,16,1,0,520,241,520
4020,lstm,8,val,959,root-1/task9--ep17--succ1.pkl,9,17,0,1,349,241,349
4021,lstm,8,val,963,root-1/task9--ep20--succ1.pkl,9,20,0,1,297,241,297
4022,lstm,8,val,966,root-1/task9--ep23--succ0.pkl,9,23,1,0,520,241,520
4023,lstm,8,val,970,root-1/task9--ep27--succ1.pkl,9,27,0,1,329,241,329
4024,lstm,8,val,971,root-1/task9--ep28--succ0.pkl,9,28,1,0,520,241,520
4025,lstm,8,val,973,root-1/task9--ep3--succ0.pkl,9,3,1,0,520,241,520
4026,lstm,8,val,976,root-1/task9--ep32--succ1.pkl,9,32,0,1,271,241,271
4027,lstm,8,val,978,root-1/task9--ep34--succ0.pkl,9,34,1,0,520,241,520
4028,lstm,8,val,981,root-1/task9--ep37--succ1.pkl,9,37,0,1,413,241,413
4029,lstm,8,val,982,root-1/task9--ep38--succ0.pkl,9,38,1,0,520,241,520
4030,lstm,8,val,983,root-1/task9--ep39--succ0.pkl,9,39,1,0,520,241,520
4031,lstm,8,val,985,root-1/task9--ep40--succ1.pkl,9,40,0,1,389,241,389
4032,lstm,8,val,986,root-1/task9--ep41--succ0.pkl,9,41,1,0,520,241,520
4033,lstm,8,val,987,root-1/task9--ep42--succ0.pkl,9,42,1,0,520,241,520
4034,lstm,8,val,988,root-1/task9--ep43--succ0.pkl,9,43,1,0,520,241,520
4035,lstm,8,val,989,root-1/task9--ep44--succ0.pkl,9,44,1,0,520,241,520
4036,lstm,8,val,990,root-1/task9--ep45--succ0.pkl,9,45,1,0,520,241,520
4037,lstm,8,val,992,root-1/task9--ep47--succ1.pkl,9,47,0,1,267,241,267
4038,lstm,8,val,995,root-1/task9--ep5--succ0.pkl,9,5,1,0,520,241,520
4039,lstm,8,val,997,root-1/task9--ep7--succ0.pkl,9,7,1,0,520,241,520
4040,lstm,8,test,400,root-0/task8--ep0--succ0.pkl,8,0,1,0,520,315,520
4041,lstm,8,test,401,root-0/task8--ep1--succ1.pkl,8,1,0,1,448,315,448
4042,lstm,8,test,402,root-0/task8--ep10--succ0.pkl,8,10,1,0,520,315,520
4043,lstm,8,test,403,root-0/task8--ep11--succ1.pkl,8,11,0,1,486,315,486
4044,lstm,8,test,404,root-0/task8--ep12--succ0.pkl,8,12,1,0,520,315,520
4045,lstm,8,test,405,root-0/task8--ep13--succ0.pkl,8,13,1,0,520,315,520
4046,lstm,8,test,406,root-0/task8--ep14--succ0.pkl,8,14,1,0,520,315,520
4047,lstm,8,test,407,root-0/task8--ep15--succ1.pkl,8,15,0,1,347,315,347
4048,lstm,8,test,408,root-0/task8--ep16--succ1.pkl,8,16,0,1,451,315,451
4049,lstm,8,test,409,root-0/task8--ep17--succ1.pkl,8,17,0,1,509,315,509
4050,lstm,8,test,410,root-0/task8--ep18--succ0.pkl,8,18,1,0,520,315,520
4051,lstm,8,test,411,root-0/task8--ep19--succ0.pkl,8,19,1,0,520,315,520
4052,lstm,8,test,412,root-0/task8--ep2--succ1.pkl,8,2,0,1,365,315,365
4053,lstm,8,test,413,root-0/task8--ep20--succ0.pkl,8,20,1,0,520,315,520
4054,lstm,8,test,414,root-0/task8--ep21--succ0.pkl,8,21,1,0,520,315,520
4055,lstm,8,test,415,root-0/task8--ep22--succ1.pkl,8,22,0,1,421,315,421
4056,lstm,8,test,416,root-0/task8--ep23--succ0.pkl,8,23,1,0,520,315,520
4057,lstm,8,test,417,root-0/task8--ep24--succ0.pkl,8,24,1,0,520,315,520
4058,lstm,8,test,418,root-0/task8--ep25--succ0.pkl,8,25,1,0,520,315,520
4059,lstm,8,test,419,root-0/task8--ep26--succ1.pkl,8,26,0,1,427,315,427
4060,lstm,8,test,420,root-0/task8--ep27--succ0.pkl,8,27,1,0,520,315,520
4061,lstm,8,test,421,root-0/task8--ep28--succ0.pkl,8,28,1,0,520,315,520
4062,lstm,8,test,422,root-0/task8--ep29--succ0.pkl,8,29,1,0,520,315,520
4063,lstm,8,test,423,root-0/task8--ep3--succ0.pkl,8,3,1,0,520,315,520
4064,lstm,8,test,424,root-0/task8--ep30--succ1.pkl,8,30,0,1,417,315,417
4065,lstm,8,test,425,root-0/task8--ep31--succ0.pkl,8,31,1,0,520,315,520
4066,lstm,8,test,426,root-0/task8--ep32--succ0.pkl,8,32,1,0,520,315,520
4067,lstm,8,test,427,root-0/task8--ep33--succ1.pkl,8,33,0,1,389,315,389
4068,lstm,8,test,428,root-0/task8--ep34--succ0.pkl,8,34,1,0,520,315,520
4069,lstm,8,test,429,root-0/task8--ep35--succ1.pkl,8,35,0,1,395,315,395
4070,lstm,8,test,430,root-0/task8--ep36--succ0.pkl,8,36,1,0,520,315,520
4071,lstm,8,test,431,root-0/task8--ep37--succ0.pkl,8,37,1,0,520,315,520
4072,lstm,8,test,432,root-0/task8--ep38--succ0.pkl,8,38,1,0,520,315,520
4073,lstm,8,test,433,root-0/task8--ep39--succ0.pkl,8,39,1,0,520,315,520
4074,lstm,8,test,434,root-0/task8--ep4--succ0.pkl,8,4,1,0,520,315,520
4075,lstm,8,test,435,root-0/task8--ep40--succ0.pkl,8,40,1,0,520,315,520
4076,lstm,8,test,436,root-0/task8--ep41--succ0.pkl,8,41,1,0,520,315,520
4077,lstm,8,test,437,root-0/task8--ep42--succ0.pkl,8,42,1,0,520,315,520
4078,lstm,8,test,438,root-0/task8--ep43--succ0.pkl,8,43,1,0,520,315,520
4079,lstm,8,test,439,root-0/task8--ep44--succ1.pkl,8,44,0,1,315,315,315
4080,lstm,8,test,440,root-0/task8--ep45--succ0.pkl,8,45,1,0,520,315,520
4081,lstm,8,test,441,root-0/task8--ep46--succ0.pkl,8,46,1,0,520,315,520
4082,lstm,8,test,442,root-0/task8--ep47--succ0.pkl,8,47,1,0,520,315,520
4083,lstm,8,test,443,root-0/task8--ep48--succ0.pkl,8,48,1,0,520,315,520
4084,lstm,8,test,444,root-0/task8--ep49--succ1.pkl,8,49,0,1,385,315,385
4085,lstm,8,test,445,root-0/task8--ep5--succ0.pkl,8,5,1,0,520,315,520
4086,lstm,8,test,446,root-0/task8--ep6--succ0.pkl,8,6,1,0,520,315,520
4087,lstm,8,test,447,root-0/task8--ep7--succ0.pkl,8,7,1,0,520,315,520
4088,lstm,8,test,448,root-0/task8--ep8--succ0.pkl,8,8,1,0,520,315,520
4089,lstm,8,test,449,root-0/task8--ep9--succ1.pkl,8,9,0,1,504,315,504
4090,lstm,8,test,900,root-1/task8--ep0--succ1.pkl,8,0,0,1,509,315,509
4091,lstm,8,test,901,root-1/task8--ep1--succ1.pkl,8,1,0,1,391,315,391
4092,lstm,8,test,902,root-1/task8--ep10--succ1.pkl,8,10,0,1,355,315,355
4093,lstm,8,test,903,root-1/task8--ep11--succ0.pkl,8,11,1,0,520,315,520
4094,lstm,8,test,904,root-1/task8--ep12--succ0.pkl,8,12,1,0,520,315,520
4095,lstm,8,test,905,root-1/task8--ep13--succ0.pkl,8,13,1,0,520,315,520
4096,lstm,8,test,906,root-1/task8--ep14--succ0.pkl,8,14,1,0,520,315,520
4097,lstm,8,test,907,root-1/task8--ep15--succ0.pkl,8,15,1,0,520,315,520
4098,lstm,8,test,908,root-1/task8--ep16--succ1.pkl,8,16,0,1,394,315,394
4099,lstm,8,test,909,root-1/task8--ep17--succ1.pkl,8,17,0,1,486,315,486
4100,lstm,8,test,910,root-1/task8--ep18--succ0.pkl,8,18,1,0,520,315,520
4101,lstm,8,test,911,root-1/task8--ep19--succ1.pkl,8,19,0,1,410,315,410
4102,lstm,8,test,912,root-1/task8--ep2--succ0.pkl,8,2,1,0,520,315,520
4103,lstm,8,test,913,root-1/task8--ep20--succ0.pkl,8,20,1,0,520,315,520
4104,lstm,8,test,914,root-1/task8--ep21--succ0.pkl,8,21,1,0,520,315,520
4105,lstm,8,test,915,root-1/task8--ep22--succ0.pkl,8,22,1,0,520,315,520
4106,lstm,8,test,916,root-1/task8--ep23--succ0.pkl,8,23,1,0,520,315,520
4107,lstm,8,test,917,root-1/task8--ep24--succ0.pkl,8,24,1,0,520,315,520
4108,lstm,8,test,918,root-1/task8--ep25--succ0.pkl,8,25,1,0,520,315,520
4109,lstm,8,test,919,root-1/task8--ep26--succ0.pkl,8,26,1,0,520,315,520
4110,lstm,8,test,920,root-1/task8--ep27--succ0.pkl,8,27,1,0,520,315,520
4111,lstm,8,test,921,root-1/task8--ep28--succ0.pkl,8,28,1,0,520,315,520
4112,lstm,8,test,922,root-1/task8--ep29--succ1.pkl,8,29,0,1,513,315,513
4113,lstm,8,test,923,root-1/task8--ep3--succ0.pkl,8,3,1,0,520,315,520
4114,lstm,8,test,924,root-1/task8--ep30--succ1.pkl,8,30,0,1,468,315,468
4115,lstm,8,test,925,root-1/task8--ep31--succ0.pkl,8,31,1,0,520,315,520
4116,lstm,8,test,926,root-1/task8--ep32--succ0.pkl,8,32,1,0,520,315,520
4117,lstm,8,test,927,root-1/task8--ep33--succ0.pkl,8,33,1,0,520,315,520
4118,lstm,8,test,928,root-1/task8--ep34--succ0.pkl,8,34,1,0,520,315,520
4119,lstm,8,test,929,root-1/task8--ep35--succ0.pkl,8,35,1,0,520,315,520
4120,lstm,8,test,930,root-1/task8--ep36--succ0.pkl,8,36,1,0,520,315,520
4121,lstm,8,test,931,root-1/task8--ep37--succ0.pkl,8,37,1,0,520,315,520
4122,lstm,8,test,932,root-1/task8--ep38--succ0.pkl,8,38,1,0,520,315,520
4123,lstm,8,test,933,root-1/task8--ep39--succ0.pkl,8,39,1,0,520,315,520
4124,lstm,8,test,934,root-1/task8--ep4--succ0.pkl,8,4,1,0,520,315,520
4125,lstm,8,test,935,root-1/task8--ep40--succ0.pkl,8,40,1,0,520,315,520
4126,lstm,8,test,936,root-1/task8--ep41--succ0.pkl,8,41,1,0,520,315,520
4127,lstm,8,test,937,root-1/task8--ep42--succ0.pkl,8,42,1,0,520,315,520
4128,lstm,8,test,938,root-1/task8--ep43--succ0.pkl,8,43,1,0,520,315,520
4129,lstm,8,test,939,root-1/task8--ep44--succ0.pkl,8,44,1,0,520,315,520
4130,lstm,8,test,940,root-1/task8--ep45--succ1.pkl,8,45,0,1,490,315,490
4131,lstm,8,test,941,root-1/task8--ep46--succ0.pkl,8,46,1,0,520,315,520
4132,lstm,8,test,942,root-1/task8--ep47--succ0.pkl,8,47,1,0,520,315,520
4133,lstm,8,test,943,root-1/task8--ep48--succ0.pkl,8,48,1,0,520,315,520
4134,lstm,8,test,944,root-1/task8--ep49--succ0.pkl,8,49,1,0,520,315,520
4135,lstm,8,test,945,root-1/task8--ep5--succ0.pkl,8,5,1,0,520,315,520
4136,lstm,8,test,946,root-1/task8--ep6--succ1.pkl,8,6,0,1,440,315,440
4137,lstm,8,test,947,root-1/task8--ep7--succ0.pkl,8,7,1,0,520,315,520
4138,lstm,8,test,948,root-1/task8--ep8--succ0.pkl,8,8,1,0,520,315,520
4139,lstm,8,test,949,root-1/task8--ep9--succ0.pkl,8,9,1,0,520,315,520
4140,lstm,9,val,8,root-0/task0--ep16--succ0.pkl,0,16,1,0,520,230,520
4141,lstm,9,val,9,root-0/task0--ep17--succ1.pkl,0,17,0,1,321,230,321
4142,lstm,9,val,10,root-0/task0--ep18--succ1.pkl,0,18,0,1,303,230,303
4143,lstm,9,val,11,root-0/task0--ep19--succ1.pkl,0,19,0,1,304,230,304
4144,lstm,9,val,13,root-0/task0--ep20--succ0.pkl,0,20,1,0,520,230,520
4145,lstm,9,val,16,root-0/task0--ep23--succ1.pkl,0,23,0,1,414,230,414
4146,lstm,9,val,18,root-0/task0--ep25--succ0.pkl,0,25,1,0,520,230,520
4147,lstm,9,val,19,root-0/task0--ep26--succ0.pkl,0,26,1,0,520,230,520
4148,lstm,9,val,21,root-0/task0--ep28--succ0.pkl,0,28,1,0,520,230,520
4149,lstm,9,val,22,root-0/task0--ep29--succ1.pkl,0,29,0,1,257,230,257
4150,lstm,9,val,26,root-0/task0--ep32--succ1.pkl,0,32,0,1,321,230,321
4151,lstm,9,val,28,root-0/task0--ep34--succ1.pkl,0,34,0,1,252,230,252
4152,lstm,9,val,29,root-0/task0--ep35--succ1.pkl,0,35,0,1,278,230,278
4153,lstm,9,val,32,root-0/task0--ep38--succ0.pkl,0,38,1,0,520,230,520
4154,lstm,9,val,33,root-0/task0--ep39--succ1.pkl,0,39,0,1,360,230,360
4155,lstm,9,val,34,root-0/task0--ep4--succ0.pkl,0,4,1,0,520,230,520
4156,lstm,9,val,37,root-0/task0--ep42--succ0.pkl,0,42,1,0,520,230,520
4157,lstm,9,val,38,root-0/task0--ep43--succ1.pkl,0,43,0,1,357,230,357
4158,lstm,9,val,39,root-0/task0--ep44--succ1.pkl,0,44,0,1,481,230,481
4159,lstm,9,val,40,root-0/task0--ep45--succ1.pkl,0,45,0,1,375,230,375
4160,lstm,9,val,42,root-0/task0--ep47--succ1.pkl,0,47,0,1,283,230,283
4161,lstm,9,val,44,root-0/task0--ep49--succ1.pkl,0,49,0,1,321,230,321
4162,lstm,9,val,49,root-0/task0--ep9--succ1.pkl,0,9,0,1,291,230,291
4163,lstm,9,val,50,root-0/task1--ep0--succ1.pkl,1,0,0,1,268,218,268
4164,lstm,9,val,51,root-0/task1--ep1--succ1.pkl,1,1,0,1,253,218,253
4165,lstm,9,val,54,root-0/task1--ep12--succ1.pkl,1,12,0,1,238,218,238
4166,lstm,9,val,58,root-0/task1--ep16--succ1.pkl,1,16,0,1,248,218,248
4167,lstm,9,val,60,root-0/task1--ep18--succ1.pkl,1,18,0,1,246,218,246
4168,lstm,9,val,61,root-0/task1--ep19--succ1.pkl,1,19,0,1,251,218,251
4169,lstm,9,val,62,root-0/task1--ep2--succ1.pkl,1,2,0,1,322,218,322
4170,lstm,9,val,64,root-0/task1--ep21--succ0.pkl,1,21,1,0,520,218,520
4171,lstm,9,val,66,root-0/task1--ep23--succ0.pkl,1,23,1,0,520,218,520
4172,lstm,9,val,67,root-0/task1--ep24--succ1.pkl,1,24,0,1,233,218,233
4173,lstm,9,val,69,root-0/task1--ep26--succ1.pkl,1,26,0,1,218,218,218
4174,lstm,9,val,76,root-0/task1--ep32--succ0.pkl,1,32,1,0,520,218,520
4175,lstm,9,val,78,root-0/task1--ep34--succ0.pkl,1,34,1,0,520,218,520
4176,lstm,9,val,80,root-0/task1--ep36--succ0.pkl,1,36,1,0,520,218,520
4177,lstm,9,val,82,root-0/task1--ep38--succ1.pkl,1,38,0,1,249,218,249
4178,lstm,9,val,83,root-0/task1--ep39--succ1.pkl,1,39,0,1,316,218,316
4179,lstm,9,val,85,root-0/task1--ep40--succ1.pkl,1,40,0,1,225,218,225
4180,lstm,9,val,86,root-0/task1--ep41--succ1.pkl,1,41,0,1,396,218,396
4181,lstm,9,val,90,root-0/task1--ep45--succ1.pkl,1,45,0,1,334,218,334
4182,lstm,9,val,94,root-0/task1--ep49--succ1.pkl,1,49,0,1,265,218,265
4183,lstm,9,val,95,root-0/task1--ep5--succ1.pkl,1,5,0,1,281,218,281
4184,lstm,9,val,97,root-0/task1--ep7--succ1.pkl,1,7,0,1,225,218,225
4185,lstm,9,val,98,root-0/task1--ep8--succ1.pkl,1,8,0,1,260,218,260
4186,lstm,9,val,100,root-0/task2--ep0--succ1.pkl,2,0,0,1,258,211,258
4187,lstm,9,val,101,root-0/task2--ep1--succ1.pkl,2,1,0,1,285,211,285
4188,lstm,9,val,109,root-0/task2--ep17--succ1.pkl,2,17,0,1,242,211,242
4189,lstm,9,val,111,root-0/task2--ep19--succ1.pkl,2,19,0,1,227,211,227
4190,lstm,9,val,112,root-0/task2--ep2--succ0.pkl,2,2,1,0,520,211,520
4191,lstm,9,val,113,root-0/task2--ep20--succ0.pkl,2,20,1,0,520,211,520
4192,lstm,9,val,114,root-0/task2--ep21--succ1.pkl,2,21,0,1,320,211,320
4193,lstm,9,val,117,root-0/task2--ep24--succ0.pkl,2,24,1,0,520,211,520
4194,lstm,9,val,118,root-0/task2--ep25--succ1.pkl,2,25,0,1,251,211,251
4195,lstm,9,val,121,root-0/task2--ep28--succ1.pkl,2,28,0,1,304,211,304
4196,lstm,9,val,122,root-0/task2--ep29--succ0.pkl,2,29,1,0,520,211,520
4197,lstm,9,val,125,root-0/task2--ep31--succ0.pkl,2,31,1,0,520,211,520
4198,lstm,9,val,127,root-0/task2--ep33--succ0.pkl,2,33,1,0,520,211,520
4199,lstm,9,val,132,root-0/task2--ep38--succ1.pkl,2,38,0,1,295,211,295
4200,lstm,9,val,133,root-0/task2--ep39--succ0.pkl,2,39,1,0,520,211,520
4201,lstm,9,val,134,root-0/task2--ep4--succ1.pkl,2,4,0,1,225,211,225
4202,lstm,9,val,136,root-0/task2--ep41--succ0.pkl,2,41,1,0,520,211,520
4203,lstm,9,val,138,root-0/task2--ep43--succ1.pkl,2,43,0,1,342,211,342
4204,lstm,9,val,139,root-0/task2--ep44--succ0.pkl,2,44,1,0,520,211,520
4205,lstm,9,val,143,root-0/task2--ep48--succ0.pkl,2,48,1,0,520,211,520
4206,lstm,9,val,145,root-0/task2--ep5--succ0.pkl,2,5,1,0,520,211,520
4207,lstm,9,val,147,root-0/task2--ep7--succ0.pkl,2,7,1,0,520,211,520
4208,lstm,9,val,148,root-0/task2--ep8--succ1.pkl,2,8,0,1,316,211,316
4209,lstm,9,val,151,root-0/task3--ep1--succ0.pkl,3,1,1,0,520,187,520
4210,lstm,9,val,154,root-0/task3--ep12--succ1.pkl,3,12,0,1,360,187,360
4211,lstm,9,val,156,root-0/task3--ep14--succ0.pkl,3,14,1,0,520,187,520
4212,lstm,9,val,159,root-0/task3--ep17--succ1.pkl,3,17,0,1,218,187,218
4213,lstm,9,val,161,root-0/task3--ep19--succ0.pkl,3,19,1,0,520,187,520
4214,lstm,9,val,163,root-0/task3--ep20--succ1.pkl,3,20,0,1,245,187,245
4215,lstm,9,val,164,root-0/task3--ep21--succ0.pkl,3,21,1,0,520,187,520
4216,lstm,9,val,165,root-0/task3--ep22--succ0.pkl,3,22,1,0,520,187,520
4217,lstm,9,val,167,root-0/task3--ep24--succ1.pkl,3,24,0,1,277,187,277
4218,lstm,9,val,172,root-0/task3--ep29--succ0.pkl,3,29,1,0,520,187,520
4219,lstm,9,val,177,root-0/task3--ep33--succ0.pkl,3,33,1,0,520,187,520
4220,lstm,9,val,178,root-0/task3--ep34--succ0.pkl,3,34,1,0,520,187,520
4221,lstm,9,val,183,root-0/task3--ep39--succ1.pkl,3,39,0,1,196,187,196
4222,lstm,9,val,184,root-0/task3--ep4--succ1.pkl,3,4,0,1,453,187,453
4223,lstm,9,val,185,root-0/task3--ep40--succ0.pkl,3,40,1,0,520,187,520
4224,lstm,9,val,186,root-0/task3--ep41--succ1.pkl,3,41,0,1,256,187,256
4225,lstm,9,val,187,root-0/task3--ep42--succ0.pkl,3,42,1,0,520,187,520
4226,lstm,9,val,188,root-0/task3--ep43--succ0.pkl,3,43,1,0,520,187,520
4227,lstm,9,val,191,root-0/task3--ep46--succ0.pkl,3,46,1,0,520,187,520
4228,lstm,9,val,195,root-0/task3--ep5--succ0.pkl,3,5,1,0,520,187,520
4229,lstm,9,val,196,root-0/task3--ep6--succ0.pkl,3,6,1,0,520,187,520
4230,lstm,9,val,197,root-0/task3--ep7--succ1.pkl,3,7,0,1,195,187,195
4231,lstm,9,val,201,root-0/task4--ep1--succ0.pkl,4,1,1,0,520,209,520
4232,lstm,9,val,203,root-0/task4--ep11--succ0.pkl,4,11,1,0,520,209,520
4233,lstm,9,val,217,root-0/task4--ep24--succ1.pkl,4,24,0,1,294,209,294
4234,lstm,9,val,219,root-0/task4--ep26--succ0.pkl,4,26,1,0,520,209,520
4235,lstm,9,val,221,root-0/task4--ep28--succ1.pkl,4,28,0,1,233,209,233
4236,lstm,9,val,223,root-0/task4--ep3--succ1.pkl,4,3,0,1,235,209,235
4237,lstm,9,val,225,root-0/task4--ep31--succ1.pkl,4,31,0,1,241,209,241
4238,lstm,9,val,227,root-0/task4--ep33--succ1.pkl,4,33,0,1,241,209,241
4239,lstm,9,val,228,root-0/task4--ep34--succ1.pkl,4,34,0,1,246,209,246
4240,lstm,9,val,233,root-0/task4--ep39--succ1.pkl,4,39,0,1,219,209,219
4241,lstm,9,val,235,root-0/task4--ep40--succ0.pkl,4,40,1,0,520,209,520
4242,lstm,9,val,239,root-0/task4--ep44--succ1.pkl,4,44,0,1,238,209,238
4243,lstm,9,val,241,root-0/task4--ep46--succ0.pkl,4,46,1,0,520,209,520
4244,lstm,9,val,249,root-0/task4--ep9--succ1.pkl,4,9,0,1,220,209,220
4245,lstm,9,val,250,root-0/task5--ep0--succ1.pkl,5,0,0,1,161,148,161
4246,lstm,9,val,253,root-0/task5--ep11--succ1.pkl,5,11,0,1,160,148,160
4247,lstm,9,val,258,root-0/task5--ep16--succ1.pkl,5,16,0,1,327,148,327
4248,lstm,9,val,264,root-0/task5--ep21--succ1.pkl,5,21,0,1,184,148,184
4249,lstm,9,val,265,root-0/task5--ep22--succ0.pkl,5,22,1,0,520,148,520
4250,lstm,9,val,267,root-0/task5--ep24--succ1.pkl,5,24,0,1,172,148,172
4251,lstm,9,val,268,root-0/task5--ep25--succ1.pkl,5,25,0,1,207,148,207
4252,lstm,9,val,269,root-0/task5--ep26--succ1.pkl,5,26,0,1,187,148,187
4253,lstm,9,val,270,root-0/task5--ep27--succ1.pkl,5,27,0,1,261,148,261
4254,lstm,9,val,271,root-0/task5--ep28--succ0.pkl,5,28,1,0,520,148,520
4255,lstm,9,val,273,root-0/task5--ep3--succ1.pkl,5,3,0,1,233,148,233
4256,lstm,9,val,274,root-0/task5--ep30--succ1.pkl,5,30,0,1,186,148,186
4257,lstm,9,val,276,root-0/task5--ep32--succ1.pkl,5,32,0,1,183,148,183
4258,lstm,9,val,280,root-0/task5--ep36--succ1.pkl,5,36,0,1,231,148,231
4259,lstm,9,val,284,root-0/task5--ep4--succ1.pkl,5,4,0,1,194,148,194
4260,lstm,9,val,287,root-0/task5--ep42--succ1.pkl,5,42,0,1,231,148,231
4261,lstm,9,val,296,root-0/task5--ep6--succ1.pkl,5,6,0,1,197,148,197
4262,lstm,9,val,298,root-0/task5--ep8--succ1.pkl,5,8,0,1,154,148,154
4263,lstm,9,val,299,root-0/task5--ep9--succ1.pkl,5,9,0,1,334,148,334
4264,lstm,9,val,301,root-0/task6--ep1--succ1.pkl,6,1,0,1,256,190,256
4265,lstm,9,val,304,root-0/task6--ep12--succ1.pkl,6,12,0,1,254,190,254
4266,lstm,9,val,314,root-0/task6--ep21--succ0.pkl,6,21,1,0,520,190,520
4267,lstm,9,val,320,root-0/task6--ep27--succ1.pkl,6,27,0,1,247,190,247
4268,lstm,9,val,321,root-0/task6--ep28--succ0.pkl,6,28,1,0,520,190,520
4269,lstm,9,val,322,root-0/task6--ep29--succ1.pkl,6,29,0,1,236,190,236
4270,lstm,9,val,325,root-0/task6--ep31--succ1.pkl,6,31,0,1,229,190,229
4271,lstm,9,val,327,root-0/task6--ep33--succ1.pkl,6,33,0,1,216,190,216
4272,lstm,9,val,330,root-0/task6--ep36--succ0.pkl,6,36,1,0,520,190,520
4273,lstm,9,val,331,root-0/task6--ep37--succ1.pkl,6,37,0,1,251,190,251
4274,lstm,9,val,332,root-0/task6--ep38--succ1.pkl,6,38,0,1,315,190,315
4275,lstm,9,val,333,root-0/task6--ep39--succ0.pkl,6,39,1,0,520,190,520
4276,lstm,9,val,335,root-0/task6--ep40--succ0.pkl,6,40,1,0,520,190,520
4277,lstm,9,val,336,root-0/task6--ep41--succ1.pkl,6,41,0,1,387,190,387
4278,lstm,9,val,337,root-0/task6--ep42--succ0.pkl,6,42,1,0,520,190,520
4279,lstm,9,val,343,root-0/task6--ep48--succ0.pkl,6,48,1,0,520,190,520
4280,lstm,9,val,344,root-0/task6--ep49--succ1.pkl,6,49,0,1,263,190,263
4281,lstm,9,val,347,root-0/task6--ep7--succ1.pkl,6,7,0,1,268,190,268
4282,lstm,9,val,353,root-0/task7--ep11--succ0.pkl,7,11,1,0,520,210,520
4283,lstm,9,val,357,root-0/task7--ep15--succ1.pkl,7,15,0,1,227,210,227
4284,lstm,9,val,360,root-0/task7--ep18--succ1.pkl,7,18,0,1,210,210,210
4285,lstm,9,val,362,root-0/task7--ep2--succ1.pkl,7,2,0,1,332,210,332
4286,lstm,9,val,365,root-0/task7--ep22--succ0.pkl,7,22,1,0,520,210,520
4287,lstm,9,val,367,root-0/task7--ep24--succ1.pkl,7,24,0,1,231,210,231
4288,lstm,9,val,368,root-0/task7--ep25--succ1.pkl,7,25,0,1,301,210,301
4289,lstm,9,val,372,root-0/task7--ep29--succ0.pkl,7,29,1,0,520,210,520
4290,lstm,9,val,373,root-0/task7--ep3--succ1.pkl,7,3,0,1,362,210,362
4291,lstm,9,val,376,root-0/task7--ep32--succ1.pkl,7,32,0,1,239,210,239
4292,lstm,9,val,381,root-0/task7--ep37--succ1.pkl,7,37,0,1,267,210,267
4293,lstm,9,val,384,root-0/task7--ep4--succ0.pkl,7,4,1,0,520,210,520
4294,lstm,9,val,385,root-0/task7--ep40--succ1.pkl,7,40,0,1,341,210,341
4295,lstm,9,val,387,root-0/task7--ep42--succ1.pkl,7,42,0,1,267,210,267
4296,lstm,9,val,389,root-0/task7--ep44--succ0.pkl,7,44,1,0,520,210,520
4297,lstm,9,val,390,root-0/task7--ep45--succ1.pkl,7,45,0,1,260,210,260
4298,lstm,9,val,391,root-0/task7--ep46--succ0.pkl,7,46,1,0,520,210,520
4299,lstm,9,val,392,root-0/task7--ep47--succ1.pkl,7,47,0,1,300,210,300
4300,lstm,9,val,394,root-0/task7--ep49--succ1.pkl,7,49,0,1,369,210,369
4301,lstm,9,val,395,root-0/task7--ep5--succ0.pkl,7,5,1,0,520,210,520
4302,lstm,9,val,401,root-0/task8--ep1--succ1.pkl,8,1,0,1,448,315,448
4303,lstm,9,val,402,root-0/task8--ep10--succ0.pkl,8,10,1,0,520,315,520
4304,lstm,9,val,403,root-0/task8--ep11--succ1.pkl,8,11,0,1,486,315,486
4305,lstm,9,val,407,root-0/task8--ep15--succ1.pkl,8,15,0,1,347,315,347
4306,lstm,9,val,409,root-0/task8--ep17--succ1.pkl,8,17,0,1,509,315,509
4307,lstm,9,val,413,root-0/task8--ep20--succ0.pkl,8,20,1,0,520,315,520
4308,lstm,9,val,419,root-0/task8--ep26--succ1.pkl,8,26,0,1,427,315,427
4309,lstm,9,val,420,root-0/task8--ep27--succ0.pkl,8,27,1,0,520,315,520
4310,lstm,9,val,424,root-0/task8--ep30--succ1.pkl,8,30,0,1,417,315,417
4311,lstm,9,val,425,root-0/task8--ep31--succ0.pkl,8,31,1,0,520,315,520
4312,lstm,9,val,426,root-0/task8--ep32--succ0.pkl,8,32,1,0,520,315,520
4313,lstm,9,val,432,root-0/task8--ep38--succ0.pkl,8,38,1,0,520,315,520
4314,lstm,9,val,433,root-0/task8--ep39--succ0.pkl,8,39,1,0,520,315,520
4315,lstm,9,val,438,root-0/task8--ep43--succ0.pkl,8,43,1,0,520,315,520
4316,lstm,9,val,439,root-0/task8--ep44--succ1.pkl,8,44,0,1,315,315,315
4317,lstm,9,val,440,root-0/task8--ep45--succ0.pkl,8,45,1,0,520,315,520
4318,lstm,9,val,441,root-0/task8--ep46--succ0.pkl,8,46,1,0,520,315,520
4319,lstm,9,val,445,root-0/task8--ep5--succ0.pkl,8,5,1,0,520,315,520
4320,lstm,9,val,446,root-0/task8--ep6--succ0.pkl,8,6,1,0,520,315,520
4321,lstm,9,val,447,root-0/task8--ep7--succ0.pkl,8,7,1,0,520,315,520
4322,lstm,9,val,449,root-0/task8--ep9--succ1.pkl,8,9,0,1,504,315,504
4323,lstm,9,val,500,root-1/task0--ep0--succ0.pkl,0,0,1,0,520,230,520
4324,lstm,9,val,502,root-1/task0--ep10--succ1.pkl,0,10,0,1,290,230,290
4325,lstm,9,val,505,root-1/task0--ep13--succ1.pkl,0,13,0,1,278,230,278
4326,lstm,9,val,517,root-1/task0--ep24--succ0.pkl,0,24,1,0,520,230,520
4327,lstm,9,val,518,root-1/task0--ep25--succ1.pkl,0,25,0,1,295,230,295
4328,lstm,9,val,525,root-1/task0--ep31--succ1.pkl,0,31,0,1,295,230,295
4329,lstm,9,val,526,root-1/task0--ep32--succ0.pkl,0,32,1,0,520,230,520
4330,lstm,9,val,527,root-1/task0--ep33--succ1.pkl,0,33,0,1,357,230,357
4331,lstm,9,val,528,root-1/task0--ep34--succ1.pkl,0,34,0,1,371,230,371
4332,lstm,9,val,529,root-1/task0--ep35--succ1.pkl,0,35,0,1,392,230,392
4333,lstm,9,val,531,root-1/task0--ep37--succ1.pkl,0,37,0,1,333,230,333
4334,lstm,9,val,534,root-1/task0--ep4--succ0.pkl,0,4,1,0,520,230,520
4335,lstm,9,val,536,root-1/task0--ep41--succ1.pkl,0,41,0,1,348,230,348
4336,lstm,9,val,539,root-1/task0--ep44--succ1.pkl,0,44,0,1,423,230,423
4337,lstm,9,val,542,root-1/task0--ep47--succ1.pkl,0,47,0,1,315,230,315
4338,lstm,9,val,545,root-1/task0--ep5--succ0.pkl,0,5,1,0,520,230,520
4339,lstm,9,val,548,root-1/task0--ep8--succ1.pkl,0,8,0,1,341,230,341
4340,lstm,9,val,554,root-1/task1--ep12--succ1.pkl,1,12,0,1,262,218,262
4341,lstm,9,val,556,root-1/task1--ep14--succ0.pkl,1,14,1,0,520,218,520
4342,lstm,9,val,558,root-1/task1--ep16--succ1.pkl,1,16,0,1,255,218,255
4343,lstm,9,val,559,root-1/task1--ep17--succ1.pkl,1,17,0,1,286,218,286
4344,lstm,9,val,565,root-1/task1--ep22--succ0.pkl,1,22,1,0,520,218,520
4345,lstm,9,val,577,root-1/task1--ep33--succ0.pkl,1,33,1,0,520,218,520
4346,lstm,9,val,578,root-1/task1--ep34--succ0.pkl,1,34,1,0,520,218,520
4347,lstm,9,val,580,root-1/task1--ep36--succ0.pkl,1,36,1,0,520,218,520
4348,lstm,9,val,581,root-1/task1--ep37--succ1.pkl,1,37,0,1,236,218,236
4349,lstm,9,val,583,root-1/task1--ep39--succ0.pkl,1,39,1,0,520,218,520
4350,lstm,9,val,584,root-1/task1--ep4--succ1.pkl,1,4,0,1,305,218,305
4351,lstm,9,val,585,root-1/task1--ep40--succ1.pkl,1,40,0,1,241,218,241
4352,lstm,9,val,587,root-1/task1--ep42--succ1.pkl,1,42,0,1,410,218,410
4353,lstm,9,val,588,root-1/task1--ep43--succ0.pkl,1,43,1,0,520,218,520
4354,lstm,9,val,590,root-1/task1--ep45--succ1.pkl,1,45,0,1,302,218,302
4355,lstm,9,val,591,root-1/task1--ep46--succ0.pkl,1,46,1,0,520,218,520
4356,lstm,9,val,594,root-1/task1--ep49--succ1.pkl,1,49,0,1,267,218,267
4357,lstm,9,val,600,root-1/task2--ep0--succ0.pkl,2,0,1,0,520,211,520
4358,lstm,9,val,601,root-1/task2--ep1--succ1.pkl,2,1,0,1,298,211,298
4359,lstm,9,val,608,root-1/task2--ep16--succ1.pkl,2,16,0,1,265,211,265
4360,lstm,9,val,612,root-1/task2--ep2--succ1.pkl,2,2,0,1,253,211,253
4361,lstm,9,val,614,root-1/task2--ep21--succ1.pkl,2,21,0,1,260,211,260
4362,lstm,9,val,617,root-1/task2--ep24--succ0.pkl,2,24,1,0,520,211,520
4363,lstm,9,val,623,root-1/task2--ep3--succ0.pkl,2,3,1,0,520,211,520
4364,lstm,9,val,625,root-1/task2--ep31--succ1.pkl,2,31,0,1,277,211,277
4365,lstm,9,val,627,root-1/task2--ep33--succ0.pkl,2,33,1,0,520,211,520
4366,lstm,9,val,629,root-1/task2--ep35--succ1.pkl,2,35,0,1,377,211,377
4367,lstm,9,val,633,root-1/task2--ep39--succ1.pkl,2,39,0,1,439,211,439
4368,lstm,9,val,634,root-1/task2--ep4--succ1.pkl,2,4,0,1,224,211,224
4369,lstm,9,val,636,root-1/task2--ep41--succ0.pkl,2,41,1,0,520,211,520
4370,lstm,9,val,637,root-1/task2--ep42--succ0.pkl,2,42,1,0,520,211,520
4371,lstm,9,val,638,root-1/task2--ep43--succ0.pkl,2,43,1,0,520,211,520
4372,lstm,9,val,646,root-1/task2--ep6--succ0.pkl,2,6,1,0,520,211,520
4373,lstm,9,val,649,root-1/task2--ep9--succ0.pkl,2,9,1,0,520,211,520
4374,lstm,9,val,650,root-1/task3--ep0--succ1.pkl,3,0,0,1,298,187,298
4375,lstm,9,val,657,root-1/task3--ep15--succ1.pkl,3,15,0,1,244,187,244
4376,lstm,9,val,662,root-1/task3--ep2--succ0.pkl,3,2,1,0,520,187,520
4377,lstm,9,val,664,root-1/task3--ep21--succ0.pkl,3,21,1,0,520,187,520
4378,lstm,9,val,666,root-1/task3--ep23--succ1.pkl,3,23,0,1,236,187,236
4379,lstm,9,val,667,root-1/task3--ep24--succ0.pkl,3,24,1,0,520,187,520
4380,lstm,9,val,669,root-1/task3--ep26--succ1.pkl,3,26,0,1,232,187,232
4381,lstm,9,val,670,root-1/task3--ep27--succ0.pkl,3,27,1,0,520,187,520
4382,lstm,9,val,671,root-1/task3--ep28--succ1.pkl,3,28,0,1,263,187,263
4383,lstm,9,val,679,root-1/task3--ep35--succ0.pkl,3,35,1,0,520,187,520
4384,lstm,9,val,681,root-1/task3--ep37--succ1.pkl,3,37,0,1,260,187,260
4385,lstm,9,val,682,root-1/task3--ep38--succ0.pkl,3,38,1,0,520,187,520
4386,lstm,9,val,688,root-1/task3--ep43--succ1.pkl,3,43,0,1,248,187,248
4387,lstm,9,val,691,root-1/task3--ep46--succ0.pkl,3,46,1,0,520,187,520
4388,lstm,9,val,695,root-1/task3--ep5--succ0.pkl,3,5,1,0,520,187,520
4389,lstm,9,val,696,root-1/task3--ep6--succ0.pkl,3,6,1,0,520,187,520
4390,lstm,9,val,698,root-1/task3--ep8--succ0.pkl,3,8,1,0,520,187,520
4391,lstm,9,val,699,root-1/task3--ep9--succ0.pkl,3,9,1,0,520,187,520
4392,lstm,9,val,700,root-1/task4--ep0--succ0.pkl,4,0,1,0,520,209,520
4393,lstm,9,val,701,root-1/task4--ep1--succ0.pkl,4,1,1,0,520,209,520
4394,lstm,9,val,704,root-1/task4--ep12--succ1.pkl,4,12,0,1,263,209,263
4395,lstm,9,val,705,root-1/task4--ep13--succ0.pkl,4,13,1,0,520,209,520
4396,lstm,9,val,706,root-1/task4--ep14--succ1.pkl,4,14,0,1,247,209,247
4397,lstm,9,val,708,root-1/task4--ep16--succ0.pkl,4,16,1,0,520,209,520
4398,lstm,9,val,709,root-1/task4--ep17--succ1.pkl,4,17,0,1,273,209,273
4399,lstm,9,val,713,root-1/task4--ep20--succ1.pkl,4,20,0,1,209,209,209
4400,lstm,9,val,716,root-1/task4--ep23--succ0.pkl,4,23,1,0,520,209,520
4401,lstm,9,val,720,root-1/task4--ep27--succ1.pkl,4,27,0,1,231,209,231
4402,lstm,9,val,721,root-1/task4--ep28--succ0.pkl,4,28,1,0,520,209,520
4403,lstm,9,val,723,root-1/task4--ep3--succ1.pkl,4,3,0,1,243,209,243
4404,lstm,9,val,726,root-1/task4--ep32--succ1.pkl,4,32,0,1,511,209,511
4405,lstm,9,val,728,root-1/task4--ep34--succ0.pkl,4,34,1,0,520,209,520
4406,lstm,9,val,731,root-1/task4--ep37--succ0.pkl,4,37,1,0,520,209,520
4407,lstm,9,val,732,root-1/task4--ep38--succ1.pkl,4,38,0,1,217,209,217
4408,lstm,9,val,733,root-1/task4--ep39--succ0.pkl,4,39,1,0,520,209,520
4409,lstm,9,val,735,root-1/task4--ep40--succ0.pkl,4,40,1,0,520,209,520
4410,lstm,9,val,736,root-1/task4--ep41--succ0.pkl,4,41,1,0,520,209,520
4411,lstm,9,val,737,root-1/task4--ep42--succ0.pkl,4,42,1,0,520,209,520
4412,lstm,9,val,738,root-1/task4--ep43--succ0.pkl,4,43,1,0,520,209,520
4413,lstm,9,val,739,root-1/task4--ep44--succ1.pkl,4,44,0,1,233,209,233
4414,lstm,9,val,740,root-1/task4--ep45--succ0.pkl,4,45,1,0,520,209,520
4415,lstm,9,val,742,root-1/task4--ep47--succ0.pkl,4,47,1,0,520,209,520
4416,lstm,9,val,745,root-1/task4--ep5--succ1.pkl,4,5,0,1,341,209,341
4417,lstm,9,val,747,root-1/task4--ep7--succ0.pkl,4,7,1,0,520,209,520
4418,lstm,9,val,751,root-1/task5--ep1--succ1.pkl,5,1,0,1,178,148,178
4419,lstm,9,val,752,root-1/task5--ep10--succ1.pkl,5,10,0,1,242,148,242
4420,lstm,9,val,753,root-1/task5--ep11--succ1.pkl,5,11,0,1,282,148,282
4421,lstm,9,val,754,root-1/task5--ep12--succ1.pkl,5,12,0,1,159,148,159
4422,lstm,9,val,757,root-1/task5--ep15--succ1.pkl,5,15,0,1,202,148,202
4423,lstm,9,val,758,root-1/task5--ep16--succ1.pkl,5,16,0,1,170,148,170
4424,lstm,9,val,761,root-1/task5--ep19--succ0.pkl,5,19,1,0,520,148,520
4425,lstm,9,val,764,root-1/task5--ep21--succ1.pkl,5,21,0,1,177,148,177
4426,lstm,9,val,766,root-1/task5--ep23--succ1.pkl,5,23,0,1,197,148,197
4427,lstm,9,val,767,root-1/task5--ep24--succ1.pkl,5,24,0,1,174,148,174
4428,lstm,9,val,773,root-1/task5--ep3--succ1.pkl,5,3,0,1,173,148,173
4429,lstm,9,val,775,root-1/task5--ep31--succ1.pkl,5,31,0,1,207,148,207
4430,lstm,9,val,776,root-1/task5--ep32--succ1.pkl,5,32,0,1,189,148,189
4431,lstm,9,val,780,root-1/task5--ep36--succ0.pkl,5,36,1,0,520,148,520
4432,lstm,9,val,781,root-1/task5--ep37--succ1.pkl,5,37,0,1,174,148,174
4433,lstm,9,val,784,root-1/task5--ep4--succ1.pkl,5,4,0,1,266,148,266
4434,lstm,9,val,785,root-1/task5--ep40--succ1.pkl,5,40,0,1,196,148,196
4435,lstm,9,val,788,root-1/task5--ep43--succ1.pkl,5,43,0,1,211,148,211
4436,lstm,9,val,791,root-1/task5--ep46--succ0.pkl,5,46,1,0,520,148,520
4437,lstm,9,val,793,root-1/task5--ep48--succ1.pkl,5,48,0,1,190,148,190
4438,lstm,9,val,797,root-1/task5--ep7--succ1.pkl,5,7,0,1,205,148,205
4439,lstm,9,val,800,root-1/task6--ep0--succ1.pkl,6,0,0,1,289,190,289
4440,lstm,9,val,804,root-1/task6--ep12--succ0.pkl,6,12,1,0,520,190,520
4441,lstm,9,val,806,root-1/task6--ep14--succ0.pkl,6,14,1,0,520,190,520
4442,lstm,9,val,807,root-1/task6--ep15--succ0.pkl,6,15,1,0,520,190,520
4443,lstm,9,val,810,root-1/task6--ep18--succ0.pkl,6,18,1,0,520,190,520
4444,lstm,9,val,811,root-1/task6--ep19--succ1.pkl,6,19,0,1,216,190,216
4445,lstm,9,val,812,root-1/task6--ep2--succ0.pkl,6,2,1,0,520,190,520
4446,lstm,9,val,816,root-1/task6--ep23--succ1.pkl,6,23,0,1,190,190,190
4447,lstm,9,val,819,root-1/task6--ep26--succ0.pkl,6,26,1,0,520,190,520
4448,lstm,9,val,820,root-1/task6--ep27--succ1.pkl,6,27,0,1,199,190,199
4449,lstm,9,val,821,root-1/task6--ep28--succ1.pkl,6,28,0,1,239,190,239
4450,lstm,9,val,825,root-1/task6--ep31--succ1.pkl,6,31,0,1,291,190,291
4451,lstm,9,val,827,root-1/task6--ep33--succ0.pkl,6,33,1,0,520,190,520
4452,lstm,9,val,828,root-1/task6--ep34--succ0.pkl,6,34,1,0,520,190,520
4453,lstm,9,val,831,root-1/task6--ep37--succ1.pkl,6,37,0,1,191,190,191
4454,lstm,9,val,833,root-1/task6--ep39--succ0.pkl,6,39,1,0,520,190,520
4455,lstm,9,val,834,root-1/task6--ep4--succ1.pkl,6,4,0,1,513,190,513
4456,lstm,9,val,838,root-1/task6--ep43--succ0.pkl,6,43,1,0,520,190,520
4457,lstm,9,val,840,root-1/task6--ep45--succ0.pkl,6,45,1,0,520,190,520
4458,lstm,9,val,844,root-1/task6--ep49--succ1.pkl,6,49,0,1,474,190,474
4459,lstm,9,val,846,root-1/task6--ep6--succ0.pkl,6,6,1,0,520,190,520
4460,lstm,9,val,847,root-1/task6--ep7--succ1.pkl,6,7,0,1,234,190,234
4461,lstm,9,val,850,root-1/task7--ep0--succ1.pkl,7,0,0,1,246,210,246
4462,lstm,9,val,858,root-1/task7--ep16--succ1.pkl,7,16,0,1,281,210,281
4463,lstm,9,val,860,root-1/task7--ep18--succ1.pkl,7,18,0,1,232,210,232
4464,lstm,9,val,865,root-1/task7--ep22--succ1.pkl,7,22,0,1,280,210,280
4465,lstm,9,val,867,root-1/task7--ep24--succ0.pkl,7,24,1,0,520,210,520
4466,lstm,9,val,869,root-1/task7--ep26--succ0.pkl,7,26,1,0,520,210,520
4467,lstm,9,val,875,root-1/task7--ep31--succ1.pkl,7,31,0,1,500,210,500
4468,lstm,9,val,878,root-1/task7--ep34--succ0.pkl,7,34,1,0,520,210,520
4469,lstm,9,val,881,root-1/task7--ep37--succ1.pkl,7,37,0,1,230,210,230
4470,lstm,9,val,882,root-1/task7--ep38--succ1.pkl,7,38,0,1,331,210,331
4471,lstm,9,val,884,root-1/task7--ep4--succ0.pkl,7,4,1,0,520,210,520
4472,lstm,9,val,886,root-1/task7--ep41--succ0.pkl,7,41,1,0,520,210,520
4473,lstm,9,val,887,root-1/task7--ep42--succ1.pkl,7,42,0,1,253,210,253
4474,lstm,9,val,889,root-1/task7--ep44--succ1.pkl,7,44,0,1,246,210,246
4475,lstm,9,val,891,root-1/task7--ep46--succ1.pkl,7,46,0,1,257,210,257
4476,lstm,9,val,892,root-1/task7--ep47--succ1.pkl,7,47,0,1,246,210,246
4477,lstm,9,val,893,root-1/task7--ep48--succ1.pkl,7,48,0,1,290,210,290
4478,lstm,9,val,894,root-1/task7--ep49--succ0.pkl,7,49,1,0,520,210,520
4479,lstm,9,val,896,root-1/task7--ep6--succ1.pkl,7,6,0,1,369,210,369
4480,lstm,9,val,897,root-1/task7--ep7--succ1.pkl,7,7,0,1,246,210,246
4481,lstm,9,val,901,root-1/task8--ep1--succ1.pkl,8,1,0,1,391,315,391
4482,lstm,9,val,904,root-1/task8--ep12--succ0.pkl,8,12,1,0,520,315,520
4483,lstm,9,val,905,root-1/task8--ep13--succ0.pkl,8,13,1,0,520,315,520
4484,lstm,9,val,906,root-1/task8--ep14--succ0.pkl,8,14,1,0,520,315,520
4485,lstm,9,val,907,root-1/task8--ep15--succ0.pkl,8,15,1,0,520,315,520
4486,lstm,9,val,910,root-1/task8--ep18--succ0.pkl,8,18,1,0,520,315,520
4487,lstm,9,val,914,root-1/task8--ep21--succ0.pkl,8,21,1,0,520,315,520
4488,lstm,9,val,920,root-1/task8--ep27--succ0.pkl,8,27,1,0,520,315,520
4489,lstm,9,val,921,root-1/task8--ep28--succ0.pkl,8,28,1,0,520,315,520
4490,lstm,9,val,923,root-1/task8--ep3--succ0.pkl,8,3,1,0,520,315,520
4491,lstm,9,val,927,root-1/task8--ep33--succ0.pkl,8,33,1,0,520,315,520
4492,lstm,9,val,932,root-1/task8--ep38--succ0.pkl,8,38,1,0,520,315,520
4493,lstm,9,val,934,root-1/task8--ep4--succ0.pkl,8,4,1,0,520,315,520
4494,lstm,9,val,940,root-1/task8--ep45--succ1.pkl,8,45,0,1,490,315,490
4495,lstm,9,val,943,root-1/task8--ep48--succ0.pkl,8,48,1,0,520,315,520
4496,lstm,9,val,945,root-1/task8--ep5--succ0.pkl,8,5,1,0,520,315,520
4497,lstm,9,val,946,root-1/task8--ep6--succ1.pkl,8,6,0,1,440,315,440
4498,lstm,9,val,947,root-1/task8--ep7--succ0.pkl,8,7,1,0,520,315,520
4499,lstm,9,val,948,root-1/task8--ep8--succ0.pkl,8,8,1,0,520,315,520
4500,lstm,9,test,450,root-0/task9--ep0--succ0.pkl,9,0,1,0,520,241,520
4501,lstm,9,test,451,root-0/task9--ep1--succ0.pkl,9,1,1,0,520,241,520
4502,lstm,9,test,452,root-0/task9--ep10--succ0.pkl,9,10,1,0,520,241,520
4503,lstm,9,test,453,root-0/task9--ep11--succ0.pkl,9,11,1,0,520,241,520
4504,lstm,9,test,454,root-0/task9--ep12--succ0.pkl,9,12,1,0,520,241,520
4505,lstm,9,test,455,root-0/task9--ep13--succ0.pkl,9,13,1,0,520,241,520
4506,lstm,9,test,456,root-0/task9--ep14--succ0.pkl,9,14,1,0,520,241,520
4507,lstm,9,test,457,root-0/task9--ep15--succ0.pkl,9,15,1,0,520,241,520
4508,lstm,9,test,458,root-0/task9--ep16--succ0.pkl,9,16,1,0,520,241,520
4509,lstm,9,test,459,root-0/task9--ep17--succ0.pkl,9,17,1,0,520,241,520
4510,lstm,9,test,460,root-0/task9--ep18--succ1.pkl,9,18,0,1,372,241,372
4511,lstm,9,test,461,root-0/task9--ep19--succ1.pkl,9,19,0,1,427,241,427
4512,lstm,9,test,462,root-0/task9--ep2--succ1.pkl,9,2,0,1,300,241,300
4513,lstm,9,test,463,root-0/task9--ep20--succ1.pkl,9,20,0,1,342,241,342
4514,lstm,9,test,464,root-0/task9--ep21--succ1.pkl,9,21,0,1,300,241,300
4515,lstm,9,test,465,root-0/task9--ep22--succ0.pkl,9,22,1,0,520,241,520
4516,lstm,9,test,466,root-0/task9--ep23--succ0.pkl,9,23,1,0,520,241,520
4517,lstm,9,test,467,root-0/task9--ep24--succ0.pkl,9,24,1,0,520,241,520
4518,lstm,9,test,468,root-0/task9--ep25--succ1.pkl,9,25,0,1,510,241,510
4519,lstm,9,test,469,root-0/task9--ep26--succ0.pkl,9,26,1,0,520,241,520
4520,lstm,9,test,470,root-0/task9--ep27--succ1.pkl,9,27,0,1,264,241,264
4521,lstm,9,test,471,root-0/task9--ep28--succ1.pkl,9,28,0,1,346,241,346
4522,lstm,9,test,472,root-0/task9--ep29--succ0.pkl,9,29,1,0,520,241,520
4523,lstm,9,test,473,root-0/task9--ep3--succ0.pkl,9,3,1,0,520,241,520
4524,lstm,9,test,474,root-0/task9--ep30--succ0.pkl,9,30,1,0,520,241,520
4525,lstm,9,test,475,root-0/task9--ep31--succ0.pkl,9,31,1,0,520,241,520
4526,lstm,9,test,476,root-0/task9--ep32--succ0.pkl,9,32,1,0,520,241,520
4527,lstm,9,test,477,root-0/task9--ep33--succ1.pkl,9,33,0,1,241,241,241
4528,lstm,9,test,478,root-0/task9--ep34--succ0.pkl,9,34,1,0,520,241,520
4529,lstm,9,test,479,root-0/task9--ep35--succ1.pkl,9,35,0,1,366,241,366
4530,lstm,9,test,480,root-0/task9--ep36--succ0.pkl,9,36,1,0,520,241,520
4531,lstm,9,test,481,root-0/task9--ep37--succ1.pkl,9,37,0,1,363,241,363
4532,lstm,9,test,482,root-0/task9--ep38--succ0.pkl,9,38,1,0,520,241,520
4533,lstm,9,test,483,root-0/task9--ep39--succ0.pkl,9,39,1,0,520,241,520
4534,lstm,9,test,484,root-0/task9--ep4--succ0.pkl,9,4,1,0,520,241,520
4535,lstm,9,test,485,root-0/task9--ep40--succ0.pkl,9,40,1,0,520,241,520
4536,lstm,9,test,486,root-0/task9--ep41--succ1.pkl,9,41,0,1,316,241,316
4537,lstm,9,test,487,root-0/task9--ep42--succ0.pkl,9,42,1,0,520,241,520
4538,lstm,9,test,488,root-0/task9--ep43--succ1.pkl,9,43,0,1,256,241,256
4539,lstm,9,test,489,root-0/task9--ep44--succ0.pkl,9,44,1,0,520,241,520
4540,lstm,9,test,490,root-0/task9--ep45--succ0.pkl,9,45,1,0,520,241,520
4541,lstm,9,test,491,root-0/task9--ep46--succ0.pkl,9,46,1,0,520,241,520
4542,lstm,9,test,492,root-0/task9--ep47--succ1.pkl,9,47,0,1,252,241,252
4543,lstm,9,test,493,root-0/task9--ep48--succ1.pkl,9,48,0,1,436,241,436
4544,lstm,9,test,494,root-0/task9--ep49--succ1.pkl,9,49,0,1,344,241,344
4545,lstm,9,test,495,root-0/task9--ep5--succ1.pkl,9,5,0,1,312,241,312
4546,lstm,9,test,496,root-0/task9--ep6--succ1.pkl,9,6,0,1,338,241,338
4547,lstm,9,test,497,root-0/task9--ep7--succ0.pkl,9,7,1,0,520,241,520
4548,lstm,9,test,498,root-0/task9--ep8--succ1.pkl,9,8,0,1,307,241,307
4549,lstm,9,test,499,root-0/task9--ep9--succ0.pkl,9,9,1,0,520,241,520
4550,lstm,9,test,950,root-1/task9--ep0--succ0.pkl,9,0,1,0,520,241,520
4551,lstm,9,test,951,root-1/task9--ep1--succ0.pkl,9,1,1,0,520,241,520
4552,lstm,9,test,952,root-1/task9--ep10--succ0.pkl,9,10,1,0,520,241,520
4553,lstm,9,test,953,root-1/task9--ep11--succ0.pkl,9,11,1,0,520,241,520
4554,lstm,9,test,954,root-1/task9--ep12--succ0.pkl,9,12,1,0,520,241,520
4555,lstm,9,test,955,root-1/task9--ep13--succ0.pkl,9,13,1,0,520,241,520
4556,lstm,9,test,956,root-1/task9--ep14--succ0.pkl,9,14,1,0,520,241,520
4557,lstm,9,test,957,root-1/task9--ep15--succ0.pkl,9,15,1,0,520,241,520
4558,lstm,9,test,958,root-1/task9--ep16--succ0.pkl,9,16,1,0,520,241,520
4559,lstm,9,test,959,root-1/task9--ep17--succ1.pkl,9,17,0,1,349,241,349
4560,lstm,9,test,960,root-1/task9--ep18--succ0.pkl,9,18,1,0,520,241,520
4561,lstm,9,test,961,root-1/task9--ep19--succ1.pkl,9,19,0,1,416,241,416
4562,lstm,9,test,962,root-1/task9--ep2--succ1.pkl,9,2,0,1,318,241,318
4563,lstm,9,test,963,root-1/task9--ep20--succ1.pkl,9,20,0,1,297,241,297
4564,lstm,9,test,964,root-1/task9--ep21--succ0.pkl,9,21,1,0,520,241,520
4565,lstm,9,test,965,root-1/task9--ep22--succ1.pkl,9,22,0,1,312,241,312
4566,lstm,9,test,966,root-1/task9--ep23--succ0.pkl,9,23,1,0,520,241,520
4567,lstm,9,test,967,root-1/task9--ep24--succ0.pkl,9,24,1,0,520,241,520
4568,lstm,9,test,968,root-1/task9--ep25--succ1.pkl,9,25,0,1,329,241,329
4569,lstm,9,test,969,root-1/task9--ep26--succ0.pkl,9,26,1,0,520,241,520
4570,lstm,9,test,970,root-1/task9--ep27--succ1.pkl,9,27,0,1,329,241,329
4571,lstm,9,test,971,root-1/task9--ep28--succ0.pkl,9,28,1,0,520,241,520
4572,lstm,9,test,972,root-1/task9--ep29--succ1.pkl,9,29,0,1,387,241,387
4573,lstm,9,test,973,root-1/task9--ep3--succ0.pkl,9,3,1,0,520,241,520
4574,lstm,9,test,974,root-1/task9--ep30--succ0.pkl,9,30,1,0,520,241,520
4575,lstm,9,test,975,root-1/task9--ep31--succ1.pkl,9,31,0,1,264,241,264
4576,lstm,9,test,976,root-1/task9--ep32--succ1.pkl,9,32,0,1,271,241,271
4577,lstm,9,test,977,root-1/task9--ep33--succ1.pkl,9,33,0,1,247,241,247
4578,lstm,9,test,978,root-1/task9--ep34--succ0.pkl,9,34,1,0,520,241,520
4579,lstm,9,test,979,root-1/task9--ep35--succ0.pkl,9,35,1,0,520,241,520
4580,lstm,9,test,980,root-1/task9--ep36--succ1.pkl,9,36,0,1,359,241,359
4581,lstm,9,test,981,root-1/task9--ep37--succ1.pkl,9,37,0,1,413,241,413
4582,lstm,9,test,982,root-1/task9--ep38--succ0.pkl,9,38,1,0,520,241,520
4583,lstm,9,test,983,root-1/task9--ep39--succ0.pkl,9,39,1,0,520,241,520
4584,lstm,9,test,984,root-1/task9--ep4--succ0.pkl,9,4,1,0,520,241,520
4585,lstm,9,test,985,root-1/task9--ep40--succ1.pkl,9,40,0,1,389,241,389
4586,lstm,9,test,986,root-1/task9--ep41--succ0.pkl,9,41,1,0,520,241,520
4587,lstm,9,test,987,root-1/task9--ep42--succ0.pkl,9,42,1,0,520,241,520
4588,lstm,9,test,988,root-1/task9--ep43--succ0.pkl,9,43,1,0,520,241,520
4589,lstm,9,test,989,root-1/task9--ep44--succ0.pkl,9,44,1,0,520,241,520
4590,lstm,9,test,990,root-1/task9--ep45--succ0.pkl,9,45,1,0,520,241,520
4591,lstm,9,test,991,root-1/task9--ep46--succ0.pkl,9,46,1,0,520,241,520
4592,lstm,9,test,992,root-1/task9--ep47--succ1.pkl,9,47,0,1,267,241,267
4593,lstm,9,test,993,root-1/task9--ep48--succ0.pkl,9,48,1,0,520,241,520
4594,lstm,9,test,994,root-1/task9--ep49--succ0.pkl,9,49,1,0,520,241,520
4595,lstm,9,test,995,root-1/task9--ep5--succ0.pkl,9,5,1,0,520,241,520
4596,lstm,9,test,996,root-1/task9--ep6--succ1.pkl,9,6,0,1,262,241,262
4597,lstm,9,test,997,root-1/task9--ep7--succ0.pkl,9,7,1,0,520,241,520
4598,lstm,9,test,998,root-1/task9--ep8--succ1.pkl,9,8,0,1,317,241,317
4599,lstm,9,test,999,root-1/task9--ep9--succ0.pkl,9,9,1,0,520,241,520
4600,mlp,0,val,51,root-0/task1--ep1--succ1.pkl,1,1,0,1,253,218,253
4601,mlp,0,val,54,root-0/task1--ep12--succ1.pkl,1,12,0,1,238,218,238
4602,mlp,0,val,64,root-0/task1--ep21--succ0.pkl,1,21,1,0,520,218,520
4603,mlp,0,val,70,root-0/task1--ep27--succ0.pkl,1,27,1,0,520,218,520
4604,mlp,0,val,71,root-0/task1--ep28--succ1.pkl,1,28,0,1,270,218,270
4605,mlp,0,val,72,root-0/task1--ep29--succ1.pkl,1,29,0,1,236,218,236
4606,mlp,0,val,75,root-0/task1--ep31--succ1.pkl,1,31,0,1,232,218,232
4607,mlp,0,val,77,root-0/task1--ep33--succ1.pkl,1,33,0,1,224,218,224
4608,mlp,0,val,80,root-0/task1--ep36--succ0.pkl,1,36,1,0,520,218,520
4609,mlp,0,val,81,root-0/task1--ep37--succ1.pkl,1,37,0,1,286,218,286
4610,mlp,0,val,82,root-0/task1--ep38--succ1.pkl,1,38,0,1,249,218,249
4611,mlp,0,val,83,root-0/task1--ep39--succ1.pkl,1,39,0,1,316,218,316
4612,mlp,0,val,85,root-0/task1--ep40--succ1.pkl,1,40,0,1,225,218,225
4613,mlp,0,val,86,root-0/task1--ep41--succ1.pkl,1,41,0,1,396,218,396
4614,mlp,0,val,87,root-0/task1--ep42--succ1.pkl,1,42,0,1,243,218,243
4615,mlp,0,val,93,root-0/task1--ep48--succ0.pkl,1,48,1,0,520,218,520
4616,mlp,0,val,94,root-0/task1--ep49--succ1.pkl,1,49,0,1,265,218,265
4617,mlp,0,val,97,root-0/task1--ep7--succ1.pkl,1,7,0,1,225,218,225
4618,mlp,0,val,100,root-0/task2--ep0--succ1.pkl,2,0,0,1,258,211,258
4619,mlp,0,val,101,root-0/task2--ep1--succ1.pkl,2,1,0,1,285,211,285
4620,mlp,0,val,109,root-0/task2--ep17--succ1.pkl,2,17,0,1,242,211,242
4621,mlp,0,val,111,root-0/task2--ep19--succ1.pkl,2,19,0,1,227,211,227
4622,mlp,0,val,112,root-0/task2--ep2--succ0.pkl,2,2,1,0,520,211,520
4623,mlp,0,val,113,root-0/task2--ep20--succ0.pkl,2,20,1,0,520,211,520
4624,mlp,0,val,114,root-0/task2--ep21--succ1.pkl,2,21,0,1,320,211,320
4625,mlp,0,val,117,root-0/task2--ep24--succ0.pkl,2,24,1,0,520,211,520
4626,mlp,0,val,118,root-0/task2--ep25--succ1.pkl,2,25,0,1,251,211,251
4627,mlp,0,val,121,root-0/task2--ep28--succ1.pkl,2,28,0,1,304,211,304
4628,mlp,0,val,122,root-0/task2--ep29--succ0.pkl,2,29,1,0,520,211,520
4629,mlp,0,val,125,root-0/task2--ep31--succ0.pkl,2,31,1,0,520,211,520
4630,mlp,0,val,127,root-0/task2--ep33--succ0.pkl,2,33,1,0,520,211,520
4631,mlp,0,val,132,root-0/task2--ep38--succ1.pkl,2,38,0,1,295,211,295
4632,mlp,0,val,133,root-0/task2--ep39--succ0.pkl,2,39,1,0,520,211,520
4633,mlp,0,val,134,root-0/task2--ep4--succ1.pkl,2,4,0,1,225,211,225
4634,mlp,0,val,136,root-0/task2--ep41--succ0.pkl,2,41,1,0,520,211,520
4635,mlp,0,val,138,root-0/task2--ep43--succ1.pkl,2,43,0,1,342,211,342
4636,mlp,0,val,139,root-0/task2--ep44--succ0.pkl,2,44,1,0,520,211,520
4637,mlp,0,val,143,root-0/task2--ep48--succ0.pkl,2,48,1,0,520,211,520
4638,mlp,0,val,145,root-0/task2--ep5--succ0.pkl,2,5,1,0,520,211,520
4639,mlp,0,val,147,root-0/task2--ep7--succ0.pkl,2,7,1,0,520,211,520
4640,mlp,0,val,148,root-0/task2--ep8--succ1.pkl,2,8,0,1,316,211,316
4641,mlp,0,val,158,root-0/task3--ep16--succ0.pkl,3,16,1,0,520,187,520
4642,mlp,0,val,159,root-0/task3--ep17--succ1.pkl,3,17,0,1,218,187,218
4643,mlp,0,val,160,root-0/task3--ep18--succ0.pkl,3,18,1,0,520,187,520
4644,mlp,0,val,161,root-0/task3--ep19--succ0.pkl,3,19,1,0,520,187,520
4645,mlp,0,val,163,root-0/task3--ep20--succ1.pkl,3,20,0,1,245,187,245
4646,mlp,0,val,166,root-0/task3--ep23--succ1.pkl,3,23,0,1,296,187,296
4647,mlp,0,val,168,root-0/task3--ep25--succ1.pkl,3,25,0,1,424,187,424
4648,mlp,0,val,169,root-0/task3--ep26--succ0.pkl,3,26,1,0,520,187,520
4649,mlp,0,val,171,root-0/task3--ep28--succ0.pkl,3,28,1,0,520,187,520
4650,mlp,0,val,172,root-0/task3--ep29--succ0.pkl,3,29,1,0,520,187,520
4651,mlp,0,val,176,root-0/task3--ep32--succ1.pkl,3,32,0,1,217,187,217
4652,mlp,0,val,178,root-0/task3--ep34--succ0.pkl,3,34,1,0,520,187,520
4653,mlp,0,val,179,root-0/task3--ep35--succ1.pkl,3,35,0,1,246,187,246
4654,mlp,0,val,182,root-0/task3--ep38--succ1.pkl,3,38,0,1,394,187,394
4655,mlp,0,val,183,root-0/task3--ep39--succ1.pkl,3,39,0,1,196,187,196
4656,mlp,0,val,184,root-0/task3--ep4--succ1.pkl,3,4,0,1,453,187,453
4657,mlp,0,val,187,root-0/task3--ep42--succ0.pkl,3,42,1,0,520,187,520
4658,mlp,0,val,188,root-0/task3--ep43--succ0.pkl,3,43,1,0,520,187,520
4659,mlp,0,val,189,root-0/task3--ep44--succ0.pkl,3,44,1,0,520,187,520
4660,mlp,0,val,190,root-0/task3--ep45--succ1.pkl,3,45,0,1,457,187,457
4661,mlp,0,val,192,root-0/task3--ep47--succ0.pkl,3,47,1,0,520,187,520
4662,mlp,0,val,194,root-0/task3--ep49--succ1.pkl,3,49,0,1,214,187,214
4663,mlp,0,val,199,root-0/task3--ep9--succ1.pkl,3,9,0,1,197,187,197
4664,mlp,0,val,201,root-0/task4--ep1--succ0.pkl,4,1,1,0,520,209,520
4665,mlp,0,val,203,root-0/task4--ep11--succ0.pkl,4,11,1,0,520,209,520
4666,mlp,0,val,217,root-0/task4--ep24--succ1.pkl,4,24,0,1,294,209,294
4667,mlp,0,val,219,root-0/task4--ep26--succ0.pkl,4,26,1,0,520,209,520
4668,mlp,0,val,221,root-0/task4--ep28--succ1.pkl,4,28,0,1,233,209,233
4669,mlp,0,val,223,root-0/task4--ep3--succ1.pkl,4,3,0,1,235,209,235
4670,mlp,0,val,225,root-0/task4--ep31--succ1.pkl,4,31,0,1,241,209,241
4671,mlp,0,val,227,root-0/task4--ep33--succ1.pkl,4,33,0,1,241,209,241
4672,mlp,0,val,228,root-0/task4--ep34--succ1.pkl,4,34,0,1,246,209,246
4673,mlp,0,val,233,root-0/task4--ep39--succ1.pkl,4,39,0,1,219,209,219
4674,mlp,0,val,235,root-0/task4--ep40--succ0.pkl,4,40,1,0,520,209,520
4675,mlp,0,val,239,root-0/task4--ep44--succ1.pkl,4,44,0,1,238,209,238
4676,mlp,0,val,241,root-0/task4--ep46--succ0.pkl,4,46,1,0,520,209,520
4677,mlp,0,val,249,root-0/task4--ep9--succ1.pkl,4,9,0,1,220,209,220
4678,mlp,0,val,250,root-0/task5--ep0--succ1.pkl,5,0,0,1,161,148,161
4679,mlp,0,val,253,root-0/task5--ep11--succ1.pkl,5,11,0,1,160,148,160
4680,mlp,0,val,258,root-0/task5--ep16--succ1.pkl,5,16,0,1,327,148,327
4681,mlp,0,val,264,root-0/task5--ep21--succ1.pkl,5,21,0,1,184,148,184
4682,mlp,0,val,265,root-0/task5--ep22--succ0.pkl,5,22,1,0,520,148,520
4683,mlp,0,val,267,root-0/task5--ep24--succ1.pkl,5,24,0,1,172,148,172
4684,mlp,0,val,268,root-0/task5--ep25--succ1.pkl,5,25,0,1,207,148,207
4685,mlp,0,val,269,root-0/task5--ep26--succ1.pkl,5,26,0,1,187,148,187
4686,mlp,0,val,270,root-0/task5--ep27--succ1.pkl,5,27,0,1,261,148,261
4687,mlp,0,val,271,root-0/task5--ep28--succ0.pkl,5,28,1,0,520,148,520
4688,mlp,0,val,273,root-0/task5--ep3--succ1.pkl,5,3,0,1,233,148,233
4689,mlp,0,val,274,root-0/task5--ep30--succ1.pkl,5,30,0,1,186,148,186
4690,mlp,0,val,276,root-0/task5--ep32--succ1.pkl,5,32,0,1,183,148,183
4691,mlp,0,val,280,root-0/task5--ep36--succ1.pkl,5,36,0,1,231,148,231
4692,mlp,0,val,284,root-0/task5--ep4--succ1.pkl,5,4,0,1,194,148,194
4693,mlp,0,val,287,root-0/task5--ep42--succ1.pkl,5,42,0,1,231,148,231
4694,mlp,0,val,296,root-0/task5--ep6--succ1.pkl,5,6,0,1,197,148,197
4695,mlp,0,val,298,root-0/task5--ep8--succ1.pkl,5,8,0,1,154,148,154
4696,mlp,0,val,299,root-0/task5--ep9--succ1.pkl,5,9,0,1,334,148,334
4697,mlp,0,val,303,root-0/task6--ep11--succ0.pkl,6,11,1,0,520,190,520
4698,mlp,0,val,307,root-0/task6--ep15--succ1.pkl,6,15,0,1,249,190,249
4699,mlp,0,val,310,root-0/task6--ep18--succ0.pkl,6,18,1,0,520,190,520
4700,mlp,0,val,312,root-0/task6--ep2--succ1.pkl,6,2,0,1,210,190,210
4701,mlp,0,val,315,root-0/task6--ep22--succ1.pkl,6,22,0,1,237,190,237
4702,mlp,0,val,317,root-0/task6--ep24--succ1.pkl,6,24,0,1,245,190,245
4703,mlp,0,val,318,root-0/task6--ep25--succ1.pkl,6,25,0,1,240,190,240
4704,mlp,0,val,322,root-0/task6--ep29--succ1.pkl,6,29,0,1,236,190,236
4705,mlp,0,val,323,root-0/task6--ep3--succ1.pkl,6,3,0,1,193,190,193
4706,mlp,0,val,326,root-0/task6--ep32--succ0.pkl,6,32,1,0,520,190,520
4707,mlp,0,val,331,root-0/task6--ep37--succ1.pkl,6,37,0,1,251,190,251
4708,mlp,0,val,334,root-0/task6--ep4--succ1.pkl,6,4,0,1,218,190,218
4709,mlp,0,val,335,root-0/task6--ep40--succ0.pkl,6,40,1,0,520,190,520
4710,mlp,0,val,337,root-0/task6--ep42--succ0.pkl,6,42,1,0,520,190,520
4711,mlp,0,val,339,root-0/task6--ep44--succ1.pkl,6,44,0,1,304,190,304
4712,mlp,0,val,340,root-0/task6--ep45--succ0.pkl,6,45,1,0,520,190,520
4713,mlp,0,val,341,root-0/task6--ep46--succ1.pkl,6,46,0,1,230,190,230
4714,mlp,0,val,342,root-0/task6--ep47--succ0.pkl,6,47,1,0,520,190,520
4715,mlp,0,val,344,root-0/task6--ep49--succ1.pkl,6,49,0,1,263,190,263
4716,mlp,0,val,345,root-0/task6--ep5--succ1.pkl,6,5,0,1,260,190,260
4717,mlp,0,val,351,root-0/task7--ep1--succ0.pkl,7,1,1,0,520,210,520
4718,mlp,0,val,354,root-0/task7--ep12--succ0.pkl,7,12,1,0,520,210,520
4719,mlp,0,val,356,root-0/task7--ep14--succ1.pkl,7,14,0,1,270,210,270
4720,mlp,0,val,359,root-0/task7--ep17--succ0.pkl,7,17,1,0,520,210,520
4721,mlp,0,val,361,root-0/task7--ep19--succ1.pkl,7,19,0,1,252,210,252
4722,mlp,0,val,363,root-0/task7--ep20--succ1.pkl,7,20,0,1,259,210,259
4723,mlp,0,val,364,root-0/task7--ep21--succ0.pkl,7,21,1,0,520,210,520
4724,mlp,0,val,365,root-0/task7--ep22--succ0.pkl,7,22,1,0,520,210,520
4725,mlp,0,val,367,root-0/task7--ep24--succ1.pkl,7,24,0,1,231,210,231
4726,mlp,0,val,372,root-0/task7--ep29--succ0.pkl,7,29,1,0,520,210,520
4727,mlp,0,val,377,root-0/task7--ep33--succ0.pkl,7,33,1,0,520,210,520
4728,mlp,0,val,378,root-0/task7--ep34--succ0.pkl,7,34,1,0,520,210,520
4729,mlp,0,val,383,root-0/task7--ep39--succ1.pkl,7,39,0,1,236,210,236
4730,mlp,0,val,384,root-0/task7--ep4--succ0.pkl,7,4,1,0,520,210,520
4731,mlp,0,val,385,root-0/task7--ep40--succ1.pkl,7,40,0,1,341,210,341
4732,mlp,0,val,386,root-0/task7--ep41--succ1.pkl,7,41,0,1,273,210,273
4733,mlp,0,val,387,root-0/task7--ep42--succ1.pkl,7,42,0,1,267,210,267
4734,mlp,0,val,388,root-0/task7--ep43--succ0.pkl,7,43,1,0,520,210,520
4735,mlp,0,val,391,root-0/task7--ep46--succ0.pkl,7,46,1,0,520,210,520
4736,mlp,0,val,395,root-0/task7--ep5--succ0.pkl,7,5,1,0,520,210,520
4737,mlp,0,val,396,root-0/task7--ep6--succ1.pkl,7,6,0,1,290,210,290
4738,mlp,0,val,397,root-0/task7--ep7--succ1.pkl,7,7,0,1,232,210,232
4739,mlp,0,val,401,root-0/task8--ep1--succ1.pkl,8,1,0,1,448,315,448
4740,mlp,0,val,402,root-0/task8--ep10--succ0.pkl,8,10,1,0,520,315,520
4741,mlp,0,val,403,root-0/task8--ep11--succ1.pkl,8,11,0,1,486,315,486
4742,mlp,0,val,407,root-0/task8--ep15--succ1.pkl,8,15,0,1,347,315,347
4743,mlp,0,val,409,root-0/task8--ep17--succ1.pkl,8,17,0,1,509,315,509
4744,mlp,0,val,413,root-0/task8--ep20--succ0.pkl,8,20,1,0,520,315,520
4745,mlp,0,val,419,root-0/task8--ep26--succ1.pkl,8,26,0,1,427,315,427
4746,mlp,0,val,420,root-0/task8--ep27--succ0.pkl,8,27,1,0,520,315,520
4747,mlp,0,val,424,root-0/task8--ep30--succ1.pkl,8,30,0,1,417,315,417
4748,mlp,0,val,425,root-0/task8--ep31--succ0.pkl,8,31,1,0,520,315,520
4749,mlp,0,val,426,root-0/task8--ep32--succ0.pkl,8,32,1,0,520,315,520
4750,mlp,0,val,432,root-0/task8--ep38--succ0.pkl,8,38,1,0,520,315,520
4751,mlp,0,val,433,root-0/task8--ep39--succ0.pkl,8,39,1,0,520,315,520
4752,mlp,0,val,438,root-0/task8--ep43--succ0.pkl,8,43,1,0,520,315,520
4753,mlp,0,val,439,root-0/task8--ep44--succ1.pkl,8,44,0,1,315,315,315
4754,mlp,0,val,440,root-0/task8--ep45--succ0.pkl,8,45,1,0,520,315,520
4755,mlp,0,val,441,root-0/task8--ep46--succ0.pkl,8,46,1,0,520,315,520
4756,mlp,0,val,445,root-0/task8--ep5--succ0.pkl,8,5,1,0,520,315,520
4757,mlp,0,val,446,root-0/task8--ep6--succ0.pkl,8,6,1,0,520,315,520
4758,mlp,0,val,447,root-0/task8--ep7--succ0.pkl,8,7,1,0,520,315,520
4759,mlp,0,val,449,root-0/task8--ep9--succ1.pkl,8,9,0,1,504,315,504
4760,mlp,0,val,450,root-0/task9--ep0--succ0.pkl,9,0,1,0,520,241,520
4761,mlp,0,val,451,root-0/task9--ep1--succ0.pkl,9,1,1,0,520,241,520
4762,mlp,0,val,454,root-0/task9--ep12--succ0.pkl,9,12,1,0,520,241,520
4763,mlp,0,val,458,root-0/task9--ep16--succ0.pkl,9,16,1,0,520,241,520
4764,mlp,0,val,460,root-0/task9--ep18--succ1.pkl,9,18,0,1,372,241,372
4765,mlp,0,val,461,root-0/task9--ep19--succ1.pkl,9,19,0,1,427,241,427
4766,mlp,0,val,462,root-0/task9--ep2--succ1.pkl,9,2,0,1,300,241,300
4767,mlp,0,val,464,root-0/task9--ep21--succ1.pkl,9,21,0,1,300,241,300
4768,mlp,0,val,466,root-0/task9--ep23--succ0.pkl,9,23,1,0,520,241,520
4769,mlp,0,val,467,root-0/task9--ep24--succ0.pkl,9,24,1,0,520,241,520
4770,mlp,0,val,469,root-0/task9--ep26--succ0.pkl,9,26,1,0,520,241,520
4771,mlp,0,val,476,root-0/task9--ep32--succ0.pkl,9,32,1,0,520,241,520
4772,mlp,0,val,478,root-0/task9--ep34--succ0.pkl,9,34,1,0,520,241,520
4773,mlp,0,val,480,root-0/task9--ep36--succ0.pkl,9,36,1,0,520,241,520
4774,mlp,0,val,482,root-0/task9--ep38--succ0.pkl,9,38,1,0,520,241,520
4775,mlp,0,val,483,root-0/task9--ep39--succ0.pkl,9,39,1,0,520,241,520
4776,mlp,0,val,485,root-0/task9--ep40--succ0.pkl,9,40,1,0,520,241,520
4777,mlp,0,val,486,root-0/task9--ep41--succ1.pkl,9,41,0,1,316,241,316
4778,mlp,0,val,490,root-0/task9--ep45--succ0.pkl,9,45,1,0,520,241,520
4779,mlp,0,val,494,root-0/task9--ep49--succ1.pkl,9,49,0,1,344,241,344
4780,mlp,0,val,495,root-0/task9--ep5--succ1.pkl,9,5,0,1,312,241,312
4781,mlp,0,val,497,root-0/task9--ep7--succ0.pkl,9,7,1,0,520,241,520
4782,mlp,0,val,498,root-0/task9--ep8--succ1.pkl,9,8,0,1,307,241,307
4783,mlp,0,val,550,root-1/task1--ep0--succ1.pkl,1,0,0,1,249,218,249
4784,mlp,0,val,554,root-1/task1--ep12--succ1.pkl,1,12,0,1,262,218,262
4785,mlp,0,val,556,root-1/task1--ep14--succ0.pkl,1,14,1,0,520,218,520
4786,mlp,0,val,557,root-1/task1--ep15--succ1.pkl,1,15,0,1,257,218,257
4787,mlp,0,val,560,root-1/task1--ep18--succ1.pkl,1,18,0,1,242,218,242
4788,mlp,0,val,561,root-1/task1--ep19--succ1.pkl,1,19,0,1,248,218,248
4789,mlp,0,val,562,root-1/task1--ep2--succ1.pkl,1,2,0,1,235,218,235
4790,mlp,0,val,566,root-1/task1--ep23--succ0.pkl,1,23,1,0,520,218,520
4791,mlp,0,val,569,root-1/task1--ep26--succ1.pkl,1,26,0,1,225,218,225
4792,mlp,0,val,570,root-1/task1--ep27--succ0.pkl,1,27,1,0,520,218,520
4793,mlp,0,val,571,root-1/task1--ep28--succ1.pkl,1,28,0,1,228,218,228
4794,mlp,0,val,575,root-1/task1--ep31--succ1.pkl,1,31,0,1,280,218,280
4795,mlp,0,val,577,root-1/task1--ep33--succ0.pkl,1,33,1,0,520,218,520
4796,mlp,0,val,578,root-1/task1--ep34--succ0.pkl,1,34,1,0,520,218,520
4797,mlp,0,val,581,root-1/task1--ep37--succ1.pkl,1,37,0,1,236,218,236
4798,mlp,0,val,583,root-1/task1--ep39--succ0.pkl,1,39,1,0,520,218,520
4799,mlp,0,val,584,root-1/task1--ep4--succ1.pkl,1,4,0,1,305,218,305
4800,mlp,0,val,588,root-1/task1--ep43--succ0.pkl,1,43,1,0,520,218,520
4801,mlp,0,val,590,root-1/task1--ep45--succ1.pkl,1,45,0,1,302,218,302
4802,mlp,0,val,594,root-1/task1--ep49--succ1.pkl,1,49,0,1,267,218,267
4803,mlp,0,val,596,root-1/task1--ep6--succ0.pkl,1,6,1,0,520,218,520
4804,mlp,0,val,597,root-1/task1--ep7--succ1.pkl,1,7,0,1,283,218,283
4805,mlp,0,val,600,root-1/task2--ep0--succ0.pkl,2,0,1,0,520,211,520
4806,mlp,0,val,601,root-1/task2--ep1--succ1.pkl,2,1,0,1,298,211,298
4807,mlp,0,val,608,root-1/task2--ep16--succ1.pkl,2,16,0,1,265,211,265
4808,mlp,0,val,612,root-1/task2--ep2--succ1.pkl,2,2,0,1,253,211,253
4809,mlp,0,val,614,root-1/task2--ep21--succ1.pkl,2,21,0,1,260,211,260
4810,mlp,0,val,617,root-1/task2--ep24--succ0.pkl,2,24,1,0,520,211,520
4811,mlp,0,val,623,root-1/task2--ep3--succ0.pkl,2,3,1,0,520,211,520
4812,mlp,0,val,625,root-1/task2--ep31--succ1.pkl,2,31,0,1,277,211,277
4813,mlp,0,val,627,root-1/task2--ep33--succ0.pkl,2,33,1,0,520,211,520
4814,mlp,0,val,629,root-1/task2--ep35--succ1.pkl,2,35,0,1,377,211,377
4815,mlp,0,val,633,root-1/task2--ep39--succ1.pkl,2,39,0,1,439,211,439
4816,mlp,0,val,634,root-1/task2--ep4--succ1.pkl,2,4,0,1,224,211,224
4817,mlp,0,val,636,root-1/task2--ep41--succ0.pkl,2,41,1,0,520,211,520
4818,mlp,0,val,637,root-1/task2--ep42--succ0.pkl,2,42,1,0,520,211,520
4819,mlp,0,val,638,root-1/task2--ep43--succ0.pkl,2,43,1,0,520,211,520
4820,mlp,0,val,646,root-1/task2--ep6--succ0.pkl,2,6,1,0,520,211,520
4821,mlp,0,val,649,root-1/task2--ep9--succ0.pkl,2,9,1,0,520,211,520
4822,mlp,0,val,650,root-1/task3--ep0--succ1.pkl,3,0,0,1,298,187,298
4823,mlp,0,val,652,root-1/task3--ep10--succ0.pkl,3,10,1,0,520,187,520
4824,mlp,0,val,655,root-1/task3--ep13--succ0.pkl,3,13,1,0,520,187,520
4825,mlp,0,val,667,root-1/task3--ep24--succ0.pkl,3,24,1,0,520,187,520
4826,mlp,0,val,668,root-1/task3--ep25--succ0.pkl,3,25,1,0,520,187,520
4827,mlp,0,val,675,root-1/task3--ep31--succ1.pkl,3,31,0,1,222,187,222
4828,mlp,0,val,676,root-1/task3--ep32--succ1.pkl,3,32,0,1,233,187,233
4829,mlp,0,val,677,root-1/task3--ep33--succ0.pkl,3,33,1,0,520,187,520
4830,mlp,0,val,678,root-1/task3--ep34--succ0.pkl,3,34,1,0,520,187,520
4831,mlp,0,val,679,root-1/task3--ep35--succ0.pkl,3,35,1,0,520,187,520
4832,mlp,0,val,681,root-1/task3--ep37--succ1.pkl,3,37,0,1,260,187,260
4833,mlp,0,val,684,root-1/task3--ep4--succ1.pkl,3,4,0,1,340,187,340
4834,mlp,0,val,686,root-1/task3--ep41--succ1.pkl,3,41,0,1,187,187,187
4835,mlp,0,val,689,root-1/task3--ep44--succ1.pkl,3,44,0,1,211,187,211
4836,mlp,0,val,692,root-1/task3--ep47--succ0.pkl,3,47,1,0,520,187,520
4837,mlp,0,val,695,root-1/task3--ep5--succ0.pkl,3,5,1,0,520,187,520
4838,mlp,0,val,698,root-1/task3--ep8--succ0.pkl,3,8,1,0,520,187,520
4839,mlp,0,val,700,root-1/task4--ep0--succ0.pkl,4,0,1,0,520,209,520
4840,mlp,0,val,701,root-1/task4--ep1--succ0.pkl,4,1,1,0,520,209,520
4841,mlp,0,val,704,root-1/task4--ep12--succ1.pkl,4,12,0,1,263,209,263
4842,mlp,0,val,705,root-1/task4--ep13--succ0.pkl,4,13,1,0,520,209,520
4843,mlp,0,val,706,root-1/task4--ep14--succ1.pkl,4,14,0,1,247,209,247
4844,mlp,0,val,708,root-1/task4--ep16--succ0.pkl,4,16,1,0,520,209,520
4845,mlp,0,val,709,root-1/task4--ep17--succ1.pkl,4,17,0,1,273,209,273
4846,mlp,0,val,713,root-1/task4--ep20--succ1.pkl,4,20,0,1,209,209,209
4847,mlp,0,val,716,root-1/task4--ep23--succ0.pkl,4,23,1,0,520,209,520
4848,mlp,0,val,720,root-1/task4--ep27--succ1.pkl,4,27,0,1,231,209,231
4849,mlp,0,val,721,root-1/task4--ep28--succ0.pkl,4,28,1,0,520,209,520
4850,mlp,0,val,723,root-1/task4--ep3--succ1.pkl,4,3,0,1,243,209,243
4851,mlp,0,val,726,root-1/task4--ep32--succ1.pkl,4,32,0,1,511,209,511
4852,mlp,0,val,728,root-1/task4--ep34--succ0.pkl,4,34,1,0,520,209,520
4853,mlp,0,val,731,root-1/task4--ep37--succ0.pkl,4,37,1,0,520,209,520
4854,mlp,0,val,732,root-1/task4--ep38--succ1.pkl,4,38,0,1,217,209,217
4855,mlp,0,val,733,root-1/task4--ep39--succ0.pkl,4,39,1,0,520,209,520
4856,mlp,0,val,735,root-1/task4--ep40--succ0.pkl,4,40,1,0,520,209,520
4857,mlp,0,val,736,root-1/task4--ep41--succ0.pkl,4,41,1,0,520,209,520
4858,mlp,0,val,737,root-1/task4--ep42--succ0.pkl,4,42,1,0,520,209,520
4859,mlp,0,val,738,root-1/task4--ep43--succ0.pkl,4,43,1,0,520,209,520
4860,mlp,0,val,739,root-1/task4--ep44--succ1.pkl,4,44,0,1,233,209,233
4861,mlp,0,val,740,root-1/task4--ep45--succ0.pkl,4,45,1,0,520,209,520
4862,mlp,0,val,742,root-1/task4--ep47--succ0.pkl,4,47,1,0,520,209,520
4863,mlp,0,val,745,root-1/task4--ep5--succ1.pkl,4,5,0,1,341,209,341
4864,mlp,0,val,747,root-1/task4--ep7--succ0.pkl,4,7,1,0,520,209,520
4865,mlp,0,val,751,root-1/task5--ep1--succ1.pkl,5,1,0,1,178,148,178
4866,mlp,0,val,752,root-1/task5--ep10--succ1.pkl,5,10,0,1,242,148,242
4867,mlp,0,val,753,root-1/task5--ep11--succ1.pkl,5,11,0,1,282,148,282
4868,mlp,0,val,754,root-1/task5--ep12--succ1.pkl,5,12,0,1,159,148,159
4869,mlp,0,val,757,root-1/task5--ep15--succ1.pkl,5,15,0,1,202,148,202
4870,mlp,0,val,758,root-1/task5--ep16--succ1.pkl,5,16,0,1,170,148,170
4871,mlp,0,val,761,root-1/task5--ep19--succ0.pkl,5,19,1,0,520,148,520
4872,mlp,0,val,764,root-1/task5--ep21--succ1.pkl,5,21,0,1,177,148,177
4873,mlp,0,val,766,root-1/task5--ep23--succ1.pkl,5,23,0,1,197,148,197
4874,mlp,0,val,767,root-1/task5--ep24--succ1.pkl,5,24,0,1,174,148,174
4875,mlp,0,val,773,root-1/task5--ep3--succ1.pkl,5,3,0,1,173,148,173
4876,mlp,0,val,775,root-1/task5--ep31--succ1.pkl,5,31,0,1,207,148,207
4877,mlp,0,val,776,root-1/task5--ep32--succ1.pkl,5,32,0,1,189,148,189
4878,mlp,0,val,780,root-1/task5--ep36--succ0.pkl,5,36,1,0,520,148,520
4879,mlp,0,val,781,root-1/task5--ep37--succ1.pkl,5,37,0,1,174,148,174
4880,mlp,0,val,784,root-1/task5--ep4--succ1.pkl,5,4,0,1,266,148,266
4881,mlp,0,val,785,root-1/task5--ep40--succ1.pkl,5,40,0,1,196,148,196
4882,mlp,0,val,788,root-1/task5--ep43--succ1.pkl,5,43,0,1,211,148,211
4883,mlp,0,val,791,root-1/task5--ep46--succ0.pkl,5,46,1,0,520,148,520
4884,mlp,0,val,793,root-1/task5--ep48--succ1.pkl,5,48,0,1,190,148,190
4885,mlp,0,val,797,root-1/task5--ep7--succ1.pkl,5,7,0,1,205,148,205
4886,mlp,0,val,800,root-1/task6--ep0--succ1.pkl,6,0,0,1,289,190,289
4887,mlp,0,val,808,root-1/task6--ep16--succ1.pkl,6,16,0,1,264,190,264
4888,mlp,0,val,810,root-1/task6--ep18--succ0.pkl,6,18,1,0,520,190,520
4889,mlp,0,val,815,root-1/task6--ep22--succ1.pkl,6,22,0,1,244,190,244
4890,mlp,0,val,817,root-1/task6--ep24--succ1.pkl,6,24,0,1,331,190,331
4891,mlp,0,val,819,root-1/task6--ep26--succ0.pkl,6,26,1,0,520,190,520
4892,mlp,0,val,825,root-1/task6--ep31--succ1.pkl,6,31,0,1,291,190,291
4893,mlp,0,val,828,root-1/task6--ep34--succ0.pkl,6,34,1,0,520,190,520
4894,mlp,0,val,831,root-1/task6--ep37--succ1.pkl,6,37,0,1,191,190,191
4895,mlp,0,val,832,root-1/task6--ep38--succ0.pkl,6,38,1,0,520,190,520
4896,mlp,0,val,834,root-1/task6--ep4--succ1.pkl,6,4,0,1,513,190,513
4897,mlp,0,val,836,root-1/task6--ep41--succ1.pkl,6,41,0,1,241,190,241
4898,mlp,0,val,837,root-1/task6--ep42--succ1.pkl,6,42,0,1,302,190,302
4899,mlp,0,val,839,root-1/task6--ep44--succ1.pkl,6,44,0,1,233,190,233
4900,mlp,0,val,841,root-1/task6--ep46--succ0.pkl,6,46,1,0,520,190,520
4901,mlp,0,val,842,root-1/task6--ep47--succ0.pkl,6,47,1,0,520,190,520
4902,mlp,0,val,843,root-1/task6--ep48--succ1.pkl,6,48,0,1,233,190,233
4903,mlp,0,val,844,root-1/task6--ep49--succ1.pkl,6,49,0,1,474,190,474
4904,mlp,0,val,846,root-1/task6--ep6--succ0.pkl,6,6,1,0,520,190,520
4905,mlp,0,val,847,root-1/task6--ep7--succ1.pkl,6,7,0,1,234,190,234
4906,mlp,0,val,850,root-1/task7--ep0--succ1.pkl,7,0,0,1,246,210,246
4907,mlp,0,val,857,root-1/task7--ep15--succ1.pkl,7,15,0,1,290,210,290
4908,mlp,0,val,862,root-1/task7--ep2--succ0.pkl,7,2,1,0,520,210,520
4909,mlp,0,val,864,root-1/task7--ep21--succ1.pkl,7,21,0,1,247,210,247
4910,mlp,0,val,866,root-1/task7--ep23--succ0.pkl,7,23,1,0,520,210,520
4911,mlp,0,val,867,root-1/task7--ep24--succ0.pkl,7,24,1,0,520,210,520
4912,mlp,0,val,869,root-1/task7--ep26--succ0.pkl,7,26,1,0,520,210,520
4913,mlp,0,val,870,root-1/task7--ep27--succ1.pkl,7,27,0,1,249,210,249
4914,mlp,0,val,871,root-1/task7--ep28--succ1.pkl,7,28,0,1,316,210,316
4915,mlp,0,val,879,root-1/task7--ep35--succ1.pkl,7,35,0,1,297,210,297
4916,mlp,0,val,881,root-1/task7--ep37--succ1.pkl,7,37,0,1,230,210,230
4917,mlp,0,val,882,root-1/task7--ep38--succ1.pkl,7,38,0,1,331,210,331
4918,mlp,0,val,888,root-1/task7--ep43--succ0.pkl,7,43,1,0,520,210,520
4919,mlp,0,val,891,root-1/task7--ep46--succ1.pkl,7,46,0,1,257,210,257
4920,mlp,0,val,895,root-1/task7--ep5--succ0.pkl,7,5,1,0,520,210,520
4921,mlp,0,val,896,root-1/task7--ep6--succ1.pkl,7,6,0,1,369,210,369
4922,mlp,0,val,898,root-1/task7--ep8--succ0.pkl,7,8,1,0,520,210,520
4923,mlp,0,val,899,root-1/task7--ep9--succ1.pkl,7,9,0,1,252,210,252
4924,mlp,0,val,901,root-1/task8--ep1--succ1.pkl,8,1,0,1,391,315,391
4925,mlp,0,val,904,root-1/task8--ep12--succ0.pkl,8,12,1,0,520,315,520
4926,mlp,0,val,905,root-1/task8--ep13--succ0.pkl,8,13,1,0,520,315,520
4927,mlp,0,val,906,root-1/task8--ep14--succ0.pkl,8,14,1,0,520,315,520
4928,mlp,0,val,907,root-1/task8--ep15--succ0.pkl,8,15,1,0,520,315,520
4929,mlp,0,val,910,root-1/task8--ep18--succ0.pkl,8,18,1,0,520,315,520
4930,mlp,0,val,914,root-1/task8--ep21--succ0.pkl,8,21,1,0,520,315,520
4931,mlp,0,val,920,root-1/task8--ep27--succ0.pkl,8,27,1,0,520,315,520
4932,mlp,0,val,921,root-1/task8--ep28--succ0.pkl,8,28,1,0,520,315,520
4933,mlp,0,val,923,root-1/task8--ep3--succ0.pkl,8,3,1,0,520,315,520
4934,mlp,0,val,927,root-1/task8--ep33--succ0.pkl,8,33,1,0,520,315,520
4935,mlp,0,val,932,root-1/task8--ep38--succ0.pkl,8,38,1,0,520,315,520
4936,mlp,0,val,934,root-1/task8--ep4--succ0.pkl,8,4,1,0,520,315,520
4937,mlp,0,val,940,root-1/task8--ep45--succ1.pkl,8,45,0,1,490,315,490
4938,mlp,0,val,943,root-1/task8--ep48--succ0.pkl,8,48,1,0,520,315,520
4939,mlp,0,val,945,root-1/task8--ep5--succ0.pkl,8,5,1,0,520,315,520
4940,mlp,0,val,946,root-1/task8--ep6--succ1.pkl,8,6,0,1,440,315,440
4941,mlp,0,val,947,root-1/task8--ep7--succ0.pkl,8,7,1,0,520,315,520
4942,mlp,0,val,948,root-1/task8--ep8--succ0.pkl,8,8,1,0,520,315,520
4943,mlp,0,val,954,root-1/task9--ep12--succ0.pkl,9,12,1,0,520,241,520
4944,mlp,0,val,956,root-1/task9--ep14--succ0.pkl,9,14,1,0,520,241,520
4945,mlp,0,val,958,root-1/task9--ep16--succ0.pkl,9,16,1,0,520,241,520
4946,mlp,0,val,959,root-1/task9--ep17--succ1.pkl,9,17,0,1,349,241,349
4947,mlp,0,val,965,root-1/task9--ep22--succ1.pkl,9,22,0,1,312,241,312
4948,mlp,0,val,977,root-1/task9--ep33--succ1.pkl,9,33,0,1,247,241,247
4949,mlp,0,val,978,root-1/task9--ep34--succ0.pkl,9,34,1,0,520,241,520
4950,mlp,0,val,980,root-1/task9--ep36--succ1.pkl,9,36,0,1,359,241,359
4951,mlp,0,val,981,root-1/task9--ep37--succ1.pkl,9,37,0,1,413,241,413
4952,mlp,0,val,983,root-1/task9--ep39--succ0.pkl,9,39,1,0,520,241,520
4953,mlp,0,val,984,root-1/task9--ep4--succ0.pkl,9,4,1,0,520,241,520
4954,mlp,0,val,985,root-1/task9--ep40--succ1.pkl,9,40,0,1,389,241,389
4955,mlp,0,val,987,root-1/task9--ep42--succ0.pkl,9,42,1,0,520,241,520
4956,mlp,0,val,988,root-1/task9--ep43--succ0.pkl,9,43,1,0,520,241,520
4957,mlp,0,val,990,root-1/task9--ep45--succ0.pkl,9,45,1,0,520,241,520
4958,mlp,0,val,991,root-1/task9--ep46--succ0.pkl,9,46,1,0,520,241,520
4959,mlp,0,val,994,root-1/task9--ep49--succ0.pkl,9,49,1,0,520,241,520
4960,mlp,0,test,0,root-0/task0--ep0--succ1.pkl,0,0,0,1,372,230,372
4961,mlp,0,test,1,root-0/task0--ep1--succ0.pkl,0,1,1,0,520,230,520
4962,mlp,0,test,2,root-0/task0--ep10--succ1.pkl,0,10,0,1,297,230,297
4963,mlp,0,test,3,root-0/task0--ep11--succ1.pkl,0,11,0,1,255,230,255
4964,mlp,0,test,4,root-0/task0--ep12--succ0.pkl,0,12,1,0,520,230,520
4965,mlp,0,test,5,root-0/task0--ep13--succ1.pkl,0,13,0,1,266,230,266
4966,mlp,0,test,6,root-0/task0--ep14--succ0.pkl,0,14,1,0,520,230,520
4967,mlp,0,test,7,root-0/task0--ep15--succ1.pkl,0,15,0,1,230,230,230
4968,mlp,0,test,8,root-0/task0--ep16--succ0.pkl,0,16,1,0,520,230,520
4969,mlp,0,test,9,root-0/task0--ep17--succ1.pkl,0,17,0,1,321,230,321
4970,mlp,0,test,10,root-0/task0--ep18--succ1.pkl,0,18,0,1,303,230,303
4971,mlp,0,test,11,root-0/task0--ep19--succ1.pkl,0,19,0,1,304,230,304
4972,mlp,0,test,12,root-0/task0--ep2--succ0.pkl,0,2,1,0,520,230,520
4973,mlp,0,test,13,root-0/task0--ep20--succ0.pkl,0,20,1,0,520,230,520
4974,mlp,0,test,14,root-0/task0--ep21--succ1.pkl,0,21,0,1,365,230,365
4975,mlp,0,test,15,root-0/task0--ep22--succ0.pkl,0,22,1,0,520,230,520
4976,mlp,0,test,16,root-0/task0--ep23--succ1.pkl,0,23,0,1,414,230,414
4977,mlp,0,test,17,root-0/task0--ep24--succ0.pkl,0,24,1,0,520,230,520
4978,mlp,0,test,18,root-0/task0--ep25--succ0.pkl,0,25,1,0,520,230,520
4979,mlp,0,test,19,root-0/task0--ep26--succ0.pkl,0,26,1,0,520,230,520
4980,mlp,0,test,20,root-0/task0--ep27--succ1.pkl,0,27,0,1,297,230,297
4981,mlp,0,test,21,root-0/task0--ep28--succ0.pkl,0,28,1,0,520,230,520
4982,mlp,0,test,22,root-0/task0--ep29--succ1.pkl,0,29,0,1,257,230,257
4983,mlp,0,test,23,root-0/task0--ep3--succ1.pkl,0,3,0,1,432,230,432
4984,mlp,0,test,24,root-0/task0--ep30--succ0.pkl,0,30,1,0,520,230,520
4985,mlp,0,test,25,root-0/task0--ep31--succ1.pkl,0,31,0,1,299,230,299
4986,mlp,0,test,26,root-0/task0--ep32--succ1.pkl,0,32,0,1,321,230,321
4987,mlp,0,test,27,root-0/task0--ep33--succ1.pkl,0,33,0,1,277,230,277
4988,mlp,0,test,28,root-0/task0--ep34--succ1.pkl,0,34,0,1,252,230,252
4989,mlp,0,test,29,root-0/task0--ep35--succ1.pkl,0,35,0,1,278,230,278
4990,mlp,0,test,30,root-0/task0--ep36--succ0.pkl,0,36,1,0,520,230,520
4991,mlp,0,test,31,root-0/task0--ep37--succ0.pkl,0,37,1,0,520,230,520
4992,mlp,0,test,32,root-0/task0--ep38--succ0.pkl,0,38,1,0,520,230,520
4993,mlp,0,test,33,root-0/task0--ep39--succ1.pkl,0,39,0,1,360,230,360
4994,mlp,0,test,34,root-0/task0--ep4--succ0.pkl,0,4,1,0,520,230,520
4995,mlp,0,test,35,root-0/task0--ep40--succ1.pkl,0,40,0,1,244,230,244
4996,mlp,0,test,36,root-0/task0--ep41--succ1.pkl,0,41,0,1,398,230,398
4997,mlp,0,test,37,root-0/task0--ep42--succ0.pkl,0,42,1,0,520,230,520
4998,mlp,0,test,38,root-0/task0--ep43--succ1.pkl,0,43,0,1,357,230,357
4999,mlp,0,test,39,root-0/task0--ep44--succ1.pkl,0,44,0,1,481,230,481
5000,mlp,0,test,40,root-0/task0--ep45--succ1.pkl,0,45,0,1,375,230,375
5001,mlp,0,test,41,root-0/task0--ep46--succ1.pkl,0,46,0,1,324,230,324
5002,mlp,0,test,42,root-0/task0--ep47--succ1.pkl,0,47,0,1,283,230,283
5003,mlp,0,test,43,root-0/task0--ep48--succ1.pkl,0,48,0,1,253,230,253
5004,mlp,0,test,44,root-0/task0--ep49--succ1.pkl,0,49,0,1,321,230,321
5005,mlp,0,test,45,root-0/task0--ep5--succ0.pkl,0,5,1,0,520,230,520
5006,mlp,0,test,46,root-0/task0--ep6--succ1.pkl,0,6,0,1,359,230,359
5007,mlp,0,test,47,root-0/task0--ep7--succ1.pkl,0,7,0,1,263,230,263
5008,mlp,0,test,48,root-0/task0--ep8--succ0.pkl,0,8,1,0,520,230,520
5009,mlp,0,test,49,root-0/task0--ep9--succ1.pkl,0,9,0,1,291,230,291
5010,mlp,0,test,500,root-1/task0--ep0--succ0.pkl,0,0,1,0,520,230,520
5011,mlp,0,test,501,root-1/task0--ep1--succ1.pkl,0,1,0,1,294,230,294
5012,mlp,0,test,502,root-1/task0--ep10--succ1.pkl,0,10,0,1,290,230,290
5013,mlp,0,test,503,root-1/task0--ep11--succ1.pkl,0,11,0,1,332,230,332
5014,mlp,0,test,504,root-1/task0--ep12--succ0.pkl,0,12,1,0,520,230,520
5015,mlp,0,test,505,root-1/task0--ep13--succ1.pkl,0,13,0,1,278,230,278
5016,mlp,0,test,506,root-1/task0--ep14--succ0.pkl,0,14,1,0,520,230,520
5017,mlp,0,test,507,root-1/task0--ep15--succ1.pkl,0,15,0,1,269,230,269
5018,mlp,0,test,508,root-1/task0--ep16--succ0.pkl,0,16,1,0,520,230,520
5019,mlp,0,test,509,root-1/task0--ep17--succ1.pkl,0,17,0,1,469,230,469
5020,mlp,0,test,510,root-1/task0--ep18--succ0.pkl,0,18,1,0,520,230,520
5021,mlp,0,test,511,root-1/task0--ep19--succ1.pkl,0,19,0,1,270,230,270
5022,mlp,0,test,512,root-1/task0--ep2--succ0.pkl,0,2,1,0,520,230,520
5023,mlp,0,test,513,root-1/task0--ep20--succ0.pkl,0,20,1,0,520,230,520
5024,mlp,0,test,514,root-1/task0--ep21--succ1.pkl,0,21,0,1,280,230,280
5025,mlp,0,test,515,root-1/task0--ep22--succ0.pkl,0,22,1,0,520,230,520
5026,mlp,0,test,516,root-1/task0--ep23--succ1.pkl,0,23,0,1,340,230,340
5027,mlp,0,test,517,root-1/task0--ep24--succ0.pkl,0,24,1,0,520,230,520
5028,mlp,0,test,518,root-1/task0--ep25--succ1.pkl,0,25,0,1,295,230,295
5029,mlp,0,test,519,root-1/task0--ep26--succ0.pkl,0,26,1,0,520,230,520
5030,mlp,0,test,520,root-1/task0--ep27--succ1.pkl,0,27,0,1,292,230,292
5031,mlp,0,test,521,root-1/task0--ep28--succ0.pkl,0,28,1,0,520,230,520
5032,mlp,0,test,522,root-1/task0--ep29--succ1.pkl,0,29,0,1,322,230,322
5033,mlp,0,test,523,root-1/task0--ep3--succ1.pkl,0,3,0,1,252,230,252
5034,mlp,0,test,524,root-1/task0--ep30--succ1.pkl,0,30,0,1,385,230,385
5035,mlp,0,test,525,root-1/task0--ep31--succ1.pkl,0,31,0,1,295,230,295
5036,mlp,0,test,526,root-1/task0--ep32--succ0.pkl,0,32,1,0,520,230,520
5037,mlp,0,test,527,root-1/task0--ep33--succ1.pkl,0,33,0,1,357,230,357
5038,mlp,0,test,528,root-1/task0--ep34--succ1.pkl,0,34,0,1,371,230,371
5039,mlp,0,test,529,root-1/task0--ep35--succ1.pkl,0,35,0,1,392,230,392
5040,mlp,0,test,530,root-1/task0--ep36--succ0.pkl,0,36,1,0,520,230,520
5041,mlp,0,test,531,root-1/task0--ep37--succ1.pkl,0,37,0,1,333,230,333
5042,mlp,0,test,532,root-1/task0--ep38--succ0.pkl,0,38,1,0,520,230,520
5043,mlp,0,test,533,root-1/task0--ep39--succ0.pkl,0,39,1,0,520,230,520
5044,mlp,0,test,534,root-1/task0--ep4--succ0.pkl,0,4,1,0,520,230,520
5045,mlp,0,test,535,root-1/task0--ep40--succ1.pkl,0,40,0,1,279,230,279
5046,mlp,0,test,536,root-1/task0--ep41--succ1.pkl,0,41,0,1,348,230,348
5047,mlp,0,test,537,root-1/task0--ep42--succ0.pkl,0,42,1,0,520,230,520
5048,mlp,0,test,538,root-1/task0--ep43--succ0.pkl,0,43,1,0,520,230,520
5049,mlp,0,test,539,root-1/task0--ep44--succ1.pkl,0,44,0,1,423,230,423
5050,mlp,0,test,540,root-1/task0--ep45--succ1.pkl,0,45,0,1,346,230,346
5051,mlp,0,test,541,root-1/task0--ep46--succ1.pkl,0,46,0,1,315,230,315
5052,mlp,0,test,542,root-1/task0--ep47--succ1.pkl,0,47,0,1,315,230,315
5053,mlp,0,test,543,root-1/task0--ep48--succ1.pkl,0,48,0,1,300,230,300
5054,mlp,0,test,544,root-1/task0--ep49--succ0.pkl,0,49,1,0,520,230,520
5055,mlp,0,test,545,root-1/task0--ep5--succ0.pkl,0,5,1,0,520,230,520
5056,mlp,0,test,546,root-1/task0--ep6--succ1.pkl,0,6,0,1,370,230,370
5057,mlp,0,test,547,root-1/task0--ep7--succ1.pkl,0,7,0,1,242,230,242
5058,mlp,0,test,548,root-1/task0--ep8--succ1.pkl,0,8,0,1,341,230,341
5059,mlp,0,test,549,root-1/task0--ep9--succ1.pkl,0,9,0,1,440,230,440
5060,mlp,1,val,8,root-0/task0--ep16--succ0.pkl,0,16,1,0,520,230,520
5061,mlp,1,val,9,root-0/task0--ep17--succ1.pkl,0,17,0,1,321,230,321
5062,mlp,1,val,10,root-0/task0--ep18--succ1.pkl,0,18,0,1,303,230,303
5063,mlp,1,val,11,root-0/task0--ep19--succ1.pkl,0,19,0,1,304,230,304
5064,mlp,1,val,13,root-0/task0--ep20--succ0.pkl,0,20,1,0,520,230,520
5065,mlp,1,val,16,root-0/task0--ep23--succ1.pkl,0,23,0,1,414,230,414
5066,mlp,1,val,18,root-0/task0--ep25--succ0.pkl,0,25,1,0,520,230,520
5067,mlp,1,val,19,root-0/task0--ep26--succ0.pkl,0,26,1,0,520,230,520
5068,mlp,1,val,21,root-0/task0--ep28--succ0.pkl,0,28,1,0,520,230,520
5069,mlp,1,val,22,root-0/task0--ep29--succ1.pkl,0,29,0,1,257,230,257
5070,mlp,1,val,26,root-0/task0--ep32--succ1.pkl,0,32,0,1,321,230,321
5071,mlp,1,val,28,root-0/task0--ep34--succ1.pkl,0,34,0,1,252,230,252
5072,mlp,1,val,29,root-0/task0--ep35--succ1.pkl,0,35,0,1,278,230,278
5073,mlp,1,val,32,root-0/task0--ep38--succ0.pkl,0,38,1,0,520,230,520
5074,mlp,1,val,33,root-0/task0--ep39--succ1.pkl,0,39,0,1,360,230,360
5075,mlp,1,val,34,root-0/task0--ep4--succ0.pkl,0,4,1,0,520,230,520
5076,mlp,1,val,37,root-0/task0--ep42--succ0.pkl,0,42,1,0,520,230,520
5077,mlp,1,val,38,root-0/task0--ep43--succ1.pkl,0,43,0,1,357,230,357
5078,mlp,1,val,39,root-0/task0--ep44--succ1.pkl,0,44,0,1,481,230,481
5079,mlp,1,val,40,root-0/task0--ep45--succ1.pkl,0,45,0,1,375,230,375
5080,mlp,1,val,42,root-0/task0--ep47--succ1.pkl,0,47,0,1,283,230,283
5081,mlp,1,val,44,root-0/task0--ep49--succ1.pkl,0,49,0,1,321,230,321
5082,mlp,1,val,49,root-0/task0--ep9--succ1.pkl,0,9,0,1,291,230,291
5083,mlp,1,val,100,root-0/task2--ep0--succ1.pkl,2,0,0,1,258,211,258
5084,mlp,1,val,101,root-0/task2--ep1--succ1.pkl,2,1,0,1,285,211,285
5085,mlp,1,val,109,root-0/task2--ep17--succ1.pkl,2,17,0,1,242,211,242
5086,mlp,1,val,111,root-0/task2--ep19--succ1.pkl,2,19,0,1,227,211,227
5087,mlp,1,val,112,root-0/task2--ep2--succ0.pkl,2,2,1,0,520,211,520
5088,mlp,1,val,113,root-0/task2--ep20--succ0.pkl,2,20,1,0,520,211,520
5089,mlp,1,val,114,root-0/task2--ep21--succ1.pkl,2,21,0,1,320,211,320
5090,mlp,1,val,117,root-0/task2--ep24--succ0.pkl,2,24,1,0,520,211,520
5091,mlp,1,val,118,root-0/task2--ep25--succ1.pkl,2,25,0,1,251,211,251
5092,mlp,1,val,121,root-0/task2--ep28--succ1.pkl,2,28,0,1,304,211,304
5093,mlp,1,val,122,root-0/task2--ep29--succ0.pkl,2,29,1,0,520,211,520
5094,mlp,1,val,125,root-0/task2--ep31--succ0.pkl,2,31,1,0,520,211,520
5095,mlp,1,val,127,root-0/task2--ep33--succ0.pkl,2,33,1,0,520,211,520
5096,mlp,1,val,132,root-0/task2--ep38--succ1.pkl,2,38,0,1,295,211,295
5097,mlp,1,val,133,root-0/task2--ep39--succ0.pkl,2,39,1,0,520,211,520
5098,mlp,1,val,134,root-0/task2--ep4--succ1.pkl,2,4,0,1,225,211,225
5099,mlp,1,val,136,root-0/task2--ep41--succ0.pkl,2,41,1,0,520,211,520
5100,mlp,1,val,138,root-0/task2--ep43--succ1.pkl,2,43,0,1,342,211,342
5101,mlp,1,val,139,root-0/task2--ep44--succ0.pkl,2,44,1,0,520,211,520
5102,mlp,1,val,143,root-0/task2--ep48--succ0.pkl,2,48,1,0,520,211,520
5103,mlp,1,val,145,root-0/task2--ep5--succ0.pkl,2,5,1,0,520,211,520
5104,mlp,1,val,147,root-0/task2--ep7--succ0.pkl,2,7,1,0,520,211,520
5105,mlp,1,val,148,root-0/task2--ep8--succ1.pkl,2,8,0,1,316,211,316
5106,mlp,1,val,151,root-0/task3--ep1--succ0.pkl,3,1,1,0,520,187,520
5107,mlp,1,val,154,root-0/task3--ep12--succ1.pkl,3,12,0,1,360,187,360
5108,mlp,1,val,156,root-0/task3--ep14--succ0.pkl,3,14,1,0,520,187,520
5109,mlp,1,val,159,root-0/task3--ep17--succ1.pkl,3,17,0,1,218,187,218
5110,mlp,1,val,161,root-0/task3--ep19--succ0.pkl,3,19,1,0,520,187,520
5111,mlp,1,val,163,root-0/task3--ep20--succ1.pkl,3,20,0,1,245,187,245
5112,mlp,1,val,164,root-0/task3--ep21--succ0.pkl,3,21,1,0,520,187,520
5113,mlp,1,val,165,root-0/task3--ep22--succ0.pkl,3,22,1,0,520,187,520
5114,mlp,1,val,167,root-0/task3--ep24--succ1.pkl,3,24,0,1,277,187,277
5115,mlp,1,val,172,root-0/task3--ep29--succ0.pkl,3,29,1,0,520,187,520
5116,mlp,1,val,177,root-0/task3--ep33--succ0.pkl,3,33,1,0,520,187,520
5117,mlp,1,val,178,root-0/task3--ep34--succ0.pkl,3,34,1,0,520,187,520
5118,mlp,1,val,183,root-0/task3--ep39--succ1.pkl,3,39,0,1,196,187,196
5119,mlp,1,val,184,root-0/task3--ep4--succ1.pkl,3,4,0,1,453,187,453
5120,mlp,1,val,185,root-0/task3--ep40--succ0.pkl,3,40,1,0,520,187,520
5121,mlp,1,val,186,root-0/task3--ep41--succ1.pkl,3,41,0,1,256,187,256
5122,mlp,1,val,187,root-0/task3--ep42--succ0.pkl,3,42,1,0,520,187,520
5123,mlp,1,val,188,root-0/task3--ep43--succ0.pkl,3,43,1,0,520,187,520
5124,mlp,1,val,191,root-0/task3--ep46--succ0.pkl,3,46,1,0,520,187,520
5125,mlp,1,val,195,root-0/task3--ep5--succ0.pkl,3,5,1,0,520,187,520
5126,mlp,1,val,196,root-0/task3--ep6--succ0.pkl,3,6,1,0,520,187,520
5127,mlp,1,val,197,root-0/task3--ep7--succ1.pkl,3,7,0,1,195,187,195
5128,mlp,1,val,201,root-0/task4--ep1--succ0.pkl,4,1,1,0,520,209,520
5129,mlp,1,val,203,root-0/task4--ep11--succ0.pkl,4,11,1,0,520,209,520
5130,mlp,1,val,217,root-0/task4--ep24--succ1.pkl,4,24,0,1,294,209,294
5131,mlp,1,val,219,root-0/task4--ep26--succ0.pkl,4,26,1,0,520,209,520
5132,mlp,1,val,221,root-0/task4--ep28--succ1.pkl,4,28,0,1,233,209,233
5133,mlp,1,val,223,root-0/task4--ep3--succ1.pkl,4,3,0,1,235,209,235
5134,mlp,1,val,225,root-0/task4--ep31--succ1.pkl,4,31,0,1,241,209,241
5135,mlp,1,val,227,root-0/task4--ep33--succ1.pkl,4,33,0,1,241,209,241
5136,mlp,1,val,228,root-0/task4--ep34--succ1.pkl,4,34,0,1,246,209,246
5137,mlp,1,val,233,root-0/task4--ep39--succ1.pkl,4,39,0,1,219,209,219
5138,mlp,1,val,235,root-0/task4--ep40--succ0.pkl,4,40,1,0,520,209,520
5139,mlp,1,val,239,root-0/task4--ep44--succ1.pkl,4,44,0,1,238,209,238
5140,mlp,1,val,241,root-0/task4--ep46--succ0.pkl,4,46,1,0,520,209,520
5141,mlp,1,val,249,root-0/task4--ep9--succ1.pkl,4,9,0,1,220,209,220
5142,mlp,1,val,250,root-0/task5--ep0--succ1.pkl,5,0,0,1,161,148,161
5143,mlp,1,val,253,root-0/task5--ep11--succ1.pkl,5,11,0,1,160,148,160
5144,mlp,1,val,258,root-0/task5--ep16--succ1.pkl,5,16,0,1,327,148,327
5145,mlp,1,val,264,root-0/task5--ep21--succ1.pkl,5,21,0,1,184,148,184
5146,mlp,1,val,265,root-0/task5--ep22--succ0.pkl,5,22,1,0,520,148,520
5147,mlp,1,val,267,root-0/task5--ep24--succ1.pkl,5,24,0,1,172,148,172
5148,mlp,1,val,268,root-0/task5--ep25--succ1.pkl,5,25,0,1,207,148,207
5149,mlp,1,val,269,root-0/task5--ep26--succ1.pkl,5,26,0,1,187,148,187
5150,mlp,1,val,270,root-0/task5--ep27--succ1.pkl,5,27,0,1,261,148,261
5151,mlp,1,val,271,root-0/task5--ep28--succ0.pkl,5,28,1,0,520,148,520
5152,mlp,1,val,273,root-0/task5--ep3--succ1.pkl,5,3,0,1,233,148,233
5153,mlp,1,val,274,root-0/task5--ep30--succ1.pkl,5,30,0,1,186,148,186
5154,mlp,1,val,276,root-0/task5--ep32--succ1.pkl,5,32,0,1,183,148,183
5155,mlp,1,val,280,root-0/task5--ep36--succ1.pkl,5,36,0,1,231,148,231
5156,mlp,1,val,284,root-0/task5--ep4--succ1.pkl,5,4,0,1,194,148,194
5157,mlp,1,val,287,root-0/task5--ep42--succ1.pkl,5,42,0,1,231,148,231
5158,mlp,1,val,296,root-0/task5--ep6--succ1.pkl,5,6,0,1,197,148,197
5159,mlp,1,val,298,root-0/task5--ep8--succ1.pkl,5,8,0,1,154,148,154
5160,mlp,1,val,299,root-0/task5--ep9--succ1.pkl,5,9,0,1,334,148,334
5161,mlp,1,val,301,root-0/task6--ep1--succ1.pkl,6,1,0,1,256,190,256
5162,mlp,1,val,304,root-0/task6--ep12--succ1.pkl,6,12,0,1,254,190,254
5163,mlp,1,val,314,root-0/task6--ep21--succ0.pkl,6,21,1,0,520,190,520
5164,mlp,1,val,320,root-0/task6--ep27--succ1.pkl,6,27,0,1,247,190,247
5165,mlp,1,val,321,root-0/task6--ep28--succ0.pkl,6,28,1,0,520,190,520
5166,mlp,1,val,322,root-0/task6--ep29--succ1.pkl,6,29,0,1,236,190,236
5167,mlp,1,val,325,root-0/task6--ep31--succ1.pkl,6,31,0,1,229,190,229
5168,mlp,1,val,327,root-0/task6--ep33--succ1.pkl,6,33,0,1,216,190,216
5169,mlp,1,val,330,root-0/task6--ep36--succ0.pkl,6,36,1,0,520,190,520
5170,mlp,1,val,331,root-0/task6--ep37--succ1.pkl,6,37,0,1,251,190,251
5171,mlp,1,val,332,root-0/task6--ep38--succ1.pkl,6,38,0,1,315,190,315
5172,mlp,1,val,333,root-0/task6--ep39--succ0.pkl,6,39,1,0,520,190,520
5173,mlp,1,val,335,root-0/task6--ep40--succ0.pkl,6,40,1,0,520,190,520
5174,mlp,1,val,336,root-0/task6--ep41--succ1.pkl,6,41,0,1,387,190,387
5175,mlp,1,val,337,root-0/task6--ep42--succ0.pkl,6,42,1,0,520,190,520
5176,mlp,1,val,343,root-0/task6--ep48--succ0.pkl,6,48,1,0,520,190,520
5177,mlp,1,val,344,root-0/task6--ep49--succ1.pkl,6,49,0,1,263,190,263
5178,mlp,1,val,347,root-0/task6--ep7--succ1.pkl,6,7,0,1,268,190,268
5179,mlp,1,val,353,root-0/task7--ep11--succ0.pkl,7,11,1,0,520,210,520
5180,mlp,1,val,357,root-0/task7--ep15--succ1.pkl,7,15,0,1,227,210,227
5181,mlp,1,val,360,root-0/task7--ep18--succ1.pkl,7,18,0,1,210,210,210
5182,mlp,1,val,362,root-0/task7--ep2--succ1.pkl,7,2,0,1,332,210,332
5183,mlp,1,val,365,root-0/task7--ep22--succ0.pkl,7,22,1,0,520,210,520
5184,mlp,1,val,367,root-0/task7--ep24--succ1.pkl,7,24,0,1,231,210,231
5185,mlp,1,val,368,root-0/task7--ep25--succ1.pkl,7,25,0,1,301,210,301
5186,mlp,1,val,372,root-0/task7--ep29--succ0.pkl,7,29,1,0,520,210,520
5187,mlp,1,val,373,root-0/task7--ep3--succ1.pkl,7,3,0,1,362,210,362
5188,mlp,1,val,376,root-0/task7--ep32--succ1.pkl,7,32,0,1,239,210,239
5189,mlp,1,val,381,root-0/task7--ep37--succ1.pkl,7,37,0,1,267,210,267
5190,mlp,1,val,384,root-0/task7--ep4--succ0.pkl,7,4,1,0,520,210,520
5191,mlp,1,val,385,root-0/task7--ep40--succ1.pkl,7,40,0,1,341,210,341
5192,mlp,1,val,387,root-0/task7--ep42--succ1.pkl,7,42,0,1,267,210,267
5193,mlp,1,val,389,root-0/task7--ep44--succ0.pkl,7,44,1,0,520,210,520
5194,mlp,1,val,390,root-0/task7--ep45--succ1.pkl,7,45,0,1,260,210,260
5195,mlp,1,val,391,root-0/task7--ep46--succ0.pkl,7,46,1,0,520,210,520
5196,mlp,1,val,392,root-0/task7--ep47--succ1.pkl,7,47,0,1,300,210,300
5197,mlp,1,val,394,root-0/task7--ep49--succ1.pkl,7,49,0,1,369,210,369
5198,mlp,1,val,395,root-0/task7--ep5--succ0.pkl,7,5,1,0,520,210,520
5199,mlp,1,val,401,root-0/task8--ep1--succ1.pkl,8,1,0,1,448,315,448
5200,mlp,1,val,402,root-0/task8--ep10--succ0.pkl,8,10,1,0,520,315,520
5201,mlp,1,val,403,root-0/task8--ep11--succ1.pkl,8,11,0,1,486,315,486
5202,mlp,1,val,407,root-0/task8--ep15--succ1.pkl,8,15,0,1,347,315,347
5203,mlp,1,val,409,root-0/task8--ep17--succ1.pkl,8,17,0,1,509,315,509
5204,mlp,1,val,413,root-0/task8--ep20--succ0.pkl,8,20,1,0,520,315,520
5205,mlp,1,val,419,root-0/task8--ep26--succ1.pkl,8,26,0,1,427,315,427
5206,mlp,1,val,420,root-0/task8--ep27--succ0.pkl,8,27,1,0,520,315,520
5207,mlp,1,val,424,root-0/task8--ep30--succ1.pkl,8,30,0,1,417,315,417
5208,mlp,1,val,425,root-0/task8--ep31--succ0.pkl,8,31,1,0,520,315,520
5209,mlp,1,val,426,root-0/task8--ep32--succ0.pkl,8,32,1,0,520,315,520
5210,mlp,1,val,432,root-0/task8--ep38--succ0.pkl,8,38,1,0,520,315,520
5211,mlp,1,val,433,root-0/task8--ep39--succ0.pkl,8,39,1,0,520,315,520
5212,mlp,1,val,438,root-0/task8--ep43--succ0.pkl,8,43,1,0,520,315,520
5213,mlp,1,val,439,root-0/task8--ep44--succ1.pkl,8,44,0,1,315,315,315
5214,mlp,1,val,440,root-0/task8--ep45--succ0.pkl,8,45,1,0,520,315,520
5215,mlp,1,val,441,root-0/task8--ep46--succ0.pkl,8,46,1,0,520,315,520
5216,mlp,1,val,445,root-0/task8--ep5--succ0.pkl,8,5,1,0,520,315,520
5217,mlp,1,val,446,root-0/task8--ep6--succ0.pkl,8,6,1,0,520,315,520
5218,mlp,1,val,447,root-0/task8--ep7--succ0.pkl,8,7,1,0,520,315,520
5219,mlp,1,val,449,root-0/task8--ep9--succ1.pkl,8,9,0,1,504,315,504
5220,mlp,1,val,450,root-0/task9--ep0--succ0.pkl,9,0,1,0,520,241,520
5221,mlp,1,val,451,root-0/task9--ep1--succ0.pkl,9,1,1,0,520,241,520
5222,mlp,1,val,454,root-0/task9--ep12--succ0.pkl,9,12,1,0,520,241,520
5223,mlp,1,val,458,root-0/task9--ep16--succ0.pkl,9,16,1,0,520,241,520
5224,mlp,1,val,460,root-0/task9--ep18--succ1.pkl,9,18,0,1,372,241,372
5225,mlp,1,val,461,root-0/task9--ep19--succ1.pkl,9,19,0,1,427,241,427
5226,mlp,1,val,462,root-0/task9--ep2--succ1.pkl,9,2,0,1,300,241,300
5227,mlp,1,val,464,root-0/task9--ep21--succ1.pkl,9,21,0,1,300,241,300
5228,mlp,1,val,466,root-0/task9--ep23--succ0.pkl,9,23,1,0,520,241,520
5229,mlp,1,val,467,root-0/task9--ep24--succ0.pkl,9,24,1,0,520,241,520
5230,mlp,1,val,469,root-0/task9--ep26--succ0.pkl,9,26,1,0,520,241,520
5231,mlp,1,val,476,root-0/task9--ep32--succ0.pkl,9,32,1,0,520,241,520
5232,mlp,1,val,478,root-0/task9--ep34--succ0.pkl,9,34,1,0,520,241,520
5233,mlp,1,val,480,root-0/task9--ep36--succ0.pkl,9,36,1,0,520,241,520
5234,mlp,1,val,482,root-0/task9--ep38--succ0.pkl,9,38,1,0,520,241,520
5235,mlp,1,val,483,root-0/task9--ep39--succ0.pkl,9,39,1,0,520,241,520
5236,mlp,1,val,485,root-0/task9--ep40--succ0.pkl,9,40,1,0,520,241,520
5237,mlp,1,val,486,root-0/task9--ep41--succ1.pkl,9,41,0,1,316,241,316
5238,mlp,1,val,490,root-0/task9--ep45--succ0.pkl,9,45,1,0,520,241,520
5239,mlp,1,val,494,root-0/task9--ep49--succ1.pkl,9,49,0,1,344,241,344
5240,mlp,1,val,495,root-0/task9--ep5--succ1.pkl,9,5,0,1,312,241,312
5241,mlp,1,val,497,root-0/task9--ep7--succ0.pkl,9,7,1,0,520,241,520
5242,mlp,1,val,498,root-0/task9--ep8--succ1.pkl,9,8,0,1,307,241,307
5243,mlp,1,val,500,root-1/task0--ep0--succ0.pkl,0,0,1,0,520,230,520
5244,mlp,1,val,502,root-1/task0--ep10--succ1.pkl,0,10,0,1,290,230,290
5245,mlp,1,val,505,root-1/task0--ep13--succ1.pkl,0,13,0,1,278,230,278
5246,mlp,1,val,517,root-1/task0--ep24--succ0.pkl,0,24,1,0,520,230,520
5247,mlp,1,val,518,root-1/task0--ep25--succ1.pkl,0,25,0,1,295,230,295
5248,mlp,1,val,525,root-1/task0--ep31--succ1.pkl,0,31,0,1,295,230,295
5249,mlp,1,val,526,root-1/task0--ep32--succ0.pkl,0,32,1,0,520,230,520
5250,mlp,1,val,527,root-1/task0--ep33--succ1.pkl,0,33,0,1,357,230,357
5251,mlp,1,val,528,root-1/task0--ep34--succ1.pkl,0,34,0,1,371,230,371
5252,mlp,1,val,529,root-1/task0--ep35--succ1.pkl,0,35,0,1,392,230,392
5253,mlp,1,val,531,root-1/task0--ep37--succ1.pkl,0,37,0,1,333,230,333
5254,mlp,1,val,534,root-1/task0--ep4--succ0.pkl,0,4,1,0,520,230,520
5255,mlp,1,val,536,root-1/task0--ep41--succ1.pkl,0,41,0,1,348,230,348
5256,mlp,1,val,539,root-1/task0--ep44--succ1.pkl,0,44,0,1,423,230,423
5257,mlp,1,val,542,root-1/task0--ep47--succ1.pkl,0,47,0,1,315,230,315
5258,mlp,1,val,545,root-1/task0--ep5--succ0.pkl,0,5,1,0,520,230,520
5259,mlp,1,val,548,root-1/task0--ep8--succ1.pkl,0,8,0,1,341,230,341
5260,mlp,1,val,600,root-1/task2--ep0--succ0.pkl,2,0,1,0,520,211,520
5261,mlp,1,val,601,root-1/task2--ep1--succ1.pkl,2,1,0,1,298,211,298
5262,mlp,1,val,608,root-1/task2--ep16--succ1.pkl,2,16,0,1,265,211,265
5263,mlp,1,val,612,root-1/task2--ep2--succ1.pkl,2,2,0,1,253,211,253
5264,mlp,1,val,614,root-1/task2--ep21--succ1.pkl,2,21,0,1,260,211,260
5265,mlp,1,val,617,root-1/task2--ep24--succ0.pkl,2,24,1,0,520,211,520
5266,mlp,1,val,623,root-1/task2--ep3--succ0.pkl,2,3,1,0,520,211,520
5267,mlp,1,val,625,root-1/task2--ep31--succ1.pkl,2,31,0,1,277,211,277
5268,mlp,1,val,627,root-1/task2--ep33--succ0.pkl,2,33,1,0,520,211,520
5269,mlp,1,val,629,root-1/task2--ep35--succ1.pkl,2,35,0,1,377,211,377
5270,mlp,1,val,633,root-1/task2--ep39--succ1.pkl,2,39,0,1,439,211,439
5271,mlp,1,val,634,root-1/task2--ep4--succ1.pkl,2,4,0,1,224,211,224
5272,mlp,1,val,636,root-1/task2--ep41--succ0.pkl,2,41,1,0,520,211,520
5273,mlp,1,val,637,root-1/task2--ep42--succ0.pkl,2,42,1,0,520,211,520
5274,mlp,1,val,638,root-1/task2--ep43--succ0.pkl,2,43,1,0,520,211,520
5275,mlp,1,val,646,root-1/task2--ep6--succ0.pkl,2,6,1,0,520,211,520
5276,mlp,1,val,649,root-1/task2--ep9--succ0.pkl,2,9,1,0,520,211,520
5277,mlp,1,val,650,root-1/task3--ep0--succ1.pkl,3,0,0,1,298,187,298
5278,mlp,1,val,657,root-1/task3--ep15--succ1.pkl,3,15,0,1,244,187,244
5279,mlp,1,val,662,root-1/task3--ep2--succ0.pkl,3,2,1,0,520,187,520
5280,mlp,1,val,664,root-1/task3--ep21--succ0.pkl,3,21,1,0,520,187,520
5281,mlp,1,val,666,root-1/task3--ep23--succ1.pkl,3,23,0,1,236,187,236
5282,mlp,1,val,667,root-1/task3--ep24--succ0.pkl,3,24,1,0,520,187,520
5283,mlp,1,val,669,root-1/task3--ep26--succ1.pkl,3,26,0,1,232,187,232
5284,mlp,1,val,670,root-1/task3--ep27--succ0.pkl,3,27,1,0,520,187,520
5285,mlp,1,val,671,root-1/task3--ep28--succ1.pkl,3,28,0,1,263,187,263
5286,mlp,1,val,679,root-1/task3--ep35--succ0.pkl,3,35,1,0,520,187,520
5287,mlp,1,val,681,root-1/task3--ep37--succ1.pkl,3,37,0,1,260,187,260
5288,mlp,1,val,682,root-1/task3--ep38--succ0.pkl,3,38,1,0,520,187,520
5289,mlp,1,val,688,root-1/task3--ep43--succ1.pkl,3,43,0,1,248,187,248
5290,mlp,1,val,691,root-1/task3--ep46--succ0.pkl,3,46,1,0,520,187,520
5291,mlp,1,val,695,root-1/task3--ep5--succ0.pkl,3,5,1,0,520,187,520
5292,mlp,1,val,696,root-1/task3--ep6--succ0.pkl,3,6,1,0,520,187,520
5293,mlp,1,val,698,root-1/task3--ep8--succ0.pkl,3,8,1,0,520,187,520
5294,mlp,1,val,699,root-1/task3--ep9--succ0.pkl,3,9,1,0,520,187,520
5295,mlp,1,val,700,root-1/task4--ep0--succ0.pkl,4,0,1,0,520,209,520
5296,mlp,1,val,701,root-1/task4--ep1--succ0.pkl,4,1,1,0,520,209,520
5297,mlp,1,val,704,root-1/task4--ep12--succ1.pkl,4,12,0,1,263,209,263
5298,mlp,1,val,705,root-1/task4--ep13--succ0.pkl,4,13,1,0,520,209,520
5299,mlp,1,val,706,root-1/task4--ep14--succ1.pkl,4,14,0,1,247,209,247
5300,mlp,1,val,708,root-1/task4--ep16--succ0.pkl,4,16,1,0,520,209,520
5301,mlp,1,val,709,root-1/task4--ep17--succ1.pkl,4,17,0,1,273,209,273
5302,mlp,1,val,713,root-1/task4--ep20--succ1.pkl,4,20,0,1,209,209,209
5303,mlp,1,val,716,root-1/task4--ep23--succ0.pkl,4,23,1,0,520,209,520
5304,mlp,1,val,720,root-1/task4--ep27--succ1.pkl,4,27,0,1,231,209,231
5305,mlp,1,val,721,root-1/task4--ep28--succ0.pkl,4,28,1,0,520,209,520
5306,mlp,1,val,723,root-1/task4--ep3--succ1.pkl,4,3,0,1,243,209,243
5307,mlp,1,val,726,root-1/task4--ep32--succ1.pkl,4,32,0,1,511,209,511
5308,mlp,1,val,728,root-1/task4--ep34--succ0.pkl,4,34,1,0,520,209,520
5309,mlp,1,val,731,root-1/task4--ep37--succ0.pkl,4,37,1,0,520,209,520
5310,mlp,1,val,732,root-1/task4--ep38--succ1.pkl,4,38,0,1,217,209,217
5311,mlp,1,val,733,root-1/task4--ep39--succ0.pkl,4,39,1,0,520,209,520
5312,mlp,1,val,735,root-1/task4--ep40--succ0.pkl,4,40,1,0,520,209,520
5313,mlp,1,val,736,root-1/task4--ep41--succ0.pkl,4,41,1,0,520,209,520
5314,mlp,1,val,737,root-1/task4--ep42--succ0.pkl,4,42,1,0,520,209,520
5315,mlp,1,val,738,root-1/task4--ep43--succ0.pkl,4,43,1,0,520,209,520
5316,mlp,1,val,739,root-1/task4--ep44--succ1.pkl,4,44,0,1,233,209,233
5317,mlp,1,val,740,root-1/task4--ep45--succ0.pkl,4,45,1,0,520,209,520
5318,mlp,1,val,742,root-1/task4--ep47--succ0.pkl,4,47,1,0,520,209,520
5319,mlp,1,val,745,root-1/task4--ep5--succ1.pkl,4,5,0,1,341,209,341
5320,mlp,1,val,747,root-1/task4--ep7--succ0.pkl,4,7,1,0,520,209,520
5321,mlp,1,val,751,root-1/task5--ep1--succ1.pkl,5,1,0,1,178,148,178
5322,mlp,1,val,752,root-1/task5--ep10--succ1.pkl,5,10,0,1,242,148,242
5323,mlp,1,val,753,root-1/task5--ep11--succ1.pkl,5,11,0,1,282,148,282
5324,mlp,1,val,754,root-1/task5--ep12--succ1.pkl,5,12,0,1,159,148,159
5325,mlp,1,val,757,root-1/task5--ep15--succ1.pkl,5,15,0,1,202,148,202
5326,mlp,1,val,758,root-1/task5--ep16--succ1.pkl,5,16,0,1,170,148,170
5327,mlp,1,val,761,root-1/task5--ep19--succ0.pkl,5,19,1,0,520,148,520
5328,mlp,1,val,764,root-1/task5--ep21--succ1.pkl,5,21,0,1,177,148,177
5329,mlp,1,val,766,root-1/task5--ep23--succ1.pkl,5,23,0,1,197,148,197
5330,mlp,1,val,767,root-1/task5--ep24--succ1.pkl,5,24,0,1,174,148,174
5331,mlp,1,val,773,root-1/task5--ep3--succ1.pkl,5,3,0,1,173,148,173
5332,mlp,1,val,775,root-1/task5--ep31--succ1.pkl,5,31,0,1,207,148,207
5333,mlp,1,val,776,root-1/task5--ep32--succ1.pkl,5,32,0,1,189,148,189
5334,mlp,1,val,780,root-1/task5--ep36--succ0.pkl,5,36,1,0,520,148,520
5335,mlp,1,val,781,root-1/task5--ep37--succ1.pkl,5,37,0,1,174,148,174
5336,mlp,1,val,784,root-1/task5--ep4--succ1.pkl,5,4,0,1,266,148,266
5337,mlp,1,val,785,root-1/task5--ep40--succ1.pkl,5,40,0,1,196,148,196
5338,mlp,1,val,788,root-1/task5--ep43--succ1.pkl,5,43,0,1,211,148,211
5339,mlp,1,val,791,root-1/task5--ep46--succ0.pkl,5,46,1,0,520,148,520
5340,mlp,1,val,793,root-1/task5--ep48--succ1.pkl,5,48,0,1,190,148,190
5341,mlp,1,val,797,root-1/task5--ep7--succ1.pkl,5,7,0,1,205,148,205
5342,mlp,1,val,800,root-1/task6--ep0--succ1.pkl,6,0,0,1,289,190,289
5343,mlp,1,val,804,root-1/task6--ep12--succ0.pkl,6,12,1,0,520,190,520
5344,mlp,1,val,806,root-1/task6--ep14--succ0.pkl,6,14,1,0,520,190,520
5345,mlp,1,val,807,root-1/task6--ep15--succ0.pkl,6,15,1,0,520,190,520
5346,mlp,1,val,810,root-1/task6--ep18--succ0.pkl,6,18,1,0,520,190,520
5347,mlp,1,val,811,root-1/task6--ep19--succ1.pkl,6,19,0,1,216,190,216
5348,mlp,1,val,812,root-1/task6--ep2--succ0.pkl,6,2,1,0,520,190,520
5349,mlp,1,val,816,root-1/task6--ep23--succ1.pkl,6,23,0,1,190,190,190
5350,mlp,1,val,819,root-1/task6--ep26--succ0.pkl,6,26,1,0,520,190,520
5351,mlp,1,val,820,root-1/task6--ep27--succ1.pkl,6,27,0,1,199,190,199
5352,mlp,1,val,821,root-1/task6--ep28--succ1.pkl,6,28,0,1,239,190,239
5353,mlp,1,val,825,root-1/task6--ep31--succ1.pkl,6,31,0,1,291,190,291
5354,mlp,1,val,827,root-1/task6--ep33--succ0.pkl,6,33,1,0,520,190,520
5355,mlp,1,val,828,root-1/task6--ep34--succ0.pkl,6,34,1,0,520,190,520
5356,mlp,1,val,831,root-1/task6--ep37--succ1.pkl,6,37,0,1,191,190,191
5357,mlp,1,val,833,root-1/task6--ep39--succ0.pkl,6,39,1,0,520,190,520
5358,mlp,1,val,834,root-1/task6--ep4--succ1.pkl,6,4,0,1,513,190,513
5359,mlp,1,val,838,root-1/task6--ep43--succ0.pkl,6,43,1,0,520,190,520
5360,mlp,1,val,840,root-1/task6--ep45--succ0.pkl,6,45,1,0,520,190,520
5361,mlp,1,val,844,root-1/task6--ep49--succ1.pkl,6,49,0,1,474,190,474
5362,mlp,1,val,846,root-1/task6--ep6--succ0.pkl,6,6,1,0,520,190,520
5363,mlp,1,val,847,root-1/task6--ep7--succ1.pkl,6,7,0,1,234,190,234
5364,mlp,1,val,850,root-1/task7--ep0--succ1.pkl,7,0,0,1,246,210,246
5365,mlp,1,val,858,root-1/task7--ep16--succ1.pkl,7,16,0,1,281,210,281
5366,mlp,1,val,860,root-1/task7--ep18--succ1.pkl,7,18,0,1,232,210,232
5367,mlp,1,val,865,root-1/task7--ep22--succ1.pkl,7,22,0,1,280,210,280
5368,mlp,1,val,867,root-1/task7--ep24--succ0.pkl,7,24,1,0,520,210,520
5369,mlp,1,val,869,root-1/task7--ep26--succ0.pkl,7,26,1,0,520,210,520
5370,mlp,1,val,875,root-1/task7--ep31--succ1.pkl,7,31,0,1,500,210,500
5371,mlp,1,val,878,root-1/task7--ep34--succ0.pkl,7,34,1,0,520,210,520
5372,mlp,1,val,881,root-1/task7--ep37--succ1.pkl,7,37,0,1,230,210,230
5373,mlp,1,val,882,root-1/task7--ep38--succ1.pkl,7,38,0,1,331,210,331
5374,mlp,1,val,884,root-1/task7--ep4--succ0.pkl,7,4,1,0,520,210,520
5375,mlp,1,val,886,root-1/task7--ep41--succ0.pkl,7,41,1,0,520,210,520
5376,mlp,1,val,887,root-1/task7--ep42--succ1.pkl,7,42,0,1,253,210,253
5377,mlp,1,val,889,root-1/task7--ep44--succ1.pkl,7,44,0,1,246,210,246
5378,mlp,1,val,891,root-1/task7--ep46--succ1.pkl,7,46,0,1,257,210,257
5379,mlp,1,val,892,root-1/task7--ep47--succ1.pkl,7,47,0,1,246,210,246
5380,mlp,1,val,893,root-1/task7--ep48--succ1.pkl,7,48,0,1,290,210,290
5381,mlp,1,val,894,root-1/task7--ep49--succ0.pkl,7,49,1,0,520,210,520
5382,mlp,1,val,896,root-1/task7--ep6--succ1.pkl,7,6,0,1,369,210,369
5383,mlp,1,val,897,root-1/task7--ep7--succ1.pkl,7,7,0,1,246,210,246
5384,mlp,1,val,901,root-1/task8--ep1--succ1.pkl,8,1,0,1,391,315,391
5385,mlp,1,val,904,root-1/task8--ep12--succ0.pkl,8,12,1,0,520,315,520
5386,mlp,1,val,905,root-1/task8--ep13--succ0.pkl,8,13,1,0,520,315,520
5387,mlp,1,val,906,root-1/task8--ep14--succ0.pkl,8,14,1,0,520,315,520
5388,mlp,1,val,907,root-1/task8--ep15--succ0.pkl,8,15,1,0,520,315,520
5389,mlp,1,val,910,root-1/task8--ep18--succ0.pkl,8,18,1,0,520,315,520
5390,mlp,1,val,914,root-1/task8--ep21--succ0.pkl,8,21,1,0,520,315,520
5391,mlp,1,val,920,root-1/task8--ep27--succ0.pkl,8,27,1,0,520,315,520
5392,mlp,1,val,921,root-1/task8--ep28--succ0.pkl,8,28,1,0,520,315,520
5393,mlp,1,val,923,root-1/task8--ep3--succ0.pkl,8,3,1,0,520,315,520
5394,mlp,1,val,927,root-1/task8--ep33--succ0.pkl,8,33,1,0,520,315,520
5395,mlp,1,val,932,root-1/task8--ep38--succ0.pkl,8,38,1,0,520,315,520
5396,mlp,1,val,934,root-1/task8--ep4--succ0.pkl,8,4,1,0,520,315,520
5397,mlp,1,val,940,root-1/task8--ep45--succ1.pkl,8,45,0,1,490,315,490
5398,mlp,1,val,943,root-1/task8--ep48--succ0.pkl,8,48,1,0,520,315,520
5399,mlp,1,val,945,root-1/task8--ep5--succ0.pkl,8,5,1,0,520,315,520
5400,mlp,1,val,946,root-1/task8--ep6--succ1.pkl,8,6,0,1,440,315,440
5401,mlp,1,val,947,root-1/task8--ep7--succ0.pkl,8,7,1,0,520,315,520
5402,mlp,1,val,948,root-1/task8--ep8--succ0.pkl,8,8,1,0,520,315,520
5403,mlp,1,val,954,root-1/task9--ep12--succ0.pkl,9,12,1,0,520,241,520
5404,mlp,1,val,956,root-1/task9--ep14--succ0.pkl,9,14,1,0,520,241,520
5405,mlp,1,val,958,root-1/task9--ep16--succ0.pkl,9,16,1,0,520,241,520
5406,mlp,1,val,959,root-1/task9--ep17--succ1.pkl,9,17,0,1,349,241,349
5407,mlp,1,val,965,root-1/task9--ep22--succ1.pkl,9,22,0,1,312,241,312
5408,mlp,1,val,977,root-1/task9--ep33--succ1.pkl,9,33,0,1,247,241,247
5409,mlp,1,val,978,root-1/task9--ep34--succ0.pkl,9,34,1,0,520,241,520
5410,mlp,1,val,980,root-1/task9--ep36--succ1.pkl,9,36,0,1,359,241,359
5411,mlp,1,val,981,root-1/task9--ep37--succ1.pkl,9,37,0,1,413,241,413
5412,mlp,1,val,983,root-1/task9--ep39--succ0.pkl,9,39,1,0,520,241,520
5413,mlp,1,val,984,root-1/task9--ep4--succ0.pkl,9,4,1,0,520,241,520
5414,mlp,1,val,985,root-1/task9--ep40--succ1.pkl,9,40,0,1,389,241,389
5415,mlp,1,val,987,root-1/task9--ep42--succ0.pkl,9,42,1,0,520,241,520
5416,mlp,1,val,988,root-1/task9--ep43--succ0.pkl,9,43,1,0,520,241,520
5417,mlp,1,val,990,root-1/task9--ep45--succ0.pkl,9,45,1,0,520,241,520
5418,mlp,1,val,991,root-1/task9--ep46--succ0.pkl,9,46,1,0,520,241,520
5419,mlp,1,val,994,root-1/task9--ep49--succ0.pkl,9,49,1,0,520,241,520
5420,mlp,1,test,50,root-0/task1--ep0--succ1.pkl,1,0,0,1,268,218,268
5421,mlp,1,test,51,root-0/task1--ep1--succ1.pkl,1,1,0,1,253,218,253
5422,mlp,1,test,52,root-0/task1--ep10--succ1.pkl,1,10,0,1,271,218,271
5423,mlp,1,test,53,root-0/task1--ep11--succ0.pkl,1,11,1,0,520,218,520
5424,mlp,1,test,54,root-0/task1--ep12--succ1.pkl,1,12,0,1,238,218,238
5425,mlp,1,test,55,root-0/task1--ep13--succ1.pkl,1,13,0,1,239,218,239
5426,mlp,1,test,56,root-0/task1--ep14--succ1.pkl,1,14,0,1,309,218,309
5427,mlp,1,test,57,root-0/task1--ep15--succ1.pkl,1,15,0,1,256,218,256
5428,mlp,1,test,58,root-0/task1--ep16--succ1.pkl,1,16,0,1,248,218,248
5429,mlp,1,test,59,root-0/task1--ep17--succ1.pkl,1,17,0,1,244,218,244
5430,mlp,1,test,60,root-0/task1--ep18--succ1.pkl,1,18,0,1,246,218,246
5431,mlp,1,test,61,root-0/task1--ep19--succ1.pkl,1,19,0,1,251,218,251
5432,mlp,1,test,62,root-0/task1--ep2--succ1.pkl,1,2,0,1,322,218,322
5433,mlp,1,test,63,root-0/task1--ep20--succ1.pkl,1,20,0,1,293,218,293
5434,mlp,1,test,64,root-0/task1--ep21--succ0.pkl,1,21,1,0,520,218,520
5435,mlp,1,test,65,root-0/task1--ep22--succ0.pkl,1,22,1,0,520,218,520
5436,mlp,1,test,66,root-0/task1--ep23--succ0.pkl,1,23,1,0,520,218,520
5437,mlp,1,test,67,root-0/task1--ep24--succ1.pkl,1,24,0,1,233,218,233
5438,mlp,1,test,68,root-0/task1--ep25--succ1.pkl,1,25,0,1,277,218,277
5439,mlp,1,test,69,root-0/task1--ep26--succ1.pkl,1,26,0,1,218,218,218
5440,mlp,1,test,70,root-0/task1--ep27--succ0.pkl,1,27,1,0,520,218,520
5441,mlp,1,test,71,root-0/task1--ep28--succ1.pkl,1,28,0,1,270,218,270
5442,mlp,1,test,72,root-0/task1--ep29--succ1.pkl,1,29,0,1,236,218,236
5443,mlp,1,test,73,root-0/task1--ep3--succ1.pkl,1,3,0,1,271,218,271
5444,mlp,1,test,74,root-0/task1--ep30--succ1.pkl,1,30,0,1,264,218,264
5445,mlp,1,test,75,root-0/task1--ep31--succ1.pkl,1,31,0,1,232,218,232
5446,mlp,1,test,76,root-0/task1--ep32--succ0.pkl,1,32,1,0,520,218,520
5447,mlp,1,test,77,root-0/task1--ep33--succ1.pkl,1,33,0,1,224,218,224
5448,mlp,1,test,78,root-0/task1--ep34--succ0.pkl,1,34,1,0,520,218,520
5449,mlp,1,test,79,root-0/task1--ep35--succ1.pkl,1,35,0,1,264,218,264
5450,mlp,1,test,80,root-0/task1--ep36--succ0.pkl,1,36,1,0,520,218,520
5451,mlp,1,test,81,root-0/task1--ep37--succ1.pkl,1,37,0,1,286,218,286
5452,mlp,1,test,82,root-0/task1--ep38--succ1.pkl,1,38,0,1,249,218,249
5453,mlp,1,test,83,root-0/task1--ep39--succ1.pkl,1,39,0,1,316,218,316
5454,mlp,1,test,84,root-0/task1--ep4--succ1.pkl,1,4,0,1,487,218,487
5455,mlp,1,test,85,root-0/task1--ep40--succ1.pkl,1,40,0,1,225,218,225
5456,mlp,1,test,86,root-0/task1--ep41--succ1.pkl,1,41,0,1,396,218,396
5457,mlp,1,test,87,root-0/task1--ep42--succ1.pkl,1,42,0,1,243,218,243
5458,mlp,1,test,88,root-0/task1--ep43--succ0.pkl,1,43,1,0,520,218,520
5459,mlp,1,test,89,root-0/task1--ep44--succ1.pkl,1,44,0,1,255,218,255
5460,mlp,1,test,90,root-0/task1--ep45--succ1.pkl,1,45,0,1,334,218,334
5461,mlp,1,test,91,root-0/task1--ep46--succ0.pkl,1,46,1,0,520,218,520
5462,mlp,1,test,92,root-0/task1--ep47--succ1.pkl,1,47,0,1,248,218,248
5463,mlp,1,test,93,root-0/task1--ep48--succ0.pkl,1,48,1,0,520,218,520
5464,mlp,1,test,94,root-0/task1--ep49--succ1.pkl,1,49,0,1,265,218,265
5465,mlp,1,test,95,root-0/task1--ep5--succ1.pkl,1,5,0,1,281,218,281
5466,mlp,1,test,96,root-0/task1--ep6--succ1.pkl,1,6,0,1,375,218,375
5467,mlp,1,test,97,root-0/task1--ep7--succ1.pkl,1,7,0,1,225,218,225
5468,mlp,1,test,98,root-0/task1--ep8--succ1.pkl,1,8,0,1,260,218,260
5469,mlp,1,test,99,root-0/task1--ep9--succ0.pkl,1,9,1,0,520,218,520
5470,mlp,1,test,550,root-1/task1--ep0--succ1.pkl,1,0,0,1,249,218,249
5471,mlp,1,test,551,root-1/task1--ep1--succ1.pkl,1,1,0,1,259,218,259
5472,mlp,1,test,552,root-1/task1--ep10--succ1.pkl,1,10,0,1,269,218,269
5473,mlp,1,test,553,root-1/task1--ep11--succ0.pkl,1,11,1,0,520,218,520
5474,mlp,1,test,554,root-1/task1--ep12--succ1.pkl,1,12,0,1,262,218,262
5475,mlp,1,test,555,root-1/task1--ep13--succ1.pkl,1,13,0,1,227,218,227
5476,mlp,1,test,556,root-1/task1--ep14--succ0.pkl,1,14,1,0,520,218,520
5477,mlp,1,test,557,root-1/task1--ep15--succ1.pkl,1,15,0,1,257,218,257
5478,mlp,1,test,558,root-1/task1--ep16--succ1.pkl,1,16,0,1,255,218,255
5479,mlp,1,test,559,root-1/task1--ep17--succ1.pkl,1,17,0,1,286,218,286
5480,mlp,1,test,560,root-1/task1--ep18--succ1.pkl,1,18,0,1,242,218,242
5481,mlp,1,test,561,root-1/task1--ep19--succ1.pkl,1,19,0,1,248,218,248
5482,mlp,1,test,562,root-1/task1--ep2--succ1.pkl,1,2,0,1,235,218,235
5483,mlp,1,test,563,root-1/task1--ep20--succ1.pkl,1,20,0,1,257,218,257
5484,mlp,1,test,564,root-1/task1--ep21--succ0.pkl,1,21,1,0,520,218,520
5485,mlp,1,test,565,root-1/task1--ep22--succ0.pkl,1,22,1,0,520,218,520
5486,mlp,1,test,566,root-1/task1--ep23--succ0.pkl,1,23,1,0,520,218,520
5487,mlp,1,test,567,root-1/task1--ep24--succ1.pkl,1,24,0,1,268,218,268
5488,mlp,1,test,568,root-1/task1--ep25--succ1.pkl,1,25,0,1,244,218,244
5489,mlp,1,test,569,root-1/task1--ep26--succ1.pkl,1,26,0,1,225,218,225
5490,mlp,1,test,570,root-1/task1--ep27--succ0.pkl,1,27,1,0,520,218,520
5491,mlp,1,test,571,root-1/task1--ep28--succ1.pkl,1,28,0,1,228,218,228
5492,mlp,1,test,572,root-1/task1--ep29--succ1.pkl,1,29,0,1,272,218,272
5493,mlp,1,test,573,root-1/task1--ep3--succ1.pkl,1,3,0,1,298,218,298
5494,mlp,1,test,574,root-1/task1--ep30--succ1.pkl,1,30,0,1,264,218,264
5495,mlp,1,test,575,root-1/task1--ep31--succ1.pkl,1,31,0,1,280,218,280
5496,mlp,1,test,576,root-1/task1--ep32--succ0.pkl,1,32,1,0,520,218,520
5497,mlp,1,test,577,root-1/task1--ep33--succ0.pkl,1,33,1,0,520,218,520
5498,mlp,1,test,578,root-1/task1--ep34--succ0.pkl,1,34,1,0,520,218,520
5499,mlp,1,test,579,root-1/task1--ep35--succ1.pkl,1,35,0,1,239,218,239
5500,mlp,1,test,580,root-1/task1--ep36--succ0.pkl,1,36,1,0,520,218,520
5501,mlp,1,test,581,root-1/task1--ep37--succ1.pkl,1,37,0,1,236,218,236
5502,mlp,1,test,582,root-1/task1--ep38--succ1.pkl,1,38,0,1,232,218,232
5503,mlp,1,test,583,root-1/task1--ep39--succ0.pkl,1,39,1,0,520,218,520
5504,mlp,1,test,584,root-1/task1--ep4--succ1.pkl,1,4,0,1,305,218,305
5505,mlp,1,test,585,root-1/task1--ep40--succ1.pkl,1,40,0,1,241,218,241
5506,mlp,1,test,586,root-1/task1--ep41--succ1.pkl,1,41,0,1,367,218,367
5507,mlp,1,test,587,root-1/task1--ep42--succ1.pkl,1,42,0,1,410,218,410
5508,mlp,1,test,588,root-1/task1--ep43--succ0.pkl,1,43,1,0,520,218,520
5509,mlp,1,test,589,root-1/task1--ep44--succ1.pkl,1,44,0,1,298,218,298
5510,mlp,1,test,590,root-1/task1--ep45--succ1.pkl,1,45,0,1,302,218,302
5511,mlp,1,test,591,root-1/task1--ep46--succ0.pkl,1,46,1,0,520,218,520
5512,mlp,1,test,592,root-1/task1--ep47--succ1.pkl,1,47,0,1,305,218,305
5513,mlp,1,test,593,root-1/task1--ep48--succ1.pkl,1,48,0,1,257,218,257
5514,mlp,1,test,594,root-1/task1--ep49--succ1.pkl,1,49,0,1,267,218,267
5515,mlp,1,test,595,root-1/task1--ep5--succ0.pkl,1,5,1,0,520,218,520
5516,mlp,1,test,596,root-1/task1--ep6--succ0.pkl,1,6,1,0,520,218,520
5517,mlp,1,test,597,root-1/task1--ep7--succ1.pkl,1,7,0,1,283,218,283
5518,mlp,1,test,598,root-1/task1--ep8--succ1.pkl,1,8,0,1,252,218,252
5519,mlp,1,test,599,root-1/task1--ep9--succ1.pkl,1,9,0,1,250,218,250
5520,mlp,2,val,8,root-0/task0--ep16--succ0.pkl,0,16,1,0,520,230,520
5521,mlp,2,val,9,root-0/task0--ep17--succ1.pkl,0,17,0,1,321,230,321
5522,mlp,2,val,10,root-0/task0--ep18--succ1.pkl,0,18,0,1,303,230,303
5523,mlp,2,val,11,root-0/task0--ep19--succ1.pkl,0,19,0,1,304,230,304
5524,mlp,2,val,13,root-0/task0--ep20--succ0.pkl,0,20,1,0,520,230,520
5525,mlp,2,val,16,root-0/task0--ep23--succ1.pkl,0,23,0,1,414,230,414
5526,mlp,2,val,18,root-0/task0--ep25--succ0.pkl,0,25,1,0,520,230,520
5527,mlp,2,val,19,root-0/task0--ep26--succ0.pkl,0,26,1,0,520,230,520
5528,mlp,2,val,21,root-0/task0--ep28--succ0.pkl,0,28,1,0,520,230,520
5529,mlp,2,val,22,root-0/task0--ep29--succ1.pkl,0,29,0,1,257,230,257
5530,mlp,2,val,26,root-0/task0--ep32--succ1.pkl,0,32,0,1,321,230,321
5531,mlp,2,val,28,root-0/task0--ep34--succ1.pkl,0,34,0,1,252,230,252
5532,mlp,2,val,29,root-0/task0--ep35--succ1.pkl,0,35,0,1,278,230,278
5533,mlp,2,val,32,root-0/task0--ep38--succ0.pkl,0,38,1,0,520,230,520
5534,mlp,2,val,33,root-0/task0--ep39--succ1.pkl,0,39,0,1,360,230,360
5535,mlp,2,val,34,root-0/task0--ep4--succ0.pkl,0,4,1,0,520,230,520
5536,mlp,2,val,37,root-0/task0--ep42--succ0.pkl,0,42,1,0,520,230,520
5537,mlp,2,val,38,root-0/task0--ep43--succ1.pkl,0,43,0,1,357,230,357
5538,mlp,2,val,39,root-0/task0--ep44--succ1.pkl,0,44,0,1,481,230,481
5539,mlp,2,val,40,root-0/task0--ep45--succ1.pkl,0,45,0,1,375,230,375
5540,mlp,2,val,42,root-0/task0--ep47--succ1.pkl,0,47,0,1,283,230,283
5541,mlp,2,val,44,root-0/task0--ep49--succ1.pkl,0,49,0,1,321,230,321
5542,mlp,2,val,49,root-0/task0--ep9--succ1.pkl,0,9,0,1,291,230,291
5543,mlp,2,val,50,root-0/task1--ep0--succ1.pkl,1,0,0,1,268,218,268
5544,mlp,2,val,51,root-0/task1--ep1--succ1.pkl,1,1,0,1,253,218,253
5545,mlp,2,val,54,root-0/task1--ep12--succ1.pkl,1,12,0,1,238,218,238
5546,mlp,2,val,58,root-0/task1--ep16--succ1.pkl,1,16,0,1,248,218,248
5547,mlp,2,val,60,root-0/task1--ep18--succ1.pkl,1,18,0,1,246,218,246
5548,mlp,2,val,61,root-0/task1--ep19--succ1.pkl,1,19,0,1,251,218,251
5549,mlp,2,val,62,root-0/task1--ep2--succ1.pkl,1,2,0,1,322,218,322
5550,mlp,2,val,64,root-0/task1--ep21--succ0.pkl,1,21,1,0,520,218,520
5551,mlp,2,val,66,root-0/task1--ep23--succ0.pkl,1,23,1,0,520,218,520
5552,mlp,2,val,67,root-0/task1--ep24--succ1.pkl,1,24,0,1,233,218,233
5553,mlp,2,val,69,root-0/task1--ep26--succ1.pkl,1,26,0,1,218,218,218
5554,mlp,2,val,76,root-0/task1--ep32--succ0.pkl,1,32,1,0,520,218,520
5555,mlp,2,val,78,root-0/task1--ep34--succ0.pkl,1,34,1,0,520,218,520
5556,mlp,2,val,80,root-0/task1--ep36--succ0.pkl,1,36,1,0,520,218,520
5557,mlp,2,val,82,root-0/task1--ep38--succ1.pkl,1,38,0,1,249,218,249
5558,mlp,2,val,83,root-0/task1--ep39--succ1.pkl,1,39,0,1,316,218,316
5559,mlp,2,val,85,root-0/task1--ep40--succ1.pkl,1,40,0,1,225,218,225
5560,mlp,2,val,86,root-0/task1--ep41--succ1.pkl,1,41,0,1,396,218,396
5561,mlp,2,val,90,root-0/task1--ep45--succ1.pkl,1,45,0,1,334,218,334
5562,mlp,2,val,94,root-0/task1--ep49--succ1.pkl,1,49,0,1,265,218,265
5563,mlp,2,val,95,root-0/task1--ep5--succ1.pkl,1,5,0,1,281,218,281
5564,mlp,2,val,97,root-0/task1--ep7--succ1.pkl,1,7,0,1,225,218,225
5565,mlp,2,val,98,root-0/task1--ep8--succ1.pkl,1,8,0,1,260,218,260
5566,mlp,2,val,151,root-0/task3--ep1--succ0.pkl,3,1,1,0,520,187,520
5567,mlp,2,val,154,root-0/task3--ep12--succ1.pkl,3,12,0,1,360,187,360
5568,mlp,2,val,156,root-0/task3--ep14--succ0.pkl,3,14,1,0,520,187,520
5569,mlp,2,val,159,root-0/task3--ep17--succ1.pkl,3,17,0,1,218,187,218
5570,mlp,2,val,161,root-0/task3--ep19--succ0.pkl,3,19,1,0,520,187,520
5571,mlp,2,val,163,root-0/task3--ep20--succ1.pkl,3,20,0,1,245,187,245
5572,mlp,2,val,164,root-0/task3--ep21--succ0.pkl,3,21,1,0,520,187,520
5573,mlp,2,val,165,root-0/task3--ep22--succ0.pkl,3,22,1,0,520,187,520
5574,mlp,2,val,167,root-0/task3--ep24--succ1.pkl,3,24,0,1,277,187,277
5575,mlp,2,val,172,root-0/task3--ep29--succ0.pkl,3,29,1,0,520,187,520
5576,mlp,2,val,177,root-0/task3--ep33--succ0.pkl,3,33,1,0,520,187,520
5577,mlp,2,val,178,root-0/task3--ep34--succ0.pkl,3,34,1,0,520,187,520
5578,mlp,2,val,183,root-0/task3--ep39--succ1.pkl,3,39,0,1,196,187,196
5579,mlp,2,val,184,root-0/task3--ep4--succ1.pkl,3,4,0,1,453,187,453
5580,mlp,2,val,185,root-0/task3--ep40--succ0.pkl,3,40,1,0,520,187,520
5581,mlp,2,val,186,root-0/task3--ep41--succ1.pkl,3,41,0,1,256,187,256
5582,mlp,2,val,187,root-0/task3--ep42--succ0.pkl,3,42,1,0,520,187,520
5583,mlp,2,val,188,root-0/task3--ep43--succ0.pkl,3,43,1,0,520,187,520
5584,mlp,2,val,191,root-0/task3--ep46--succ0.pkl,3,46,1,0,520,187,520
5585,mlp,2,val,195,root-0/task3--ep5--succ0.pkl,3,5,1,0,520,187,520
5586,mlp,2,val,196,root-0/task3--ep6--succ0.pkl,3,6,1,0,520,187,520
5587,mlp,2,val,197,root-0/task3--ep7--succ1.pkl,3,7,0,1,195,187,195
5588,mlp,2,val,201,root-0/task4--ep1--succ0.pkl,4,1,1,0,520,209,520
5589,mlp,2,val,202,root-0/task4--ep10--succ0.pkl,4,10,1,0,520,209,520
5590,mlp,2,val,203,root-0/task4--ep11--succ0.pkl,4,11,1,0,520,209,520
5591,mlp,2,val,207,root-0/task4--ep15--succ0.pkl,4,15,1,0,520,209,520
5592,mlp,2,val,209,root-0/task4--ep17--succ0.pkl,4,17,1,0,520,209,520
5593,mlp,2,val,213,root-0/task4--ep20--succ0.pkl,4,20,1,0,520,209,520
5594,mlp,2,val,219,root-0/task4--ep26--succ0.pkl,4,26,1,0,520,209,520
5595,mlp,2,val,220,root-0/task4--ep27--succ0.pkl,4,27,1,0,520,209,520
5596,mlp,2,val,224,root-0/task4--ep30--succ0.pkl,4,30,1,0,520,209,520
5597,mlp,2,val,225,root-0/task4--ep31--succ1.pkl,4,31,0,1,241,209,241
5598,mlp,2,val,226,root-0/task4--ep32--succ1.pkl,4,32,0,1,219,209,219
5599,mlp,2,val,232,root-0/task4--ep38--succ1.pkl,4,38,0,1,507,209,507
5600,mlp,2,val,233,root-0/task4--ep39--succ1.pkl,4,39,0,1,219,209,219
5601,mlp,2,val,238,root-0/task4--ep43--succ1.pkl,4,43,0,1,413,209,413
5602,mlp,2,val,239,root-0/task4--ep44--succ1.pkl,4,44,0,1,238,209,238
5603,mlp,2,val,240,root-0/task4--ep45--succ0.pkl,4,45,1,0,520,209,520
5604,mlp,2,val,241,root-0/task4--ep46--succ0.pkl,4,46,1,0,520,209,520
5605,mlp,2,val,245,root-0/task4--ep5--succ1.pkl,4,5,0,1,268,209,268
5606,mlp,2,val,246,root-0/task4--ep6--succ0.pkl,4,6,1,0,520,209,520
5607,mlp,2,val,247,root-0/task4--ep7--succ0.pkl,4,7,1,0,520,209,520
5608,mlp,2,val,249,root-0/task4--ep9--succ1.pkl,4,9,0,1,220,209,220
5609,mlp,2,val,250,root-0/task5--ep0--succ1.pkl,5,0,0,1,161,148,161
5610,mlp,2,val,253,root-0/task5--ep11--succ1.pkl,5,11,0,1,160,148,160
5611,mlp,2,val,258,root-0/task5--ep16--succ1.pkl,5,16,0,1,327,148,327
5612,mlp,2,val,264,root-0/task5--ep21--succ1.pkl,5,21,0,1,184,148,184
5613,mlp,2,val,265,root-0/task5--ep22--succ0.pkl,5,22,1,0,520,148,520
5614,mlp,2,val,267,root-0/task5--ep24--succ1.pkl,5,24,0,1,172,148,172
5615,mlp,2,val,268,root-0/task5--ep25--succ1.pkl,5,25,0,1,207,148,207
5616,mlp,2,val,269,root-0/task5--ep26--succ1.pkl,5,26,0,1,187,148,187
5617,mlp,2,val,270,root-0/task5--ep27--succ1.pkl,5,27,0,1,261,148,261
5618,mlp,2,val,271,root-0/task5--ep28--succ0.pkl,5,28,1,0,520,148,520
5619,mlp,2,val,273,root-0/task5--ep3--succ1.pkl,5,3,0,1,233,148,233
5620,mlp,2,val,274,root-0/task5--ep30--succ1.pkl,5,30,0,1,186,148,186
5621,mlp,2,val,276,root-0/task5--ep32--succ1.pkl,5,32,0,1,183,148,183
5622,mlp,2,val,280,root-0/task5--ep36--succ1.pkl,5,36,0,1,231,148,231
5623,mlp,2,val,284,root-0/task5--ep4--succ1.pkl,5,4,0,1,194,148,194
5624,mlp,2,val,287,root-0/task5--ep42--succ1.pkl,5,42,0,1,231,148,231
5625,mlp,2,val,296,root-0/task5--ep6--succ1.pkl,5,6,0,1,197,148,197
5626,mlp,2,val,298,root-0/task5--ep8--succ1.pkl,5,8,0,1,154,148,154
5627,mlp,2,val,299,root-0/task5--ep9--succ1.pkl,5,9,0,1,334,148,334
5628,mlp,2,val,301,root-0/task6--ep1--succ1.pkl,6,1,0,1,256,190,256
5629,mlp,2,val,304,root-0/task6--ep12--succ1.pkl,6,12,0,1,254,190,254
5630,mlp,2,val,314,root-0/task6--ep21--succ0.pkl,6,21,1,0,520,190,520
5631,mlp,2,val,320,root-0/task6--ep27--succ1.pkl,6,27,0,1,247,190,247
5632,mlp,2,val,321,root-0/task6--ep28--succ0.pkl,6,28,1,0,520,190,520
5633,mlp,2,val,322,root-0/task6--ep29--succ1.pkl,6,29,0,1,236,190,236
5634,mlp,2,val,325,root-0/task6--ep31--succ1.pkl,6,31,0,1,229,190,229
5635,mlp,2,val,327,root-0/task6--ep33--succ1.pkl,6,33,0,1,216,190,216
5636,mlp,2,val,330,root-0/task6--ep36--succ0.pkl,6,36,1,0,520,190,520
5637,mlp,2,val,331,root-0/task6--ep37--succ1.pkl,6,37,0,1,251,190,251
5638,mlp,2,val,332,root-0/task6--ep38--succ1.pkl,6,38,0,1,315,190,315
5639,mlp,2,val,333,root-0/task6--ep39--succ0.pkl,6,39,1,0,520,190,520
5640,mlp,2,val,335,root-0/task6--ep40--succ0.pkl,6,40,1,0,520,190,520
5641,mlp,2,val,336,root-0/task6--ep41--succ1.pkl,6,41,0,1,387,190,387
5642,mlp,2,val,337,root-0/task6--ep42--succ0.pkl,6,42,1,0,520,190,520
5643,mlp,2,val,343,root-0/task6--ep48--succ0.pkl,6,48,1,0,520,190,520
5644,mlp,2,val,344,root-0/task6--ep49--succ1.pkl,6,49,0,1,263,190,263
5645,mlp,2,val,347,root-0/task6--ep7--succ1.pkl,6,7,0,1,268,190,268
5646,mlp,2,val,353,root-0/task7--ep11--succ0.pkl,7,11,1,0,520,210,520
5647,mlp,2,val,357,root-0/task7--ep15--succ1.pkl,7,15,0,1,227,210,227
5648,mlp,2,val,360,root-0/task7--ep18--succ1.pkl,7,18,0,1,210,210,210
5649,mlp,2,val,362,root-0/task7--ep2--succ1.pkl,7,2,0,1,332,210,332
5650,mlp,2,val,365,root-0/task7--ep22--succ0.pkl,7,22,1,0,520,210,520
5651,mlp,2,val,367,root-0/task7--ep24--succ1.pkl,7,24,0,1,231,210,231
5652,mlp,2,val,368,root-0/task7--ep25--succ1.pkl,7,25,0,1,301,210,301
5653,mlp,2,val,372,root-0/task7--ep29--succ0.pkl,7,29,1,0,520,210,520
5654,mlp,2,val,373,root-0/task7--ep3--succ1.pkl,7,3,0,1,362,210,362
5655,mlp,2,val,376,root-0/task7--ep32--succ1.pkl,7,32,0,1,239,210,239
5656,mlp,2,val,381,root-0/task7--ep37--succ1.pkl,7,37,0,1,267,210,267
5657,mlp,2,val,384,root-0/task7--ep4--succ0.pkl,7,4,1,0,520,210,520
5658,mlp,2,val,385,root-0/task7--ep40--succ1.pkl,7,40,0,1,341,210,341
5659,mlp,2,val,387,root-0/task7--ep42--succ1.pkl,7,42,0,1,267,210,267
5660,mlp,2,val,389,root-0/task7--ep44--succ0.pkl,7,44,1,0,520,210,520
5661,mlp,2,val,390,root-0/task7--ep45--succ1.pkl,7,45,0,1,260,210,260
5662,mlp,2,val,391,root-0/task7--ep46--succ0.pkl,7,46,1,0,520,210,520
5663,mlp,2,val,392,root-0/task7--ep47--succ1.pkl,7,47,0,1,300,210,300
5664,mlp,2,val,394,root-0/task7--ep49--succ1.pkl,7,49,0,1,369,210,369
5665,mlp,2,val,395,root-0/task7--ep5--succ0.pkl,7,5,1,0,520,210,520
5666,mlp,2,val,400,root-0/task8--ep0--succ0.pkl,8,0,1,0,520,315,520
5667,mlp,2,val,401,root-0/task8--ep1--succ1.pkl,8,1,0,1,448,315,448
5668,mlp,2,val,409,root-0/task8--ep17--succ1.pkl,8,17,0,1,509,315,509
5669,mlp,2,val,411,root-0/task8--ep19--succ0.pkl,8,19,1,0,520,315,520
5670,mlp,2,val,412,root-0/task8--ep2--succ1.pkl,8,2,0,1,365,315,365
5671,mlp,2,val,413,root-0/task8--ep20--succ0.pkl,8,20,1,0,520,315,520
5672,mlp,2,val,414,root-0/task8--ep21--succ0.pkl,8,21,1,0,520,315,520
5673,mlp,2,val,417,root-0/task8--ep24--succ0.pkl,8,24,1,0,520,315,520
5674,mlp,2,val,418,root-0/task8--ep25--succ0.pkl,8,25,1,0,520,315,520
5675,mlp,2,val,421,root-0/task8--ep28--succ0.pkl,8,28,1,0,520,315,520
5676,mlp,2,val,422,root-0/task8--ep29--succ0.pkl,8,29,1,0,520,315,520
5677,mlp,2,val,425,root-0/task8--ep31--succ0.pkl,8,31,1,0,520,315,520
5678,mlp,2,val,427,root-0/task8--ep33--succ1.pkl,8,33,0,1,389,315,389
5679,mlp,2,val,432,root-0/task8--ep38--succ0.pkl,8,38,1,0,520,315,520
5680,mlp,2,val,433,root-0/task8--ep39--succ0.pkl,8,39,1,0,520,315,520
5681,mlp,2,val,434,root-0/task8--ep4--succ0.pkl,8,4,1,0,520,315,520
5682,mlp,2,val,436,root-0/task8--ep41--succ0.pkl,8,41,1,0,520,315,520
5683,mlp,2,val,438,root-0/task8--ep43--succ0.pkl,8,43,1,0,520,315,520
5684,mlp,2,val,439,root-0/task8--ep44--succ1.pkl,8,44,0,1,315,315,315
5685,mlp,2,val,443,root-0/task8--ep48--succ0.pkl,8,48,1,0,520,315,520
5686,mlp,2,val,445,root-0/task8--ep5--succ0.pkl,8,5,1,0,520,315,520
5687,mlp,2,val,447,root-0/task8--ep7--succ0.pkl,8,7,1,0,520,315,520
5688,mlp,2,val,448,root-0/task8--ep8--succ0.pkl,8,8,1,0,520,315,520
5689,mlp,2,val,451,root-0/task9--ep1--succ0.pkl,9,1,1,0,520,241,520
5690,mlp,2,val,453,root-0/task9--ep11--succ0.pkl,9,11,1,0,520,241,520
5691,mlp,2,val,467,root-0/task9--ep24--succ0.pkl,9,24,1,0,520,241,520
5692,mlp,2,val,469,root-0/task9--ep26--succ0.pkl,9,26,1,0,520,241,520
5693,mlp,2,val,471,root-0/task9--ep28--succ1.pkl,9,28,0,1,346,241,346
5694,mlp,2,val,473,root-0/task9--ep3--succ0.pkl,9,3,1,0,520,241,520
5695,mlp,2,val,475,root-0/task9--ep31--succ0.pkl,9,31,1,0,520,241,520
5696,mlp,2,val,477,root-0/task9--ep33--succ1.pkl,9,33,0,1,241,241,241
5697,mlp,2,val,478,root-0/task9--ep34--succ0.pkl,9,34,1,0,520,241,520
5698,mlp,2,val,483,root-0/task9--ep39--succ0.pkl,9,39,1,0,520,241,520
5699,mlp,2,val,485,root-0/task9--ep40--succ0.pkl,9,40,1,0,520,241,520
5700,mlp,2,val,489,root-0/task9--ep44--succ0.pkl,9,44,1,0,520,241,520
5701,mlp,2,val,491,root-0/task9--ep46--succ0.pkl,9,46,1,0,520,241,520
5702,mlp,2,val,499,root-0/task9--ep9--succ0.pkl,9,9,1,0,520,241,520
5703,mlp,2,val,500,root-1/task0--ep0--succ0.pkl,0,0,1,0,520,230,520
5704,mlp,2,val,502,root-1/task0--ep10--succ1.pkl,0,10,0,1,290,230,290
5705,mlp,2,val,505,root-1/task0--ep13--succ1.pkl,0,13,0,1,278,230,278
5706,mlp,2,val,517,root-1/task0--ep24--succ0.pkl,0,24,1,0,520,230,520
5707,mlp,2,val,518,root-1/task0--ep25--succ1.pkl,0,25,0,1,295,230,295
5708,mlp,2,val,525,root-1/task0--ep31--succ1.pkl,0,31,0,1,295,230,295
5709,mlp,2,val,526,root-1/task0--ep32--succ0.pkl,0,32,1,0,520,230,520
5710,mlp,2,val,527,root-1/task0--ep33--succ1.pkl,0,33,0,1,357,230,357
5711,mlp,2,val,528,root-1/task0--ep34--succ1.pkl,0,34,0,1,371,230,371
5712,mlp,2,val,529,root-1/task0--ep35--succ1.pkl,0,35,0,1,392,230,392
5713,mlp,2,val,531,root-1/task0--ep37--succ1.pkl,0,37,0,1,333,230,333
5714,mlp,2,val,534,root-1/task0--ep4--succ0.pkl,0,4,1,0,520,230,520
5715,mlp,2,val,536,root-1/task0--ep41--succ1.pkl,0,41,0,1,348,230,348
5716,mlp,2,val,539,root-1/task0--ep44--succ1.pkl,0,44,0,1,423,230,423
5717,mlp,2,val,542,root-1/task0--ep47--succ1.pkl,0,47,0,1,315,230,315
5718,mlp,2,val,545,root-1/task0--ep5--succ0.pkl,0,5,1,0,520,230,520
5719,mlp,2,val,548,root-1/task0--ep8--succ1.pkl,0,8,0,1,341,230,341
5720,mlp,2,val,554,root-1/task1--ep12--succ1.pkl,1,12,0,1,262,218,262
5721,mlp,2,val,556,root-1/task1--ep14--succ0.pkl,1,14,1,0,520,218,520
5722,mlp,2,val,558,root-1/task1--ep16--succ1.pkl,1,16,0,1,255,218,255
5723,mlp,2,val,559,root-1/task1--ep17--succ1.pkl,1,17,0,1,286,218,286
5724,mlp,2,val,565,root-1/task1--ep22--succ0.pkl,1,22,1,0,520,218,520
5725,mlp,2,val,577,root-1/task1--ep33--succ0.pkl,1,33,1,0,520,218,520
5726,mlp,2,val,578,root-1/task1--ep34--succ0.pkl,1,34,1,0,520,218,520
5727,mlp,2,val,580,root-1/task1--ep36--succ0.pkl,1,36,1,0,520,218,520
5728,mlp,2,val,581,root-1/task1--ep37--succ1.pkl,1,37,0,1,236,218,236
5729,mlp,2,val,583,root-1/task1--ep39--succ0.pkl,1,39,1,0,520,218,520
5730,mlp,2,val,584,root-1/task1--ep4--succ1.pkl,1,4,0,1,305,218,305
5731,mlp,2,val,585,root-1/task1--ep40--succ1.pkl,1,40,0,1,241,218,241
5732,mlp,2,val,587,root-1/task1--ep42--succ1.pkl,1,42,0,1,410,218,410
5733,mlp,2,val,588,root-1/task1--ep43--succ0.pkl,1,43,1,0,520,218,520
5734,mlp,2,val,590,root-1/task1--ep45--succ1.pkl,1,45,0,1,302,218,302
5735,mlp,2,val,591,root-1/task1--ep46--succ0.pkl,1,46,1,0,520,218,520
5736,mlp,2,val,594,root-1/task1--ep49--succ1.pkl,1,49,0,1,267,218,267
5737,mlp,2,val,650,root-1/task3--ep0--succ1.pkl,3,0,0,1,298,187,298
5738,mlp,2,val,657,root-1/task3--ep15--succ1.pkl,3,15,0,1,244,187,244
5739,mlp,2,val,662,root-1/task3--ep2--succ0.pkl,3,2,1,0,520,187,520
5740,mlp,2,val,664,root-1/task3--ep21--succ0.pkl,3,21,1,0,520,187,520
5741,mlp,2,val,666,root-1/task3--ep23--succ1.pkl,3,23,0,1,236,187,236
5742,mlp,2,val,667,root-1/task3--ep24--succ0.pkl,3,24,1,0,520,187,520
5743,mlp,2,val,669,root-1/task3--ep26--succ1.pkl,3,26,0,1,232,187,232
5744,mlp,2,val,670,root-1/task3--ep27--succ0.pkl,3,27,1,0,520,187,520
5745,mlp,2,val,671,root-1/task3--ep28--succ1.pkl,3,28,0,1,263,187,263
5746,mlp,2,val,679,root-1/task3--ep35--succ0.pkl,3,35,1,0,520,187,520
5747,mlp,2,val,681,root-1/task3--ep37--succ1.pkl,3,37,0,1,260,187,260
5748,mlp,2,val,682,root-1/task3--ep38--succ0.pkl,3,38,1,0,520,187,520
5749,mlp,2,val,688,root-1/task3--ep43--succ1.pkl,3,43,0,1,248,187,248
5750,mlp,2,val,691,root-1/task3--ep46--succ0.pkl,3,46,1,0,520,187,520
5751,mlp,2,val,695,root-1/task3--ep5--succ0.pkl,3,5,1,0,520,187,520
5752,mlp,2,val,696,root-1/task3--ep6--succ0.pkl,3,6,1,0,520,187,520
5753,mlp,2,val,698,root-1/task3--ep8--succ0.pkl,3,8,1,0,520,187,520
5754,mlp,2,val,699,root-1/task3--ep9--succ0.pkl,3,9,1,0,520,187,520
5755,mlp,2,val,701,root-1/task4--ep1--succ0.pkl,4,1,1,0,520,209,520
5756,mlp,2,val,704,root-1/task4--ep12--succ1.pkl,4,12,0,1,263,209,263
5757,mlp,2,val,705,root-1/task4--ep13--succ0.pkl,4,13,1,0,520,209,520
5758,mlp,2,val,706,root-1/task4--ep14--succ1.pkl,4,14,0,1,247,209,247
5759,mlp,2,val,707,root-1/task4--ep15--succ0.pkl,4,15,1,0,520,209,520
5760,mlp,2,val,710,root-1/task4--ep18--succ1.pkl,4,18,0,1,231,209,231
5761,mlp,2,val,714,root-1/task4--ep21--succ0.pkl,4,21,1,0,520,209,520
5762,mlp,2,val,720,root-1/task4--ep27--succ1.pkl,4,27,0,1,231,209,231
5763,mlp,2,val,721,root-1/task4--ep28--succ0.pkl,4,28,1,0,520,209,520
5764,mlp,2,val,723,root-1/task4--ep3--succ1.pkl,4,3,0,1,243,209,243
5765,mlp,2,val,727,root-1/task4--ep33--succ0.pkl,4,33,1,0,520,209,520
5766,mlp,2,val,732,root-1/task4--ep38--succ1.pkl,4,38,0,1,217,209,217
5767,mlp,2,val,734,root-1/task4--ep4--succ0.pkl,4,4,1,0,520,209,520
5768,mlp,2,val,740,root-1/task4--ep45--succ0.pkl,4,45,1,0,520,209,520
5769,mlp,2,val,743,root-1/task4--ep48--succ1.pkl,4,48,0,1,252,209,252
5770,mlp,2,val,745,root-1/task4--ep5--succ1.pkl,4,5,0,1,341,209,341
5771,mlp,2,val,746,root-1/task4--ep6--succ0.pkl,4,6,1,0,520,209,520
5772,mlp,2,val,747,root-1/task4--ep7--succ0.pkl,4,7,1,0,520,209,520
5773,mlp,2,val,748,root-1/task4--ep8--succ0.pkl,4,8,1,0,520,209,520
5774,mlp,2,val,751,root-1/task5--ep1--succ1.pkl,5,1,0,1,178,148,178
5775,mlp,2,val,752,root-1/task5--ep10--succ1.pkl,5,10,0,1,242,148,242
5776,mlp,2,val,753,root-1/task5--ep11--succ1.pkl,5,11,0,1,282,148,282
5777,mlp,2,val,754,root-1/task5--ep12--succ1.pkl,5,12,0,1,159,148,159
5778,mlp,2,val,757,root-1/task5--ep15--succ1.pkl,5,15,0,1,202,148,202
5779,mlp,2,val,758,root-1/task5--ep16--succ1.pkl,5,16,0,1,170,148,170
5780,mlp,2,val,761,root-1/task5--ep19--succ0.pkl,5,19,1,0,520,148,520
5781,mlp,2,val,764,root-1/task5--ep21--succ1.pkl,5,21,0,1,177,148,177
5782,mlp,2,val,766,root-1/task5--ep23--succ1.pkl,5,23,0,1,197,148,197
5783,mlp,2,val,767,root-1/task5--ep24--succ1.pkl,5,24,0,1,174,148,174
5784,mlp,2,val,773,root-1/task5--ep3--succ1.pkl,5,3,0,1,173,148,173
5785,mlp,2,val,775,root-1/task5--ep31--succ1.pkl,5,31,0,1,207,148,207
5786,mlp,2,val,776,root-1/task5--ep32--succ1.pkl,5,32,0,1,189,148,189
5787,mlp,2,val,780,root-1/task5--ep36--succ0.pkl,5,36,1,0,520,148,520
5788,mlp,2,val,781,root-1/task5--ep37--succ1.pkl,5,37,0,1,174,148,174
5789,mlp,2,val,784,root-1/task5--ep4--succ1.pkl,5,4,0,1,266,148,266
5790,mlp,2,val,785,root-1/task5--ep40--succ1.pkl,5,40,0,1,196,148,196
5791,mlp,2,val,788,root-1/task5--ep43--succ1.pkl,5,43,0,1,211,148,211
5792,mlp,2,val,791,root-1/task5--ep46--succ0.pkl,5,46,1,0,520,148,520
5793,mlp,2,val,793,root-1/task5--ep48--succ1.pkl,5,48,0,1,190,148,190
5794,mlp,2,val,797,root-1/task5--ep7--succ1.pkl,5,7,0,1,205,148,205
5795,mlp,2,val,800,root-1/task6--ep0--succ1.pkl,6,0,0,1,289,190,289
5796,mlp,2,val,804,root-1/task6--ep12--succ0.pkl,6,12,1,0,520,190,520
5797,mlp,2,val,806,root-1/task6--ep14--succ0.pkl,6,14,1,0,520,190,520
5798,mlp,2,val,807,root-1/task6--ep15--succ0.pkl,6,15,1,0,520,190,520
5799,mlp,2,val,810,root-1/task6--ep18--succ0.pkl,6,18,1,0,520,190,520
5800,mlp,2,val,811,root-1/task6--ep19--succ1.pkl,6,19,0,1,216,190,216
5801,mlp,2,val,812,root-1/task6--ep2--succ0.pkl,6,2,1,0,520,190,520
5802,mlp,2,val,816,root-1/task6--ep23--succ1.pkl,6,23,0,1,190,190,190
5803,mlp,2,val,819,root-1/task6--ep26--succ0.pkl,6,26,1,0,520,190,520
5804,mlp,2,val,820,root-1/task6--ep27--succ1.pkl,6,27,0,1,199,190,199
5805,mlp,2,val,821,root-1/task6--ep28--succ1.pkl,6,28,0,1,239,190,239
5806,mlp,2,val,825,root-1/task6--ep31--succ1.pkl,6,31,0,1,291,190,291
5807,mlp,2,val,827,root-1/task6--ep33--succ0.pkl,6,33,1,0,520,190,520
5808,mlp,2,val,828,root-1/task6--ep34--succ0.pkl,6,34,1,0,520,190,520
5809,mlp,2,val,831,root-1/task6--ep37--succ1.pkl,6,37,0,1,191,190,191
5810,mlp,2,val,833,root-1/task6--ep39--succ0.pkl,6,39,1,0,520,190,520
5811,mlp,2,val,834,root-1/task6--ep4--succ1.pkl,6,4,0,1,513,190,513
5812,mlp,2,val,838,root-1/task6--ep43--succ0.pkl,6,43,1,0,520,190,520
5813,mlp,2,val,840,root-1/task6--ep45--succ0.pkl,6,45,1,0,520,190,520
5814,mlp,2,val,844,root-1/task6--ep49--succ1.pkl,6,49,0,1,474,190,474
5815,mlp,2,val,846,root-1/task6--ep6--succ0.pkl,6,6,1,0,520,190,520
5816,mlp,2,val,847,root-1/task6--ep7--succ1.pkl,6,7,0,1,234,190,234
5817,mlp,2,val,850,root-1/task7--ep0--succ1.pkl,7,0,0,1,246,210,246
5818,mlp,2,val,858,root-1/task7--ep16--succ1.pkl,7,16,0,1,281,210,281
5819,mlp,2,val,860,root-1/task7--ep18--succ1.pkl,7,18,0,1,232,210,232
5820,mlp,2,val,865,root-1/task7--ep22--succ1.pkl,7,22,0,1,280,210,280
5821,mlp,2,val,867,root-1/task7--ep24--succ0.pkl,7,24,1,0,520,210,520
5822,mlp,2,val,869,root-1/task7--ep26--succ0.pkl,7,26,1,0,520,210,520
5823,mlp,2,val,875,root-1/task7--ep31--succ1.pkl,7,31,0,1,500,210,500
5824,mlp,2,val,878,root-1/task7--ep34--succ0.pkl,7,34,1,0,520,210,520
5825,mlp,2,val,881,root-1/task7--ep37--succ1.pkl,7,37,0,1,230,210,230
5826,mlp,2,val,882,root-1/task7--ep38--succ1.pkl,7,38,0,1,331,210,331
5827,mlp,2,val,884,root-1/task7--ep4--succ0.pkl,7,4,1,0,520,210,520
5828,mlp,2,val,886,root-1/task7--ep41--succ0.pkl,7,41,1,0,520,210,520
5829,mlp,2,val,887,root-1/task7--ep42--succ1.pkl,7,42,0,1,253,210,253
5830,mlp,2,val,889,root-1/task7--ep44--succ1.pkl,7,44,0,1,246,210,246
5831,mlp,2,val,891,root-1/task7--ep46--succ1.pkl,7,46,0,1,257,210,257
5832,mlp,2,val,892,root-1/task7--ep47--succ1.pkl,7,47,0,1,246,210,246
5833,mlp,2,val,893,root-1/task7--ep48--succ1.pkl,7,48,0,1,290,210,290
5834,mlp,2,val,894,root-1/task7--ep49--succ0.pkl,7,49,1,0,520,210,520
5835,mlp,2,val,896,root-1/task7--ep6--succ1.pkl,7,6,0,1,369,210,369
5836,mlp,2,val,897,root-1/task7--ep7--succ1.pkl,7,7,0,1,246,210,246
5837,mlp,2,val,900,root-1/task8--ep0--succ1.pkl,8,0,0,1,509,315,509
5838,mlp,2,val,901,root-1/task8--ep1--succ1.pkl,8,1,0,1,391,315,391
5839,mlp,2,val,908,root-1/task8--ep16--succ1.pkl,8,16,0,1,394,315,394
5840,mlp,2,val,912,root-1/task8--ep2--succ0.pkl,8,2,1,0,520,315,520
5841,mlp,2,val,914,root-1/task8--ep21--succ0.pkl,8,21,1,0,520,315,520
5842,mlp,2,val,917,root-1/task8--ep24--succ0.pkl,8,24,1,0,520,315,520
5843,mlp,2,val,923,root-1/task8--ep3--succ0.pkl,8,3,1,0,520,315,520
5844,mlp,2,val,925,root-1/task8--ep31--succ0.pkl,8,31,1,0,520,315,520
5845,mlp,2,val,927,root-1/task8--ep33--succ0.pkl,8,33,1,0,520,315,520
5846,mlp,2,val,929,root-1/task8--ep35--succ0.pkl,8,35,1,0,520,315,520
5847,mlp,2,val,933,root-1/task8--ep39--succ0.pkl,8,39,1,0,520,315,520
5848,mlp,2,val,934,root-1/task8--ep4--succ0.pkl,8,4,1,0,520,315,520
5849,mlp,2,val,936,root-1/task8--ep41--succ0.pkl,8,41,1,0,520,315,520
5850,mlp,2,val,937,root-1/task8--ep42--succ0.pkl,8,42,1,0,520,315,520
5851,mlp,2,val,938,root-1/task8--ep43--succ0.pkl,8,43,1,0,520,315,520
5852,mlp,2,val,946,root-1/task8--ep6--succ1.pkl,8,6,0,1,440,315,440
5853,mlp,2,val,949,root-1/task8--ep9--succ0.pkl,8,9,1,0,520,315,520
5854,mlp,2,val,950,root-1/task9--ep0--succ0.pkl,9,0,1,0,520,241,520
5855,mlp,2,val,951,root-1/task9--ep1--succ0.pkl,9,1,1,0,520,241,520
5856,mlp,2,val,954,root-1/task9--ep12--succ0.pkl,9,12,1,0,520,241,520
5857,mlp,2,val,955,root-1/task9--ep13--succ0.pkl,9,13,1,0,520,241,520
5858,mlp,2,val,956,root-1/task9--ep14--succ0.pkl,9,14,1,0,520,241,520
5859,mlp,2,val,958,root-1/task9--ep16--succ0.pkl,9,16,1,0,520,241,520
5860,mlp,2,val,959,root-1/task9--ep17--succ1.pkl,9,17,0,1,349,241,349
5861,mlp,2,val,963,root-1/task9--ep20--succ1.pkl,9,20,0,1,297,241,297
5862,mlp,2,val,966,root-1/task9--ep23--succ0.pkl,9,23,1,0,520,241,520
5863,mlp,2,val,970,root-1/task9--ep27--succ1.pkl,9,27,0,1,329,241,329
5864,mlp,2,val,971,root-1/task9--ep28--succ0.pkl,9,28,1,0,520,241,520
5865,mlp,2,val,973,root-1/task9--ep3--succ0.pkl,9,3,1,0,520,241,520
5866,mlp,2,val,976,root-1/task9--ep32--succ1.pkl,9,32,0,1,271,241,271
5867,mlp,2,val,978,root-1/task9--ep34--succ0.pkl,9,34,1,0,520,241,520
5868,mlp,2,val,981,root-1/task9--ep37--succ1.pkl,9,37,0,1,413,241,413
5869,mlp,2,val,982,root-1/task9--ep38--succ0.pkl,9,38,1,0,520,241,520
5870,mlp,2,val,983,root-1/task9--ep39--succ0.pkl,9,39,1,0,520,241,520
5871,mlp,2,val,985,root-1/task9--ep40--succ1.pkl,9,40,0,1,389,241,389
5872,mlp,2,val,986,root-1/task9--ep41--succ0.pkl,9,41,1,0,520,241,520
5873,mlp,2,val,987,root-1/task9--ep42--succ0.pkl,9,42,1,0,520,241,520
5874,mlp,2,val,988,root-1/task9--ep43--succ0.pkl,9,43,1,0,520,241,520
5875,mlp,2,val,989,root-1/task9--ep44--succ0.pkl,9,44,1,0,520,241,520
5876,mlp,2,val,990,root-1/task9--ep45--succ0.pkl,9,45,1,0,520,241,520
5877,mlp,2,val,992,root-1/task9--ep47--succ1.pkl,9,47,0,1,267,241,267
5878,mlp,2,val,995,root-1/task9--ep5--succ0.pkl,9,5,1,0,520,241,520
5879,mlp,2,val,997,root-1/task9--ep7--succ0.pkl,9,7,1,0,520,241,520
5880,mlp,2,test,100,root-0/task2--ep0--succ1.pkl,2,0,0,1,258,211,258
5881,mlp,2,test,101,root-0/task2--ep1--succ1.pkl,2,1,0,1,285,211,285
5882,mlp,2,test,102,root-0/task2--ep10--succ1.pkl,2,10,0,1,217,211,217
5883,mlp,2,test,103,root-0/task2--ep11--succ1.pkl,2,11,0,1,314,211,314
5884,mlp,2,test,104,root-0/task2--ep12--succ0.pkl,2,12,1,0,520,211,520
5885,mlp,2,test,105,root-0/task2--ep13--succ1.pkl,2,13,0,1,279,211,279
5886,mlp,2,test,106,root-0/task2--ep14--succ0.pkl,2,14,1,0,520,211,520
5887,mlp,2,test,107,root-0/task2--ep15--succ1.pkl,2,15,0,1,222,211,222
5888,mlp,2,test,108,root-0/task2--ep16--succ1.pkl,2,16,0,1,260,211,260
5889,mlp,2,test,109,root-0/task2--ep17--succ1.pkl,2,17,0,1,242,211,242
5890,mlp,2,test,110,root-0/task2--ep18--succ1.pkl,2,18,0,1,288,211,288
5891,mlp,2,test,111,root-0/task2--ep19--succ1.pkl,2,19,0,1,227,211,227
5892,mlp,2,test,112,root-0/task2--ep2--succ0.pkl,2,2,1,0,520,211,520
5893,mlp,2,test,113,root-0/task2--ep20--succ0.pkl,2,20,1,0,520,211,520
5894,mlp,2,test,114,root-0/task2--ep21--succ1.pkl,2,21,0,1,320,211,320
5895,mlp,2,test,115,root-0/task2--ep22--succ0.pkl,2,22,1,0,520,211,520
5896,mlp,2,test,116,root-0/task2--ep23--succ0.pkl,2,23,1,0,520,211,520
5897,mlp,2,test,117,root-0/task2--ep24--succ0.pkl,2,24,1,0,520,211,520
5898,mlp,2,test,118,root-0/task2--ep25--succ1.pkl,2,25,0,1,251,211,251
5899,mlp,2,test,119,root-0/task2--ep26--succ1.pkl,2,26,0,1,431,211,431
5900,mlp,2,test,120,root-0/task2--ep27--succ1.pkl,2,27,0,1,245,211,245
5901,mlp,2,test,121,root-0/task2--ep28--succ1.pkl,2,28,0,1,304,211,304
5902,mlp,2,test,122,root-0/task2--ep29--succ0.pkl,2,29,1,0,520,211,520
5903,mlp,2,test,123,root-0/task2--ep3--succ1.pkl,2,3,0,1,320,211,320
5904,mlp,2,test,124,root-0/task2--ep30--succ1.pkl,2,30,0,1,281,211,281
5905,mlp,2,test,125,root-0/task2--ep31--succ0.pkl,2,31,1,0,520,211,520
5906,mlp,2,test,126,root-0/task2--ep32--succ1.pkl,2,32,0,1,249,211,249
5907,mlp,2,test,127,root-0/task2--ep33--succ0.pkl,2,33,1,0,520,211,520
5908,mlp,2,test,128,root-0/task2--ep34--succ0.pkl,2,34,1,0,520,211,520
5909,mlp,2,test,129,root-0/task2--ep35--succ0.pkl,2,35,1,0,520,211,520
5910,mlp,2,test,130,root-0/task2--ep36--succ1.pkl,2,36,0,1,283,211,283
5911,mlp,2,test,131,root-0/task2--ep37--succ0.pkl,2,37,1,0,520,211,520
5912,mlp,2,test,132,root-0/task2--ep38--succ1.pkl,2,38,0,1,295,211,295
5913,mlp,2,test,133,root-0/task2--ep39--succ0.pkl,2,39,1,0,520,211,520
5914,mlp,2,test,134,root-0/task2--ep4--succ1.pkl,2,4,0,1,225,211,225
5915,mlp,2,test,135,root-0/task2--ep40--succ0.pkl,2,40,1,0,520,211,520
5916,mlp,2,test,136,root-0/task2--ep41--succ0.pkl,2,41,1,0,520,211,520
5917,mlp,2,test,137,root-0/task2--ep42--succ0.pkl,2,42,1,0,520,211,520
5918,mlp,2,test,138,root-0/task2--ep43--succ1.pkl,2,43,0,1,342,211,342
5919,mlp,2,test,139,root-0/task2--ep44--succ0.pkl,2,44,1,0,520,211,520
5920,mlp,2,test,140,root-0/task2--ep45--succ0.pkl,2,45,1,0,520,211,520
5921,mlp,2,test,141,root-0/task2--ep46--succ0.pkl,2,46,1,0,520,211,520
5922,mlp,2,test,142,root-0/task2--ep47--succ1.pkl,2,47,0,1,289,211,289
5923,mlp,2,test,143,root-0/task2--ep48--succ0.pkl,2,48,1,0,520,211,520
5924,mlp,2,test,144,root-0/task2--ep49--succ0.pkl,2,49,1,0,520,211,520
5925,mlp,2,test,145,root-0/task2--ep5--succ0.pkl,2,5,1,0,520,211,520
5926,mlp,2,test,146,root-0/task2--ep6--succ1.pkl,2,6,0,1,247,211,247
5927,mlp,2,test,147,root-0/task2--ep7--succ0.pkl,2,7,1,0,520,211,520
5928,mlp,2,test,148,root-0/task2--ep8--succ1.pkl,2,8,0,1,316,211,316
5929,mlp,2,test,149,root-0/task2--ep9--succ1.pkl,2,9,0,1,256,211,256
5930,mlp,2,test,600,root-1/task2--ep0--succ0.pkl,2,0,1,0,520,211,520
5931,mlp,2,test,601,root-1/task2--ep1--succ1.pkl,2,1,0,1,298,211,298
5932,mlp,2,test,602,root-1/task2--ep10--succ1.pkl,2,10,0,1,283,211,283
5933,mlp,2,test,603,root-1/task2--ep11--succ0.pkl,2,11,1,0,520,211,520
5934,mlp,2,test,604,root-1/task2--ep12--succ0.pkl,2,12,1,0,520,211,520
5935,mlp,2,test,605,root-1/task2--ep13--succ1.pkl,2,13,0,1,269,211,269
5936,mlp,2,test,606,root-1/task2--ep14--succ1.pkl,2,14,0,1,211,211,211
5937,mlp,2,test,607,root-1/task2--ep15--succ0.pkl,2,15,1,0,520,211,520
5938,mlp,2,test,608,root-1/task2--ep16--succ1.pkl,2,16,0,1,265,211,265
5939,mlp,2,test,609,root-1/task2--ep17--succ1.pkl,2,17,0,1,251,211,251
5940,mlp,2,test,610,root-1/task2--ep18--succ0.pkl,2,18,1,0,520,211,520
5941,mlp,2,test,611,root-1/task2--ep19--succ0.pkl,2,19,1,0,520,211,520
5942,mlp,2,test,612,root-1/task2--ep2--succ1.pkl,2,2,0,1,253,211,253
5943,mlp,2,test,613,root-1/task2--ep20--succ0.pkl,2,20,1,0,520,211,520
5944,mlp,2,test,614,root-1/task2--ep21--succ1.pkl,2,21,0,1,260,211,260
5945,mlp,2,test,615,root-1/task2--ep22--succ1.pkl,2,22,0,1,234,211,234
5946,mlp,2,test,616,root-1/task2--ep23--succ0.pkl,2,23,1,0,520,211,520
5947,mlp,2,test,617,root-1/task2--ep24--succ0.pkl,2,24,1,0,520,211,520
5948,mlp,2,test,618,root-1/task2--ep25--succ0.pkl,2,25,1,0,520,211,520
5949,mlp,2,test,619,root-1/task2--ep26--succ0.pkl,2,26,1,0,520,211,520
5950,mlp,2,test,620,root-1/task2--ep27--succ1.pkl,2,27,0,1,264,211,264
5951,mlp,2,test,621,root-1/task2--ep28--succ0.pkl,2,28,1,0,520,211,520
5952,mlp,2,test,622,root-1/task2--ep29--succ1.pkl,2,29,0,1,285,211,285
5953,mlp,2,test,623,root-1/task2--ep3--succ0.pkl,2,3,1,0,520,211,520
5954,mlp,2,test,624,root-1/task2--ep30--succ1.pkl,2,30,0,1,357,211,357
5955,mlp,2,test,625,root-1/task2--ep31--succ1.pkl,2,31,0,1,277,211,277
5956,mlp,2,test,626,root-1/task2--ep32--succ0.pkl,2,32,1,0,520,211,520
5957,mlp,2,test,627,root-1/task2--ep33--succ0.pkl,2,33,1,0,520,211,520
5958,mlp,2,test,628,root-1/task2--ep34--succ0.pkl,2,34,1,0,520,211,520
5959,mlp,2,test,629,root-1/task2--ep35--succ1.pkl,2,35,0,1,377,211,377
5960,mlp,2,test,630,root-1/task2--ep36--succ0.pkl,2,36,1,0,520,211,520
5961,mlp,2,test,631,root-1/task2--ep37--succ1.pkl,2,37,0,1,440,211,440
5962,mlp,2,test,632,root-1/task2--ep38--succ0.pkl,2,38,1,0,520,211,520
5963,mlp,2,test,633,root-1/task2--ep39--succ1.pkl,2,39,0,1,439,211,439
5964,mlp,2,test,634,root-1/task2--ep4--succ1.pkl,2,4,0,1,224,211,224
5965,mlp,2,test,635,root-1/task2--ep40--succ1.pkl,2,40,0,1,383,211,383
5966,mlp,2,test,636,root-1/task2--ep41--succ0.pkl,2,41,1,0,520,211,520
5967,mlp,2,test,637,root-1/task2--ep42--succ0.pkl,2,42,1,0,520,211,520
5968,mlp,2,test,638,root-1/task2--ep43--succ0.pkl,2,43,1,0,520,211,520
5969,mlp,2,test,639,root-1/task2--ep44--succ0.pkl,2,44,1,0,520,211,520
5970,mlp,2,test,640,root-1/task2--ep45--succ1.pkl,2,45,0,1,239,211,239
5971,mlp,2,test,641,root-1/task2--ep46--succ0.pkl,2,46,1,0,520,211,520
5972,mlp,2,test,642,root-1/task2--ep47--succ0.pkl,2,47,1,0,520,211,520
5973,mlp,2,test,643,root-1/task2--ep48--succ1.pkl,2,48,0,1,309,211,309
5974,mlp,2,test,644,root-1/task2--ep49--succ0.pkl,2,49,1,0,520,211,520
5975,mlp,2,test,645,root-1/task2--ep5--succ0.pkl,2,5,1,0,520,211,520
5976,mlp,2,test,646,root-1/task2--ep6--succ0.pkl,2,6,1,0,520,211,520
5977,mlp,2,test,647,root-1/task2--ep7--succ0.pkl,2,7,1,0,520,211,520
5978,mlp,2,test,648,root-1/task2--ep8--succ1.pkl,2,8,0,1,227,211,227
5979,mlp,2,test,649,root-1/task2--ep9--succ0.pkl,2,9,1,0,520,211,520
5980,mlp,3,val,8,root-0/task0--ep16--succ0.pkl,0,16,1,0,520,230,520
5981,mlp,3,val,9,root-0/task0--ep17--succ1.pkl,0,17,0,1,321,230,321
5982,mlp,3,val,10,root-0/task0--ep18--succ1.pkl,0,18,0,1,303,230,303
5983,mlp,3,val,11,root-0/task0--ep19--succ1.pkl,0,19,0,1,304,230,304
5984,mlp,3,val,13,root-0/task0--ep20--succ0.pkl,0,20,1,0,520,230,520
5985,mlp,3,val,16,root-0/task0--ep23--succ1.pkl,0,23,0,1,414,230,414
5986,mlp,3,val,18,root-0/task0--ep25--succ0.pkl,0,25,1,0,520,230,520
5987,mlp,3,val,19,root-0/task0--ep26--succ0.pkl,0,26,1,0,520,230,520
5988,mlp,3,val,21,root-0/task0--ep28--succ0.pkl,0,28,1,0,520,230,520
5989,mlp,3,val,22,root-0/task0--ep29--succ1.pkl,0,29,0,1,257,230,257
5990,mlp,3,val,26,root-0/task0--ep32--succ1.pkl,0,32,0,1,321,230,321
5991,mlp,3,val,28,root-0/task0--ep34--succ1.pkl,0,34,0,1,252,230,252
5992,mlp,3,val,29,root-0/task0--ep35--succ1.pkl,0,35,0,1,278,230,278
5993,mlp,3,val,32,root-0/task0--ep38--succ0.pkl,0,38,1,0,520,230,520
5994,mlp,3,val,33,root-0/task0--ep39--succ1.pkl,0,39,0,1,360,230,360
5995,mlp,3,val,34,root-0/task0--ep4--succ0.pkl,0,4,1,0,520,230,520
5996,mlp,3,val,37,root-0/task0--ep42--succ0.pkl,0,42,1,0,520,230,520
5997,mlp,3,val,38,root-0/task0--ep43--succ1.pkl,0,43,0,1,357,230,357
5998,mlp,3,val,39,root-0/task0--ep44--succ1.pkl,0,44,0,1,481,230,481
5999,mlp,3,val,40,root-0/task0--ep45--succ1.pkl,0,45,0,1,375,230,375
6000,mlp,3,val,42,root-0/task0--ep47--succ1.pkl,0,47,0,1,283,230,283
6001,mlp,3,val,44,root-0/task0--ep49--succ1.pkl,0,49,0,1,321,230,321
6002,mlp,3,val,49,root-0/task0--ep9--succ1.pkl,0,9,0,1,291,230,291
6003,mlp,3,val,51,root-0/task1--ep1--succ1.pkl,1,1,0,1,253,218,253
6004,mlp,3,val,54,root-0/task1--ep12--succ1.pkl,1,12,0,1,238,218,238
6005,mlp,3,val,64,root-0/task1--ep21--succ0.pkl,1,21,1,0,520,218,520
6006,mlp,3,val,70,root-0/task1--ep27--succ0.pkl,1,27,1,0,520,218,520
6007,mlp,3,val,71,root-0/task1--ep28--succ1.pkl,1,28,0,1,270,218,270
6008,mlp,3,val,72,root-0/task1--ep29--succ1.pkl,1,29,0,1,236,218,236
6009,mlp,3,val,75,root-0/task1--ep31--succ1.pkl,1,31,0,1,232,218,232
6010,mlp,3,val,77,root-0/task1--ep33--succ1.pkl,1,33,0,1,224,218,224
6011,mlp,3,val,80,root-0/task1--ep36--succ0.pkl,1,36,1,0,520,218,520
6012,mlp,3,val,81,root-0/task1--ep37--succ1.pkl,1,37,0,1,286,218,286
6013,mlp,3,val,82,root-0/task1--ep38--succ1.pkl,1,38,0,1,249,218,249
6014,mlp,3,val,83,root-0/task1--ep39--succ1.pkl,1,39,0,1,316,218,316
6015,mlp,3,val,85,root-0/task1--ep40--succ1.pkl,1,40,0,1,225,218,225
6016,mlp,3,val,86,root-0/task1--ep41--succ1.pkl,1,41,0,1,396,218,396
6017,mlp,3,val,87,root-0/task1--ep42--succ1.pkl,1,42,0,1,243,218,243
6018,mlp,3,val,93,root-0/task1--ep48--succ0.pkl,1,48,1,0,520,218,520
6019,mlp,3,val,94,root-0/task1--ep49--succ1.pkl,1,49,0,1,265,218,265
6020,mlp,3,val,97,root-0/task1--ep7--succ1.pkl,1,7,0,1,225,218,225
6021,mlp,3,val,100,root-0/task2--ep0--succ1.pkl,2,0,0,1,258,211,258
6022,mlp,3,val,101,root-0/task2--ep1--succ1.pkl,2,1,0,1,285,211,285
6023,mlp,3,val,109,root-0/task2--ep17--succ1.pkl,2,17,0,1,242,211,242
6024,mlp,3,val,111,root-0/task2--ep19--succ1.pkl,2,19,0,1,227,211,227
6025,mlp,3,val,112,root-0/task2--ep2--succ0.pkl,2,2,1,0,520,211,520
6026,mlp,3,val,113,root-0/task2--ep20--succ0.pkl,2,20,1,0,520,211,520
6027,mlp,3,val,114,root-0/task2--ep21--succ1.pkl,2,21,0,1,320,211,320
6028,mlp,3,val,117,root-0/task2--ep24--succ0.pkl,2,24,1,0,520,211,520
6029,mlp,3,val,118,root-0/task2--ep25--succ1.pkl,2,25,0,1,251,211,251
6030,mlp,3,val,121,root-0/task2--ep28--succ1.pkl,2,28,0,1,304,211,304
6031,mlp,3,val,122,root-0/task2--ep29--succ0.pkl,2,29,1,0,520,211,520
6032,mlp,3,val,125,root-0/task2--ep31--succ0.pkl,2,31,1,0,520,211,520
6033,mlp,3,val,127,root-0/task2--ep33--succ0.pkl,2,33,1,0,520,211,520
6034,mlp,3,val,132,root-0/task2--ep38--succ1.pkl,2,38,0,1,295,211,295
6035,mlp,3,val,133,root-0/task2--ep39--succ0.pkl,2,39,1,0,520,211,520
6036,mlp,3,val,134,root-0/task2--ep4--succ1.pkl,2,4,0,1,225,211,225
6037,mlp,3,val,136,root-0/task2--ep41--succ0.pkl,2,41,1,0,520,211,520
6038,mlp,3,val,138,root-0/task2--ep43--succ1.pkl,2,43,0,1,342,211,342
6039,mlp,3,val,139,root-0/task2--ep44--succ0.pkl,2,44,1,0,520,211,520
6040,mlp,3,val,143,root-0/task2--ep48--succ0.pkl,2,48,1,0,520,211,520
6041,mlp,3,val,145,root-0/task2--ep5--succ0.pkl,2,5,1,0,520,211,520
6042,mlp,3,val,147,root-0/task2--ep7--succ0.pkl,2,7,1,0,520,211,520
6043,mlp,3,val,148,root-0/task2--ep8--succ1.pkl,2,8,0,1,316,211,316
6044,mlp,3,val,201,root-0/task4--ep1--succ0.pkl,4,1,1,0,520,209,520
6045,mlp,3,val,203,root-0/task4--ep11--succ0.pkl,4,11,1,0,520,209,520
6046,mlp,3,val,217,root-0/task4--ep24--succ1.pkl,4,24,0,1,294,209,294
6047,mlp,3,val,219,root-0/task4--ep26--succ0.pkl,4,26,1,0,520,209,520
6048,mlp,3,val,221,root-0/task4--ep28--succ1.pkl,4,28,0,1,233,209,233
6049,mlp,3,val,223,root-0/task4--ep3--succ1.pkl,4,3,0,1,235,209,235
6050,mlp,3,val,225,root-0/task4--ep31--succ1.pkl,4,31,0,1,241,209,241
6051,mlp,3,val,227,root-0/task4--ep33--succ1.pkl,4,33,0,1,241,209,241
6052,mlp,3,val,228,root-0/task4--ep34--succ1.pkl,4,34,0,1,246,209,246
6053,mlp,3,val,233,root-0/task4--ep39--succ1.pkl,4,39,0,1,219,209,219
6054,mlp,3,val,235,root-0/task4--ep40--succ0.pkl,4,40,1,0,520,209,520
6055,mlp,3,val,239,root-0/task4--ep44--succ1.pkl,4,44,0,1,238,209,238
6056,mlp,3,val,241,root-0/task4--ep46--succ0.pkl,4,46,1,0,520,209,520
6057,mlp,3,val,249,root-0/task4--ep9--succ1.pkl,4,9,0,1,220,209,220
6058,mlp,3,val,250,root-0/task5--ep0--succ1.pkl,5,0,0,1,161,148,161
6059,mlp,3,val,253,root-0/task5--ep11--succ1.pkl,5,11,0,1,160,148,160
6060,mlp,3,val,258,root-0/task5--ep16--succ1.pkl,5,16,0,1,327,148,327
6061,mlp,3,val,264,root-0/task5--ep21--succ1.pkl,5,21,0,1,184,148,184
6062,mlp,3,val,265,root-0/task5--ep22--succ0.pkl,5,22,1,0,520,148,520
6063,mlp,3,val,267,root-0/task5--ep24--succ1.pkl,5,24,0,1,172,148,172
6064,mlp,3,val,268,root-0/task5--ep25--succ1.pkl,5,25,0,1,207,148,207
6065,mlp,3,val,269,root-0/task5--ep26--succ1.pkl,5,26,0,1,187,148,187
6066,mlp,3,val,270,root-0/task5--ep27--succ1.pkl,5,27,0,1,261,148,261
6067,mlp,3,val,271,root-0/task5--ep28--succ0.pkl,5,28,1,0,520,148,520
6068,mlp,3,val,273,root-0/task5--ep3--succ1.pkl,5,3,0,1,233,148,233
6069,mlp,3,val,274,root-0/task5--ep30--succ1.pkl,5,30,0,1,186,148,186
6070,mlp,3,val,276,root-0/task5--ep32--succ1.pkl,5,32,0,1,183,148,183
6071,mlp,3,val,280,root-0/task5--ep36--succ1.pkl,5,36,0,1,231,148,231
6072,mlp,3,val,284,root-0/task5--ep4--succ1.pkl,5,4,0,1,194,148,194
6073,mlp,3,val,287,root-0/task5--ep42--succ1.pkl,5,42,0,1,231,148,231
6074,mlp,3,val,296,root-0/task5--ep6--succ1.pkl,5,6,0,1,197,148,197
6075,mlp,3,val,298,root-0/task5--ep8--succ1.pkl,5,8,0,1,154,148,154
6076,mlp,3,val,299,root-0/task5--ep9--succ1.pkl,5,9,0,1,334,148,334
6077,mlp,3,val,303,root-0/task6--ep11--succ0.pkl,6,11,1,0,520,190,520
6078,mlp,3,val,307,root-0/task6--ep15--succ1.pkl,6,15,0,1,249,190,249
6079,mlp,3,val,310,root-0/task6--ep18--succ0.pkl,6,18,1,0,520,190,520
6080,mlp,3,val,312,root-0/task6--ep2--succ1.pkl,6,2,0,1,210,190,210
6081,mlp,3,val,315,root-0/task6--ep22--succ1.pkl,6,22,0,1,237,190,237
6082,mlp,3,val,317,root-0/task6--ep24--succ1.pkl,6,24,0,1,245,190,245
6083,mlp,3,val,318,root-0/task6--ep25--succ1.pkl,6,25,0,1,240,190,240
6084,mlp,3,val,322,root-0/task6--ep29--succ1.pkl,6,29,0,1,236,190,236
6085,mlp,3,val,323,root-0/task6--ep3--succ1.pkl,6,3,0,1,193,190,193
6086,mlp,3,val,326,root-0/task6--ep32--succ0.pkl,6,32,1,0,520,190,520
6087,mlp,3,val,331,root-0/task6--ep37--succ1.pkl,6,37,0,1,251,190,251
6088,mlp,3,val,334,root-0/task6--ep4--succ1.pkl,6,4,0,1,218,190,218
6089,mlp,3,val,335,root-0/task6--ep40--succ0.pkl,6,40,1,0,520,190,520
6090,mlp,3,val,337,root-0/task6--ep42--succ0.pkl,6,42,1,0,520,190,520
6091,mlp,3,val,339,root-0/task6--ep44--succ1.pkl,6,44,0,1,304,190,304
6092,mlp,3,val,340,root-0/task6--ep45--succ0.pkl,6,45,1,0,520,190,520
6093,mlp,3,val,341,root-0/task6--ep46--succ1.pkl,6,46,0,1,230,190,230
6094,mlp,3,val,342,root-0/task6--ep47--succ0.pkl,6,47,1,0,520,190,520
6095,mlp,3,val,344,root-0/task6--ep49--succ1.pkl,6,49,0,1,263,190,263
6096,mlp,3,val,345,root-0/task6--ep5--succ1.pkl,6,5,0,1,260,190,260
6097,mlp,3,val,351,root-0/task7--ep1--succ0.pkl,7,1,1,0,520,210,520
6098,mlp,3,val,354,root-0/task7--ep12--succ0.pkl,7,12,1,0,520,210,520
6099,mlp,3,val,356,root-0/task7--ep14--succ1.pkl,7,14,0,1,270,210,270
6100,mlp,3,val,359,root-0/task7--ep17--succ0.pkl,7,17,1,0,520,210,520
6101,mlp,3,val,361,root-0/task7--ep19--succ1.pkl,7,19,0,1,252,210,252
6102,mlp,3,val,363,root-0/task7--ep20--succ1.pkl,7,20,0,1,259,210,259
6103,mlp,3,val,364,root-0/task7--ep21--succ0.pkl,7,21,1,0,520,210,520
6104,mlp,3,val,365,root-0/task7--ep22--succ0.pkl,7,22,1,0,520,210,520
6105,mlp,3,val,367,root-0/task7--ep24--succ1.pkl,7,24,0,1,231,210,231
6106,mlp,3,val,372,root-0/task7--ep29--succ0.pkl,7,29,1,0,520,210,520
6107,mlp,3,val,377,root-0/task7--ep33--succ0.pkl,7,33,1,0,520,210,520
6108,mlp,3,val,378,root-0/task7--ep34--succ0.pkl,7,34,1,0,520,210,520
6109,mlp,3,val,383,root-0/task7--ep39--succ1.pkl,7,39,0,1,236,210,236
6110,mlp,3,val,384,root-0/task7--ep4--succ0.pkl,7,4,1,0,520,210,520
6111,mlp,3,val,385,root-0/task7--ep40--succ1.pkl,7,40,0,1,341,210,341
6112,mlp,3,val,386,root-0/task7--ep41--succ1.pkl,7,41,0,1,273,210,273
6113,mlp,3,val,387,root-0/task7--ep42--succ1.pkl,7,42,0,1,267,210,267
6114,mlp,3,val,388,root-0/task7--ep43--succ0.pkl,7,43,1,0,520,210,520
6115,mlp,3,val,391,root-0/task7--ep46--succ0.pkl,7,46,1,0,520,210,520
6116,mlp,3,val,395,root-0/task7--ep5--succ0.pkl,7,5,1,0,520,210,520
6117,mlp,3,val,396,root-0/task7--ep6--succ1.pkl,7,6,0,1,290,210,290
6118,mlp,3,val,397,root-0/task7--ep7--succ1.pkl,7,7,0,1,232,210,232
6119,mlp,3,val,401,root-0/task8--ep1--succ1.pkl,8,1,0,1,448,315,448
6120,mlp,3,val,402,root-0/task8--ep10--succ0.pkl,8,10,1,0,520,315,520
6121,mlp,3,val,403,root-0/task8--ep11--succ1.pkl,8,11,0,1,486,315,486
6122,mlp,3,val,407,root-0/task8--ep15--succ1.pkl,8,15,0,1,347,315,347
6123,mlp,3,val,409,root-0/task8--ep17--succ1.pkl,8,17,0,1,509,315,509
6124,mlp,3,val,413,root-0/task8--ep20--succ0.pkl,8,20,1,0,520,315,520
6125,mlp,3,val,419,root-0/task8--ep26--succ1.pkl,8,26,0,1,427,315,427
6126,mlp,3,val,420,root-0/task8--ep27--succ0.pkl,8,27,1,0,520,315,520
6127,mlp,3,val,424,root-0/task8--ep30--succ1.pkl,8,30,0,1,417,315,417
6128,mlp,3,val,425,root-0/task8--ep31--succ0.pkl,8,31,1,0,520,315,520
6129,mlp,3,val,426,root-0/task8--ep32--succ0.pkl,8,32,1,0,520,315,520
6130,mlp,3,val,432,root-0/task8--ep38--succ0.pkl,8,38,1,0,520,315,520
6131,mlp,3,val,433,root-0/task8--ep39--succ0.pkl,8,39,1,0,520,315,520
6132,mlp,3,val,438,root-0/task8--ep43--succ0.pkl,8,43,1,0,520,315,520
6133,mlp,3,val,439,root-0/task8--ep44--succ1.pkl,8,44,0,1,315,315,315
6134,mlp,3,val,440,root-0/task8--ep45--succ0.pkl,8,45,1,0,520,315,520
6135,mlp,3,val,441,root-0/task8--ep46--succ0.pkl,8,46,1,0,520,315,520
6136,mlp,3,val,445,root-0/task8--ep5--succ0.pkl,8,5,1,0,520,315,520
6137,mlp,3,val,446,root-0/task8--ep6--succ0.pkl,8,6,1,0,520,315,520
6138,mlp,3,val,447,root-0/task8--ep7--succ0.pkl,8,7,1,0,520,315,520
6139,mlp,3,val,449,root-0/task8--ep9--succ1.pkl,8,9,0,1,504,315,504
6140,mlp,3,val,450,root-0/task9--ep0--succ0.pkl,9,0,1,0,520,241,520
6141,mlp,3,val,451,root-0/task9--ep1--succ0.pkl,9,1,1,0,520,241,520
6142,mlp,3,val,454,root-0/task9--ep12--succ0.pkl,9,12,1,0,520,241,520
6143,mlp,3,val,458,root-0/task9--ep16--succ0.pkl,9,16,1,0,520,241,520
6144,mlp,3,val,460,root-0/task9--ep18--succ1.pkl,9,18,0,1,372,241,372
6145,mlp,3,val,461,root-0/task9--ep19--succ1.pkl,9,19,0,1,427,241,427
6146,mlp,3,val,462,root-0/task9--ep2--succ1.pkl,9,2,0,1,300,241,300
6147,mlp,3,val,464,root-0/task9--ep21--succ1.pkl,9,21,0,1,300,241,300
6148,mlp,3,val,466,root-0/task9--ep23--succ0.pkl,9,23,1,0,520,241,520
6149,mlp,3,val,467,root-0/task9--ep24--succ0.pkl,9,24,1,0,520,241,520
6150,mlp,3,val,469,root-0/task9--ep26--succ0.pkl,9,26,1,0,520,241,520
6151,mlp,3,val,476,root-0/task9--ep32--succ0.pkl,9,32,1,0,520,241,520
6152,mlp,3,val,478,root-0/task9--ep34--succ0.pkl,9,34,1,0,520,241,520
6153,mlp,3,val,480,root-0/task9--ep36--succ0.pkl,9,36,1,0,520,241,520
6154,mlp,3,val,482,root-0/task9--ep38--succ0.pkl,9,38,1,0,520,241,520
6155,mlp,3,val,483,root-0/task9--ep39--succ0.pkl,9,39,1,0,520,241,520
6156,mlp,3,val,485,root-0/task9--ep40--succ0.pkl,9,40,1,0,520,241,520
6157,mlp,3,val,486,root-0/task9--ep41--succ1.pkl,9,41,0,1,316,241,316
6158,mlp,3,val,490,root-0/task9--ep45--succ0.pkl,9,45,1,0,520,241,520
6159,mlp,3,val,494,root-0/task9--ep49--succ1.pkl,9,49,0,1,344,241,344
6160,mlp,3,val,495,root-0/task9--ep5--succ1.pkl,9,5,0,1,312,241,312
6161,mlp,3,val,497,root-0/task9--ep7--succ0.pkl,9,7,1,0,520,241,520
6162,mlp,3,val,498,root-0/task9--ep8--succ1.pkl,9,8,0,1,307,241,307
6163,mlp,3,val,500,root-1/task0--ep0--succ0.pkl,0,0,1,0,520,230,520
6164,mlp,3,val,502,root-1/task0--ep10--succ1.pkl,0,10,0,1,290,230,290
6165,mlp,3,val,505,root-1/task0--ep13--succ1.pkl,0,13,0,1,278,230,278
6166,mlp,3,val,517,root-1/task0--ep24--succ0.pkl,0,24,1,0,520,230,520
6167,mlp,3,val,518,root-1/task0--ep25--succ1.pkl,0,25,0,1,295,230,295
6168,mlp,3,val,525,root-1/task0--ep31--succ1.pkl,0,31,0,1,295,230,295
6169,mlp,3,val,526,root-1/task0--ep32--succ0.pkl,0,32,1,0,520,230,520
6170,mlp,3,val,527,root-1/task0--ep33--succ1.pkl,0,33,0,1,357,230,357
6171,mlp,3,val,528,root-1/task0--ep34--succ1.pkl,0,34,0,1,371,230,371
6172,mlp,3,val,529,root-1/task0--ep35--succ1.pkl,0,35,0,1,392,230,392
6173,mlp,3,val,531,root-1/task0--ep37--succ1.pkl,0,37,0,1,333,230,333
6174,mlp,3,val,534,root-1/task0--ep4--succ0.pkl,0,4,1,0,520,230,520
6175,mlp,3,val,536,root-1/task0--ep41--succ1.pkl,0,41,0,1,348,230,348
6176,mlp,3,val,539,root-1/task0--ep44--succ1.pkl,0,44,0,1,423,230,423
6177,mlp,3,val,542,root-1/task0--ep47--succ1.pkl,0,47,0,1,315,230,315
6178,mlp,3,val,545,root-1/task0--ep5--succ0.pkl,0,5,1,0,520,230,520
6179,mlp,3,val,548,root-1/task0--ep8--succ1.pkl,0,8,0,1,341,230,341
6180,mlp,3,val,550,root-1/task1--ep0--succ1.pkl,1,0,0,1,249,218,249
6181,mlp,3,val,554,root-1/task1--ep12--succ1.pkl,1,12,0,1,262,218,262
6182,mlp,3,val,556,root-1/task1--ep14--succ0.pkl,1,14,1,0,520,218,520
6183,mlp,3,val,557,root-1/task1--ep15--succ1.pkl,1,15,0,1,257,218,257
6184,mlp,3,val,560,root-1/task1--ep18--succ1.pkl,1,18,0,1,242,218,242
6185,mlp,3,val,561,root-1/task1--ep19--succ1.pkl,1,19,0,1,248,218,248
6186,mlp,3,val,562,root-1/task1--ep2--succ1.pkl,1,2,0,1,235,218,235
6187,mlp,3,val,566,root-1/task1--ep23--succ0.pkl,1,23,1,0,520,218,520
6188,mlp,3,val,569,root-1/task1--ep26--succ1.pkl,1,26,0,1,225,218,225
6189,mlp,3,val,570,root-1/task1--ep27--succ0.pkl,1,27,1,0,520,218,520
6190,mlp,3,val,571,root-1/task1--ep28--succ1.pkl,1,28,0,1,228,218,228
6191,mlp,3,val,575,root-1/task1--ep31--succ1.pkl,1,31,0,1,280,218,280
6192,mlp,3,val,577,root-1/task1--ep33--succ0.pkl,1,33,1,0,520,218,520
6193,mlp,3,val,578,root-1/task1--ep34--succ0.pkl,1,34,1,0,520,218,520
6194,mlp,3,val,581,root-1/task1--ep37--succ1.pkl,1,37,0,1,236,218,236
6195,mlp,3,val,583,root-1/task1--ep39--succ0.pkl,1,39,1,0,520,218,520
6196,mlp,3,val,584,root-1/task1--ep4--succ1.pkl,1,4,0,1,305,218,305
6197,mlp,3,val,588,root-1/task1--ep43--succ0.pkl,1,43,1,0,520,218,520
6198,mlp,3,val,590,root-1/task1--ep45--succ1.pkl,1,45,0,1,302,218,302
6199,mlp,3,val,594,root-1/task1--ep49--succ1.pkl,1,49,0,1,267,218,267
6200,mlp,3,val,596,root-1/task1--ep6--succ0.pkl,1,6,1,0,520,218,520
6201,mlp,3,val,597,root-1/task1--ep7--succ1.pkl,1,7,0,1,283,218,283
6202,mlp,3,val,600,root-1/task2--ep0--succ0.pkl,2,0,1,0,520,211,520
6203,mlp,3,val,601,root-1/task2--ep1--succ1.pkl,2,1,0,1,298,211,298
6204,mlp,3,val,608,root-1/task2--ep16--succ1.pkl,2,16,0,1,265,211,265
6205,mlp,3,val,612,root-1/task2--ep2--succ1.pkl,2,2,0,1,253,211,253
6206,mlp,3,val,614,root-1/task2--ep21--succ1.pkl,2,21,0,1,260,211,260
6207,mlp,3,val,617,root-1/task2--ep24--succ0.pkl,2,24,1,0,520,211,520
6208,mlp,3,val,623,root-1/task2--ep3--succ0.pkl,2,3,1,0,520,211,520
6209,mlp,3,val,625,root-1/task2--ep31--succ1.pkl,2,31,0,1,277,211,277
6210,mlp,3,val,627,root-1/task2--ep33--succ0.pkl,2,33,1,0,520,211,520
6211,mlp,3,val,629,root-1/task2--ep35--succ1.pkl,2,35,0,1,377,211,377
6212,mlp,3,val,633,root-1/task2--ep39--succ1.pkl,2,39,0,1,439,211,439
6213,mlp,3,val,634,root-1/task2--ep4--succ1.pkl,2,4,0,1,224,211,224
6214,mlp,3,val,636,root-1/task2--ep41--succ0.pkl,2,41,1,0,520,211,520
6215,mlp,3,val,637,root-1/task2--ep42--succ0.pkl,2,42,1,0,520,211,520
6216,mlp,3,val,638,root-1/task2--ep43--succ0.pkl,2,43,1,0,520,211,520
6217,mlp,3,val,646,root-1/task2--ep6--succ0.pkl,2,6,1,0,520,211,520
6218,mlp,3,val,649,root-1/task2--ep9--succ0.pkl,2,9,1,0,520,211,520
6219,mlp,3,val,700,root-1/task4--ep0--succ0.pkl,4,0,1,0,520,209,520
6220,mlp,3,val,701,root-1/task4--ep1--succ0.pkl,4,1,1,0,520,209,520
6221,mlp,3,val,704,root-1/task4--ep12--succ1.pkl,4,12,0,1,263,209,263
6222,mlp,3,val,705,root-1/task4--ep13--succ0.pkl,4,13,1,0,520,209,520
6223,mlp,3,val,706,root-1/task4--ep14--succ1.pkl,4,14,0,1,247,209,247
6224,mlp,3,val,708,root-1/task4--ep16--succ0.pkl,4,16,1,0,520,209,520
6225,mlp,3,val,709,root-1/task4--ep17--succ1.pkl,4,17,0,1,273,209,273
6226,mlp,3,val,713,root-1/task4--ep20--succ1.pkl,4,20,0,1,209,209,209
6227,mlp,3,val,716,root-1/task4--ep23--succ0.pkl,4,23,1,0,520,209,520
6228,mlp,3,val,720,root-1/task4--ep27--succ1.pkl,4,27,0,1,231,209,231
6229,mlp,3,val,721,root-1/task4--ep28--succ0.pkl,4,28,1,0,520,209,520
6230,mlp,3,val,723,root-1/task4--ep3--succ1.pkl,4,3,0,1,243,209,243
6231,mlp,3,val,726,root-1/task4--ep32--succ1.pkl,4,32,0,1,511,209,511
6232,mlp,3,val,728,root-1/task4--ep34--succ0.pkl,4,34,1,0,520,209,520
6233,mlp,3,val,731,root-1/task4--ep37--succ0.pkl,4,37,1,0,520,209,520
6234,mlp,3,val,732,root-1/task4--ep38--succ1.pkl,4,38,0,1,217,209,217
6235,mlp,3,val,733,root-1/task4--ep39--succ0.pkl,4,39,1,0,520,209,520
6236,mlp,3,val,735,root-1/task4--ep40--succ0.pkl,4,40,1,0,520,209,520
6237,mlp,3,val,736,root-1/task4--ep41--succ0.pkl,4,41,1,0,520,209,520
6238,mlp,3,val,737,root-1/task4--ep42--succ0.pkl,4,42,1,0,520,209,520
6239,mlp,3,val,738,root-1/task4--ep43--succ0.pkl,4,43,1,0,520,209,520
6240,mlp,3,val,739,root-1/task4--ep44--succ1.pkl,4,44,0,1,233,209,233
6241,mlp,3,val,740,root-1/task4--ep45--succ0.pkl,4,45,1,0,520,209,520
6242,mlp,3,val,742,root-1/task4--ep47--succ0.pkl,4,47,1,0,520,209,520
6243,mlp,3,val,745,root-1/task4--ep5--succ1.pkl,4,5,0,1,341,209,341
6244,mlp,3,val,747,root-1/task4--ep7--succ0.pkl,4,7,1,0,520,209,520
6245,mlp,3,val,751,root-1/task5--ep1--succ1.pkl,5,1,0,1,178,148,178
6246,mlp,3,val,752,root-1/task5--ep10--succ1.pkl,5,10,0,1,242,148,242
6247,mlp,3,val,753,root-1/task5--ep11--succ1.pkl,5,11,0,1,282,148,282
6248,mlp,3,val,754,root-1/task5--ep12--succ1.pkl,5,12,0,1,159,148,159
6249,mlp,3,val,757,root-1/task5--ep15--succ1.pkl,5,15,0,1,202,148,202
6250,mlp,3,val,758,root-1/task5--ep16--succ1.pkl,5,16,0,1,170,148,170
6251,mlp,3,val,761,root-1/task5--ep19--succ0.pkl,5,19,1,0,520,148,520
6252,mlp,3,val,764,root-1/task5--ep21--succ1.pkl,5,21,0,1,177,148,177
6253,mlp,3,val,766,root-1/task5--ep23--succ1.pkl,5,23,0,1,197,148,197
6254,mlp,3,val,767,root-1/task5--ep24--succ1.pkl,5,24,0,1,174,148,174
6255,mlp,3,val,773,root-1/task5--ep3--succ1.pkl,5,3,0,1,173,148,173
6256,mlp,3,val,775,root-1/task5--ep31--succ1.pkl,5,31,0,1,207,148,207
6257,mlp,3,val,776,root-1/task5--ep32--succ1.pkl,5,32,0,1,189,148,189
6258,mlp,3,val,780,root-1/task5--ep36--succ0.pkl,5,36,1,0,520,148,520
6259,mlp,3,val,781,root-1/task5--ep37--succ1.pkl,5,37,0,1,174,148,174
6260,mlp,3,val,784,root-1/task5--ep4--succ1.pkl,5,4,0,1,266,148,266
6261,mlp,3,val,785,root-1/task5--ep40--succ1.pkl,5,40,0,1,196,148,196
6262,mlp,3,val,788,root-1/task5--ep43--succ1.pkl,5,43,0,1,211,148,211
6263,mlp,3,val,791,root-1/task5--ep46--succ0.pkl,5,46,1,0,520,148,520
6264,mlp,3,val,793,root-1/task5--ep48--succ1.pkl,5,48,0,1,190,148,190
6265,mlp,3,val,797,root-1/task5--ep7--succ1.pkl,5,7,0,1,205,148,205
6266,mlp,3,val,800,root-1/task6--ep0--succ1.pkl,6,0,0,1,289,190,289
6267,mlp,3,val,808,root-1/task6--ep16--succ1.pkl,6,16,0,1,264,190,264
6268,mlp,3,val,810,root-1/task6--ep18--succ0.pkl,6,18,1,0,520,190,520
6269,mlp,3,val,815,root-1/task6--ep22--succ1.pkl,6,22,0,1,244,190,244
6270,mlp,3,val,817,root-1/task6--ep24--succ1.pkl,6,24,0,1,331,190,331
6271,mlp,3,val,819,root-1/task6--ep26--succ0.pkl,6,26,1,0,520,190,520
6272,mlp,3,val,825,root-1/task6--ep31--succ1.pkl,6,31,0,1,291,190,291
6273,mlp,3,val,828,root-1/task6--ep34--succ0.pkl,6,34,1,0,520,190,520
6274,mlp,3,val,831,root-1/task6--ep37--succ1.pkl,6,37,0,1,191,190,191
6275,mlp,3,val,832,root-1/task6--ep38--succ0.pkl,6,38,1,0,520,190,520
6276,mlp,3,val,834,root-1/task6--ep4--succ1.pkl,6,4,0,1,513,190,513
6277,mlp,3,val,836,root-1/task6--ep41--succ1.pkl,6,41,0,1,241,190,241
6278,mlp,3,val,837,root-1/task6--ep42--succ1.pkl,6,42,0,1,302,190,302
6279,mlp,3,val,839,root-1/task6--ep44--succ1.pkl,6,44,0,1,233,190,233
6280,mlp,3,val,841,root-1/task6--ep46--succ0.pkl,6,46,1,0,520,190,520
6281,mlp,3,val,842,root-1/task6--ep47--succ0.pkl,6,47,1,0,520,190,520
6282,mlp,3,val,843,root-1/task6--ep48--succ1.pkl,6,48,0,1,233,190,233
6283,mlp,3,val,844,root-1/task6--ep49--succ1.pkl,6,49,0,1,474,190,474
6284,mlp,3,val,846,root-1/task6--ep6--succ0.pkl,6,6,1,0,520,190,520
6285,mlp,3,val,847,root-1/task6--ep7--succ1.pkl,6,7,0,1,234,190,234
6286,mlp,3,val,850,root-1/task7--ep0--succ1.pkl,7,0,0,1,246,210,246
6287,mlp,3,val,857,root-1/task7--ep15--succ1.pkl,7,15,0,1,290,210,290
6288,mlp,3,val,862,root-1/task7--ep2--succ0.pkl,7,2,1,0,520,210,520
6289,mlp,3,val,864,root-1/task7--ep21--succ1.pkl,7,21,0,1,247,210,247
6290,mlp,3,val,866,root-1/task7--ep23--succ0.pkl,7,23,1,0,520,210,520
6291,mlp,3,val,867,root-1/task7--ep24--succ0.pkl,7,24,1,0,520,210,520
6292,mlp,3,val,869,root-1/task7--ep26--succ0.pkl,7,26,1,0,520,210,520
6293,mlp,3,val,870,root-1/task7--ep27--succ1.pkl,7,27,0,1,249,210,249
6294,mlp,3,val,871,root-1/task7--ep28--succ1.pkl,7,28,0,1,316,210,316
6295,mlp,3,val,879,root-1/task7--ep35--succ1.pkl,7,35,0,1,297,210,297
6296,mlp,3,val,881,root-1/task7--ep37--succ1.pkl,7,37,0,1,230,210,230
6297,mlp,3,val,882,root-1/task7--ep38--succ1.pkl,7,38,0,1,331,210,331
6298,mlp,3,val,888,root-1/task7--ep43--succ0.pkl,7,43,1,0,520,210,520
6299,mlp,3,val,891,root-1/task7--ep46--succ1.pkl,7,46,0,1,257,210,257
6300,mlp,3,val,895,root-1/task7--ep5--succ0.pkl,7,5,1,0,520,210,520
6301,mlp,3,val,896,root-1/task7--ep6--succ1.pkl,7,6,0,1,369,210,369
6302,mlp,3,val,898,root-1/task7--ep8--succ0.pkl,7,8,1,0,520,210,520
6303,mlp,3,val,899,root-1/task7--ep9--succ1.pkl,7,9,0,1,252,210,252
6304,mlp,3,val,901,root-1/task8--ep1--succ1.pkl,8,1,0,1,391,315,391
6305,mlp,3,val,904,root-1/task8--ep12--succ0.pkl,8,12,1,0,520,315,520
6306,mlp,3,val,905,root-1/task8--ep13--succ0.pkl,8,13,1,0,520,315,520
6307,mlp,3,val,906,root-1/task8--ep14--succ0.pkl,8,14,1,0,520,315,520
6308,mlp,3,val,907,root-1/task8--ep15--succ0.pkl,8,15,1,0,520,315,520
6309,mlp,3,val,910,root-1/task8--ep18--succ0.pkl,8,18,1,0,520,315,520
6310,mlp,3,val,914,root-1/task8--ep21--succ0.pkl,8,21,1,0,520,315,520
6311,mlp,3,val,920,root-1/task8--ep27--succ0.pkl,8,27,1,0,520,315,520
6312,mlp,3,val,921,root-1/task8--ep28--succ0.pkl,8,28,1,0,520,315,520
6313,mlp,3,val,923,root-1/task8--ep3--succ0.pkl,8,3,1,0,520,315,520
6314,mlp,3,val,927,root-1/task8--ep33--succ0.pkl,8,33,1,0,520,315,520
6315,mlp,3,val,932,root-1/task8--ep38--succ0.pkl,8,38,1,0,520,315,520
6316,mlp,3,val,934,root-1/task8--ep4--succ0.pkl,8,4,1,0,520,315,520
6317,mlp,3,val,940,root-1/task8--ep45--succ1.pkl,8,45,0,1,490,315,490
6318,mlp,3,val,943,root-1/task8--ep48--succ0.pkl,8,48,1,0,520,315,520
6319,mlp,3,val,945,root-1/task8--ep5--succ0.pkl,8,5,1,0,520,315,520
6320,mlp,3,val,946,root-1/task8--ep6--succ1.pkl,8,6,0,1,440,315,440
6321,mlp,3,val,947,root-1/task8--ep7--succ0.pkl,8,7,1,0,520,315,520
6322,mlp,3,val,948,root-1/task8--ep8--succ0.pkl,8,8,1,0,520,315,520
6323,mlp,3,val,954,root-1/task9--ep12--succ0.pkl,9,12,1,0,520,241,520
6324,mlp,3,val,956,root-1/task9--ep14--succ0.pkl,9,14,1,0,520,241,520
6325,mlp,3,val,958,root-1/task9--ep16--succ0.pkl,9,16,1,0,520,241,520
6326,mlp,3,val,959,root-1/task9--ep17--succ1.pkl,9,17,0,1,349,241,349
6327,mlp,3,val,965,root-1/task9--ep22--succ1.pkl,9,22,0,1,312,241,312
6328,mlp,3,val,977,root-1/task9--ep33--succ1.pkl,9,33,0,1,247,241,247
6329,mlp,3,val,978,root-1/task9--ep34--succ0.pkl,9,34,1,0,520,241,520
6330,mlp,3,val,980,root-1/task9--ep36--succ1.pkl,9,36,0,1,359,241,359
6331,mlp,3,val,981,root-1/task9--ep37--succ1.pkl,9,37,0,1,413,241,413
6332,mlp,3,val,983,root-1/task9--ep39--succ0.pkl,9,39,1,0,520,241,520
6333,mlp,3,val,984,root-1/task9--ep4--succ0.pkl,9,4,1,0,520,241,520
6334,mlp,3,val,985,root-1/task9--ep40--succ1.pkl,9,40,0,1,389,241,389
6335,mlp,3,val,987,root-1/task9--ep42--succ0.pkl,9,42,1,0,520,241,520
6336,mlp,3,val,988,root-1/task9--ep43--succ0.pkl,9,43,1,0,520,241,520
6337,mlp,3,val,990,root-1/task9--ep45--succ0.pkl,9,45,1,0,520,241,520
6338,mlp,3,val,991,root-1/task9--ep46--succ0.pkl,9,46,1,0,520,241,520
6339,mlp,3,val,994,root-1/task9--ep49--succ0.pkl,9,49,1,0,520,241,520
6340,mlp,3,test,150,root-0/task3--ep0--succ1.pkl,3,0,0,1,278,187,278
6341,mlp,3,test,151,root-0/task3--ep1--succ0.pkl,3,1,1,0,520,187,520
6342,mlp,3,test,152,root-0/task3--ep10--succ1.pkl,3,10,0,1,487,187,487
6343,mlp,3,test,153,root-0/task3--ep11--succ1.pkl,3,11,0,1,277,187,277
6344,mlp,3,test,154,root-0/task3--ep12--succ1.pkl,3,12,0,1,360,187,360
6345,mlp,3,test,155,root-0/task3--ep13--succ0.pkl,3,13,1,0,520,187,520
6346,mlp,3,test,156,root-0/task3--ep14--succ0.pkl,3,14,1,0,520,187,520
6347,mlp,3,test,157,root-0/task3--ep15--succ0.pkl,3,15,1,0,520,187,520
6348,mlp,3,test,158,root-0/task3--ep16--succ0.pkl,3,16,1,0,520,187,520
6349,mlp,3,test,159,root-0/task3--ep17--succ1.pkl,3,17,0,1,218,187,218
6350,mlp,3,test,160,root-0/task3--ep18--succ0.pkl,3,18,1,0,520,187,520
6351,mlp,3,test,161,root-0/task3--ep19--succ0.pkl,3,19,1,0,520,187,520
6352,mlp,3,test,162,root-0/task3--ep2--succ0.pkl,3,2,1,0,520,187,520
6353,mlp,3,test,163,root-0/task3--ep20--succ1.pkl,3,20,0,1,245,187,245
6354,mlp,3,test,164,root-0/task3--ep21--succ0.pkl,3,21,1,0,520,187,520
6355,mlp,3,test,165,root-0/task3--ep22--succ0.pkl,3,22,1,0,520,187,520
6356,mlp,3,test,166,root-0/task3--ep23--succ1.pkl,3,23,0,1,296,187,296
6357,mlp,3,test,167,root-0/task3--ep24--succ1.pkl,3,24,0,1,277,187,277
6358,mlp,3,test,168,root-0/task3--ep25--succ1.pkl,3,25,0,1,424,187,424
6359,mlp,3,test,169,root-0/task3--ep26--succ0.pkl,3,26,1,0,520,187,520
6360,mlp,3,test,170,root-0/task3--ep27--succ1.pkl,3,27,0,1,231,187,231
6361,mlp,3,test,171,root-0/task3--ep28--succ0.pkl,3,28,1,0,520,187,520
6362,mlp,3,test,172,root-0/task3--ep29--succ0.pkl,3,29,1,0,520,187,520
6363,mlp,3,test,173,root-0/task3--ep3--succ0.pkl,3,3,1,0,520,187,520
6364,mlp,3,test,174,root-0/task3--ep30--succ0.pkl,3,30,1,0,520,187,520
6365,mlp,3,test,175,root-0/task3--ep31--succ1.pkl,3,31,0,1,425,187,425
6366,mlp,3,test,176,root-0/task3--ep32--succ1.pkl,3,32,0,1,217,187,217
6367,mlp,3,test,177,root-0/task3--ep33--succ0.pkl,3,33,1,0,520,187,520
6368,mlp,3,test,178,root-0/task3--ep34--succ0.pkl,3,34,1,0,520,187,520
6369,mlp,3,test,179,root-0/task3--ep35--succ1.pkl,3,35,0,1,246,187,246
6370,mlp,3,test,180,root-0/task3--ep36--succ1.pkl,3,36,0,1,220,187,220
6371,mlp,3,test,181,root-0/task3--ep37--succ0.pkl,3,37,1,0,520,187,520
6372,mlp,3,test,182,root-0/task3--ep38--succ1.pkl,3,38,0,1,394,187,394
6373,mlp,3,test,183,root-0/task3--ep39--succ1.pkl,3,39,0,1,196,187,196
6374,mlp,3,test,184,root-0/task3--ep4--succ1.pkl,3,4,0,1,453,187,453
6375,mlp,3,test,185,root-0/task3--ep40--succ0.pkl,3,40,1,0,520,187,520
6376,mlp,3,test,186,root-0/task3--ep41--succ1.pkl,3,41,0,1,256,187,256
6377,mlp,3,test,187,root-0/task3--ep42--succ0.pkl,3,42,1,0,520,187,520
6378,mlp,3,test,188,root-0/task3--ep43--succ0.pkl,3,43,1,0,520,187,520
6379,mlp,3,test,189,root-0/task3--ep44--succ0.pkl,3,44,1,0,520,187,520
6380,mlp,3,test,190,root-0/task3--ep45--succ1.pkl,3,45,0,1,457,187,457
6381,mlp,3,test,191,root-0/task3--ep46--succ0.pkl,3,46,1,0,520,187,520
6382,mlp,3,test,192,root-0/task3--ep47--succ0.pkl,3,47,1,0,520,187,520
6383,mlp,3,test,193,root-0/task3--ep48--succ1.pkl,3,48,0,1,244,187,244
6384,mlp,3,test,194,root-0/task3--ep49--succ1.pkl,3,49,0,1,214,187,214
6385,mlp,3,test,195,root-0/task3--ep5--succ0.pkl,3,5,1,0,520,187,520
6386,mlp,3,test,196,root-0/task3--ep6--succ0.pkl,3,6,1,0,520,187,520
6387,mlp,3,test,197,root-0/task3--ep7--succ1.pkl,3,7,0,1,195,187,195
6388,mlp,3,test,198,root-0/task3--ep8--succ0.pkl,3,8,1,0,520,187,520
6389,mlp,3,test,199,root-0/task3--ep9--succ1.pkl,3,9,0,1,197,187,197
6390,mlp,3,test,650,root-1/task3--ep0--succ1.pkl,3,0,0,1,298,187,298
6391,mlp,3,test,651,root-1/task3--ep1--succ0.pkl,3,1,1,0,520,187,520
6392,mlp,3,test,652,root-1/task3--ep10--succ0.pkl,3,10,1,0,520,187,520
6393,mlp,3,test,653,root-1/task3--ep11--succ1.pkl,3,11,0,1,403,187,403
6394,mlp,3,test,654,root-1/task3--ep12--succ0.pkl,3,12,1,0,520,187,520
6395,mlp,3,test,655,root-1/task3--ep13--succ0.pkl,3,13,1,0,520,187,520
6396,mlp,3,test,656,root-1/task3--ep14--succ1.pkl,3,14,0,1,313,187,313
6397,mlp,3,test,657,root-1/task3--ep15--succ1.pkl,3,15,0,1,244,187,244
6398,mlp,3,test,658,root-1/task3--ep16--succ0.pkl,3,16,1,0,520,187,520
6399,mlp,3,test,659,root-1/task3--ep17--succ0.pkl,3,17,1,0,520,187,520
6400,mlp,3,test,660,root-1/task3--ep18--succ1.pkl,3,18,0,1,474,187,474
6401,mlp,3,test,661,root-1/task3--ep19--succ1.pkl,3,19,0,1,237,187,237
6402,mlp,3,test,662,root-1/task3--ep2--succ0.pkl,3,2,1,0,520,187,520
6403,mlp,3,test,663,root-1/task3--ep20--succ1.pkl,3,20,0,1,246,187,246
6404,mlp,3,test,664,root-1/task3--ep21--succ0.pkl,3,21,1,0,520,187,520
6405,mlp,3,test,665,root-1/task3--ep22--succ0.pkl,3,22,1,0,520,187,520
6406,mlp,3,test,666,root-1/task3--ep23--succ1.pkl,3,23,0,1,236,187,236
6407,mlp,3,test,667,root-1/task3--ep24--succ0.pkl,3,24,1,0,520,187,520
6408,mlp,3,test,668,root-1/task3--ep25--succ0.pkl,3,25,1,0,520,187,520
6409,mlp,3,test,669,root-1/task3--ep26--succ1.pkl,3,26,0,1,232,187,232
6410,mlp,3,test,670,root-1/task3--ep27--succ0.pkl,3,27,1,0,520,187,520
6411,mlp,3,test,671,root-1/task3--ep28--succ1.pkl,3,28,0,1,263,187,263
6412,mlp,3,test,672,root-1/task3--ep29--succ0.pkl,3,29,1,0,520,187,520
6413,mlp,3,test,673,root-1/task3--ep3--succ0.pkl,3,3,1,0,520,187,520
6414,mlp,3,test,674,root-1/task3--ep30--succ1.pkl,3,30,0,1,496,187,496
6415,mlp,3,test,675,root-1/task3--ep31--succ1.pkl,3,31,0,1,222,187,222
6416,mlp,3,test,676,root-1/task3--ep32--succ1.pkl,3,32,0,1,233,187,233
6417,mlp,3,test,677,root-1/task3--ep33--succ0.pkl,3,33,1,0,520,187,520
6418,mlp,3,test,678,root-1/task3--ep34--succ0.pkl,3,34,1,0,520,187,520
6419,mlp,3,test,679,root-1/task3--ep35--succ0.pkl,3,35,1,0,520,187,520
6420,mlp,3,test,680,root-1/task3--ep36--succ0.pkl,3,36,1,0,520,187,520
6421,mlp,3,test,681,root-1/task3--ep37--succ1.pkl,3,37,0,1,260,187,260
6422,mlp,3,test,682,root-1/task3--ep38--succ0.pkl,3,38,1,0,520,187,520
6423,mlp,3,test,683,root-1/task3--ep39--succ1.pkl,3,39,0,1,363,187,363
6424,mlp,3,test,684,root-1/task3--ep4--succ1.pkl,3,4,0,1,340,187,340
6425,mlp,3,test,685,root-1/task3--ep40--succ1.pkl,3,40,0,1,200,187,200
6426,mlp,3,test,686,root-1/task3--ep41--succ1.pkl,3,41,0,1,187,187,187
6427,mlp,3,test,687,root-1/task3--ep42--succ1.pkl,3,42,0,1,501,187,501
6428,mlp,3,test,688,root-1/task3--ep43--succ1.pkl,3,43,0,1,248,187,248
6429,mlp,3,test,689,root-1/task3--ep44--succ1.pkl,3,44,0,1,211,187,211
6430,mlp,3,test,690,root-1/task3--ep45--succ1.pkl,3,45,0,1,354,187,354
6431,mlp,3,test,691,root-1/task3--ep46--succ0.pkl,3,46,1,0,520,187,520
6432,mlp,3,test,692,root-1/task3--ep47--succ0.pkl,3,47,1,0,520,187,520
6433,mlp,3,test,693,root-1/task3--ep48--succ1.pkl,3,48,0,1,476,187,476
6434,mlp,3,test,694,root-1/task3--ep49--succ1.pkl,3,49,0,1,350,187,350
6435,mlp,3,test,695,root-1/task3--ep5--succ0.pkl,3,5,1,0,520,187,520
6436,mlp,3,test,696,root-1/task3--ep6--succ0.pkl,3,6,1,0,520,187,520
6437,mlp,3,test,697,root-1/task3--ep7--succ1.pkl,3,7,0,1,257,187,257
6438,mlp,3,test,698,root-1/task3--ep8--succ0.pkl,3,8,1,0,520,187,520
6439,mlp,3,test,699,root-1/task3--ep9--succ0.pkl,3,9,1,0,520,187,520
6440,mlp,4,val,8,root-0/task0--ep16--succ0.pkl,0,16,1,0,520,230,520
6441,mlp,4,val,9,root-0/task0--ep17--succ1.pkl,0,17,0,1,321,230,321
6442,mlp,4,val,10,root-0/task0--ep18--succ1.pkl,0,18,0,1,303,230,303
6443,mlp,4,val,11,root-0/task0--ep19--succ1.pkl,0,19,0,1,304,230,304
6444,mlp,4,val,13,root-0/task0--ep20--succ0.pkl,0,20,1,0,520,230,520
6445,mlp,4,val,16,root-0/task0--ep23--succ1.pkl,0,23,0,1,414,230,414
6446,mlp,4,val,18,root-0/task0--ep25--succ0.pkl,0,25,1,0,520,230,520
6447,mlp,4,val,19,root-0/task0--ep26--succ0.pkl,0,26,1,0,520,230,520
6448,mlp,4,val,21,root-0/task0--ep28--succ0.pkl,0,28,1,0,520,230,520
6449,mlp,4,val,22,root-0/task0--ep29--succ1.pkl,0,29,0,1,257,230,257
6450,mlp,4,val,26,root-0/task0--ep32--succ1.pkl,0,32,0,1,321,230,321
6451,mlp,4,val,28,root-0/task0--ep34--succ1.pkl,0,34,0,1,252,230,252
6452,mlp,4,val,29,root-0/task0--ep35--succ1.pkl,0,35,0,1,278,230,278
6453,mlp,4,val,32,root-0/task0--ep38--succ0.pkl,0,38,1,0,520,230,520
6454,mlp,4,val,33,root-0/task0--ep39--succ1.pkl,0,39,0,1,360,230,360
6455,mlp,4,val,34,root-0/task0--ep4--succ0.pkl,0,4,1,0,520,230,520
6456,mlp,4,val,37,root-0/task0--ep42--succ0.pkl,0,42,1,0,520,230,520
6457,mlp,4,val,38,root-0/task0--ep43--succ1.pkl,0,43,0,1,357,230,357
6458,mlp,4,val,39,root-0/task0--ep44--succ1.pkl,0,44,0,1,481,230,481
6459,mlp,4,val,40,root-0/task0--ep45--succ1.pkl,0,45,0,1,375,230,375
6460,mlp,4,val,42,root-0/task0--ep47--succ1.pkl,0,47,0,1,283,230,283
6461,mlp,4,val,44,root-0/task0--ep49--succ1.pkl,0,49,0,1,321,230,321
6462,mlp,4,val,49,root-0/task0--ep9--succ1.pkl,0,9,0,1,291,230,291
6463,mlp,4,val,50,root-0/task1--ep0--succ1.pkl,1,0,0,1,268,218,268
6464,mlp,4,val,51,root-0/task1--ep1--succ1.pkl,1,1,0,1,253,218,253
6465,mlp,4,val,54,root-0/task1--ep12--succ1.pkl,1,12,0,1,238,218,238
6466,mlp,4,val,58,root-0/task1--ep16--succ1.pkl,1,16,0,1,248,218,248
6467,mlp,4,val,60,root-0/task1--ep18--succ1.pkl,1,18,0,1,246,218,246
6468,mlp,4,val,61,root-0/task1--ep19--succ1.pkl,1,19,0,1,251,218,251
6469,mlp,4,val,62,root-0/task1--ep2--succ1.pkl,1,2,0,1,322,218,322
6470,mlp,4,val,64,root-0/task1--ep21--succ0.pkl,1,21,1,0,520,218,520
6471,mlp,4,val,66,root-0/task1--ep23--succ0.pkl,1,23,1,0,520,218,520
6472,mlp,4,val,67,root-0/task1--ep24--succ1.pkl,1,24,0,1,233,218,233
6473,mlp,4,val,69,root-0/task1--ep26--succ1.pkl,1,26,0,1,218,218,218
6474,mlp,4,val,76,root-0/task1--ep32--succ0.pkl,1,32,1,0,520,218,520
6475,mlp,4,val,78,root-0/task1--ep34--succ0.pkl,1,34,1,0,520,218,520
6476,mlp,4,val,80,root-0/task1--ep36--succ0.pkl,1,36,1,0,520,218,520
6477,mlp,4,val,82,root-0/task1--ep38--succ1.pkl,1,38,0,1,249,218,249
6478,mlp,4,val,83,root-0/task1--ep39--succ1.pkl,1,39,0,1,316,218,316
6479,mlp,4,val,85,root-0/task1--ep40--succ1.pkl,1,40,0,1,225,218,225
6480,mlp,4,val,86,root-0/task1--ep41--succ1.pkl,1,41,0,1,396,218,396
6481,mlp,4,val,90,root-0/task1--ep45--succ1.pkl,1,45,0,1,334,218,334
6482,mlp,4,val,94,root-0/task1--ep49--succ1.pkl,1,49,0,1,265,218,265
6483,mlp,4,val,95,root-0/task1--ep5--succ1.pkl,1,5,0,1,281,218,281
6484,mlp,4,val,97,root-0/task1--ep7--succ1.pkl,1,7,0,1,225,218,225
6485,mlp,4,val,98,root-0/task1--ep8--succ1.pkl,1,8,0,1,260,218,260
6486,mlp,4,val,100,root-0/task2--ep0--succ1.pkl,2,0,0,1,258,211,258
6487,mlp,4,val,101,root-0/task2--ep1--succ1.pkl,2,1,0,1,285,211,285
6488,mlp,4,val,109,root-0/task2--ep17--succ1.pkl,2,17,0,1,242,211,242
6489,mlp,4,val,111,root-0/task2--ep19--succ1.pkl,2,19,0,1,227,211,227
6490,mlp,4,val,112,root-0/task2--ep2--succ0.pkl,2,2,1,0,520,211,520
6491,mlp,4,val,113,root-0/task2--ep20--succ0.pkl,2,20,1,0,520,211,520
6492,mlp,4,val,114,root-0/task2--ep21--succ1.pkl,2,21,0,1,320,211,320
6493,mlp,4,val,117,root-0/task2--ep24--succ0.pkl,2,24,1,0,520,211,520
6494,mlp,4,val,118,root-0/task2--ep25--succ1.pkl,2,25,0,1,251,211,251
6495,mlp,4,val,121,root-0/task2--ep28--succ1.pkl,2,28,0,1,304,211,304
6496,mlp,4,val,122,root-0/task2--ep29--succ0.pkl,2,29,1,0,520,211,520
6497,mlp,4,val,125,root-0/task2--ep31--succ0.pkl,2,31,1,0,520,211,520
6498,mlp,4,val,127,root-0/task2--ep33--succ0.pkl,2,33,1,0,520,211,520
6499,mlp,4,val,132,root-0/task2--ep38--succ1.pkl,2,38,0,1,295,211,295
6500,mlp,4,val,133,root-0/task2--ep39--succ0.pkl,2,39,1,0,520,211,520
6501,mlp,4,val,134,root-0/task2--ep4--succ1.pkl,2,4,0,1,225,211,225
6502,mlp,4,val,136,root-0/task2--ep41--succ0.pkl,2,41,1,0,520,211,520
6503,mlp,4,val,138,root-0/task2--ep43--succ1.pkl,2,43,0,1,342,211,342
6504,mlp,4,val,139,root-0/task2--ep44--succ0.pkl,2,44,1,0,520,211,520
6505,mlp,4,val,143,root-0/task2--ep48--succ0.pkl,2,48,1,0,520,211,520
6506,mlp,4,val,145,root-0/task2--ep5--succ0.pkl,2,5,1,0,520,211,520
6507,mlp,4,val,147,root-0/task2--ep7--succ0.pkl,2,7,1,0,520,211,520
6508,mlp,4,val,148,root-0/task2--ep8--succ1.pkl,2,8,0,1,316,211,316
6509,mlp,4,val,151,root-0/task3--ep1--succ0.pkl,3,1,1,0,520,187,520
6510,mlp,4,val,154,root-0/task3--ep12--succ1.pkl,3,12,0,1,360,187,360
6511,mlp,4,val,156,root-0/task3--ep14--succ0.pkl,3,14,1,0,520,187,520
6512,mlp,4,val,159,root-0/task3--ep17--succ1.pkl,3,17,0,1,218,187,218
6513,mlp,4,val,161,root-0/task3--ep19--succ0.pkl,3,19,1,0,520,187,520
6514,mlp,4,val,163,root-0/task3--ep20--succ1.pkl,3,20,0,1,245,187,245
6515,mlp,4,val,164,root-0/task3--ep21--succ0.pkl,3,21,1,0,520,187,520
6516,mlp,4,val,165,root-0/task3--ep22--succ0.pkl,3,22,1,0,520,187,520
6517,mlp,4,val,167,root-0/task3--ep24--succ1.pkl,3,24,0,1,277,187,277
6518,mlp,4,val,172,root-0/task3--ep29--succ0.pkl,3,29,1,0,520,187,520
6519,mlp,4,val,177,root-0/task3--ep33--succ0.pkl,3,33,1,0,520,187,520
6520,mlp,4,val,178,root-0/task3--ep34--succ0.pkl,3,34,1,0,520,187,520
6521,mlp,4,val,183,root-0/task3--ep39--succ1.pkl,3,39,0,1,196,187,196
6522,mlp,4,val,184,root-0/task3--ep4--succ1.pkl,3,4,0,1,453,187,453
6523,mlp,4,val,185,root-0/task3--ep40--succ0.pkl,3,40,1,0,520,187,520
6524,mlp,4,val,186,root-0/task3--ep41--succ1.pkl,3,41,0,1,256,187,256
6525,mlp,4,val,187,root-0/task3--ep42--succ0.pkl,3,42,1,0,520,187,520
6526,mlp,4,val,188,root-0/task3--ep43--succ0.pkl,3,43,1,0,520,187,520
6527,mlp,4,val,191,root-0/task3--ep46--succ0.pkl,3,46,1,0,520,187,520
6528,mlp,4,val,195,root-0/task3--ep5--succ0.pkl,3,5,1,0,520,187,520
6529,mlp,4,val,196,root-0/task3--ep6--succ0.pkl,3,6,1,0,520,187,520
6530,mlp,4,val,197,root-0/task3--ep7--succ1.pkl,3,7,0,1,195,187,195
6531,mlp,4,val,250,root-0/task5--ep0--succ1.pkl,5,0,0,1,161,148,161
6532,mlp,4,val,253,root-0/task5--ep11--succ1.pkl,5,11,0,1,160,148,160
6533,mlp,4,val,258,root-0/task5--ep16--succ1.pkl,5,16,0,1,327,148,327
6534,mlp,4,val,264,root-0/task5--ep21--succ1.pkl,5,21,0,1,184,148,184
6535,mlp,4,val,265,root-0/task5--ep22--succ0.pkl,5,22,1,0,520,148,520
6536,mlp,4,val,267,root-0/task5--ep24--succ1.pkl,5,24,0,1,172,148,172
6537,mlp,4,val,268,root-0/task5--ep25--succ1.pkl,5,25,0,1,207,148,207
6538,mlp,4,val,269,root-0/task5--ep26--succ1.pkl,5,26,0,1,187,148,187
6539,mlp,4,val,270,root-0/task5--ep27--succ1.pkl,5,27,0,1,261,148,261
6540,mlp,4,val,271,root-0/task5--ep28--succ0.pkl,5,28,1,0,520,148,520
6541,mlp,4,val,273,root-0/task5--ep3--succ1.pkl,5,3,0,1,233,148,233
6542,mlp,4,val,274,root-0/task5--ep30--succ1.pkl,5,30,0,1,186,148,186
6543,mlp,4,val,276,root-0/task5--ep32--succ1.pkl,5,32,0,1,183,148,183
6544,mlp,4,val,280,root-0/task5--ep36--succ1.pkl,5,36,0,1,231,148,231
6545,mlp,4,val,284,root-0/task5--ep4--succ1.pkl,5,4,0,1,194,148,194
6546,mlp,4,val,287,root-0/task5--ep42--succ1.pkl,5,42,0,1,231,148,231
6547,mlp,4,val,296,root-0/task5--ep6--succ1.pkl,5,6,0,1,197,148,197
6548,mlp,4,val,298,root-0/task5--ep8--succ1.pkl,5,8,0,1,154,148,154
6549,mlp,4,val,299,root-0/task5--ep9--succ1.pkl,5,9,0,1,334,148,334
6550,mlp,4,val,301,root-0/task6--ep1--succ1.pkl,6,1,0,1,256,190,256
6551,mlp,4,val,304,root-0/task6--ep12--succ1.pkl,6,12,0,1,254,190,254
6552,mlp,4,val,314,root-0/task6--ep21--succ0.pkl,6,21,1,0,520,190,520
6553,mlp,4,val,320,root-0/task6--ep27--succ1.pkl,6,27,0,1,247,190,247
6554,mlp,4,val,321,root-0/task6--ep28--succ0.pkl,6,28,1,0,520,190,520
6555,mlp,4,val,322,root-0/task6--ep29--succ1.pkl,6,29,0,1,236,190,236
6556,mlp,4,val,325,root-0/task6--ep31--succ1.pkl,6,31,0,1,229,190,229
6557,mlp,4,val,327,root-0/task6--ep33--succ1.pkl,6,33,0,1,216,190,216
6558,mlp,4,val,330,root-0/task6--ep36--succ0.pkl,6,36,1,0,520,190,520
6559,mlp,4,val,331,root-0/task6--ep37--succ1.pkl,6,37,0,1,251,190,251
6560,mlp,4,val,332,root-0/task6--ep38--succ1.pkl,6,38,0,1,315,190,315
6561,mlp,4,val,333,root-0/task6--ep39--succ0.pkl,6,39,1,0,520,190,520
6562,mlp,4,val,335,root-0/task6--ep40--succ0.pkl,6,40,1,0,520,190,520
6563,mlp,4,val,336,root-0/task6--ep41--succ1.pkl,6,41,0,1,387,190,387
6564,mlp,4,val,337,root-0/task6--ep42--succ0.pkl,6,42,1,0,520,190,520
6565,mlp,4,val,343,root-0/task6--ep48--succ0.pkl,6,48,1,0,520,190,520
6566,mlp,4,val,344,root-0/task6--ep49--succ1.pkl,6,49,0,1,263,190,263
6567,mlp,4,val,347,root-0/task6--ep7--succ1.pkl,6,7,0,1,268,190,268
6568,mlp,4,val,353,root-0/task7--ep11--succ0.pkl,7,11,1,0,520,210,520
6569,mlp,4,val,357,root-0/task7--ep15--succ1.pkl,7,15,0,1,227,210,227
6570,mlp,4,val,360,root-0/task7--ep18--succ1.pkl,7,18,0,1,210,210,210
6571,mlp,4,val,362,root-0/task7--ep2--succ1.pkl,7,2,0,1,332,210,332
6572,mlp,4,val,365,root-0/task7--ep22--succ0.pkl,7,22,1,0,520,210,520
6573,mlp,4,val,367,root-0/task7--ep24--succ1.pkl,7,24,0,1,231,210,231
6574,mlp,4,val,368,root-0/task7--ep25--succ1.pkl,7,25,0,1,301,210,301
6575,mlp,4,val,372,root-0/task7--ep29--succ0.pkl,7,29,1,0,520,210,520
6576,mlp,4,val,373,root-0/task7--ep3--succ1.pkl,7,3,0,1,362,210,362
6577,mlp,4,val,376,root-0/task7--ep32--succ1.pkl,7,32,0,1,239,210,239
6578,mlp,4,val,381,root-0/task7--ep37--succ1.pkl,7,37,0,1,267,210,267
6579,mlp,4,val,384,root-0/task7--ep4--succ0.pkl,7,4,1,0,520,210,520
6580,mlp,4,val,385,root-0/task7--ep40--succ1.pkl,7,40,0,1,341,210,341
6581,mlp,4,val,387,root-0/task7--ep42--succ1.pkl,7,42,0,1,267,210,267
6582,mlp,4,val,389,root-0/task7--ep44--succ0.pkl,7,44,1,0,520,210,520
6583,mlp,4,val,390,root-0/task7--ep45--succ1.pkl,7,45,0,1,260,210,260
6584,mlp,4,val,391,root-0/task7--ep46--succ0.pkl,7,46,1,0,520,210,520
6585,mlp,4,val,392,root-0/task7--ep47--succ1.pkl,7,47,0,1,300,210,300
6586,mlp,4,val,394,root-0/task7--ep49--succ1.pkl,7,49,0,1,369,210,369
6587,mlp,4,val,395,root-0/task7--ep5--succ0.pkl,7,5,1,0,520,210,520
6588,mlp,4,val,401,root-0/task8--ep1--succ1.pkl,8,1,0,1,448,315,448
6589,mlp,4,val,402,root-0/task8--ep10--succ0.pkl,8,10,1,0,520,315,520
6590,mlp,4,val,403,root-0/task8--ep11--succ1.pkl,8,11,0,1,486,315,486
6591,mlp,4,val,407,root-0/task8--ep15--succ1.pkl,8,15,0,1,347,315,347
6592,mlp,4,val,409,root-0/task8--ep17--succ1.pkl,8,17,0,1,509,315,509
6593,mlp,4,val,413,root-0/task8--ep20--succ0.pkl,8,20,1,0,520,315,520
6594,mlp,4,val,419,root-0/task8--ep26--succ1.pkl,8,26,0,1,427,315,427
6595,mlp,4,val,420,root-0/task8--ep27--succ0.pkl,8,27,1,0,520,315,520
6596,mlp,4,val,424,root-0/task8--ep30--succ1.pkl,8,30,0,1,417,315,417
6597,mlp,4,val,425,root-0/task8--ep31--succ0.pkl,8,31,1,0,520,315,520
6598,mlp,4,val,426,root-0/task8--ep32--succ0.pkl,8,32,1,0,520,315,520
6599,mlp,4,val,432,root-0/task8--ep38--succ0.pkl,8,38,1,0,520,315,520
6600,mlp,4,val,433,root-0/task8--ep39--succ0.pkl,8,39,1,0,520,315,520
6601,mlp,4,val,438,root-0/task8--ep43--succ0.pkl,8,43,1,0,520,315,520
6602,mlp,4,val,439,root-0/task8--ep44--succ1.pkl,8,44,0,1,315,315,315
6603,mlp,4,val,440,root-0/task8--ep45--succ0.pkl,8,45,1,0,520,315,520
6604,mlp,4,val,441,root-0/task8--ep46--succ0.pkl,8,46,1,0,520,315,520
6605,mlp,4,val,445,root-0/task8--ep5--succ0.pkl,8,5,1,0,520,315,520
6606,mlp,4,val,446,root-0/task8--ep6--succ0.pkl,8,6,1,0,520,315,520
6607,mlp,4,val,447,root-0/task8--ep7--succ0.pkl,8,7,1,0,520,315,520
6608,mlp,4,val,449,root-0/task8--ep9--succ1.pkl,8,9,0,1,504,315,504
6609,mlp,4,val,451,root-0/task9--ep1--succ0.pkl,9,1,1,0,520,241,520
6610,mlp,4,val,453,root-0/task9--ep11--succ0.pkl,9,11,1,0,520,241,520
6611,mlp,4,val,467,root-0/task9--ep24--succ0.pkl,9,24,1,0,520,241,520
6612,mlp,4,val,469,root-0/task9--ep26--succ0.pkl,9,26,1,0,520,241,520
6613,mlp,4,val,471,root-0/task9--ep28--succ1.pkl,9,28,0,1,346,241,346
6614,mlp,4,val,473,root-0/task9--ep3--succ0.pkl,9,3,1,0,520,241,520
6615,mlp,4,val,475,root-0/task9--ep31--succ0.pkl,9,31,1,0,520,241,520
6616,mlp,4,val,477,root-0/task9--ep33--succ1.pkl,9,33,0,1,241,241,241
6617,mlp,4,val,478,root-0/task9--ep34--succ0.pkl,9,34,1,0,520,241,520
6618,mlp,4,val,483,root-0/task9--ep39--succ0.pkl,9,39,1,0,520,241,520
6619,mlp,4,val,485,root-0/task9--ep40--succ0.pkl,9,40,1,0,520,241,520
6620,mlp,4,val,489,root-0/task9--ep44--succ0.pkl,9,44,1,0,520,241,520
6621,mlp,4,val,491,root-0/task9--ep46--succ0.pkl,9,46,1,0,520,241,520
6622,mlp,4,val,499,root-0/task9--ep9--succ0.pkl,9,9,1,0,520,241,520
6623,mlp,4,val,500,root-1/task0--ep0--succ0.pkl,0,0,1,0,520,230,520
6624,mlp,4,val,502,root-1/task0--ep10--succ1.pkl,0,10,0,1,290,230,290
6625,mlp,4,val,505,root-1/task0--ep13--succ1.pkl,0,13,0,1,278,230,278
6626,mlp,4,val,517,root-1/task0--ep24--succ0.pkl,0,24,1,0,520,230,520
6627,mlp,4,val,518,root-1/task0--ep25--succ1.pkl,0,25,0,1,295,230,295
6628,mlp,4,val,525,root-1/task0--ep31--succ1.pkl,0,31,0,1,295,230,295
6629,mlp,4,val,526,root-1/task0--ep32--succ0.pkl,0,32,1,0,520,230,520
6630,mlp,4,val,527,root-1/task0--ep33--succ1.pkl,0,33,0,1,357,230,357
6631,mlp,4,val,528,root-1/task0--ep34--succ1.pkl,0,34,0,1,371,230,371
6632,mlp,4,val,529,root-1/task0--ep35--succ1.pkl,0,35,0,1,392,230,392
6633,mlp,4,val,531,root-1/task0--ep37--succ1.pkl,0,37,0,1,333,230,333
6634,mlp,4,val,534,root-1/task0--ep4--succ0.pkl,0,4,1,0,520,230,520
6635,mlp,4,val,536,root-1/task0--ep41--succ1.pkl,0,41,0,1,348,230,348
6636,mlp,4,val,539,root-1/task0--ep44--succ1.pkl,0,44,0,1,423,230,423
6637,mlp,4,val,542,root-1/task0--ep47--succ1.pkl,0,47,0,1,315,230,315
6638,mlp,4,val,545,root-1/task0--ep5--succ0.pkl,0,5,1,0,520,230,520
6639,mlp,4,val,548,root-1/task0--ep8--succ1.pkl,0,8,0,1,341,230,341
6640,mlp,4,val,554,root-1/task1--ep12--succ1.pkl,1,12,0,1,262,218,262
6641,mlp,4,val,556,root-1/task1--ep14--succ0.pkl,1,14,1,0,520,218,520
6642,mlp,4,val,558,root-1/task1--ep16--succ1.pkl,1,16,0,1,255,218,255
6643,mlp,4,val,559,root-1/task1--ep17--succ1.pkl,1,17,0,1,286,218,286
6644,mlp,4,val,565,root-1/task1--ep22--succ0.pkl,1,22,1,0,520,218,520
6645,mlp,4,val,577,root-1/task1--ep33--succ0.pkl,1,33,1,0,520,218,520
6646,mlp,4,val,578,root-1/task1--ep34--succ0.pkl,1,34,1,0,520,218,520
6647,mlp,4,val,580,root-1/task1--ep36--succ0.pkl,1,36,1,0,520,218,520
6648,mlp,4,val,581,root-1/task1--ep37--succ1.pkl,1,37,0,1,236,218,236
6649,mlp,4,val,583,root-1/task1--ep39--succ0.pkl,1,39,1,0,520,218,520
6650,mlp,4,val,584,root-1/task1--ep4--succ1.pkl,1,4,0,1,305,218,305
6651,mlp,4,val,585,root-1/task1--ep40--succ1.pkl,1,40,0,1,241,218,241
6652,mlp,4,val,587,root-1/task1--ep42--succ1.pkl,1,42,0,1,410,218,410
6653,mlp,4,val,588,root-1/task1--ep43--succ0.pkl,1,43,1,0,520,218,520
6654,mlp,4,val,590,root-1/task1--ep45--succ1.pkl,1,45,0,1,302,218,302
6655,mlp,4,val,591,root-1/task1--ep46--succ0.pkl,1,46,1,0,520,218,520
6656,mlp,4,val,594,root-1/task1--ep49--succ1.pkl,1,49,0,1,267,218,267
6657,mlp,4,val,600,root-1/task2--ep0--succ0.pkl,2,0,1,0,520,211,520
6658,mlp,4,val,601,root-1/task2--ep1--succ1.pkl,2,1,0,1,298,211,298
6659,mlp,4,val,608,root-1/task2--ep16--succ1.pkl,2,16,0,1,265,211,265
6660,mlp,4,val,612,root-1/task2--ep2--succ1.pkl,2,2,0,1,253,211,253
6661,mlp,4,val,614,root-1/task2--ep21--succ1.pkl,2,21,0,1,260,211,260
6662,mlp,4,val,617,root-1/task2--ep24--succ0.pkl,2,24,1,0,520,211,520
6663,mlp,4,val,623,root-1/task2--ep3--succ0.pkl,2,3,1,0,520,211,520
6664,mlp,4,val,625,root-1/task2--ep31--succ1.pkl,2,31,0,1,277,211,277
6665,mlp,4,val,627,root-1/task2--ep33--succ0.pkl,2,33,1,0,520,211,520
6666,mlp,4,val,629,root-1/task2--ep35--succ1.pkl,2,35,0,1,377,211,377
6667,mlp,4,val,633,root-1/task2--ep39--succ1.pkl,2,39,0,1,439,211,439
6668,mlp,4,val,634,root-1/task2--ep4--succ1.pkl,2,4,0,1,224,211,224
6669,mlp,4,val,636,root-1/task2--ep41--succ0.pkl,2,41,1,0,520,211,520
6670,mlp,4,val,637,root-1/task2--ep42--succ0.pkl,2,42,1,0,520,211,520
6671,mlp,4,val,638,root-1/task2--ep43--succ0.pkl,2,43,1,0,520,211,520
6672,mlp,4,val,646,root-1/task2--ep6--succ0.pkl,2,6,1,0,520,211,520
6673,mlp,4,val,649,root-1/task2--ep9--succ0.pkl,2,9,1,0,520,211,520
6674,mlp,4,val,650,root-1/task3--ep0--succ1.pkl,3,0,0,1,298,187,298
6675,mlp,4,val,657,root-1/task3--ep15--succ1.pkl,3,15,0,1,244,187,244
6676,mlp,4,val,662,root-1/task3--ep2--succ0.pkl,3,2,1,0,520,187,520
6677,mlp,4,val,664,root-1/task3--ep21--succ0.pkl,3,21,1,0,520,187,520
6678,mlp,4,val,666,root-1/task3--ep23--succ1.pkl,3,23,0,1,236,187,236
6679,mlp,4,val,667,root-1/task3--ep24--succ0.pkl,3,24,1,0,520,187,520
6680,mlp,4,val,669,root-1/task3--ep26--succ1.pkl,3,26,0,1,232,187,232
6681,mlp,4,val,670,root-1/task3--ep27--succ0.pkl,3,27,1,0,520,187,520
6682,mlp,4,val,671,root-1/task3--ep28--succ1.pkl,3,28,0,1,263,187,263
6683,mlp,4,val,679,root-1/task3--ep35--succ0.pkl,3,35,1,0,520,187,520
6684,mlp,4,val,681,root-1/task3--ep37--succ1.pkl,3,37,0,1,260,187,260
6685,mlp,4,val,682,root-1/task3--ep38--succ0.pkl,3,38,1,0,520,187,520
6686,mlp,4,val,688,root-1/task3--ep43--succ1.pkl,3,43,0,1,248,187,248
6687,mlp,4,val,691,root-1/task3--ep46--succ0.pkl,3,46,1,0,520,187,520
6688,mlp,4,val,695,root-1/task3--ep5--succ0.pkl,3,5,1,0,520,187,520
6689,mlp,4,val,696,root-1/task3--ep6--succ0.pkl,3,6,1,0,520,187,520
6690,mlp,4,val,698,root-1/task3--ep8--succ0.pkl,3,8,1,0,520,187,520
6691,mlp,4,val,699,root-1/task3--ep9--succ0.pkl,3,9,1,0,520,187,520
6692,mlp,4,val,751,root-1/task5--ep1--succ1.pkl,5,1,0,1,178,148,178
6693,mlp,4,val,752,root-1/task5--ep10--succ1.pkl,5,10,0,1,242,148,242
6694,mlp,4,val,753,root-1/task5--ep11--succ1.pkl,5,11,0,1,282,148,282
6695,mlp,4,val,754,root-1/task5--ep12--succ1.pkl,5,12,0,1,159,148,159
6696,mlp,4,val,757,root-1/task5--ep15--succ1.pkl,5,15,0,1,202,148,202
6697,mlp,4,val,758,root-1/task5--ep16--succ1.pkl,5,16,0,1,170,148,170
6698,mlp,4,val,761,root-1/task5--ep19--succ0.pkl,5,19,1,0,520,148,520
6699,mlp,4,val,764,root-1/task5--ep21--succ1.pkl,5,21,0,1,177,148,177
6700,mlp,4,val,766,root-1/task5--ep23--succ1.pkl,5,23,0,1,197,148,197
6701,mlp,4,val,767,root-1/task5--ep24--succ1.pkl,5,24,0,1,174,148,174
6702,mlp,4,val,773,root-1/task5--ep3--succ1.pkl,5,3,0,1,173,148,173
6703,mlp,4,val,775,root-1/task5--ep31--succ1.pkl,5,31,0,1,207,148,207
6704,mlp,4,val,776,root-1/task5--ep32--succ1.pkl,5,32,0,1,189,148,189
6705,mlp,4,val,780,root-1/task5--ep36--succ0.pkl,5,36,1,0,520,148,520
6706,mlp,4,val,781,root-1/task5--ep37--succ1.pkl,5,37,0,1,174,148,174
6707,mlp,4,val,784,root-1/task5--ep4--succ1.pkl,5,4,0,1,266,148,266
6708,mlp,4,val,785,root-1/task5--ep40--succ1.pkl,5,40,0,1,196,148,196
6709,mlp,4,val,788,root-1/task5--ep43--succ1.pkl,5,43,0,1,211,148,211
6710,mlp,4,val,791,root-1/task5--ep46--succ0.pkl,5,46,1,0,520,148,520
6711,mlp,4,val,793,root-1/task5--ep48--succ1.pkl,5,48,0,1,190,148,190
6712,mlp,4,val,797,root-1/task5--ep7--succ1.pkl,5,7,0,1,205,148,205
6713,mlp,4,val,800,root-1/task6--ep0--succ1.pkl,6,0,0,1,289,190,289
6714,mlp,4,val,804,root-1/task6--ep12--succ0.pkl,6,12,1,0,520,190,520
6715,mlp,4,val,806,root-1/task6--ep14--succ0.pkl,6,14,1,0,520,190,520
6716,mlp,4,val,807,root-1/task6--ep15--succ0.pkl,6,15,1,0,520,190,520
6717,mlp,4,val,810,root-1/task6--ep18--succ0.pkl,6,18,1,0,520,190,520
6718,mlp,4,val,811,root-1/task6--ep19--succ1.pkl,6,19,0,1,216,190,216
6719,mlp,4,val,812,root-1/task6--ep2--succ0.pkl,6,2,1,0,520,190,520
6720,mlp,4,val,816,root-1/task6--ep23--succ1.pkl,6,23,0,1,190,190,190
6721,mlp,4,val,819,root-1/task6--ep26--succ0.pkl,6,26,1,0,520,190,520
6722,mlp,4,val,820,root-1/task6--ep27--succ1.pkl,6,27,0,1,199,190,199
6723,mlp,4,val,821,root-1/task6--ep28--succ1.pkl,6,28,0,1,239,190,239
6724,mlp,4,val,825,root-1/task6--ep31--succ1.pkl,6,31,0,1,291,190,291
6725,mlp,4,val,827,root-1/task6--ep33--succ0.pkl,6,33,1,0,520,190,520
6726,mlp,4,val,828,root-1/task6--ep34--succ0.pkl,6,34,1,0,520,190,520
6727,mlp,4,val,831,root-1/task6--ep37--succ1.pkl,6,37,0,1,191,190,191
6728,mlp,4,val,833,root-1/task6--ep39--succ0.pkl,6,39,1,0,520,190,520
6729,mlp,4,val,834,root-1/task6--ep4--succ1.pkl,6,4,0,1,513,190,513
6730,mlp,4,val,838,root-1/task6--ep43--succ0.pkl,6,43,1,0,520,190,520
6731,mlp,4,val,840,root-1/task6--ep45--succ0.pkl,6,45,1,0,520,190,520
6732,mlp,4,val,844,root-1/task6--ep49--succ1.pkl,6,49,0,1,474,190,474
6733,mlp,4,val,846,root-1/task6--ep6--succ0.pkl,6,6,1,0,520,190,520
6734,mlp,4,val,847,root-1/task6--ep7--succ1.pkl,6,7,0,1,234,190,234
6735,mlp,4,val,850,root-1/task7--ep0--succ1.pkl,7,0,0,1,246,210,246
6736,mlp,4,val,858,root-1/task7--ep16--succ1.pkl,7,16,0,1,281,210,281
6737,mlp,4,val,860,root-1/task7--ep18--succ1.pkl,7,18,0,1,232,210,232
6738,mlp,4,val,865,root-1/task7--ep22--succ1.pkl,7,22,0,1,280,210,280
6739,mlp,4,val,867,root-1/task7--ep24--succ0.pkl,7,24,1,0,520,210,520
6740,mlp,4,val,869,root-1/task7--ep26--succ0.pkl,7,26,1,0,520,210,520
6741,mlp,4,val,875,root-1/task7--ep31--succ1.pkl,7,31,0,1,500,210,500
6742,mlp,4,val,878,root-1/task7--ep34--succ0.pkl,7,34,1,0,520,210,520
6743,mlp,4,val,881,root-1/task7--ep37--succ1.pkl,7,37,0,1,230,210,230
6744,mlp,4,val,882,root-1/task7--ep38--succ1.pkl,7,38,0,1,331,210,331
6745,mlp,4,val,884,root-1/task7--ep4--succ0.pkl,7,4,1,0,520,210,520
6746,mlp,4,val,886,root-1/task7--ep41--succ0.pkl,7,41,1,0,520,210,520
6747,mlp,4,val,887,root-1/task7--ep42--succ1.pkl,7,42,0,1,253,210,253
6748,mlp,4,val,889,root-1/task7--ep44--succ1.pkl,7,44,0,1,246,210,246
6749,mlp,4,val,891,root-1/task7--ep46--succ1.pkl,7,46,0,1,257,210,257
6750,mlp,4,val,892,root-1/task7--ep47--succ1.pkl,7,47,0,1,246,210,246
6751,mlp,4,val,893,root-1/task7--ep48--succ1.pkl,7,48,0,1,290,210,290
6752,mlp,4,val,894,root-1/task7--ep49--succ0.pkl,7,49,1,0,520,210,520
6753,mlp,4,val,896,root-1/task7--ep6--succ1.pkl,7,6,0,1,369,210,369
6754,mlp,4,val,897,root-1/task7--ep7--succ1.pkl,7,7,0,1,246,210,246
6755,mlp,4,val,901,root-1/task8--ep1--succ1.pkl,8,1,0,1,391,315,391
6756,mlp,4,val,904,root-1/task8--ep12--succ0.pkl,8,12,1,0,520,315,520
6757,mlp,4,val,905,root-1/task8--ep13--succ0.pkl,8,13,1,0,520,315,520
6758,mlp,4,val,906,root-1/task8--ep14--succ0.pkl,8,14,1,0,520,315,520
6759,mlp,4,val,907,root-1/task8--ep15--succ0.pkl,8,15,1,0,520,315,520
6760,mlp,4,val,910,root-1/task8--ep18--succ0.pkl,8,18,1,0,520,315,520
6761,mlp,4,val,914,root-1/task8--ep21--succ0.pkl,8,21,1,0,520,315,520
6762,mlp,4,val,920,root-1/task8--ep27--succ0.pkl,8,27,1,0,520,315,520
6763,mlp,4,val,921,root-1/task8--ep28--succ0.pkl,8,28,1,0,520,315,520
6764,mlp,4,val,923,root-1/task8--ep3--succ0.pkl,8,3,1,0,520,315,520
6765,mlp,4,val,927,root-1/task8--ep33--succ0.pkl,8,33,1,0,520,315,520
6766,mlp,4,val,932,root-1/task8--ep38--succ0.pkl,8,38,1,0,520,315,520
6767,mlp,4,val,934,root-1/task8--ep4--succ0.pkl,8,4,1,0,520,315,520
6768,mlp,4,val,940,root-1/task8--ep45--succ1.pkl,8,45,0,1,490,315,490
6769,mlp,4,val,943,root-1/task8--ep48--succ0.pkl,8,48,1,0,520,315,520
6770,mlp,4,val,945,root-1/task8--ep5--succ0.pkl,8,5,1,0,520,315,520
6771,mlp,4,val,946,root-1/task8--ep6--succ1.pkl,8,6,0,1,440,315,440
6772,mlp,4,val,947,root-1/task8--ep7--succ0.pkl,8,7,1,0,520,315,520
6773,mlp,4,val,948,root-1/task8--ep8--succ0.pkl,8,8,1,0,520,315,520
6774,mlp,4,val,950,root-1/task9--ep0--succ0.pkl,9,0,1,0,520,241,520
6775,mlp,4,val,951,root-1/task9--ep1--succ0.pkl,9,1,1,0,520,241,520
6776,mlp,4,val,954,root-1/task9--ep12--succ0.pkl,9,12,1,0,520,241,520
6777,mlp,4,val,955,root-1/task9--ep13--succ0.pkl,9,13,1,0,520,241,520
6778,mlp,4,val,956,root-1/task9--ep14--succ0.pkl,9,14,1,0,520,241,520
6779,mlp,4,val,958,root-1/task9--ep16--succ0.pkl,9,16,1,0,520,241,520
6780,mlp,4,val,959,root-1/task9--ep17--succ1.pkl,9,17,0,1,349,241,349
6781,mlp,4,val,963,root-1/task9--ep20--succ1.pkl,9,20,0,1,297,241,297
6782,mlp,4,val,966,root-1/task9--ep23--succ0.pkl,9,23,1,0,520,241,520
6783,mlp,4,val,970,root-1/task9--ep27--succ1.pkl,9,27,0,1,329,241,329
6784,mlp,4,val,971,root-1/task9--ep28--succ0.pkl,9,28,1,0,520,241,520
6785,mlp,4,val,973,root-1/task9--ep3--succ0.pkl,9,3,1,0,520,241,520
6786,mlp,4,val,976,root-1/task9--ep32--succ1.pkl,9,32,0,1,271,241,271
6787,mlp,4,val,978,root-1/task9--ep34--succ0.pkl,9,34,1,0,520,241,520
6788,mlp,4,val,981,root-1/task9--ep37--succ1.pkl,9,37,0,1,413,241,413
6789,mlp,4,val,982,root-1/task9--ep38--succ0.pkl,9,38,1,0,520,241,520
6790,mlp,4,val,983,root-1/task9--ep39--succ0.pkl,9,39,1,0,520,241,520
6791,mlp,4,val,985,root-1/task9--ep40--succ1.pkl,9,40,0,1,389,241,389
6792,mlp,4,val,986,root-1/task9--ep41--succ0.pkl,9,41,1,0,520,241,520
6793,mlp,4,val,987,root-1/task9--ep42--succ0.pkl,9,42,1,0,520,241,520
6794,mlp,4,val,988,root-1/task9--ep43--succ0.pkl,9,43,1,0,520,241,520
6795,mlp,4,val,989,root-1/task9--ep44--succ0.pkl,9,44,1,0,520,241,520
6796,mlp,4,val,990,root-1/task9--ep45--succ0.pkl,9,45,1,0,520,241,520
6797,mlp,4,val,992,root-1/task9--ep47--succ1.pkl,9,47,0,1,267,241,267
6798,mlp,4,val,995,root-1/task9--ep5--succ0.pkl,9,5,1,0,520,241,520
6799,mlp,4,val,997,root-1/task9--ep7--succ0.pkl,9,7,1,0,520,241,520
6800,mlp,4,test,200,root-0/task4--ep0--succ0.pkl,4,0,1,0,520,209,520
6801,mlp,4,test,201,root-0/task4--ep1--succ0.pkl,4,1,1,0,520,209,520
6802,mlp,4,test,202,root-0/task4--ep10--succ0.pkl,4,10,1,0,520,209,520
6803,mlp,4,test,203,root-0/task4--ep11--succ0.pkl,4,11,1,0,520,209,520
6804,mlp,4,test,204,root-0/task4--ep12--succ0.pkl,4,12,1,0,520,209,520
6805,mlp,4,test,205,root-0/task4--ep13--succ1.pkl,4,13,0,1,231,209,231
6806,mlp,4,test,206,root-0/task4--ep14--succ1.pkl,4,14,0,1,250,209,250
6807,mlp,4,test,207,root-0/task4--ep15--succ0.pkl,4,15,1,0,520,209,520
6808,mlp,4,test,208,root-0/task4--ep16--succ0.pkl,4,16,1,0,520,209,520
6809,mlp,4,test,209,root-0/task4--ep17--succ0.pkl,4,17,1,0,520,209,520
6810,mlp,4,test,210,root-0/task4--ep18--succ0.pkl,4,18,1,0,520,209,520
6811,mlp,4,test,211,root-0/task4--ep19--succ0.pkl,4,19,1,0,520,209,520
6812,mlp,4,test,212,root-0/task4--ep2--succ1.pkl,4,2,0,1,255,209,255
6813,mlp,4,test,213,root-0/task4--ep20--succ0.pkl,4,20,1,0,520,209,520
6814,mlp,4,test,214,root-0/task4--ep21--succ0.pkl,4,21,1,0,520,209,520
6815,mlp,4,test,215,root-0/task4--ep22--succ1.pkl,4,22,0,1,231,209,231
6816,mlp,4,test,216,root-0/task4--ep23--succ0.pkl,4,23,1,0,520,209,520
6817,mlp,4,test,217,root-0/task4--ep24--succ1.pkl,4,24,0,1,294,209,294
6818,mlp,4,test,218,root-0/task4--ep25--succ0.pkl,4,25,1,0,520,209,520
6819,mlp,4,test,219,root-0/task4--ep26--succ0.pkl,4,26,1,0,520,209,520
6820,mlp,4,test,220,root-0/task4--ep27--succ0.pkl,4,27,1,0,520,209,520
6821,mlp,4,test,221,root-0/task4--ep28--succ1.pkl,4,28,0,1,233,209,233
6822,mlp,4,test,222,root-0/task4--ep29--succ1.pkl,4,29,0,1,251,209,251
6823,mlp,4,test,223,root-0/task4--ep3--succ1.pkl,4,3,0,1,235,209,235
6824,mlp,4,test,224,root-0/task4--ep30--succ0.pkl,4,30,1,0,520,209,520
6825,mlp,4,test,225,root-0/task4--ep31--succ1.pkl,4,31,0,1,241,209,241
6826,mlp,4,test,226,root-0/task4--ep32--succ1.pkl,4,32,0,1,219,209,219
6827,mlp,4,test,227,root-0/task4--ep33--succ1.pkl,4,33,0,1,241,209,241
6828,mlp,4,test,228,root-0/task4--ep34--succ1.pkl,4,34,0,1,246,209,246
6829,mlp,4,test,229,root-0/task4--ep35--succ0.pkl,4,35,1,0,520,209,520
6830,mlp,4,test,230,root-0/task4--ep36--succ1.pkl,4,36,0,1,226,209,226
6831,mlp,4,test,231,root-0/task4--ep37--succ0.pkl,4,37,1,0,520,209,520
6832,mlp,4,test,232,root-0/task4--ep38--succ1.pkl,4,38,0,1,507,209,507
6833,mlp,4,test,233,root-0/task4--ep39--succ1.pkl,4,39,0,1,219,209,219
6834,mlp,4,test,234,root-0/task4--ep4--succ0.pkl,4,4,1,0,520,209,520
6835,mlp,4,test,235,root-0/task4--ep40--succ0.pkl,4,40,1,0,520,209,520
6836,mlp,4,test,236,root-0/task4--ep41--succ1.pkl,4,41,0,1,280,209,280
6837,mlp,4,test,237,root-0/task4--ep42--succ0.pkl,4,42,1,0,520,209,520
6838,mlp,4,test,238,root-0/task4--ep43--succ1.pkl,4,43,0,1,413,209,413
6839,mlp,4,test,239,root-0/task4--ep44--succ1.pkl,4,44,0,1,238,209,238
6840,mlp,4,test,240,root-0/task4--ep45--succ0.pkl,4,45,1,0,520,209,520
6841,mlp,4,test,241,root-0/task4--ep46--succ0.pkl,4,46,1,0,520,209,520
6842,mlp,4,test,242,root-0/task4--ep47--succ0.pkl,4,47,1,0,520,209,520
6843,mlp,4,test,243,root-0/task4--ep48--succ1.pkl,4,48,0,1,246,209,246
6844,mlp,4,test,244,root-0/task4--ep49--succ1.pkl,4,49,0,1,249,209,249
6845,mlp,4,test,245,root-0/task4--ep5--succ1.pkl,4,5,0,1,268,209,268
6846,mlp,4,test,246,root-0/task4--ep6--succ0.pkl,4,6,1,0,520,209,520
6847,mlp,4,test,247,root-0/task4--ep7--succ0.pkl,4,7,1,0,520,209,520
6848,mlp,4,test,248,root-0/task4--ep8--succ0.pkl,4,8,1,0,520,209,520
6849,mlp,4,test,249,root-0/task4--ep9--succ1.pkl,4,9,0,1,220,209,220
6850,mlp,4,test,700,root-1/task4--ep0--succ0.pkl,4,0,1,0,520,209,520
6851,mlp,4,test,701,root-1/task4--ep1--succ0.pkl,4,1,1,0,520,209,520
6852,mlp,4,test,702,root-1/task4--ep10--succ1.pkl,4,10,0,1,245,209,245
6853,mlp,4,test,703,root-1/task4--ep11--succ0.pkl,4,11,1,0,520,209,520
6854,mlp,4,test,704,root-1/task4--ep12--succ1.pkl,4,12,0,1,263,209,263
6855,mlp,4,test,705,root-1/task4--ep13--succ0.pkl,4,13,1,0,520,209,520
6856,mlp,4,test,706,root-1/task4--ep14--succ1.pkl,4,14,0,1,247,209,247
6857,mlp,4,test,707,root-1/task4--ep15--succ0.pkl,4,15,1,0,520,209,520
6858,mlp,4,test,708,root-1/task4--ep16--succ0.pkl,4,16,1,0,520,209,520
6859,mlp,4,test,709,root-1/task4--ep17--succ1.pkl,4,17,0,1,273,209,273
6860,mlp,4,test,710,root-1/task4--ep18--succ1.pkl,4,18,0,1,231,209,231
6861,mlp,4,test,711,root-1/task4--ep19--succ0.pkl,4,19,1,0,520,209,520
6862,mlp,4,test,712,root-1/task4--ep2--succ0.pkl,4,2,1,0,520,209,520
6863,mlp,4,test,713,root-1/task4--ep20--succ1.pkl,4,20,0,1,209,209,209
6864,mlp,4,test,714,root-1/task4--ep21--succ0.pkl,4,21,1,0,520,209,520
6865,mlp,4,test,715,root-1/task4--ep22--succ0.pkl,4,22,1,0,520,209,520
6866,mlp,4,test,716,root-1/task4--ep23--succ0.pkl,4,23,1,0,520,209,520
6867,mlp,4,test,717,root-1/task4--ep24--succ0.pkl,4,24,1,0,520,209,520
6868,mlp,4,test,718,root-1/task4--ep25--succ0.pkl,4,25,1,0,520,209,520
6869,mlp,4,test,719,root-1/task4--ep26--succ0.pkl,4,26,1,0,520,209,520
6870,mlp,4,test,720,root-1/task4--ep27--succ1.pkl,4,27,0,1,231,209,231
6871,mlp,4,test,721,root-1/task4--ep28--succ0.pkl,4,28,1,0,520,209,520
6872,mlp,4,test,722,root-1/task4--ep29--succ0.pkl,4,29,1,0,520,209,520
6873,mlp,4,test,723,root-1/task4--ep3--succ1.pkl,4,3,0,1,243,209,243
6874,mlp,4,test,724,root-1/task4--ep30--succ1.pkl,4,30,0,1,245,209,245
6875,mlp,4,test,725,root-1/task4--ep31--succ0.pkl,4,31,1,0,520,209,520
6876,mlp,4,test,726,root-1/task4--ep32--succ1.pkl,4,32,0,1,511,209,511
6877,mlp,4,test,727,root-1/task4--ep33--succ0.pkl,4,33,1,0,520,209,520
6878,mlp,4,test,728,root-1/task4--ep34--succ0.pkl,4,34,1,0,520,209,520
6879,mlp,4,test,729,root-1/task4--ep35--succ0.pkl,4,35,1,0,520,209,520
6880,mlp,4,test,730,root-1/task4--ep36--succ1.pkl,4,36,0,1,259,209,259
6881,mlp,4,test,731,root-1/task4--ep37--succ0.pkl,4,37,1,0,520,209,520
6882,mlp,4,test,732,root-1/task4--ep38--succ1.pkl,4,38,0,1,217,209,217
6883,mlp,4,test,733,root-1/task4--ep39--succ0.pkl,4,39,1,0,520,209,520
6884,mlp,4,test,734,root-1/task4--ep4--succ0.pkl,4,4,1,0,520,209,520
6885,mlp,4,test,735,root-1/task4--ep40--succ0.pkl,4,40,1,0,520,209,520
6886,mlp,4,test,736,root-1/task4--ep41--succ0.pkl,4,41,1,0,520,209,520
6887,mlp,4,test,737,root-1/task4--ep42--succ0.pkl,4,42,1,0,520,209,520
6888,mlp,4,test,738,root-1/task4--ep43--succ0.pkl,4,43,1,0,520,209,520
6889,mlp,4,test,739,root-1/task4--ep44--succ1.pkl,4,44,0,1,233,209,233
6890,mlp,4,test,740,root-1/task4--ep45--succ0.pkl,4,45,1,0,520,209,520
6891,mlp,4,test,741,root-1/task4--ep46--succ0.pkl,4,46,1,0,520,209,520
6892,mlp,4,test,742,root-1/task4--ep47--succ0.pkl,4,47,1,0,520,209,520
6893,mlp,4,test,743,root-1/task4--ep48--succ1.pkl,4,48,0,1,252,209,252
6894,mlp,4,test,744,root-1/task4--ep49--succ1.pkl,4,49,0,1,227,209,227
6895,mlp,4,test,745,root-1/task4--ep5--succ1.pkl,4,5,0,1,341,209,341
6896,mlp,4,test,746,root-1/task4--ep6--succ0.pkl,4,6,1,0,520,209,520
6897,mlp,4,test,747,root-1/task4--ep7--succ0.pkl,4,7,1,0,520,209,520
6898,mlp,4,test,748,root-1/task4--ep8--succ0.pkl,4,8,1,0,520,209,520
6899,mlp,4,test,749,root-1/task4--ep9--succ0.pkl,4,9,1,0,520,209,520
6900,mlp,5,val,0,root-0/task0--ep0--succ1.pkl,0,0,0,1,372,230,372
6901,mlp,5,val,3,root-0/task0--ep11--succ1.pkl,0,11,0,1,255,230,255
6902,mlp,5,val,8,root-0/task0--ep16--succ0.pkl,0,16,1,0,520,230,520
6903,mlp,5,val,14,root-0/task0--ep21--succ1.pkl,0,21,0,1,365,230,365
6904,mlp,5,val,15,root-0/task0--ep22--succ0.pkl,0,22,1,0,520,230,520
6905,mlp,5,val,17,root-0/task0--ep24--succ0.pkl,0,24,1,0,520,230,520
6906,mlp,5,val,18,root-0/task0--ep25--succ0.pkl,0,25,1,0,520,230,520
6907,mlp,5,val,19,root-0/task0--ep26--succ0.pkl,0,26,1,0,520,230,520
6908,mlp,5,val,20,root-0/task0--ep27--succ1.pkl,0,27,0,1,297,230,297
6909,mlp,5,val,21,root-0/task0--ep28--succ0.pkl,0,28,1,0,520,230,520
6910,mlp,5,val,23,root-0/task0--ep3--succ1.pkl,0,3,0,1,432,230,432
6911,mlp,5,val,24,root-0/task0--ep30--succ0.pkl,0,30,1,0,520,230,520
6912,mlp,5,val,26,root-0/task0--ep32--succ1.pkl,0,32,0,1,321,230,321
6913,mlp,5,val,30,root-0/task0--ep36--succ0.pkl,0,36,1,0,520,230,520
6914,mlp,5,val,34,root-0/task0--ep4--succ0.pkl,0,4,1,0,520,230,520
6915,mlp,5,val,37,root-0/task0--ep42--succ0.pkl,0,42,1,0,520,230,520
6916,mlp,5,val,46,root-0/task0--ep6--succ1.pkl,0,6,0,1,359,230,359
6917,mlp,5,val,48,root-0/task0--ep8--succ0.pkl,0,8,1,0,520,230,520
6918,mlp,5,val,49,root-0/task0--ep9--succ1.pkl,0,9,0,1,291,230,291
6919,mlp,5,val,51,root-0/task1--ep1--succ1.pkl,1,1,0,1,253,218,253
6920,mlp,5,val,54,root-0/task1--ep12--succ1.pkl,1,12,0,1,238,218,238
6921,mlp,5,val,64,root-0/task1--ep21--succ0.pkl,1,21,1,0,520,218,520
6922,mlp,5,val,70,root-0/task1--ep27--succ0.pkl,1,27,1,0,520,218,520
6923,mlp,5,val,71,root-0/task1--ep28--succ1.pkl,1,28,0,1,270,218,270
6924,mlp,5,val,72,root-0/task1--ep29--succ1.pkl,1,29,0,1,236,218,236
6925,mlp,5,val,75,root-0/task1--ep31--succ1.pkl,1,31,0,1,232,218,232
6926,mlp,5,val,77,root-0/task1--ep33--succ1.pkl,1,33,0,1,224,218,224
6927,mlp,5,val,80,root-0/task1--ep36--succ0.pkl,1,36,1,0,520,218,520
6928,mlp,5,val,81,root-0/task1--ep37--succ1.pkl,1,37,0,1,286,218,286
6929,mlp,5,val,82,root-0/task1--ep38--succ1.pkl,1,38,0,1,249,218,249
6930,mlp,5,val,83,root-0/task1--ep39--succ1.pkl,1,39,0,1,316,218,316
6931,mlp,5,val,85,root-0/task1--ep40--succ1.pkl,1,40,0,1,225,218,225
6932,mlp,5,val,86,root-0/task1--ep41--succ1.pkl,1,41,0,1,396,218,396
6933,mlp,5,val,87,root-0/task1--ep42--succ1.pkl,1,42,0,1,243,218,243
6934,mlp,5,val,93,root-0/task1--ep48--succ0.pkl,1,48,1,0,520,218,520
6935,mlp,5,val,94,root-0/task1--ep49--succ1.pkl,1,49,0,1,265,218,265
6936,mlp,5,val,97,root-0/task1--ep7--succ1.pkl,1,7,0,1,225,218,225
6937,mlp,5,val,100,root-0/task2--ep0--succ1.pkl,2,0,0,1,258,211,258
6938,mlp,5,val,101,root-0/task2--ep1--succ1.pkl,2,1,0,1,285,211,285
6939,mlp,5,val,109,root-0/task2--ep17--succ1.pkl,2,17,0,1,242,211,242
6940,mlp,5,val,111,root-0/task2--ep19--succ1.pkl,2,19,0,1,227,211,227
6941,mlp,5,val,112,root-0/task2--ep2--succ0.pkl,2,2,1,0,520,211,520
6942,mlp,5,val,113,root-0/task2--ep20--succ0.pkl,2,20,1,0,520,211,520
6943,mlp,5,val,114,root-0/task2--ep21--succ1.pkl,2,21,0,1,320,211,320
6944,mlp,5,val,117,root-0/task2--ep24--succ0.pkl,2,24,1,0,520,211,520
6945,mlp,5,val,118,root-0/task2--ep25--succ1.pkl,2,25,0,1,251,211,251
6946,mlp,5,val,121,root-0/task2--ep28--succ1.pkl,2,28,0,1,304,211,304
6947,mlp,5,val,122,root-0/task2--ep29--succ0.pkl,2,29,1,0,520,211,520
6948,mlp,5,val,125,root-0/task2--ep31--succ0.pkl,2,31,1,0,520,211,520
6949,mlp,5,val,127,root-0/task2--ep33--succ0.pkl,2,33,1,0,520,211,520
6950,mlp,5,val,132,root-0/task2--ep38--succ1.pkl,2,38,0,1,295,211,295
6951,mlp,5,val,133,root-0/task2--ep39--succ0.pkl,2,39,1,0,520,211,520
6952,mlp,5,val,134,root-0/task2--ep4--succ1.pkl,2,4,0,1,225,211,225
6953,mlp,5,val,136,root-0/task2--ep41--succ0.pkl,2,41,1,0,520,211,520
6954,mlp,5,val,138,root-0/task2--ep43--succ1.pkl,2,43,0,1,342,211,342
6955,mlp,5,val,139,root-0/task2--ep44--succ0.pkl,2,44,1,0,520,211,520
6956,mlp,5,val,143,root-0/task2--ep48--succ0.pkl,2,48,1,0,520,211,520
6957,mlp,5,val,145,root-0/task2--ep5--succ0.pkl,2,5,1,0,520,211,520
6958,mlp,5,val,147,root-0/task2--ep7--succ0.pkl,2,7,1,0,520,211,520
6959,mlp,5,val,148,root-0/task2--ep8--succ1.pkl,2,8,0,1,316,211,316
6960,mlp,5,val,158,root-0/task3--ep16--succ0.pkl,3,16,1,0,520,187,520
6961,mlp,5,val,159,root-0/task3--ep17--succ1.pkl,3,17,0,1,218,187,218
6962,mlp,5,val,160,root-0/task3--ep18--succ0.pkl,3,18,1,0,520,187,520
6963,mlp,5,val,161,root-0/task3--ep19--succ0.pkl,3,19,1,0,520,187,520
6964,mlp,5,val,163,root-0/task3--ep20--succ1.pkl,3,20,0,1,245,187,245
6965,mlp,5,val,166,root-0/task3--ep23--succ1.pkl,3,23,0,1,296,187,296
6966,mlp,5,val,168,root-0/task3--ep25--succ1.pkl,3,25,0,1,424,187,424
6967,mlp,5,val,169,root-0/task3--ep26--succ0.pkl,3,26,1,0,520,187,520
6968,mlp,5,val,171,root-0/task3--ep28--succ0.pkl,3,28,1,0,520,187,520
6969,mlp,5,val,172,root-0/task3--ep29--succ0.pkl,3,29,1,0,520,187,520
6970,mlp,5,val,176,root-0/task3--ep32--succ1.pkl,3,32,0,1,217,187,217
6971,mlp,5,val,178,root-0/task3--ep34--succ0.pkl,3,34,1,0,520,187,520
6972,mlp,5,val,179,root-0/task3--ep35--succ1.pkl,3,35,0,1,246,187,246
6973,mlp,5,val,182,root-0/task3--ep38--succ1.pkl,3,38,0,1,394,187,394
6974,mlp,5,val,183,root-0/task3--ep39--succ1.pkl,3,39,0,1,196,187,196
6975,mlp,5,val,184,root-0/task3--ep4--succ1.pkl,3,4,0,1,453,187,453
6976,mlp,5,val,187,root-0/task3--ep42--succ0.pkl,3,42,1,0,520,187,520
6977,mlp,5,val,188,root-0/task3--ep43--succ0.pkl,3,43,1,0,520,187,520
6978,mlp,5,val,189,root-0/task3--ep44--succ0.pkl,3,44,1,0,520,187,520
6979,mlp,5,val,190,root-0/task3--ep45--succ1.pkl,3,45,0,1,457,187,457
6980,mlp,5,val,192,root-0/task3--ep47--succ0.pkl,3,47,1,0,520,187,520
6981,mlp,5,val,194,root-0/task3--ep49--succ1.pkl,3,49,0,1,214,187,214
6982,mlp,5,val,199,root-0/task3--ep9--succ1.pkl,3,9,0,1,197,187,197
6983,mlp,5,val,201,root-0/task4--ep1--succ0.pkl,4,1,1,0,520,209,520
6984,mlp,5,val,203,root-0/task4--ep11--succ0.pkl,4,11,1,0,520,209,520
6985,mlp,5,val,217,root-0/task4--ep24--succ1.pkl,4,24,0,1,294,209,294
6986,mlp,5,val,219,root-0/task4--ep26--succ0.pkl,4,26,1,0,520,209,520
6987,mlp,5,val,221,root-0/task4--ep28--succ1.pkl,4,28,0,1,233,209,233
6988,mlp,5,val,223,root-0/task4--ep3--succ1.pkl,4,3,0,1,235,209,235
6989,mlp,5,val,225,root-0/task4--ep31--succ1.pkl,4,31,0,1,241,209,241
6990,mlp,5,val,227,root-0/task4--ep33--succ1.pkl,4,33,0,1,241,209,241
6991,mlp,5,val,228,root-0/task4--ep34--succ1.pkl,4,34,0,1,246,209,246
6992,mlp,5,val,233,root-0/task4--ep39--succ1.pkl,4,39,0,1,219,209,219
6993,mlp,5,val,235,root-0/task4--ep40--succ0.pkl,4,40,1,0,520,209,520
6994,mlp,5,val,239,root-0/task4--ep44--succ1.pkl,4,44,0,1,238,209,238
6995,mlp,5,val,241,root-0/task4--ep46--succ0.pkl,4,46,1,0,520,209,520
6996,mlp,5,val,249,root-0/task4--ep9--succ1.pkl,4,9,0,1,220,209,220
6997,mlp,5,val,303,root-0/task6--ep11--succ0.pkl,6,11,1,0,520,190,520
6998,mlp,5,val,307,root-0/task6--ep15--succ1.pkl,6,15,0,1,249,190,249
6999,mlp,5,val,310,root-0/task6--ep18--succ0.pkl,6,18,1,0,520,190,520
7000,mlp,5,val,312,root-0/task6--ep2--succ1.pkl,6,2,0,1,210,190,210
7001,mlp,5,val,315,root-0/task6--ep22--succ1.pkl,6,22,0,1,237,190,237
7002,mlp,5,val,317,root-0/task6--ep24--succ1.pkl,6,24,0,1,245,190,245
7003,mlp,5,val,318,root-0/task6--ep25--succ1.pkl,6,25,0,1,240,190,240
7004,mlp,5,val,322,root-0/task6--ep29--succ1.pkl,6,29,0,1,236,190,236
7005,mlp,5,val,323,root-0/task6--ep3--succ1.pkl,6,3,0,1,193,190,193
7006,mlp,5,val,326,root-0/task6--ep32--succ0.pkl,6,32,1,0,520,190,520
7007,mlp,5,val,331,root-0/task6--ep37--succ1.pkl,6,37,0,1,251,190,251
7008,mlp,5,val,334,root-0/task6--ep4--succ1.pkl,6,4,0,1,218,190,218
7009,mlp,5,val,335,root-0/task6--ep40--succ0.pkl,6,40,1,0,520,190,520
7010,mlp,5,val,337,root-0/task6--ep42--succ0.pkl,6,42,1,0,520,190,520
7011,mlp,5,val,339,root-0/task6--ep44--succ1.pkl,6,44,0,1,304,190,304
7012,mlp,5,val,340,root-0/task6--ep45--succ0.pkl,6,45,1,0,520,190,520
7013,mlp,5,val,341,root-0/task6--ep46--succ1.pkl,6,46,0,1,230,190,230
7014,mlp,5,val,342,root-0/task6--ep47--succ0.pkl,6,47,1,0,520,190,520
7015,mlp,5,val,344,root-0/task6--ep49--succ1.pkl,6,49,0,1,263,190,263
7016,mlp,5,val,345,root-0/task6--ep5--succ1.pkl,6,5,0,1,260,190,260
7017,mlp,5,val,351,root-0/task7--ep1--succ0.pkl,7,1,1,0,520,210,520
7018,mlp,5,val,354,root-0/task7--ep12--succ0.pkl,7,12,1,0,520,210,520
7019,mlp,5,val,356,root-0/task7--ep14--succ1.pkl,7,14,0,1,270,210,270
7020,mlp,5,val,359,root-0/task7--ep17--succ0.pkl,7,17,1,0,520,210,520
7021,mlp,5,val,361,root-0/task7--ep19--succ1.pkl,7,19,0,1,252,210,252
7022,mlp,5,val,363,root-0/task7--ep20--succ1.pkl,7,20,0,1,259,210,259
7023,mlp,5,val,364,root-0/task7--ep21--succ0.pkl,7,21,1,0,520,210,520
7024,mlp,5,val,365,root-0/task7--ep22--succ0.pkl,7,22,1,0,520,210,520
7025,mlp,5,val,367,root-0/task7--ep24--succ1.pkl,7,24,0,1,231,210,231
7026,mlp,5,val,372,root-0/task7--ep29--succ0.pkl,7,29,1,0,520,210,520
7027,mlp,5,val,377,root-0/task7--ep33--succ0.pkl,7,33,1,0,520,210,520
7028,mlp,5,val,378,root-0/task7--ep34--succ0.pkl,7,34,1,0,520,210,520
7029,mlp,5,val,383,root-0/task7--ep39--succ1.pkl,7,39,0,1,236,210,236
7030,mlp,5,val,384,root-0/task7--ep4--succ0.pkl,7,4,1,0,520,210,520
7031,mlp,5,val,385,root-0/task7--ep40--succ1.pkl,7,40,0,1,341,210,341
7032,mlp,5,val,386,root-0/task7--ep41--succ1.pkl,7,41,0,1,273,210,273
7033,mlp,5,val,387,root-0/task7--ep42--succ1.pkl,7,42,0,1,267,210,267
7034,mlp,5,val,388,root-0/task7--ep43--succ0.pkl,7,43,1,0,520,210,520
7035,mlp,5,val,391,root-0/task7--ep46--succ0.pkl,7,46,1,0,520,210,520
7036,mlp,5,val,395,root-0/task7--ep5--succ0.pkl,7,5,1,0,520,210,520
7037,mlp,5,val,396,root-0/task7--ep6--succ1.pkl,7,6,0,1,290,210,290
7038,mlp,5,val,397,root-0/task7--ep7--succ1.pkl,7,7,0,1,232,210,232
7039,mlp,5,val,401,root-0/task8--ep1--succ1.pkl,8,1,0,1,448,315,448
7040,mlp,5,val,402,root-0/task8--ep10--succ0.pkl,8,10,1,0,520,315,520
7041,mlp,5,val,403,root-0/task8--ep11--succ1.pkl,8,11,0,1,486,315,486
7042,mlp,5,val,407,root-0/task8--ep15--succ1.pkl,8,15,0,1,347,315,347
7043,mlp,5,val,409,root-0/task8--ep17--succ1.pkl,8,17,0,1,509,315,509
7044,mlp,5,val,413,root-0/task8--ep20--succ0.pkl,8,20,1,0,520,315,520
7045,mlp,5,val,419,root-0/task8--ep26--succ1.pkl,8,26,0,1,427,315,427
7046,mlp,5,val,420,root-0/task8--ep27--succ0.pkl,8,27,1,0,520,315,520
7047,mlp,5,val,424,root-0/task8--ep30--succ1.pkl,8,30,0,1,417,315,417
7048,mlp,5,val,425,root-0/task8--ep31--succ0.pkl,8,31,1,0,520,315,520
7049,mlp,5,val,426,root-0/task8--ep32--succ0.pkl,8,32,1,0,520,315,520
7050,mlp,5,val,432,root-0/task8--ep38--succ0.pkl,8,38,1,0,520,315,520
7051,mlp,5,val,433,root-0/task8--ep39--succ0.pkl,8,39,1,0,520,315,520
7052,mlp,5,val,438,root-0/task8--ep43--succ0.pkl,8,43,1,0,520,315,520
7053,mlp,5,val,439,root-0/task8--ep44--succ1.pkl,8,44,0,1,315,315,315
7054,mlp,5,val,440,root-0/task8--ep45--succ0.pkl,8,45,1,0,520,315,520
7055,mlp,5,val,441,root-0/task8--ep46--succ0.pkl,8,46,1,0,520,315,520
7056,mlp,5,val,445,root-0/task8--ep5--succ0.pkl,8,5,1,0,520,315,520
7057,mlp,5,val,446,root-0/task8--ep6--succ0.pkl,8,6,1,0,520,315,520
7058,mlp,5,val,447,root-0/task8--ep7--succ0.pkl,8,7,1,0,520,315,520
7059,mlp,5,val,449,root-0/task8--ep9--succ1.pkl,8,9,0,1,504,315,504
7060,mlp,5,val,450,root-0/task9--ep0--succ0.pkl,9,0,1,0,520,241,520
7061,mlp,5,val,451,root-0/task9--ep1--succ0.pkl,9,1,1,0,520,241,520
7062,mlp,5,val,454,root-0/task9--ep12--succ0.pkl,9,12,1,0,520,241,520
7063,mlp,5,val,458,root-0/task9--ep16--succ0.pkl,9,16,1,0,520,241,520
7064,mlp,5,val,460,root-0/task9--ep18--succ1.pkl,9,18,0,1,372,241,372
7065,mlp,5,val,461,root-0/task9--ep19--succ1.pkl,9,19,0,1,427,241,427
7066,mlp,5,val,462,root-0/task9--ep2--succ1.pkl,9,2,0,1,300,241,300
7067,mlp,5,val,464,root-0/task9--ep21--succ1.pkl,9,21,0,1,300,241,300
7068,mlp,5,val,466,root-0/task9--ep23--succ0.pkl,9,23,1,0,520,241,520
7069,mlp,5,val,467,root-0/task9--ep24--succ0.pkl,9,24,1,0,520,241,520
7070,mlp,5,val,469,root-0/task9--ep26--succ0.pkl,9,26,1,0,520,241,520
7071,mlp,5,val,476,root-0/task9--ep32--succ0.pkl,9,32,1,0,520,241,520
7072,mlp,5,val,478,root-0/task9--ep34--succ0.pkl,9,34,1,0,520,241,520
7073,mlp,5,val,480,root-0/task9--ep36--succ0.pkl,9,36,1,0,520,241,520
7074,mlp,5,val,482,root-0/task9--ep38--succ0.pkl,9,38,1,0,520,241,520
7075,mlp,5,val,483,root-0/task9--ep39--succ0.pkl,9,39,1,0,520,241,520
7076,mlp,5,val,485,root-0/task9--ep40--succ0.pkl,9,40,1,0,520,241,520
7077,mlp,5,val,486,root-0/task9--ep41--succ1.pkl,9,41,0,1,316,241,316
7078,mlp,5,val,490,root-0/task9--ep45--succ0.pkl,9,45,1,0,520,241,520
7079,mlp,5,val,494,root-0/task9--ep49--succ1.pkl,9,49,0,1,344,241,344
7080,mlp,5,val,495,root-0/task9--ep5--succ1.pkl,9,5,0,1,312,241,312
7081,mlp,5,val,497,root-0/task9--ep7--succ0.pkl,9,7,1,0,520,241,520
7082,mlp,5,val,498,root-0/task9--ep8--succ1.pkl,9,8,0,1,307,241,307
7083,mlp,5,val,501,root-1/task0--ep1--succ1.pkl,0,1,0,1,294,230,294
7084,mlp,5,val,502,root-1/task0--ep10--succ1.pkl,0,10,0,1,290,230,290
7085,mlp,5,val,503,root-1/task0--ep11--succ1.pkl,0,11,0,1,332,230,332
7086,mlp,5,val,504,root-1/task0--ep12--succ0.pkl,0,12,1,0,520,230,520
7087,mlp,5,val,507,root-1/task0--ep15--succ1.pkl,0,15,0,1,269,230,269
7088,mlp,5,val,508,root-1/task0--ep16--succ0.pkl,0,16,1,0,520,230,520
7089,mlp,5,val,511,root-1/task0--ep19--succ1.pkl,0,19,0,1,270,230,270
7090,mlp,5,val,514,root-1/task0--ep21--succ1.pkl,0,21,0,1,280,230,280
7091,mlp,5,val,516,root-1/task0--ep23--succ1.pkl,0,23,0,1,340,230,340
7092,mlp,5,val,517,root-1/task0--ep24--succ0.pkl,0,24,1,0,520,230,520
7093,mlp,5,val,523,root-1/task0--ep3--succ1.pkl,0,3,0,1,252,230,252
7094,mlp,5,val,525,root-1/task0--ep31--succ1.pkl,0,31,0,1,295,230,295
7095,mlp,5,val,526,root-1/task0--ep32--succ0.pkl,0,32,1,0,520,230,520
7096,mlp,5,val,530,root-1/task0--ep36--succ0.pkl,0,36,1,0,520,230,520
7097,mlp,5,val,531,root-1/task0--ep37--succ1.pkl,0,37,0,1,333,230,333
7098,mlp,5,val,534,root-1/task0--ep4--succ0.pkl,0,4,1,0,520,230,520
7099,mlp,5,val,535,root-1/task0--ep40--succ1.pkl,0,40,0,1,279,230,279
7100,mlp,5,val,538,root-1/task0--ep43--succ0.pkl,0,43,1,0,520,230,520
7101,mlp,5,val,541,root-1/task0--ep46--succ1.pkl,0,46,0,1,315,230,315
7102,mlp,5,val,543,root-1/task0--ep48--succ1.pkl,0,48,0,1,300,230,300
7103,mlp,5,val,547,root-1/task0--ep7--succ1.pkl,0,7,0,1,242,230,242
7104,mlp,5,val,550,root-1/task1--ep0--succ1.pkl,1,0,0,1,249,218,249
7105,mlp,5,val,554,root-1/task1--ep12--succ1.pkl,1,12,0,1,262,218,262
7106,mlp,5,val,556,root-1/task1--ep14--succ0.pkl,1,14,1,0,520,218,520
7107,mlp,5,val,557,root-1/task1--ep15--succ1.pkl,1,15,0,1,257,218,257
7108,mlp,5,val,560,root-1/task1--ep18--succ1.pkl,1,18,0,1,242,218,242
7109,mlp,5,val,561,root-1/task1--ep19--succ1.pkl,1,19,0,1,248,218,248
7110,mlp,5,val,562,root-1/task1--ep2--succ1.pkl,1,2,0,1,235,218,235
7111,mlp,5,val,566,root-1/task1--ep23--succ0.pkl,1,23,1,0,520,218,520
7112,mlp,5,val,569,root-1/task1--ep26--succ1.pkl,1,26,0,1,225,218,225
7113,mlp,5,val,570,root-1/task1--ep27--succ0.pkl,1,27,1,0,520,218,520
7114,mlp,5,val,571,root-1/task1--ep28--succ1.pkl,1,28,0,1,228,218,228
7115,mlp,5,val,575,root-1/task1--ep31--succ1.pkl,1,31,0,1,280,218,280
7116,mlp,5,val,577,root-1/task1--ep33--succ0.pkl,1,33,1,0,520,218,520
7117,mlp,5,val,578,root-1/task1--ep34--succ0.pkl,1,34,1,0,520,218,520
7118,mlp,5,val,581,root-1/task1--ep37--succ1.pkl,1,37,0,1,236,218,236
7119,mlp,5,val,583,root-1/task1--ep39--succ0.pkl,1,39,1,0,520,218,520
7120,mlp,5,val,584,root-1/task1--ep4--succ1.pkl,1,4,0,1,305,218,305
7121,mlp,5,val,588,root-1/task1--ep43--succ0.pkl,1,43,1,0,520,218,520
7122,mlp,5,val,590,root-1/task1--ep45--succ1.pkl,1,45,0,1,302,218,302
7123,mlp,5,val,594,root-1/task1--ep49--succ1.pkl,1,49,0,1,267,218,267
7124,mlp,5,val,596,root-1/task1--ep6--succ0.pkl,1,6,1,0,520,218,520
7125,mlp,5,val,597,root-1/task1--ep7--succ1.pkl,1,7,0,1,283,218,283
7126,mlp,5,val,600,root-1/task2--ep0--succ0.pkl,2,0,1,0,520,211,520
7127,mlp,5,val,601,root-1/task2--ep1--succ1.pkl,2,1,0,1,298,211,298
7128,mlp,5,val,608,root-1/task2--ep16--succ1.pkl,2,16,0,1,265,211,265
7129,mlp,5,val,612,root-1/task2--ep2--succ1.pkl,2,2,0,1,253,211,253
7130,mlp,5,val,614,root-1/task2--ep21--succ1.pkl,2,21,0,1,260,211,260
7131,mlp,5,val,617,root-1/task2--ep24--succ0.pkl,2,24,1,0,520,211,520
7132,mlp,5,val,623,root-1/task2--ep3--succ0.pkl,2,3,1,0,520,211,520
7133,mlp,5,val,625,root-1/task2--ep31--succ1.pkl,2,31,0,1,277,211,277
7134,mlp,5,val,627,root-1/task2--ep33--succ0.pkl,2,33,1,0,520,211,520
7135,mlp,5,val,629,root-1/task2--ep35--succ1.pkl,2,35,0,1,377,211,377
7136,mlp,5,val,633,root-1/task2--ep39--succ1.pkl,2,39,0,1,439,211,439
7137,mlp,5,val,634,root-1/task2--ep4--succ1.pkl,2,4,0,1,224,211,224
7138,mlp,5,val,636,root-1/task2--ep41--succ0.pkl,2,41,1,0,520,211,520
7139,mlp,5,val,637,root-1/task2--ep42--succ0.pkl,2,42,1,0,520,211,520
7140,mlp,5,val,638,root-1/task2--ep43--succ0.pkl,2,43,1,0,520,211,520
7141,mlp,5,val,646,root-1/task2--ep6--succ0.pkl,2,6,1,0,520,211,520
7142,mlp,5,val,649,root-1/task2--ep9--succ0.pkl,2,9,1,0,520,211,520
7143,mlp,5,val,650,root-1/task3--ep0--succ1.pkl,3,0,0,1,298,187,298
7144,mlp,5,val,652,root-1/task3--ep10--succ0.pkl,3,10,1,0,520,187,520
7145,mlp,5,val,655,root-1/task3--ep13--succ0.pkl,3,13,1,0,520,187,520
7146,mlp,5,val,667,root-1/task3--ep24--succ0.pkl,3,24,1,0,520,187,520
7147,mlp,5,val,668,root-1/task3--ep25--succ0.pkl,3,25,1,0,520,187,520
7148,mlp,5,val,675,root-1/task3--ep31--succ1.pkl,3,31,0,1,222,187,222
7149,mlp,5,val,676,root-1/task3--ep32--succ1.pkl,3,32,0,1,233,187,233
7150,mlp,5,val,677,root-1/task3--ep33--succ0.pkl,3,33,1,0,520,187,520
7151,mlp,5,val,678,root-1/task3--ep34--succ0.pkl,3,34,1,0,520,187,520
7152,mlp,5,val,679,root-1/task3--ep35--succ0.pkl,3,35,1,0,520,187,520
7153,mlp,5,val,681,root-1/task3--ep37--succ1.pkl,3,37,0,1,260,187,260
7154,mlp,5,val,684,root-1/task3--ep4--succ1.pkl,3,4,0,1,340,187,340
7155,mlp,5,val,686,root-1/task3--ep41--succ1.pkl,3,41,0,1,187,187,187
7156,mlp,5,val,689,root-1/task3--ep44--succ1.pkl,3,44,0,1,211,187,211
7157,mlp,5,val,692,root-1/task3--ep47--succ0.pkl,3,47,1,0,520,187,520
7158,mlp,5,val,695,root-1/task3--ep5--succ0.pkl,3,5,1,0,520,187,520
7159,mlp,5,val,698,root-1/task3--ep8--succ0.pkl,3,8,1,0,520,187,520
7160,mlp,5,val,700,root-1/task4--ep0--succ0.pkl,4,0,1,0,520,209,520
7161,mlp,5,val,701,root-1/task4--ep1--succ0.pkl,4,1,1,0,520,209,520
7162,mlp,5,val,704,root-1/task4--ep12--succ1.pkl,4,12,0,1,263,209,263
7163,mlp,5,val,705,root-1/task4--ep13--succ0.pkl,4,13,1,0,520,209,520
7164,mlp,5,val,706,root-1/task4--ep14--succ1.pkl,4,14,0,1,247,209,247
7165,mlp,5,val,708,root-1/task4--ep16--succ0.pkl,4,16,1,0,520,209,520
7166,mlp,5,val,709,root-1/task4--ep17--succ1.pkl,4,17,0,1,273,209,273
7167,mlp,5,val,713,root-1/task4--ep20--succ1.pkl,4,20,0,1,209,209,209
7168,mlp,5,val,716,root-1/task4--ep23--succ0.pkl,4,23,1,0,520,209,520
7169,mlp,5,val,720,root-1/task4--ep27--succ1.pkl,4,27,0,1,231,209,231
7170,mlp,5,val,721,root-1/task4--ep28--succ0.pkl,4,28,1,0,520,209,520
7171,mlp,5,val,723,root-1/task4--ep3--succ1.pkl,4,3,0,1,243,209,243
7172,mlp,5,val,726,root-1/task4--ep32--succ1.pkl,4,32,0,1,511,209,511
7173,mlp,5,val,728,root-1/task4--ep34--succ0.pkl,4,34,1,0,520,209,520
7174,mlp,5,val,731,root-1/task4--ep37--succ0.pkl,4,37,1,0,520,209,520
7175,mlp,5,val,732,root-1/task4--ep38--succ1.pkl,4,38,0,1,217,209,217
7176,mlp,5,val,733,root-1/task4--ep39--succ0.pkl,4,39,1,0,520,209,520
7177,mlp,5,val,735,root-1/task4--ep40--succ0.pkl,4,40,1,0,520,209,520
7178,mlp,5,val,736,root-1/task4--ep41--succ0.pkl,4,41,1,0,520,209,520
7179,mlp,5,val,737,root-1/task4--ep42--succ0.pkl,4,42,1,0,520,209,520
7180,mlp,5,val,738,root-1/task4--ep43--succ0.pkl,4,43,1,0,520,209,520
7181,mlp,5,val,739,root-1/task4--ep44--succ1.pkl,4,44,0,1,233,209,233
7182,mlp,5,val,740,root-1/task4--ep45--succ0.pkl,4,45,1,0,520,209,520
7183,mlp,5,val,742,root-1/task4--ep47--succ0.pkl,4,47,1,0,520,209,520
7184,mlp,5,val,745,root-1/task4--ep5--succ1.pkl,4,5,0,1,341,209,341
7185,mlp,5,val,747,root-1/task4--ep7--succ0.pkl,4,7,1,0,520,209,520
7186,mlp,5,val,800,root-1/task6--ep0--succ1.pkl,6,0,0,1,289,190,289
7187,mlp,5,val,808,root-1/task6--ep16--succ1.pkl,6,16,0,1,264,190,264
7188,mlp,5,val,810,root-1/task6--ep18--succ0.pkl,6,18,1,0,520,190,520
7189,mlp,5,val,815,root-1/task6--ep22--succ1.pkl,6,22,0,1,244,190,244
7190,mlp,5,val,817,root-1/task6--ep24--succ1.pkl,6,24,0,1,331,190,331
7191,mlp,5,val,819,root-1/task6--ep26--succ0.pkl,6,26,1,0,520,190,520
7192,mlp,5,val,825,root-1/task6--ep31--succ1.pkl,6,31,0,1,291,190,291
7193,mlp,5,val,828,root-1/task6--ep34--succ0.pkl,6,34,1,0,520,190,520
7194,mlp,5,val,831,root-1/task6--ep37--succ1.pkl,6,37,0,1,191,190,191
7195,mlp,5,val,832,root-1/task6--ep38--succ0.pkl,6,38,1,0,520,190,520
7196,mlp,5,val,834,root-1/task6--ep4--succ1.pkl,6,4,0,1,513,190,513
7197,mlp,5,val,836,root-1/task6--ep41--succ1.pkl,6,41,0,1,241,190,241
7198,mlp,5,val,837,root-1/task6--ep42--succ1.pkl,6,42,0,1,302,190,302
7199,mlp,5,val,839,root-1/task6--ep44--succ1.pkl,6,44,0,1,233,190,233
7200,mlp,5,val,841,root-1/task6--ep46--succ0.pkl,6,46,1,0,520,190,520
7201,mlp,5,val,842,root-1/task6--ep47--succ0.pkl,6,47,1,0,520,190,520
7202,mlp,5,val,843,root-1/task6--ep48--succ1.pkl,6,48,0,1,233,190,233
7203,mlp,5,val,844,root-1/task6--ep49--succ1.pkl,6,49,0,1,474,190,474
7204,mlp,5,val,846,root-1/task6--ep6--succ0.pkl,6,6,1,0,520,190,520
7205,mlp,5,val,847,root-1/task6--ep7--succ1.pkl,6,7,0,1,234,190,234
7206,mlp,5,val,850,root-1/task7--ep0--succ1.pkl,7,0,0,1,246,210,246
7207,mlp,5,val,857,root-1/task7--ep15--succ1.pkl,7,15,0,1,290,210,290
7208,mlp,5,val,862,root-1/task7--ep2--succ0.pkl,7,2,1,0,520,210,520
7209,mlp,5,val,864,root-1/task7--ep21--succ1.pkl,7,21,0,1,247,210,247
7210,mlp,5,val,866,root-1/task7--ep23--succ0.pkl,7,23,1,0,520,210,520
7211,mlp,5,val,867,root-1/task7--ep24--succ0.pkl,7,24,1,0,520,210,520
7212,mlp,5,val,869,root-1/task7--ep26--succ0.pkl,7,26,1,0,520,210,520
7213,mlp,5,val,870,root-1/task7--ep27--succ1.pkl,7,27,0,1,249,210,249
7214,mlp,5,val,871,root-1/task7--ep28--succ1.pkl,7,28,0,1,316,210,316
7215,mlp,5,val,879,root-1/task7--ep35--succ1.pkl,7,35,0,1,297,210,297
7216,mlp,5,val,881,root-1/task7--ep37--succ1.pkl,7,37,0,1,230,210,230
7217,mlp,5,val,882,root-1/task7--ep38--succ1.pkl,7,38,0,1,331,210,331
7218,mlp,5,val,888,root-1/task7--ep43--succ0.pkl,7,43,1,0,520,210,520
7219,mlp,5,val,891,root-1/task7--ep46--succ1.pkl,7,46,0,1,257,210,257
7220,mlp,5,val,895,root-1/task7--ep5--succ0.pkl,7,5,1,0,520,210,520
7221,mlp,5,val,896,root-1/task7--ep6--succ1.pkl,7,6,0,1,369,210,369
7222,mlp,5,val,898,root-1/task7--ep8--succ0.pkl,7,8,1,0,520,210,520
7223,mlp,5,val,899,root-1/task7--ep9--succ1.pkl,7,9,0,1,252,210,252
7224,mlp,5,val,901,root-1/task8--ep1--succ1.pkl,8,1,0,1,391,315,391
7225,mlp,5,val,904,root-1/task8--ep12--succ0.pkl,8,12,1,0,520,315,520
7226,mlp,5,val,905,root-1/task8--ep13--succ0.pkl,8,13,1,0,520,315,520
7227,mlp,5,val,906,root-1/task8--ep14--succ0.pkl,8,14,1,0,520,315,520
7228,mlp,5,val,907,root-1/task8--ep15--succ0.pkl,8,15,1,0,520,315,520
7229,mlp,5,val,910,root-1/task8--ep18--succ0.pkl,8,18,1,0,520,315,520
7230,mlp,5,val,914,root-1/task8--ep21--succ0.pkl,8,21,1,0,520,315,520
7231,mlp,5,val,920,root-1/task8--ep27--succ0.pkl,8,27,1,0,520,315,520
7232,mlp,5,val,921,root-1/task8--ep28--succ0.pkl,8,28,1,0,520,315,520
7233,mlp,5,val,923,root-1/task8--ep3--succ0.pkl,8,3,1,0,520,315,520
7234,mlp,5,val,927,root-1/task8--ep33--succ0.pkl,8,33,1,0,520,315,520
7235,mlp,5,val,932,root-1/task8--ep38--succ0.pkl,8,38,1,0,520,315,520
7236,mlp,5,val,934,root-1/task8--ep4--succ0.pkl,8,4,1,0,520,315,520
7237,mlp,5,val,940,root-1/task8--ep45--succ1.pkl,8,45,0,1,490,315,490
7238,mlp,5,val,943,root-1/task8--ep48--succ0.pkl,8,48,1,0,520,315,520
7239,mlp,5,val,945,root-1/task8--ep5--succ0.pkl,8,5,1,0,520,315,520
7240,mlp,5,val,946,root-1/task8--ep6--succ1.pkl,8,6,0,1,440,315,440
7241,mlp,5,val,947,root-1/task8--ep7--succ0.pkl,8,7,1,0,520,315,520
7242,mlp,5,val,948,root-1/task8--ep8--succ0.pkl,8,8,1,0,520,315,520
7243,mlp,5,val,954,root-1/task9--ep12--succ0.pkl,9,12,1,0,520,241,520
7244,mlp,5,val,956,root-1/task9--ep14--succ0.pkl,9,14,1,0,520,241,520
7245,mlp,5,val,958,root-1/task9--ep16--succ0.pkl,9,16,1,0,520,241,520
7246,mlp,5,val,959,root-1/task9--ep17--succ1.pkl,9,17,0,1,349,241,349
7247,mlp,5,val,965,root-1/task9--ep22--succ1.pkl,9,22,0,1,312,241,312
7248,mlp,5,val,977,root-1/task9--ep33--succ1.pkl,9,33,0,1,247,241,247
7249,mlp,5,val,978,root-1/task9--ep34--succ0.pkl,9,34,1,0,520,241,520
7250,mlp,5,val,980,root-1/task9--ep36--succ1.pkl,9,36,0,1,359,241,359
7251,mlp,5,val,981,root-1/task9--ep37--succ1.pkl,9,37,0,1,413,241,413
7252,mlp,5,val,983,root-1/task9--ep39--succ0.pkl,9,39,1,0,520,241,520
7253,mlp,5,val,984,root-1/task9--ep4--succ0.pkl,9,4,1,0,520,241,520
7254,mlp,5,val,985,root-1/task9--ep40--succ1.pkl,9,40,0,1,389,241,389
7255,mlp,5,val,987,root-1/task9--ep42--succ0.pkl,9,42,1,0,520,241,520
7256,mlp,5,val,988,root-1/task9--ep43--succ0.pkl,9,43,1,0,520,241,520
7257,mlp,5,val,990,root-1/task9--ep45--succ0.pkl,9,45,1,0,520,241,520
7258,mlp,5,val,991,root-1/task9--ep46--succ0.pkl,9,46,1,0,520,241,520
7259,mlp,5,val,994,root-1/task9--ep49--succ0.pkl,9,49,1,0,520,241,520
7260,mlp,5,test,250,root-0/task5--ep0--succ1.pkl,5,0,0,1,161,148,161
7261,mlp,5,test,251,root-0/task5--ep1--succ1.pkl,5,1,0,1,305,148,305
7262,mlp,5,test,252,root-0/task5--ep10--succ1.pkl,5,10,0,1,274,148,274
7263,mlp,5,test,253,root-0/task5--ep11--succ1.pkl,5,11,0,1,160,148,160
7264,mlp,5,test,254,root-0/task5--ep12--succ1.pkl,5,12,0,1,201,148,201
7265,mlp,5,test,255,root-0/task5--ep13--succ1.pkl,5,13,0,1,170,148,170
7266,mlp,5,test,256,root-0/task5--ep14--succ1.pkl,5,14,0,1,223,148,223
7267,mlp,5,test,257,root-0/task5--ep15--succ1.pkl,5,15,0,1,154,148,154
7268,mlp,5,test,258,root-0/task5--ep16--succ1.pkl,5,16,0,1,327,148,327
7269,mlp,5,test,259,root-0/task5--ep17--succ1.pkl,5,17,0,1,181,148,181
7270,mlp,5,test,260,root-0/task5--ep18--succ1.pkl,5,18,0,1,175,148,175
7271,mlp,5,test,261,root-0/task5--ep19--succ1.pkl,5,19,0,1,200,148,200
7272,mlp,5,test,262,root-0/task5--ep2--succ1.pkl,5,2,0,1,179,148,179
7273,mlp,5,test,263,root-0/task5--ep20--succ0.pkl,5,20,1,0,520,148,520
7274,mlp,5,test,264,root-0/task5--ep21--succ1.pkl,5,21,0,1,184,148,184
7275,mlp,5,test,265,root-0/task5--ep22--succ0.pkl,5,22,1,0,520,148,520
7276,mlp,5,test,266,root-0/task5--ep23--succ1.pkl,5,23,0,1,174,148,174
7277,mlp,5,test,267,root-0/task5--ep24--succ1.pkl,5,24,0,1,172,148,172
7278,mlp,5,test,268,root-0/task5--ep25--succ1.pkl,5,25,0,1,207,148,207
7279,mlp,5,test,269,root-0/task5--ep26--succ1.pkl,5,26,0,1,187,148,187
7280,mlp,5,test,270,root-0/task5--ep27--succ1.pkl,5,27,0,1,261,148,261
7281,mlp,5,test,271,root-0/task5--ep28--succ0.pkl,5,28,1,0,520,148,520
7282,mlp,5,test,272,root-0/task5--ep29--succ1.pkl,5,29,0,1,148,148,148
7283,mlp,5,test,273,root-0/task5--ep3--succ1.pkl,5,3,0,1,233,148,233
7284,mlp,5,test,274,root-0/task5--ep30--succ1.pkl,5,30,0,1,186,148,186
7285,mlp,5,test,275,root-0/task5--ep31--succ0.pkl,5,31,1,0,520,148,520
7286,mlp,5,test,276,root-0/task5--ep32--succ1.pkl,5,32,0,1,183,148,183
7287,mlp,5,test,277,root-0/task5--ep33--succ0.pkl,5,33,1,0,520,148,520
7288,mlp,5,test,278,root-0/task5--ep34--succ1.pkl,5,34,0,1,198,148,198
7289,mlp,5,test,279,root-0/task5--ep35--succ1.pkl,5,35,0,1,179,148,179
7290,mlp,5,test,280,root-0/task5--ep36--succ1.pkl,5,36,0,1,231,148,231
7291,mlp,5,test,281,root-0/task5--ep37--succ1.pkl,5,37,0,1,178,148,178
7292,mlp,5,test,282,root-0/task5--ep38--succ0.pkl,5,38,1,0,520,148,520
7293,mlp,5,test,283,root-0/task5--ep39--succ1.pkl,5,39,0,1,184,148,184
7294,mlp,5,test,284,root-0/task5--ep4--succ1.pkl,5,4,0,1,194,148,194
7295,mlp,5,test,285,root-0/task5--ep40--succ0.pkl,5,40,1,0,520,148,520
7296,mlp,5,test,286,root-0/task5--ep41--succ1.pkl,5,41,0,1,200,148,200
7297,mlp,5,test,287,root-0/task5--ep42--succ1.pkl,5,42,0,1,231,148,231
7298,mlp,5,test,288,root-0/task5--ep43--succ1.pkl,5,43,0,1,176,148,176
7299,mlp,5,test,289,root-0/task5--ep44--succ1.pkl,5,44,0,1,210,148,210
7300,mlp,5,test,290,root-0/task5--ep45--succ1.pkl,5,45,0,1,195,148,195
7301,mlp,5,test,291,root-0/task5--ep46--succ1.pkl,5,46,0,1,157,148,157
7302,mlp,5,test,292,root-0/task5--ep47--succ1.pkl,5,47,0,1,430,148,430
7303,mlp,5,test,293,root-0/task5--ep48--succ1.pkl,5,48,0,1,212,148,212
7304,mlp,5,test,294,root-0/task5--ep49--succ1.pkl,5,49,0,1,200,148,200
7305,mlp,5,test,295,root-0/task5--ep5--succ0.pkl,5,5,1,0,520,148,520
7306,mlp,5,test,296,root-0/task5--ep6--succ1.pkl,5,6,0,1,197,148,197
7307,mlp,5,test,297,root-0/task5--ep7--succ1.pkl,5,7,0,1,197,148,197
7308,mlp,5,test,298,root-0/task5--ep8--succ1.pkl,5,8,0,1,154,148,154
7309,mlp,5,test,299,root-0/task5--ep9--succ1.pkl,5,9,0,1,334,148,334
7310,mlp,5,test,750,root-1/task5--ep0--succ1.pkl,5,0,0,1,201,148,201
7311,mlp,5,test,751,root-1/task5--ep1--succ1.pkl,5,1,0,1,178,148,178
7312,mlp,5,test,752,root-1/task5--ep10--succ1.pkl,5,10,0,1,242,148,242
7313,mlp,5,test,753,root-1/task5--ep11--succ1.pkl,5,11,0,1,282,148,282
7314,mlp,5,test,754,root-1/task5--ep12--succ1.pkl,5,12,0,1,159,148,159
7315,mlp,5,test,755,root-1/task5--ep13--succ1.pkl,5,13,0,1,165,148,165
7316,mlp,5,test,756,root-1/task5--ep14--succ1.pkl,5,14,0,1,235,148,235
7317,mlp,5,test,757,root-1/task5--ep15--succ1.pkl,5,15,0,1,202,148,202
7318,mlp,5,test,758,root-1/task5--ep16--succ1.pkl,5,16,0,1,170,148,170
7319,mlp,5,test,759,root-1/task5--ep17--succ1.pkl,5,17,0,1,188,148,188
7320,mlp,5,test,760,root-1/task5--ep18--succ1.pkl,5,18,0,1,215,148,215
7321,mlp,5,test,761,root-1/task5--ep19--succ0.pkl,5,19,1,0,520,148,520
7322,mlp,5,test,762,root-1/task5--ep2--succ1.pkl,5,2,0,1,210,148,210
7323,mlp,5,test,763,root-1/task5--ep20--succ0.pkl,5,20,1,0,520,148,520
7324,mlp,5,test,764,root-1/task5--ep21--succ1.pkl,5,21,0,1,177,148,177
7325,mlp,5,test,765,root-1/task5--ep22--succ1.pkl,5,22,0,1,178,148,178
7326,mlp,5,test,766,root-1/task5--ep23--succ1.pkl,5,23,0,1,197,148,197
7327,mlp,5,test,767,root-1/task5--ep24--succ1.pkl,5,24,0,1,174,148,174
7328,mlp,5,test,768,root-1/task5--ep25--succ1.pkl,5,25,0,1,195,148,195
7329,mlp,5,test,769,root-1/task5--ep26--succ0.pkl,5,26,1,0,520,148,520
7330,mlp,5,test,770,root-1/task5--ep27--succ1.pkl,5,27,0,1,201,148,201
7331,mlp,5,test,771,root-1/task5--ep28--succ1.pkl,5,28,0,1,222,148,222
7332,mlp,5,test,772,root-1/task5--ep29--succ1.pkl,5,29,0,1,148,148,148
7333,mlp,5,test,773,root-1/task5--ep3--succ1.pkl,5,3,0,1,173,148,173
7334,mlp,5,test,774,root-1/task5--ep30--succ0.pkl,5,30,1,0,520,148,520
7335,mlp,5,test,775,root-1/task5--ep31--succ1.pkl,5,31,0,1,207,148,207
7336,mlp,5,test,776,root-1/task5--ep32--succ1.pkl,5,32,0,1,189,148,189
7337,mlp,5,test,777,root-1/task5--ep33--succ0.pkl,5,33,1,0,520,148,520
7338,mlp,5,test,778,root-1/task5--ep34--succ1.pkl,5,34,0,1,174,148,174
7339,mlp,5,test,779,root-1/task5--ep35--succ1.pkl,5,35,0,1,211,148,211
7340,mlp,5,test,780,root-1/task5--ep36--succ0.pkl,5,36,1,0,520,148,520
7341,mlp,5,test,781,root-1/task5--ep37--succ1.pkl,5,37,0,1,174,148,174
7342,mlp,5,test,782,root-1/task5--ep38--succ1.pkl,5,38,0,1,181,148,181
7343,mlp,5,test,783,root-1/task5--ep39--succ1.pkl,5,39,0,1,169,148,169
7344,mlp,5,test,784,root-1/task5--ep4--succ1.pkl,5,4,0,1,266,148,266
7345,mlp,5,test,785,root-1/task5--ep40--succ1.pkl,5,40,0,1,196,148,196
7346,mlp,5,test,786,root-1/task5--ep41--succ0.pkl,5,41,1,0,520,148,520
7347,mlp,5,test,787,root-1/task5--ep42--succ1.pkl,5,42,0,1,194,148,194
7348,mlp,5,test,788,root-1/task5--ep43--succ1.pkl,5,43,0,1,211,148,211
7349,mlp,5,test,789,root-1/task5--ep44--succ1.pkl,5,44,0,1,183,148,183
7350,mlp,5,test,790,root-1/task5--ep45--succ1.pkl,5,45,0,1,172,148,172
7351,mlp,5,test,791,root-1/task5--ep46--succ0.pkl,5,46,1,0,520,148,520
7352,mlp,5,test,792,root-1/task5--ep47--succ0.pkl,5,47,1,0,520,148,520
7353,mlp,5,test,793,root-1/task5--ep48--succ1.pkl,5,48,0,1,190,148,190
7354,mlp,5,test,794,root-1/task5--ep49--succ1.pkl,5,49,0,1,211,148,211
7355,mlp,5,test,795,root-1/task5--ep5--succ1.pkl,5,5,0,1,183,148,183
7356,mlp,5,test,796,root-1/task5--ep6--succ1.pkl,5,6,0,1,199,148,199
7357,mlp,5,test,797,root-1/task5--ep7--succ1.pkl,5,7,0,1,205,148,205
7358,mlp,5,test,798,root-1/task5--ep8--succ1.pkl,5,8,0,1,153,148,153
7359,mlp,5,test,799,root-1/task5--ep9--succ1.pkl,5,9,0,1,396,148,396
7360,mlp,6,val,8,root-0/task0--ep16--succ0.pkl,0,16,1,0,520,230,520
7361,mlp,6,val,9,root-0/task0--ep17--succ1.pkl,0,17,0,1,321,230,321
7362,mlp,6,val,10,root-0/task0--ep18--succ1.pkl,0,18,0,1,303,230,303
7363,mlp,6,val,11,root-0/task0--ep19--succ1.pkl,0,19,0,1,304,230,304
7364,mlp,6,val,13,root-0/task0--ep20--succ0.pkl,0,20,1,0,520,230,520
7365,mlp,6,val,16,root-0/task0--ep23--succ1.pkl,0,23,0,1,414,230,414
7366,mlp,6,val,18,root-0/task0--ep25--succ0.pkl,0,25,1,0,520,230,520
7367,mlp,6,val,19,root-0/task0--ep26--succ0.pkl,0,26,1,0,520,230,520
7368,mlp,6,val,21,root-0/task0--ep28--succ0.pkl,0,28,1,0,520,230,520
7369,mlp,6,val,22,root-0/task0--ep29--succ1.pkl,0,29,0,1,257,230,257
7370,mlp,6,val,26,root-0/task0--ep32--succ1.pkl,0,32,0,1,321,230,321
7371,mlp,6,val,28,root-0/task0--ep34--succ1.pkl,0,34,0,1,252,230,252
7372,mlp,6,val,29,root-0/task0--ep35--succ1.pkl,0,35,0,1,278,230,278
7373,mlp,6,val,32,root-0/task0--ep38--succ0.pkl,0,38,1,0,520,230,520
7374,mlp,6,val,33,root-0/task0--ep39--succ1.pkl,0,39,0,1,360,230,360
7375,mlp,6,val,34,root-0/task0--ep4--succ0.pkl,0,4,1,0,520,230,520
7376,mlp,6,val,37,root-0/task0--ep42--succ0.pkl,0,42,1,0,520,230,520
7377,mlp,6,val,38,root-0/task0--ep43--succ1.pkl,0,43,0,1,357,230,357
7378,mlp,6,val,39,root-0/task0--ep44--succ1.pkl,0,44,0,1,481,230,481
7379,mlp,6,val,40,root-0/task0--ep45--succ1.pkl,0,45,0,1,375,230,375
7380,mlp,6,val,42,root-0/task0--ep47--succ1.pkl,0,47,0,1,283,230,283
7381,mlp,6,val,44,root-0/task0--ep49--succ1.pkl,0,49,0,1,321,230,321
7382,mlp,6,val,49,root-0/task0--ep9--succ1.pkl,0,9,0,1,291,230,291
7383,mlp,6,val,51,root-0/task1--ep1--succ1.pkl,1,1,0,1,253,218,253
7384,mlp,6,val,54,root-0/task1--ep12--succ1.pkl,1,12,0,1,238,218,238
7385,mlp,6,val,64,root-0/task1--ep21--succ0.pkl,1,21,1,0,520,218,520
7386,mlp,6,val,70,root-0/task1--ep27--succ0.pkl,1,27,1,0,520,218,520
7387,mlp,6,val,71,root-0/task1--ep28--succ1.pkl,1,28,0,1,270,218,270
7388,mlp,6,val,72,root-0/task1--ep29--succ1.pkl,1,29,0,1,236,218,236
7389,mlp,6,val,75,root-0/task1--ep31--succ1.pkl,1,31,0,1,232,218,232
7390,mlp,6,val,77,root-0/task1--ep33--succ1.pkl,1,33,0,1,224,218,224
7391,mlp,6,val,80,root-0/task1--ep36--succ0.pkl,1,36,1,0,520,218,520
7392,mlp,6,val,81,root-0/task1--ep37--succ1.pkl,1,37,0,1,286,218,286
7393,mlp,6,val,82,root-0/task1--ep38--succ1.pkl,1,38,0,1,249,218,249
7394,mlp,6,val,83,root-0/task1--ep39--succ1.pkl,1,39,0,1,316,218,316
7395,mlp,6,val,85,root-0/task1--ep40--succ1.pkl,1,40,0,1,225,218,225
7396,mlp,6,val,86,root-0/task1--ep41--succ1.pkl,1,41,0,1,396,218,396
7397,mlp,6,val,87,root-0/task1--ep42--succ1.pkl,1,42,0,1,243,218,243
7398,mlp,6,val,93,root-0/task1--ep48--succ0.pkl,1,48,1,0,520,218,520
7399,mlp,6,val,94,root-0/task1--ep49--succ1.pkl,1,49,0,1,265,218,265
7400,mlp,6,val,97,root-0/task1--ep7--succ1.pkl,1,7,0,1,225,218,225
7401,mlp,6,val,100,root-0/task2--ep0--succ1.pkl,2,0,0,1,258,211,258
7402,mlp,6,val,101,root-0/task2--ep1--succ1.pkl,2,1,0,1,285,211,285
7403,mlp,6,val,109,root-0/task2--ep17--succ1.pkl,2,17,0,1,242,211,242
7404,mlp,6,val,111,root-0/task2--ep19--succ1.pkl,2,19,0,1,227,211,227
7405,mlp,6,val,112,root-0/task2--ep2--succ0.pkl,2,2,1,0,520,211,520
7406,mlp,6,val,113,root-0/task2--ep20--succ0.pkl,2,20,1,0,520,211,520
7407,mlp,6,val,114,root-0/task2--ep21--succ1.pkl,2,21,0,1,320,211,320
7408,mlp,6,val,117,root-0/task2--ep24--succ0.pkl,2,24,1,0,520,211,520
7409,mlp,6,val,118,root-0/task2--ep25--succ1.pkl,2,25,0,1,251,211,251
7410,mlp,6,val,121,root-0/task2--ep28--succ1.pkl,2,28,0,1,304,211,304
7411,mlp,6,val,122,root-0/task2--ep29--succ0.pkl,2,29,1,0,520,211,520
7412,mlp,6,val,125,root-0/task2--ep31--succ0.pkl,2,31,1,0,520,211,520
7413,mlp,6,val,127,root-0/task2--ep33--succ0.pkl,2,33,1,0,520,211,520
7414,mlp,6,val,132,root-0/task2--ep38--succ1.pkl,2,38,0,1,295,211,295
7415,mlp,6,val,133,root-0/task2--ep39--succ0.pkl,2,39,1,0,520,211,520
7416,mlp,6,val,134,root-0/task2--ep4--succ1.pkl,2,4,0,1,225,211,225
7417,mlp,6,val,136,root-0/task2--ep41--succ0.pkl,2,41,1,0,520,211,520
7418,mlp,6,val,138,root-0/task2--ep43--succ1.pkl,2,43,0,1,342,211,342
7419,mlp,6,val,139,root-0/task2--ep44--succ0.pkl,2,44,1,0,520,211,520
7420,mlp,6,val,143,root-0/task2--ep48--succ0.pkl,2,48,1,0,520,211,520
7421,mlp,6,val,145,root-0/task2--ep5--succ0.pkl,2,5,1,0,520,211,520
7422,mlp,6,val,147,root-0/task2--ep7--succ0.pkl,2,7,1,0,520,211,520
7423,mlp,6,val,148,root-0/task2--ep8--succ1.pkl,2,8,0,1,316,211,316
7424,mlp,6,val,151,root-0/task3--ep1--succ0.pkl,3,1,1,0,520,187,520
7425,mlp,6,val,154,root-0/task3--ep12--succ1.pkl,3,12,0,1,360,187,360
7426,mlp,6,val,156,root-0/task3--ep14--succ0.pkl,3,14,1,0,520,187,520
7427,mlp,6,val,159,root-0/task3--ep17--succ1.pkl,3,17,0,1,218,187,218
7428,mlp,6,val,161,root-0/task3--ep19--succ0.pkl,3,19,1,0,520,187,520
7429,mlp,6,val,163,root-0/task3--ep20--succ1.pkl,3,20,0,1,245,187,245
7430,mlp,6,val,164,root-0/task3--ep21--succ0.pkl,3,21,1,0,520,187,520
7431,mlp,6,val,165,root-0/task3--ep22--succ0.pkl,3,22,1,0,520,187,520
7432,mlp,6,val,167,root-0/task3--ep24--succ1.pkl,3,24,0,1,277,187,277
7433,mlp,6,val,172,root-0/task3--ep29--succ0.pkl,3,29,1,0,520,187,520
7434,mlp,6,val,177,root-0/task3--ep33--succ0.pkl,3,33,1,0,520,187,520
7435,mlp,6,val,178,root-0/task3--ep34--succ0.pkl,3,34,1,0,520,187,520
7436,mlp,6,val,183,root-0/task3--ep39--succ1.pkl,3,39,0,1,196,187,196
7437,mlp,6,val,184,root-0/task3--ep4--succ1.pkl,3,4,0,1,453,187,453
7438,mlp,6,val,185,root-0/task3--ep40--succ0.pkl,3,40,1,0,520,187,520
7439,mlp,6,val,186,root-0/task3--ep41--succ1.pkl,3,41,0,1,256,187,256
7440,mlp,6,val,187,root-0/task3--ep42--succ0.pkl,3,42,1,0,520,187,520
7441,mlp,6,val,188,root-0/task3--ep43--succ0.pkl,3,43,1,0,520,187,520
7442,mlp,6,val,191,root-0/task3--ep46--succ0.pkl,3,46,1,0,520,187,520
7443,mlp,6,val,195,root-0/task3--ep5--succ0.pkl,3,5,1,0,520,187,520
7444,mlp,6,val,196,root-0/task3--ep6--succ0.pkl,3,6,1,0,520,187,520
7445,mlp,6,val,197,root-0/task3--ep7--succ1.pkl,3,7,0,1,195,187,195
7446,mlp,6,val,201,root-0/task4--ep1--succ0.pkl,4,1,1,0,520,209,520
7447,mlp,6,val,203,root-0/task4--ep11--succ0.pkl,4,11,1,0,520,209,520
7448,mlp,6,val,217,root-0/task4--ep24--succ1.pkl,4,24,0,1,294,209,294
7449,mlp,6,val,219,root-0/task4--ep26--succ0.pkl,4,26,1,0,520,209,520
7450,mlp,6,val,221,root-0/task4--ep28--succ1.pkl,4,28,0,1,233,209,233
7451,mlp,6,val,223,root-0/task4--ep3--succ1.pkl,4,3,0,1,235,209,235
7452,mlp,6,val,225,root-0/task4--ep31--succ1.pkl,4,31,0,1,241,209,241
7453,mlp,6,val,227,root-0/task4--ep33--succ1.pkl,4,33,0,1,241,209,241
7454,mlp,6,val,228,root-0/task4--ep34--succ1.pkl,4,34,0,1,246,209,246
7455,mlp,6,val,233,root-0/task4--ep39--succ1.pkl,4,39,0,1,219,209,219
7456,mlp,6,val,235,root-0/task4--ep40--succ0.pkl,4,40,1,0,520,209,520
7457,mlp,6,val,239,root-0/task4--ep44--succ1.pkl,4,44,0,1,238,209,238
7458,mlp,6,val,241,root-0/task4--ep46--succ0.pkl,4,46,1,0,520,209,520
7459,mlp,6,val,249,root-0/task4--ep9--succ1.pkl,4,9,0,1,220,209,220
7460,mlp,6,val,250,root-0/task5--ep0--succ1.pkl,5,0,0,1,161,148,161
7461,mlp,6,val,253,root-0/task5--ep11--succ1.pkl,5,11,0,1,160,148,160
7462,mlp,6,val,258,root-0/task5--ep16--succ1.pkl,5,16,0,1,327,148,327
7463,mlp,6,val,264,root-0/task5--ep21--succ1.pkl,5,21,0,1,184,148,184
7464,mlp,6,val,265,root-0/task5--ep22--succ0.pkl,5,22,1,0,520,148,520
7465,mlp,6,val,267,root-0/task5--ep24--succ1.pkl,5,24,0,1,172,148,172
7466,mlp,6,val,268,root-0/task5--ep25--succ1.pkl,5,25,0,1,207,148,207
7467,mlp,6,val,269,root-0/task5--ep26--succ1.pkl,5,26,0,1,187,148,187
7468,mlp,6,val,270,root-0/task5--ep27--succ1.pkl,5,27,0,1,261,148,261
7469,mlp,6,val,271,root-0/task5--ep28--succ0.pkl,5,28,1,0,520,148,520
7470,mlp,6,val,273,root-0/task5--ep3--succ1.pkl,5,3,0,1,233,148,233
7471,mlp,6,val,274,root-0/task5--ep30--succ1.pkl,5,30,0,1,186,148,186
7472,mlp,6,val,276,root-0/task5--ep32--succ1.pkl,5,32,0,1,183,148,183
7473,mlp,6,val,280,root-0/task5--ep36--succ1.pkl,5,36,0,1,231,148,231
7474,mlp,6,val,284,root-0/task5--ep4--succ1.pkl,5,4,0,1,194,148,194
7475,mlp,6,val,287,root-0/task5--ep42--succ1.pkl,5,42,0,1,231,148,231
7476,mlp,6,val,296,root-0/task5--ep6--succ1.pkl,5,6,0,1,197,148,197
7477,mlp,6,val,298,root-0/task5--ep8--succ1.pkl,5,8,0,1,154,148,154
7478,mlp,6,val,299,root-0/task5--ep9--succ1.pkl,5,9,0,1,334,148,334
7479,mlp,6,val,353,root-0/task7--ep11--succ0.pkl,7,11,1,0,520,210,520
7480,mlp,6,val,357,root-0/task7--ep15--succ1.pkl,7,15,0,1,227,210,227
7481,mlp,6,val,360,root-0/task7--ep18--succ1.pkl,7,18,0,1,210,210,210
7482,mlp,6,val,362,root-0/task7--ep2--succ1.pkl,7,2,0,1,332,210,332
7483,mlp,6,val,365,root-0/task7--ep22--succ0.pkl,7,22,1,0,520,210,520
7484,mlp,6,val,367,root-0/task7--ep24--succ1.pkl,7,24,0,1,231,210,231
7485,mlp,6,val,368,root-0/task7--ep25--succ1.pkl,7,25,0,1,301,210,301
7486,mlp,6,val,372,root-0/task7--ep29--succ0.pkl,7,29,1,0,520,210,520
7487,mlp,6,val,373,root-0/task7--ep3--succ1.pkl,7,3,0,1,362,210,362
7488,mlp,6,val,376,root-0/task7--ep32--succ1.pkl,7,32,0,1,239,210,239
7489,mlp,6,val,381,root-0/task7--ep37--succ1.pkl,7,37,0,1,267,210,267
7490,mlp,6,val,384,root-0/task7--ep4--succ0.pkl,7,4,1,0,520,210,520
7491,mlp,6,val,385,root-0/task7--ep40--succ1.pkl,7,40,0,1,341,210,341
7492,mlp,6,val,387,root-0/task7--ep42--succ1.pkl,7,42,0,1,267,210,267
7493,mlp,6,val,389,root-0/task7--ep44--succ0.pkl,7,44,1,0,520,210,520
7494,mlp,6,val,390,root-0/task7--ep45--succ1.pkl,7,45,0,1,260,210,260
7495,mlp,6,val,391,root-0/task7--ep46--succ0.pkl,7,46,1,0,520,210,520
7496,mlp,6,val,392,root-0/task7--ep47--succ1.pkl,7,47,0,1,300,210,300
7497,mlp,6,val,394,root-0/task7--ep49--succ1.pkl,7,49,0,1,369,210,369
7498,mlp,6,val,395,root-0/task7--ep5--succ0.pkl,7,5,1,0,520,210,520
7499,mlp,6,val,401,root-0/task8--ep1--succ1.pkl,8,1,0,1,448,315,448
7500,mlp,6,val,402,root-0/task8--ep10--succ0.pkl,8,10,1,0,520,315,520
7501,mlp,6,val,403,root-0/task8--ep11--succ1.pkl,8,11,0,1,486,315,486
7502,mlp,6,val,407,root-0/task8--ep15--succ1.pkl,8,15,0,1,347,315,347
7503,mlp,6,val,409,root-0/task8--ep17--succ1.pkl,8,17,0,1,509,315,509
7504,mlp,6,val,413,root-0/task8--ep20--succ0.pkl,8,20,1,0,520,315,520
7505,mlp,6,val,419,root-0/task8--ep26--succ1.pkl,8,26,0,1,427,315,427
7506,mlp,6,val,420,root-0/task8--ep27--succ0.pkl,8,27,1,0,520,315,520
7507,mlp,6,val,424,root-0/task8--ep30--succ1.pkl,8,30,0,1,417,315,417
7508,mlp,6,val,425,root-0/task8--ep31--succ0.pkl,8,31,1,0,520,315,520
7509,mlp,6,val,426,root-0/task8--ep32--succ0.pkl,8,32,1,0,520,315,520
7510,mlp,6,val,432,root-0/task8--ep38--succ0.pkl,8,38,1,0,520,315,520
7511,mlp,6,val,433,root-0/task8--ep39--succ0.pkl,8,39,1,0,520,315,520
7512,mlp,6,val,438,root-0/task8--ep43--succ0.pkl,8,43,1,0,520,315,520
7513,mlp,6,val,439,root-0/task8--ep44--succ1.pkl,8,44,0,1,315,315,315
7514,mlp,6,val,440,root-0/task8--ep45--succ0.pkl,8,45,1,0,520,315,520
7515,mlp,6,val,441,root-0/task8--ep46--succ0.pkl,8,46,1,0,520,315,520
7516,mlp,6,val,445,root-0/task8--ep5--succ0.pkl,8,5,1,0,520,315,520
7517,mlp,6,val,446,root-0/task8--ep6--succ0.pkl,8,6,1,0,520,315,520
7518,mlp,6,val,447,root-0/task8--ep7--succ0.pkl,8,7,1,0,520,315,520
7519,mlp,6,val,449,root-0/task8--ep9--succ1.pkl,8,9,0,1,504,315,504
7520,mlp,6,val,450,root-0/task9--ep0--succ0.pkl,9,0,1,0,520,241,520
7521,mlp,6,val,451,root-0/task9--ep1--succ0.pkl,9,1,1,0,520,241,520
7522,mlp,6,val,454,root-0/task9--ep12--succ0.pkl,9,12,1,0,520,241,520
7523,mlp,6,val,458,root-0/task9--ep16--succ0.pkl,9,16,1,0,520,241,520
7524,mlp,6,val,460,root-0/task9--ep18--succ1.pkl,9,18,0,1,372,241,372
7525,mlp,6,val,461,root-0/task9--ep19--succ1.pkl,9,19,0,1,427,241,427
7526,mlp,6,val,462,root-0/task9--ep2--succ1.pkl,9,2,0,1,300,241,300
7527,mlp,6,val,464,root-0/task9--ep21--succ1.pkl,9,21,0,1,300,241,300
7528,mlp,6,val,466,root-0/task9--ep23--succ0.pkl,9,23,1,0,520,241,520
7529,mlp,6,val,467,root-0/task9--ep24--succ0.pkl,9,24,1,0,520,241,520
7530,mlp,6,val,469,root-0/task9--ep26--succ0.pkl,9,26,1,0,520,241,520
7531,mlp,6,val,476,root-0/task9--ep32--succ0.pkl,9,32,1,0,520,241,520
7532,mlp,6,val,478,root-0/task9--ep34--succ0.pkl,9,34,1,0,520,241,520
7533,mlp,6,val,480,root-0/task9--ep36--succ0.pkl,9,36,1,0,520,241,520
7534,mlp,6,val,482,root-0/task9--ep38--succ0.pkl,9,38,1,0,520,241,520
7535,mlp,6,val,483,root-0/task9--ep39--succ0.pkl,9,39,1,0,520,241,520
7536,mlp,6,val,485,root-0/task9--ep40--succ0.pkl,9,40,1,0,520,241,520
7537,mlp,6,val,486,root-0/task9--ep41--succ1.pkl,9,41,0,1,316,241,316
7538,mlp,6,val,490,root-0/task9--ep45--succ0.pkl,9,45,1,0,520,241,520
7539,mlp,6,val,494,root-0/task9--ep49--succ1.pkl,9,49,0,1,344,241,344
7540,mlp,6,val,495,root-0/task9--ep5--succ1.pkl,9,5,0,1,312,241,312
7541,mlp,6,val,497,root-0/task9--ep7--succ0.pkl,9,7,1,0,520,241,520
7542,mlp,6,val,498,root-0/task9--ep8--succ1.pkl,9,8,0,1,307,241,307
7543,mlp,6,val,500,root-1/task0--ep0--succ0.pkl,0,0,1,0,520,230,520
7544,mlp,6,val,502,root-1/task0--ep10--succ1.pkl,0,10,0,1,290,230,290
7545,mlp,6,val,505,root-1/task0--ep13--succ1.pkl,0,13,0,1,278,230,278
7546,mlp,6,val,517,root-1/task0--ep24--succ0.pkl,0,24,1,0,520,230,520
7547,mlp,6,val,518,root-1/task0--ep25--succ1.pkl,0,25,0,1,295,230,295
7548,mlp,6,val,525,root-1/task0--ep31--succ1.pkl,0,31,0,1,295,230,295
7549,mlp,6,val,526,root-1/task0--ep32--succ0.pkl,0,32,1,0,520,230,520
7550,mlp,6,val,527,root-1/task0--ep33--succ1.pkl,0,33,0,1,357,230,357
7551,mlp,6,val,528,root-1/task0--ep34--succ1.pkl,0,34,0,1,371,230,371
7552,mlp,6,val,529,root-1/task0--ep35--succ1.pkl,0,35,0,1,392,230,392
7553,mlp,6,val,531,root-1/task0--ep37--succ1.pkl,0,37,0,1,333,230,333
7554,mlp,6,val,534,root-1/task0--ep4--succ0.pkl,0,4,1,0,520,230,520
7555,mlp,6,val,536,root-1/task0--ep41--succ1.pkl,0,41,0,1,348,230,348
7556,mlp,6,val,539,root-1/task0--ep44--succ1.pkl,0,44,0,1,423,230,423
7557,mlp,6,val,542,root-1/task0--ep47--succ1.pkl,0,47,0,1,315,230,315
7558,mlp,6,val,545,root-1/task0--ep5--succ0.pkl,0,5,1,0,520,230,520
7559,mlp,6,val,548,root-1/task0--ep8--succ1.pkl,0,8,0,1,341,230,341
7560,mlp,6,val,550,root-1/task1--ep0--succ1.pkl,1,0,0,1,249,218,249
7561,mlp,6,val,554,root-1/task1--ep12--succ1.pkl,1,12,0,1,262,218,262
7562,mlp,6,val,556,root-1/task1--ep14--succ0.pkl,1,14,1,0,520,218,520
7563,mlp,6,val,557,root-1/task1--ep15--succ1.pkl,1,15,0,1,257,218,257
7564,mlp,6,val,560,root-1/task1--ep18--succ1.pkl,1,18,0,1,242,218,242
7565,mlp,6,val,561,root-1/task1--ep19--succ1.pkl,1,19,0,1,248,218,248
7566,mlp,6,val,562,root-1/task1--ep2--succ1.pkl,1,2,0,1,235,218,235
7567,mlp,6,val,566,root-1/task1--ep23--succ0.pkl,1,23,1,0,520,218,520
7568,mlp,6,val,569,root-1/task1--ep26--succ1.pkl,1,26,0,1,225,218,225
7569,mlp,6,val,570,root-1/task1--ep27--succ0.pkl,1,27,1,0,520,218,520
7570,mlp,6,val,571,root-1/task1--ep28--succ1.pkl,1,28,0,1,228,218,228
7571,mlp,6,val,575,root-1/task1--ep31--succ1.pkl,1,31,0,1,280,218,280
7572,mlp,6,val,577,root-1/task1--ep33--succ0.pkl,1,33,1,0,520,218,520
7573,mlp,6,val,578,root-1/task1--ep34--succ0.pkl,1,34,1,0,520,218,520
7574,mlp,6,val,581,root-1/task1--ep37--succ1.pkl,1,37,0,1,236,218,236
7575,mlp,6,val,583,root-1/task1--ep39--succ0.pkl,1,39,1,0,520,218,520
7576,mlp,6,val,584,root-1/task1--ep4--succ1.pkl,1,4,0,1,305,218,305
7577,mlp,6,val,588,root-1/task1--ep43--succ0.pkl,1,43,1,0,520,218,520
7578,mlp,6,val,590,root-1/task1--ep45--succ1.pkl,1,45,0,1,302,218,302
7579,mlp,6,val,594,root-1/task1--ep49--succ1.pkl,1,49,0,1,267,218,267
7580,mlp,6,val,596,root-1/task1--ep6--succ0.pkl,1,6,1,0,520,218,520
7581,mlp,6,val,597,root-1/task1--ep7--succ1.pkl,1,7,0,1,283,218,283
7582,mlp,6,val,600,root-1/task2--ep0--succ0.pkl,2,0,1,0,520,211,520
7583,mlp,6,val,601,root-1/task2--ep1--succ1.pkl,2,1,0,1,298,211,298
7584,mlp,6,val,608,root-1/task2--ep16--succ1.pkl,2,16,0,1,265,211,265
7585,mlp,6,val,612,root-1/task2--ep2--succ1.pkl,2,2,0,1,253,211,253
7586,mlp,6,val,614,root-1/task2--ep21--succ1.pkl,2,21,0,1,260,211,260
7587,mlp,6,val,617,root-1/task2--ep24--succ0.pkl,2,24,1,0,520,211,520
7588,mlp,6,val,623,root-1/task2--ep3--succ0.pkl,2,3,1,0,520,211,520
7589,mlp,6,val,625,root-1/task2--ep31--succ1.pkl,2,31,0,1,277,211,277
7590,mlp,6,val,627,root-1/task2--ep33--succ0.pkl,2,33,1,0,520,211,520
7591,mlp,6,val,629,root-1/task2--ep35--succ1.pkl,2,35,0,1,377,211,377
7592,mlp,6,val,633,root-1/task2--ep39--succ1.pkl,2,39,0,1,439,211,439
7593,mlp,6,val,634,root-1/task2--ep4--succ1.pkl,2,4,0,1,224,211,224
7594,mlp,6,val,636,root-1/task2--ep41--succ0.pkl,2,41,1,0,520,211,520
7595,mlp,6,val,637,root-1/task2--ep42--succ0.pkl,2,42,1,0,520,211,520
7596,mlp,6,val,638,root-1/task2--ep43--succ0.pkl,2,43,1,0,520,211,520
7597,mlp,6,val,646,root-1/task2--ep6--succ0.pkl,2,6,1,0,520,211,520
7598,mlp,6,val,649,root-1/task2--ep9--succ0.pkl,2,9,1,0,520,211,520
7599,mlp,6,val,650,root-1/task3--ep0--succ1.pkl,3,0,0,1,298,187,298
7600,mlp,6,val,657,root-1/task3--ep15--succ1.pkl,3,15,0,1,244,187,244
7601,mlp,6,val,662,root-1/task3--ep2--succ0.pkl,3,2,1,0,520,187,520
7602,mlp,6,val,664,root-1/task3--ep21--succ0.pkl,3,21,1,0,520,187,520
7603,mlp,6,val,666,root-1/task3--ep23--succ1.pkl,3,23,0,1,236,187,236
7604,mlp,6,val,667,root-1/task3--ep24--succ0.pkl,3,24,1,0,520,187,520
7605,mlp,6,val,669,root-1/task3--ep26--succ1.pkl,3,26,0,1,232,187,232
7606,mlp,6,val,670,root-1/task3--ep27--succ0.pkl,3,27,1,0,520,187,520
7607,mlp,6,val,671,root-1/task3--ep28--succ1.pkl,3,28,0,1,263,187,263
7608,mlp,6,val,679,root-1/task3--ep35--succ0.pkl,3,35,1,0,520,187,520
7609,mlp,6,val,681,root-1/task3--ep37--succ1.pkl,3,37,0,1,260,187,260
7610,mlp,6,val,682,root-1/task3--ep38--succ0.pkl,3,38,1,0,520,187,520
7611,mlp,6,val,688,root-1/task3--ep43--succ1.pkl,3,43,0,1,248,187,248
7612,mlp,6,val,691,root-1/task3--ep46--succ0.pkl,3,46,1,0,520,187,520
7613,mlp,6,val,695,root-1/task3--ep5--succ0.pkl,3,5,1,0,520,187,520
7614,mlp,6,val,696,root-1/task3--ep6--succ0.pkl,3,6,1,0,520,187,520
7615,mlp,6,val,698,root-1/task3--ep8--succ0.pkl,3,8,1,0,520,187,520
7616,mlp,6,val,699,root-1/task3--ep9--succ0.pkl,3,9,1,0,520,187,520
7617,mlp,6,val,700,root-1/task4--ep0--succ0.pkl,4,0,1,0,520,209,520
7618,mlp,6,val,701,root-1/task4--ep1--succ0.pkl,4,1,1,0,520,209,520
7619,mlp,6,val,704,root-1/task4--ep12--succ1.pkl,4,12,0,1,263,209,263
7620,mlp,6,val,705,root-1/task4--ep13--succ0.pkl,4,13,1,0,520,209,520
7621,mlp,6,val,706,root-1/task4--ep14--succ1.pkl,4,14,0,1,247,209,247
7622,mlp,6,val,708,root-1/task4--ep16--succ0.pkl,4,16,1,0,520,209,520
7623,mlp,6,val,709,root-1/task4--ep17--succ1.pkl,4,17,0,1,273,209,273
7624,mlp,6,val,713,root-1/task4--ep20--succ1.pkl,4,20,0,1,209,209,209
7625,mlp,6,val,716,root-1/task4--ep23--succ0.pkl,4,23,1,0,520,209,520
7626,mlp,6,val,720,root-1/task4--ep27--succ1.pkl,4,27,0,1,231,209,231
7627,mlp,6,val,721,root-1/task4--ep28--succ0.pkl,4,28,1,0,520,209,520
7628,mlp,6,val,723,root-1/task4--ep3--succ1.pkl,4,3,0,1,243,209,243
7629,mlp,6,val,726,root-1/task4--ep32--succ1.pkl,4,32,0,1,511,209,511
7630,mlp,6,val,728,root-1/task4--ep34--succ0.pkl,4,34,1,0,520,209,520
7631,mlp,6,val,731,root-1/task4--ep37--succ0.pkl,4,37,1,0,520,209,520
7632,mlp,6,val,732,root-1/task4--ep38--succ1.pkl,4,38,0,1,217,209,217
7633,mlp,6,val,733,root-1/task4--ep39--succ0.pkl,4,39,1,0,520,209,520
7634,mlp,6,val,735,root-1/task4--ep40--succ0.pkl,4,40,1,0,520,209,520
7635,mlp,6,val,736,root-1/task4--ep41--succ0.pkl,4,41,1,0,520,209,520
7636,mlp,6,val,737,root-1/task4--ep42--succ0.pkl,4,42,1,0,520,209,520
7637,mlp,6,val,738,root-1/task4--ep43--succ0.pkl,4,43,1,0,520,209,520
7638,mlp,6,val,739,root-1/task4--ep44--succ1.pkl,4,44,0,1,233,209,233
7639,mlp,6,val,740,root-1/task4--ep45--succ0.pkl,4,45,1,0,520,209,520
7640,mlp,6,val,742,root-1/task4--ep47--succ0.pkl,4,47,1,0,520,209,520
7641,mlp,6,val,745,root-1/task4--ep5--succ1.pkl,4,5,0,1,341,209,341
7642,mlp,6,val,747,root-1/task4--ep7--succ0.pkl,4,7,1,0,520,209,520
7643,mlp,6,val,751,root-1/task5--ep1--succ1.pkl,5,1,0,1,178,148,178
7644,mlp,6,val,752,root-1/task5--ep10--succ1.pkl,5,10,0,1,242,148,242
7645,mlp,6,val,753,root-1/task5--ep11--succ1.pkl,5,11,0,1,282,148,282
7646,mlp,6,val,754,root-1/task5--ep12--succ1.pkl,5,12,0,1,159,148,159
7647,mlp,6,val,757,root-1/task5--ep15--succ1.pkl,5,15,0,1,202,148,202
7648,mlp,6,val,758,root-1/task5--ep16--succ1.pkl,5,16,0,1,170,148,170
7649,mlp,6,val,761,root-1/task5--ep19--succ0.pkl,5,19,1,0,520,148,520
7650,mlp,6,val,764,root-1/task5--ep21--succ1.pkl,5,21,0,1,177,148,177
7651,mlp,6,val,766,root-1/task5--ep23--succ1.pkl,5,23,0,1,197,148,197
7652,mlp,6,val,767,root-1/task5--ep24--succ1.pkl,5,24,0,1,174,148,174
7653,mlp,6,val,773,root-1/task5--ep3--succ1.pkl,5,3,0,1,173,148,173
7654,mlp,6,val,775,root-1/task5--ep31--succ1.pkl,5,31,0,1,207,148,207
7655,mlp,6,val,776,root-1/task5--ep32--succ1.pkl,5,32,0,1,189,148,189
7656,mlp,6,val,780,root-1/task5--ep36--succ0.pkl,5,36,1,0,520,148,520
7657,mlp,6,val,781,root-1/task5--ep37--succ1.pkl,5,37,0,1,174,148,174
7658,mlp,6,val,784,root-1/task5--ep4--succ1.pkl,5,4,0,1,266,148,266
7659,mlp,6,val,785,root-1/task5--ep40--succ1.pkl,5,40,0,1,196,148,196
7660,mlp,6,val,788,root-1/task5--ep43--succ1.pkl,5,43,0,1,211,148,211
7661,mlp,6,val,791,root-1/task5--ep46--succ0.pkl,5,46,1,0,520,148,520
7662,mlp,6,val,793,root-1/task5--ep48--succ1.pkl,5,48,0,1,190,148,190
7663,mlp,6,val,797,root-1/task5--ep7--succ1.pkl,5,7,0,1,205,148,205
7664,mlp,6,val,850,root-1/task7--ep0--succ1.pkl,7,0,0,1,246,210,246
7665,mlp,6,val,858,root-1/task7--ep16--succ1.pkl,7,16,0,1,281,210,281
7666,mlp,6,val,860,root-1/task7--ep18--succ1.pkl,7,18,0,1,232,210,232
7667,mlp,6,val,865,root-1/task7--ep22--succ1.pkl,7,22,0,1,280,210,280
7668,mlp,6,val,867,root-1/task7--ep24--succ0.pkl,7,24,1,0,520,210,520
7669,mlp,6,val,869,root-1/task7--ep26--succ0.pkl,7,26,1,0,520,210,520
7670,mlp,6,val,875,root-1/task7--ep31--succ1.pkl,7,31,0,1,500,210,500
7671,mlp,6,val,878,root-1/task7--ep34--succ0.pkl,7,34,1,0,520,210,520
7672,mlp,6,val,881,root-1/task7--ep37--succ1.pkl,7,37,0,1,230,210,230
7673,mlp,6,val,882,root-1/task7--ep38--succ1.pkl,7,38,0,1,331,210,331
7674,mlp,6,val,884,root-1/task7--ep4--succ0.pkl,7,4,1,0,520,210,520
7675,mlp,6,val,886,root-1/task7--ep41--succ0.pkl,7,41,1,0,520,210,520
7676,mlp,6,val,887,root-1/task7--ep42--succ1.pkl,7,42,0,1,253,210,253
7677,mlp,6,val,889,root-1/task7--ep44--succ1.pkl,7,44,0,1,246,210,246
7678,mlp,6,val,891,root-1/task7--ep46--succ1.pkl,7,46,0,1,257,210,257
7679,mlp,6,val,892,root-1/task7--ep47--succ1.pkl,7,47,0,1,246,210,246
7680,mlp,6,val,893,root-1/task7--ep48--succ1.pkl,7,48,0,1,290,210,290
7681,mlp,6,val,894,root-1/task7--ep49--succ0.pkl,7,49,1,0,520,210,520
7682,mlp,6,val,896,root-1/task7--ep6--succ1.pkl,7,6,0,1,369,210,369
7683,mlp,6,val,897,root-1/task7--ep7--succ1.pkl,7,7,0,1,246,210,246
7684,mlp,6,val,901,root-1/task8--ep1--succ1.pkl,8,1,0,1,391,315,391
7685,mlp,6,val,904,root-1/task8--ep12--succ0.pkl,8,12,1,0,520,315,520
7686,mlp,6,val,905,root-1/task8--ep13--succ0.pkl,8,13,1,0,520,315,520
7687,mlp,6,val,906,root-1/task8--ep14--succ0.pkl,8,14,1,0,520,315,520
7688,mlp,6,val,907,root-1/task8--ep15--succ0.pkl,8,15,1,0,520,315,520
7689,mlp,6,val,910,root-1/task8--ep18--succ0.pkl,8,18,1,0,520,315,520
7690,mlp,6,val,914,root-1/task8--ep21--succ0.pkl,8,21,1,0,520,315,520
7691,mlp,6,val,920,root-1/task8--ep27--succ0.pkl,8,27,1,0,520,315,520
7692,mlp,6,val,921,root-1/task8--ep28--succ0.pkl,8,28,1,0,520,315,520
7693,mlp,6,val,923,root-1/task8--ep3--succ0.pkl,8,3,1,0,520,315,520
7694,mlp,6,val,927,root-1/task8--ep33--succ0.pkl,8,33,1,0,520,315,520
7695,mlp,6,val,932,root-1/task8--ep38--succ0.pkl,8,38,1,0,520,315,520
7696,mlp,6,val,934,root-1/task8--ep4--succ0.pkl,8,4,1,0,520,315,520
7697,mlp,6,val,940,root-1/task8--ep45--succ1.pkl,8,45,0,1,490,315,490
7698,mlp,6,val,943,root-1/task8--ep48--succ0.pkl,8,48,1,0,520,315,520
7699,mlp,6,val,945,root-1/task8--ep5--succ0.pkl,8,5,1,0,520,315,520
7700,mlp,6,val,946,root-1/task8--ep6--succ1.pkl,8,6,0,1,440,315,440
7701,mlp,6,val,947,root-1/task8--ep7--succ0.pkl,8,7,1,0,520,315,520
7702,mlp,6,val,948,root-1/task8--ep8--succ0.pkl,8,8,1,0,520,315,520
7703,mlp,6,val,954,root-1/task9--ep12--succ0.pkl,9,12,1,0,520,241,520
7704,mlp,6,val,956,root-1/task9--ep14--succ0.pkl,9,14,1,0,520,241,520
7705,mlp,6,val,958,root-1/task9--ep16--succ0.pkl,9,16,1,0,520,241,520
7706,mlp,6,val,959,root-1/task9--ep17--succ1.pkl,9,17,0,1,349,241,349
7707,mlp,6,val,965,root-1/task9--ep22--succ1.pkl,9,22,0,1,312,241,312
7708,mlp,6,val,977,root-1/task9--ep33--succ1.pkl,9,33,0,1,247,241,247
7709,mlp,6,val,978,root-1/task9--ep34--succ0.pkl,9,34,1,0,520,241,520
7710,mlp,6,val,980,root-1/task9--ep36--succ1.pkl,9,36,0,1,359,241,359
7711,mlp,6,val,981,root-1/task9--ep37--succ1.pkl,9,37,0,1,413,241,413
7712,mlp,6,val,983,root-1/task9--ep39--succ0.pkl,9,39,1,0,520,241,520
7713,mlp,6,val,984,root-1/task9--ep4--succ0.pkl,9,4,1,0,520,241,520
7714,mlp,6,val,985,root-1/task9--ep40--succ1.pkl,9,40,0,1,389,241,389
7715,mlp,6,val,987,root-1/task9--ep42--succ0.pkl,9,42,1,0,520,241,520
7716,mlp,6,val,988,root-1/task9--ep43--succ0.pkl,9,43,1,0,520,241,520
7717,mlp,6,val,990,root-1/task9--ep45--succ0.pkl,9,45,1,0,520,241,520
7718,mlp,6,val,991,root-1/task9--ep46--succ0.pkl,9,46,1,0,520,241,520
7719,mlp,6,val,994,root-1/task9--ep49--succ0.pkl,9,49,1,0,520,241,520
7720,mlp,6,test,300,root-0/task6--ep0--succ1.pkl,6,0,0,1,214,190,214
7721,mlp,6,test,301,root-0/task6--ep1--succ1.pkl,6,1,0,1,256,190,256
7722,mlp,6,test,302,root-0/task6--ep10--succ0.pkl,6,10,1,0,520,190,520
7723,mlp,6,test,303,root-0/task6--ep11--succ0.pkl,6,11,1,0,520,190,520
7724,mlp,6,test,304,root-0/task6--ep12--succ1.pkl,6,12,0,1,254,190,254
7725,mlp,6,test,305,root-0/task6--ep13--succ1.pkl,6,13,0,1,368,190,368
7726,mlp,6,test,306,root-0/task6--ep14--succ0.pkl,6,14,1,0,520,190,520
7727,mlp,6,test,307,root-0/task6--ep15--succ1.pkl,6,15,0,1,249,190,249
7728,mlp,6,test,308,root-0/task6--ep16--succ0.pkl,6,16,1,0,520,190,520
7729,mlp,6,test,309,root-0/task6--ep17--succ0.pkl,6,17,1,0,520,190,520
7730,mlp,6,test,310,root-0/task6--ep18--succ0.pkl,6,18,1,0,520,190,520
7731,mlp,6,test,311,root-0/task6--ep19--succ1.pkl,6,19,0,1,338,190,338
7732,mlp,6,test,312,root-0/task6--ep2--succ1.pkl,6,2,0,1,210,190,210
7733,mlp,6,test,313,root-0/task6--ep20--succ0.pkl,6,20,1,0,520,190,520
7734,mlp,6,test,314,root-0/task6--ep21--succ0.pkl,6,21,1,0,520,190,520
7735,mlp,6,test,315,root-0/task6--ep22--succ1.pkl,6,22,0,1,237,190,237
7736,mlp,6,test,316,root-0/task6--ep23--succ0.pkl,6,23,1,0,520,190,520
7737,mlp,6,test,317,root-0/task6--ep24--succ1.pkl,6,24,0,1,245,190,245
7738,mlp,6,test,318,root-0/task6--ep25--succ1.pkl,6,25,0,1,240,190,240
7739,mlp,6,test,319,root-0/task6--ep26--succ0.pkl,6,26,1,0,520,190,520
7740,mlp,6,test,320,root-0/task6--ep27--succ1.pkl,6,27,0,1,247,190,247
7741,mlp,6,test,321,root-0/task6--ep28--succ0.pkl,6,28,1,0,520,190,520
7742,mlp,6,test,322,root-0/task6--ep29--succ1.pkl,6,29,0,1,236,190,236
7743,mlp,6,test,323,root-0/task6--ep3--succ1.pkl,6,3,0,1,193,190,193
7744,mlp,6,test,324,root-0/task6--ep30--succ1.pkl,6,30,0,1,202,190,202
7745,mlp,6,test,325,root-0/task6--ep31--succ1.pkl,6,31,0,1,229,190,229
7746,mlp,6,test,326,root-0/task6--ep32--succ0.pkl,6,32,1,0,520,190,520
7747,mlp,6,test,327,root-0/task6--ep33--succ1.pkl,6,33,0,1,216,190,216
7748,mlp,6,test,328,root-0/task6--ep34--succ1.pkl,6,34,0,1,246,190,246
7749,mlp,6,test,329,root-0/task6--ep35--succ0.pkl,6,35,1,0,520,190,520
7750,mlp,6,test,330,root-0/task6--ep36--succ0.pkl,6,36,1,0,520,190,520
7751,mlp,6,test,331,root-0/task6--ep37--succ1.pkl,6,37,0,1,251,190,251
7752,mlp,6,test,332,root-0/task6--ep38--succ1.pkl,6,38,0,1,315,190,315
7753,mlp,6,test,333,root-0/task6--ep39--succ0.pkl,6,39,1,0,520,190,520
7754,mlp,6,test,334,root-0/task6--ep4--succ1.pkl,6,4,0,1,218,190,218
7755,mlp,6,test,335,root-0/task6--ep40--succ0.pkl,6,40,1,0,520,190,520
7756,mlp,6,test,336,root-0/task6--ep41--succ1.pkl,6,41,0,1,387,190,387
7757,mlp,6,test,337,root-0/task6--ep42--succ0.pkl,6,42,1,0,520,190,520
7758,mlp,6,test,338,root-0/task6--ep43--succ1.pkl,6,43,0,1,323,190,323
7759,mlp,6,test,339,root-0/task6--ep44--succ1.pkl,6,44,0,1,304,190,304
7760,mlp,6,test,340,root-0/task6--ep45--succ0.pkl,6,45,1,0,520,190,520
7761,mlp,6,test,341,root-0/task6--ep46--succ1.pkl,6,46,0,1,230,190,230
7762,mlp,6,test,342,root-0/task6--ep47--succ0.pkl,6,47,1,0,520,190,520
7763,mlp,6,test,343,root-0/task6--ep48--succ0.pkl,6,48,1,0,520,190,520
7764,mlp,6,test,344,root-0/task6--ep49--succ1.pkl,6,49,0,1,263,190,263
7765,mlp,6,test,345,root-0/task6--ep5--succ1.pkl,6,5,0,1,260,190,260
7766,mlp,6,test,346,root-0/task6--ep6--succ0.pkl,6,6,1,0,520,190,520
7767,mlp,6,test,347,root-0/task6--ep7--succ1.pkl,6,7,0,1,268,190,268
7768,mlp,6,test,348,root-0/task6--ep8--succ1.pkl,6,8,0,1,278,190,278
7769,mlp,6,test,349,root-0/task6--ep9--succ0.pkl,6,9,1,0,520,190,520
7770,mlp,6,test,800,root-1/task6--ep0--succ1.pkl,6,0,0,1,289,190,289
7771,mlp,6,test,801,root-1/task6--ep1--succ1.pkl,6,1,0,1,242,190,242
7772,mlp,6,test,802,root-1/task6--ep10--succ0.pkl,6,10,1,0,520,190,520
7773,mlp,6,test,803,root-1/task6--ep11--succ1.pkl,6,11,0,1,489,190,489
7774,mlp,6,test,804,root-1/task6--ep12--succ0.pkl,6,12,1,0,520,190,520
7775,mlp,6,test,805,root-1/task6--ep13--succ0.pkl,6,13,1,0,520,190,520
7776,mlp,6,test,806,root-1/task6--ep14--succ0.pkl,6,14,1,0,520,190,520
7777,mlp,6,test,807,root-1/task6--ep15--succ0.pkl,6,15,1,0,520,190,520
7778,mlp,6,test,808,root-1/task6--ep16--succ1.pkl,6,16,0,1,264,190,264
7779,mlp,6,test,809,root-1/task6--ep17--succ0.pkl,6,17,1,0,520,190,520
7780,mlp,6,test,810,root-1/task6--ep18--succ0.pkl,6,18,1,0,520,190,520
7781,mlp,6,test,811,root-1/task6--ep19--succ1.pkl,6,19,0,1,216,190,216
7782,mlp,6,test,812,root-1/task6--ep2--succ0.pkl,6,2,1,0,520,190,520
7783,mlp,6,test,813,root-1/task6--ep20--succ0.pkl,6,20,1,0,520,190,520
7784,mlp,6,test,814,root-1/task6--ep21--succ0.pkl,6,21,1,0,520,190,520
7785,mlp,6,test,815,root-1/task6--ep22--succ1.pkl,6,22,0,1,244,190,244
7786,mlp,6,test,816,root-1/task6--ep23--succ1.pkl,6,23,0,1,190,190,190
7787,mlp,6,test,817,root-1/task6--ep24--succ1.pkl,6,24,0,1,331,190,331
7788,mlp,6,test,818,root-1/task6--ep25--succ0.pkl,6,25,1,0,520,190,520
7789,mlp,6,test,819,root-1/task6--ep26--succ0.pkl,6,26,1,0,520,190,520
7790,mlp,6,test,820,root-1/task6--ep27--succ1.pkl,6,27,0,1,199,190,199
7791,mlp,6,test,821,root-1/task6--ep28--succ1.pkl,6,28,0,1,239,190,239
7792,mlp,6,test,822,root-1/task6--ep29--succ0.pkl,6,29,1,0,520,190,520
7793,mlp,6,test,823,root-1/task6--ep3--succ1.pkl,6,3,0,1,225,190,225
7794,mlp,6,test,824,root-1/task6--ep30--succ1.pkl,6,30,0,1,281,190,281
7795,mlp,6,test,825,root-1/task6--ep31--succ1.pkl,6,31,0,1,291,190,291
7796,mlp,6,test,826,root-1/task6--ep32--succ1.pkl,6,32,0,1,294,190,294
7797,mlp,6,test,827,root-1/task6--ep33--succ0.pkl,6,33,1,0,520,190,520
7798,mlp,6,test,828,root-1/task6--ep34--succ0.pkl,6,34,1,0,520,190,520
7799,mlp,6,test,829,root-1/task6--ep35--succ0.pkl,6,35,1,0,520,190,520
7800,mlp,6,test,830,root-1/task6--ep36--succ1.pkl,6,36,0,1,231,190,231
7801,mlp,6,test,831,root-1/task6--ep37--succ1.pkl,6,37,0,1,191,190,191
7802,mlp,6,test,832,root-1/task6--ep38--succ0.pkl,6,38,1,0,520,190,520
7803,mlp,6,test,833,root-1/task6--ep39--succ0.pkl,6,39,1,0,520,190,520
7804,mlp,6,test,834,root-1/task6--ep4--succ1.pkl,6,4,0,1,513,190,513
7805,mlp,6,test,835,root-1/task6--ep40--succ0.pkl,6,40,1,0,520,190,520
7806,mlp,6,test,836,root-1/task6--ep41--succ1.pkl,6,41,0,1,241,190,241
7807,mlp,6,test,837,root-1/task6--ep42--succ1.pkl,6,42,0,1,302,190,302
7808,mlp,6,test,838,root-1/task6--ep43--succ0.pkl,6,43,1,0,520,190,520
7809,mlp,6,test,839,root-1/task6--ep44--succ1.pkl,6,44,0,1,233,190,233
7810,mlp,6,test,840,root-1/task6--ep45--succ0.pkl,6,45,1,0,520,190,520
7811,mlp,6,test,841,root-1/task6--ep46--succ0.pkl,6,46,1,0,520,190,520
7812,mlp,6,test,842,root-1/task6--ep47--succ0.pkl,6,47,1,0,520,190,520
7813,mlp,6,test,843,root-1/task6--ep48--succ1.pkl,6,48,0,1,233,190,233
7814,mlp,6,test,844,root-1/task6--ep49--succ1.pkl,6,49,0,1,474,190,474
7815,mlp,6,test,845,root-1/task6--ep5--succ1.pkl,6,5,0,1,323,190,323
7816,mlp,6,test,846,root-1/task6--ep6--succ0.pkl,6,6,1,0,520,190,520
7817,mlp,6,test,847,root-1/task6--ep7--succ1.pkl,6,7,0,1,234,190,234
7818,mlp,6,test,848,root-1/task6--ep8--succ1.pkl,6,8,0,1,296,190,296
7819,mlp,6,test,849,root-1/task6--ep9--succ1.pkl,6,9,0,1,218,190,218
7820,mlp,7,val,8,root-0/task0--ep16--succ0.pkl,0,16,1,0,520,230,520
7821,mlp,7,val,9,root-0/task0--ep17--succ1.pkl,0,17,0,1,321,230,321
7822,mlp,7,val,10,root-0/task0--ep18--succ1.pkl,0,18,0,1,303,230,303
7823,mlp,7,val,11,root-0/task0--ep19--succ1.pkl,0,19,0,1,304,230,304
7824,mlp,7,val,13,root-0/task0--ep20--succ0.pkl,0,20,1,0,520,230,520
7825,mlp,7,val,16,root-0/task0--ep23--succ1.pkl,0,23,0,1,414,230,414
7826,mlp,7,val,18,root-0/task0--ep25--succ0.pkl,0,25,1,0,520,230,520
7827,mlp,7,val,19,root-0/task0--ep26--succ0.pkl,0,26,1,0,520,230,520
7828,mlp,7,val,21,root-0/task0--ep28--succ0.pkl,0,28,1,0,520,230,520
7829,mlp,7,val,22,root-0/task0--ep29--succ1.pkl,0,29,0,1,257,230,257
7830,mlp,7,val,26,root-0/task0--ep32--succ1.pkl,0,32,0,1,321,230,321
7831,mlp,7,val,28,root-0/task0--ep34--succ1.pkl,0,34,0,1,252,230,252
7832,mlp,7,val,29,root-0/task0--ep35--succ1.pkl,0,35,0,1,278,230,278
7833,mlp,7,val,32,root-0/task0--ep38--succ0.pkl,0,38,1,0,520,230,520
7834,mlp,7,val,33,root-0/task0--ep39--succ1.pkl,0,39,0,1,360,230,360
7835,mlp,7,val,34,root-0/task0--ep4--succ0.pkl,0,4,1,0,520,230,520
7836,mlp,7,val,37,root-0/task0--ep42--succ0.pkl,0,42,1,0,520,230,520
7837,mlp,7,val,38,root-0/task0--ep43--succ1.pkl,0,43,0,1,357,230,357
7838,mlp,7,val,39,root-0/task0--ep44--succ1.pkl,0,44,0,1,481,230,481
7839,mlp,7,val,40,root-0/task0--ep45--succ1.pkl,0,45,0,1,375,230,375
7840,mlp,7,val,42,root-0/task0--ep47--succ1.pkl,0,47,0,1,283,230,283
7841,mlp,7,val,44,root-0/task0--ep49--succ1.pkl,0,49,0,1,321,230,321
7842,mlp,7,val,49,root-0/task0--ep9--succ1.pkl,0,9,0,1,291,230,291
7843,mlp,7,val,51,root-0/task1--ep1--succ1.pkl,1,1,0,1,253,218,253
7844,mlp,7,val,54,root-0/task1--ep12--succ1.pkl,1,12,0,1,238,218,238
7845,mlp,7,val,64,root-0/task1--ep21--succ0.pkl,1,21,1,0,520,218,520
7846,mlp,7,val,70,root-0/task1--ep27--succ0.pkl,1,27,1,0,520,218,520
7847,mlp,7,val,71,root-0/task1--ep28--succ1.pkl,1,28,0,1,270,218,270
7848,mlp,7,val,72,root-0/task1--ep29--succ1.pkl,1,29,0,1,236,218,236
7849,mlp,7,val,75,root-0/task1--ep31--succ1.pkl,1,31,0,1,232,218,232
7850,mlp,7,val,77,root-0/task1--ep33--succ1.pkl,1,33,0,1,224,218,224
7851,mlp,7,val,80,root-0/task1--ep36--succ0.pkl,1,36,1,0,520,218,520
7852,mlp,7,val,81,root-0/task1--ep37--succ1.pkl,1,37,0,1,286,218,286
7853,mlp,7,val,82,root-0/task1--ep38--succ1.pkl,1,38,0,1,249,218,249
7854,mlp,7,val,83,root-0/task1--ep39--succ1.pkl,1,39,0,1,316,218,316
7855,mlp,7,val,85,root-0/task1--ep40--succ1.pkl,1,40,0,1,225,218,225
7856,mlp,7,val,86,root-0/task1--ep41--succ1.pkl,1,41,0,1,396,218,396
7857,mlp,7,val,87,root-0/task1--ep42--succ1.pkl,1,42,0,1,243,218,243
7858,mlp,7,val,93,root-0/task1--ep48--succ0.pkl,1,48,1,0,520,218,520
7859,mlp,7,val,94,root-0/task1--ep49--succ1.pkl,1,49,0,1,265,218,265
7860,mlp,7,val,97,root-0/task1--ep7--succ1.pkl,1,7,0,1,225,218,225
7861,mlp,7,val,100,root-0/task2--ep0--succ1.pkl,2,0,0,1,258,211,258
7862,mlp,7,val,101,root-0/task2--ep1--succ1.pkl,2,1,0,1,285,211,285
7863,mlp,7,val,109,root-0/task2--ep17--succ1.pkl,2,17,0,1,242,211,242
7864,mlp,7,val,111,root-0/task2--ep19--succ1.pkl,2,19,0,1,227,211,227
7865,mlp,7,val,112,root-0/task2--ep2--succ0.pkl,2,2,1,0,520,211,520
7866,mlp,7,val,113,root-0/task2--ep20--succ0.pkl,2,20,1,0,520,211,520
7867,mlp,7,val,114,root-0/task2--ep21--succ1.pkl,2,21,0,1,320,211,320
7868,mlp,7,val,117,root-0/task2--ep24--succ0.pkl,2,24,1,0,520,211,520
7869,mlp,7,val,118,root-0/task2--ep25--succ1.pkl,2,25,0,1,251,211,251
7870,mlp,7,val,121,root-0/task2--ep28--succ1.pkl,2,28,0,1,304,211,304
7871,mlp,7,val,122,root-0/task2--ep29--succ0.pkl,2,29,1,0,520,211,520
7872,mlp,7,val,125,root-0/task2--ep31--succ0.pkl,2,31,1,0,520,211,520
7873,mlp,7,val,127,root-0/task2--ep33--succ0.pkl,2,33,1,0,520,211,520
7874,mlp,7,val,132,root-0/task2--ep38--succ1.pkl,2,38,0,1,295,211,295
7875,mlp,7,val,133,root-0/task2--ep39--succ0.pkl,2,39,1,0,520,211,520
7876,mlp,7,val,134,root-0/task2--ep4--succ1.pkl,2,4,0,1,225,211,225
7877,mlp,7,val,136,root-0/task2--ep41--succ0.pkl,2,41,1,0,520,211,520
7878,mlp,7,val,138,root-0/task2--ep43--succ1.pkl,2,43,0,1,342,211,342
7879,mlp,7,val,139,root-0/task2--ep44--succ0.pkl,2,44,1,0,520,211,520
7880,mlp,7,val,143,root-0/task2--ep48--succ0.pkl,2,48,1,0,520,211,520
7881,mlp,7,val,145,root-0/task2--ep5--succ0.pkl,2,5,1,0,520,211,520
7882,mlp,7,val,147,root-0/task2--ep7--succ0.pkl,2,7,1,0,520,211,520
7883,mlp,7,val,148,root-0/task2--ep8--succ1.pkl,2,8,0,1,316,211,316
7884,mlp,7,val,151,root-0/task3--ep1--succ0.pkl,3,1,1,0,520,187,520
7885,mlp,7,val,154,root-0/task3--ep12--succ1.pkl,3,12,0,1,360,187,360
7886,mlp,7,val,156,root-0/task3--ep14--succ0.pkl,3,14,1,0,520,187,520
7887,mlp,7,val,159,root-0/task3--ep17--succ1.pkl,3,17,0,1,218,187,218
7888,mlp,7,val,161,root-0/task3--ep19--succ0.pkl,3,19,1,0,520,187,520
7889,mlp,7,val,163,root-0/task3--ep20--succ1.pkl,3,20,0,1,245,187,245
7890,mlp,7,val,164,root-0/task3--ep21--succ0.pkl,3,21,1,0,520,187,520
7891,mlp,7,val,165,root-0/task3--ep22--succ0.pkl,3,22,1,0,520,187,520
7892,mlp,7,val,167,root-0/task3--ep24--succ1.pkl,3,24,0,1,277,187,277
7893,mlp,7,val,172,root-0/task3--ep29--succ0.pkl,3,29,1,0,520,187,520
7894,mlp,7,val,177,root-0/task3--ep33--succ0.pkl,3,33,1,0,520,187,520
7895,mlp,7,val,178,root-0/task3--ep34--succ0.pkl,3,34,1,0,520,187,520
7896,mlp,7,val,183,root-0/task3--ep39--succ1.pkl,3,39,0,1,196,187,196
7897,mlp,7,val,184,root-0/task3--ep4--succ1.pkl,3,4,0,1,453,187,453
7898,mlp,7,val,185,root-0/task3--ep40--succ0.pkl,3,40,1,0,520,187,520
7899,mlp,7,val,186,root-0/task3--ep41--succ1.pkl,3,41,0,1,256,187,256
7900,mlp,7,val,187,root-0/task3--ep42--succ0.pkl,3,42,1,0,520,187,520
7901,mlp,7,val,188,root-0/task3--ep43--succ0.pkl,3,43,1,0,520,187,520
7902,mlp,7,val,191,root-0/task3--ep46--succ0.pkl,3,46,1,0,520,187,520
7903,mlp,7,val,195,root-0/task3--ep5--succ0.pkl,3,5,1,0,520,187,520
7904,mlp,7,val,196,root-0/task3--ep6--succ0.pkl,3,6,1,0,520,187,520
7905,mlp,7,val,197,root-0/task3--ep7--succ1.pkl,3,7,0,1,195,187,195
7906,mlp,7,val,201,root-0/task4--ep1--succ0.pkl,4,1,1,0,520,209,520
7907,mlp,7,val,203,root-0/task4--ep11--succ0.pkl,4,11,1,0,520,209,520
7908,mlp,7,val,217,root-0/task4--ep24--succ1.pkl,4,24,0,1,294,209,294
7909,mlp,7,val,219,root-0/task4--ep26--succ0.pkl,4,26,1,0,520,209,520
7910,mlp,7,val,221,root-0/task4--ep28--succ1.pkl,4,28,0,1,233,209,233
7911,mlp,7,val,223,root-0/task4--ep3--succ1.pkl,4,3,0,1,235,209,235
7912,mlp,7,val,225,root-0/task4--ep31--succ1.pkl,4,31,0,1,241,209,241
7913,mlp,7,val,227,root-0/task4--ep33--succ1.pkl,4,33,0,1,241,209,241
7914,mlp,7,val,228,root-0/task4--ep34--succ1.pkl,4,34,0,1,246,209,246
7915,mlp,7,val,233,root-0/task4--ep39--succ1.pkl,4,39,0,1,219,209,219
7916,mlp,7,val,235,root-0/task4--ep40--succ0.pkl,4,40,1,0,520,209,520
7917,mlp,7,val,239,root-0/task4--ep44--succ1.pkl,4,44,0,1,238,209,238
7918,mlp,7,val,241,root-0/task4--ep46--succ0.pkl,4,46,1,0,520,209,520
7919,mlp,7,val,249,root-0/task4--ep9--succ1.pkl,4,9,0,1,220,209,220
7920,mlp,7,val,250,root-0/task5--ep0--succ1.pkl,5,0,0,1,161,148,161
7921,mlp,7,val,253,root-0/task5--ep11--succ1.pkl,5,11,0,1,160,148,160
7922,mlp,7,val,258,root-0/task5--ep16--succ1.pkl,5,16,0,1,327,148,327
7923,mlp,7,val,264,root-0/task5--ep21--succ1.pkl,5,21,0,1,184,148,184
7924,mlp,7,val,265,root-0/task5--ep22--succ0.pkl,5,22,1,0,520,148,520
7925,mlp,7,val,267,root-0/task5--ep24--succ1.pkl,5,24,0,1,172,148,172
7926,mlp,7,val,268,root-0/task5--ep25--succ1.pkl,5,25,0,1,207,148,207
7927,mlp,7,val,269,root-0/task5--ep26--succ1.pkl,5,26,0,1,187,148,187
7928,mlp,7,val,270,root-0/task5--ep27--succ1.pkl,5,27,0,1,261,148,261
7929,mlp,7,val,271,root-0/task5--ep28--succ0.pkl,5,28,1,0,520,148,520
7930,mlp,7,val,273,root-0/task5--ep3--succ1.pkl,5,3,0,1,233,148,233
7931,mlp,7,val,274,root-0/task5--ep30--succ1.pkl,5,30,0,1,186,148,186
7932,mlp,7,val,276,root-0/task5--ep32--succ1.pkl,5,32,0,1,183,148,183
7933,mlp,7,val,280,root-0/task5--ep36--succ1.pkl,5,36,0,1,231,148,231
7934,mlp,7,val,284,root-0/task5--ep4--succ1.pkl,5,4,0,1,194,148,194
7935,mlp,7,val,287,root-0/task5--ep42--succ1.pkl,5,42,0,1,231,148,231
7936,mlp,7,val,296,root-0/task5--ep6--succ1.pkl,5,6,0,1,197,148,197
7937,mlp,7,val,298,root-0/task5--ep8--succ1.pkl,5,8,0,1,154,148,154
7938,mlp,7,val,299,root-0/task5--ep9--succ1.pkl,5,9,0,1,334,148,334
7939,mlp,7,val,303,root-0/task6--ep11--succ0.pkl,6,11,1,0,520,190,520
7940,mlp,7,val,307,root-0/task6--ep15--succ1.pkl,6,15,0,1,249,190,249
7941,mlp,7,val,310,root-0/task6--ep18--succ0.pkl,6,18,1,0,520,190,520
7942,mlp,7,val,312,root-0/task6--ep2--succ1.pkl,6,2,0,1,210,190,210
7943,mlp,7,val,315,root-0/task6--ep22--succ1.pkl,6,22,0,1,237,190,237
7944,mlp,7,val,317,root-0/task6--ep24--succ1.pkl,6,24,0,1,245,190,245
7945,mlp,7,val,318,root-0/task6--ep25--succ1.pkl,6,25,0,1,240,190,240
7946,mlp,7,val,322,root-0/task6--ep29--succ1.pkl,6,29,0,1,236,190,236
7947,mlp,7,val,323,root-0/task6--ep3--succ1.pkl,6,3,0,1,193,190,193
7948,mlp,7,val,326,root-0/task6--ep32--succ0.pkl,6,32,1,0,520,190,520
7949,mlp,7,val,331,root-0/task6--ep37--succ1.pkl,6,37,0,1,251,190,251
7950,mlp,7,val,334,root-0/task6--ep4--succ1.pkl,6,4,0,1,218,190,218
7951,mlp,7,val,335,root-0/task6--ep40--succ0.pkl,6,40,1,0,520,190,520
7952,mlp,7,val,337,root-0/task6--ep42--succ0.pkl,6,42,1,0,520,190,520
7953,mlp,7,val,339,root-0/task6--ep44--succ1.pkl,6,44,0,1,304,190,304
7954,mlp,7,val,340,root-0/task6--ep45--succ0.pkl,6,45,1,0,520,190,520
7955,mlp,7,val,341,root-0/task6--ep46--succ1.pkl,6,46,0,1,230,190,230
7956,mlp,7,val,342,root-0/task6--ep47--succ0.pkl,6,47,1,0,520,190,520
7957,mlp,7,val,344,root-0/task6--ep49--succ1.pkl,6,49,0,1,263,190,263
7958,mlp,7,val,345,root-0/task6--ep5--succ1.pkl,6,5,0,1,260,190,260
7959,mlp,7,val,401,root-0/task8--ep1--succ1.pkl,8,1,0,1,448,315,448
7960,mlp,7,val,402,root-0/task8--ep10--succ0.pkl,8,10,1,0,520,315,520
7961,mlp,7,val,403,root-0/task8--ep11--succ1.pkl,8,11,0,1,486,315,486
7962,mlp,7,val,407,root-0/task8--ep15--succ1.pkl,8,15,0,1,347,315,347
7963,mlp,7,val,409,root-0/task8--ep17--succ1.pkl,8,17,0,1,509,315,509
7964,mlp,7,val,413,root-0/task8--ep20--succ0.pkl,8,20,1,0,520,315,520
7965,mlp,7,val,419,root-0/task8--ep26--succ1.pkl,8,26,0,1,427,315,427
7966,mlp,7,val,420,root-0/task8--ep27--succ0.pkl,8,27,1,0,520,315,520
7967,mlp,7,val,424,root-0/task8--ep30--succ1.pkl,8,30,0,1,417,315,417
7968,mlp,7,val,425,root-0/task8--ep31--succ0.pkl,8,31,1,0,520,315,520
7969,mlp,7,val,426,root-0/task8--ep32--succ0.pkl,8,32,1,0,520,315,520
7970,mlp,7,val,432,root-0/task8--ep38--succ0.pkl,8,38,1,0,520,315,520
7971,mlp,7,val,433,root-0/task8--ep39--succ0.pkl,8,39,1,0,520,315,520
7972,mlp,7,val,438,root-0/task8--ep43--succ0.pkl,8,43,1,0,520,315,520
7973,mlp,7,val,439,root-0/task8--ep44--succ1.pkl,8,44,0,1,315,315,315
7974,mlp,7,val,440,root-0/task8--ep45--succ0.pkl,8,45,1,0,520,315,520
7975,mlp,7,val,441,root-0/task8--ep46--succ0.pkl,8,46,1,0,520,315,520
7976,mlp,7,val,445,root-0/task8--ep5--succ0.pkl,8,5,1,0,520,315,520
7977,mlp,7,val,446,root-0/task8--ep6--succ0.pkl,8,6,1,0,520,315,520
7978,mlp,7,val,447,root-0/task8--ep7--succ0.pkl,8,7,1,0,520,315,520
7979,mlp,7,val,449,root-0/task8--ep9--succ1.pkl,8,9,0,1,504,315,504
7980,mlp,7,val,450,root-0/task9--ep0--succ0.pkl,9,0,1,0,520,241,520
7981,mlp,7,val,451,root-0/task9--ep1--succ0.pkl,9,1,1,0,520,241,520
7982,mlp,7,val,454,root-0/task9--ep12--succ0.pkl,9,12,1,0,520,241,520
7983,mlp,7,val,458,root-0/task9--ep16--succ0.pkl,9,16,1,0,520,241,520
7984,mlp,7,val,460,root-0/task9--ep18--succ1.pkl,9,18,0,1,372,241,372
7985,mlp,7,val,461,root-0/task9--ep19--succ1.pkl,9,19,0,1,427,241,427
7986,mlp,7,val,462,root-0/task9--ep2--succ1.pkl,9,2,0,1,300,241,300
7987,mlp,7,val,464,root-0/task9--ep21--succ1.pkl,9,21,0,1,300,241,300
7988,mlp,7,val,466,root-0/task9--ep23--succ0.pkl,9,23,1,0,520,241,520
7989,mlp,7,val,467,root-0/task9--ep24--succ0.pkl,9,24,1,0,520,241,520
7990,mlp,7,val,469,root-0/task9--ep26--succ0.pkl,9,26,1,0,520,241,520
7991,mlp,7,val,476,root-0/task9--ep32--succ0.pkl,9,32,1,0,520,241,520
7992,mlp,7,val,478,root-0/task9--ep34--succ0.pkl,9,34,1,0,520,241,520
7993,mlp,7,val,480,root-0/task9--ep36--succ0.pkl,9,36,1,0,520,241,520
7994,mlp,7,val,482,root-0/task9--ep38--succ0.pkl,9,38,1,0,520,241,520
7995,mlp,7,val,483,root-0/task9--ep39--succ0.pkl,9,39,1,0,520,241,520
7996,mlp,7,val,485,root-0/task9--ep40--succ0.pkl,9,40,1,0,520,241,520
7997,mlp,7,val,486,root-0/task9--ep41--succ1.pkl,9,41,0,1,316,241,316
7998,mlp,7,val,490,root-0/task9--ep45--succ0.pkl,9,45,1,0,520,241,520
7999,mlp,7,val,494,root-0/task9--ep49--succ1.pkl,9,49,0,1,344,241,344
8000,mlp,7,val,495,root-0/task9--ep5--succ1.pkl,9,5,0,1,312,241,312
8001,mlp,7,val,497,root-0/task9--ep7--succ0.pkl,9,7,1,0,520,241,520
8002,mlp,7,val,498,root-0/task9--ep8--succ1.pkl,9,8,0,1,307,241,307
8003,mlp,7,val,500,root-1/task0--ep0--succ0.pkl,0,0,1,0,520,230,520
8004,mlp,7,val,502,root-1/task0--ep10--succ1.pkl,0,10,0,1,290,230,290
8005,mlp,7,val,505,root-1/task0--ep13--succ1.pkl,0,13,0,1,278,230,278
8006,mlp,7,val,517,root-1/task0--ep24--succ0.pkl,0,24,1,0,520,230,520
8007,mlp,7,val,518,root-1/task0--ep25--succ1.pkl,0,25,0,1,295,230,295
8008,mlp,7,val,525,root-1/task0--ep31--succ1.pkl,0,31,0,1,295,230,295
8009,mlp,7,val,526,root-1/task0--ep32--succ0.pkl,0,32,1,0,520,230,520
8010,mlp,7,val,527,root-1/task0--ep33--succ1.pkl,0,33,0,1,357,230,357
8011,mlp,7,val,528,root-1/task0--ep34--succ1.pkl,0,34,0,1,371,230,371
8012,mlp,7,val,529,root-1/task0--ep35--succ1.pkl,0,35,0,1,392,230,392
8013,mlp,7,val,531,root-1/task0--ep37--succ1.pkl,0,37,0,1,333,230,333
8014,mlp,7,val,534,root-1/task0--ep4--succ0.pkl,0,4,1,0,520,230,520
8015,mlp,7,val,536,root-1/task0--ep41--succ1.pkl,0,41,0,1,348,230,348
8016,mlp,7,val,539,root-1/task0--ep44--succ1.pkl,0,44,0,1,423,230,423
8017,mlp,7,val,542,root-1/task0--ep47--succ1.pkl,0,47,0,1,315,230,315
8018,mlp,7,val,545,root-1/task0--ep5--succ0.pkl,0,5,1,0,520,230,520
8019,mlp,7,val,548,root-1/task0--ep8--succ1.pkl,0,8,0,1,341,230,341
8020,mlp,7,val,550,root-1/task1--ep0--succ1.pkl,1,0,0,1,249,218,249
8021,mlp,7,val,554,root-1/task1--ep12--succ1.pkl,1,12,0,1,262,218,262
8022,mlp,7,val,556,root-1/task1--ep14--succ0.pkl,1,14,1,0,520,218,520
8023,mlp,7,val,557,root-1/task1--ep15--succ1.pkl,1,15,0,1,257,218,257
8024,mlp,7,val,560,root-1/task1--ep18--succ1.pkl,1,18,0,1,242,218,242
8025,mlp,7,val,561,root-1/task1--ep19--succ1.pkl,1,19,0,1,248,218,248
8026,mlp,7,val,562,root-1/task1--ep2--succ1.pkl,1,2,0,1,235,218,235
8027,mlp,7,val,566,root-1/task1--ep23--succ0.pkl,1,23,1,0,520,218,520
8028,mlp,7,val,569,root-1/task1--ep26--succ1.pkl,1,26,0,1,225,218,225
8029,mlp,7,val,570,root-1/task1--ep27--succ0.pkl,1,27,1,0,520,218,520
8030,mlp,7,val,571,root-1/task1--ep28--succ1.pkl,1,28,0,1,228,218,228
8031,mlp,7,val,575,root-1/task1--ep31--succ1.pkl,1,31,0,1,280,218,280
8032,mlp,7,val,577,root-1/task1--ep33--succ0.pkl,1,33,1,0,520,218,520
8033,mlp,7,val,578,root-1/task1--ep34--succ0.pkl,1,34,1,0,520,218,520
8034,mlp,7,val,581,root-1/task1--ep37--succ1.pkl,1,37,0,1,236,218,236
8035,mlp,7,val,583,root-1/task1--ep39--succ0.pkl,1,39,1,0,520,218,520
8036,mlp,7,val,584,root-1/task1--ep4--succ1.pkl,1,4,0,1,305,218,305
8037,mlp,7,val,588,root-1/task1--ep43--succ0.pkl,1,43,1,0,520,218,520
8038,mlp,7,val,590,root-1/task1--ep45--succ1.pkl,1,45,0,1,302,218,302
8039,mlp,7,val,594,root-1/task1--ep49--succ1.pkl,1,49,0,1,267,218,267
8040,mlp,7,val,596,root-1/task1--ep6--succ0.pkl,1,6,1,0,520,218,520
8041,mlp,7,val,597,root-1/task1--ep7--succ1.pkl,1,7,0,1,283,218,283
8042,mlp,7,val,600,root-1/task2--ep0--succ0.pkl,2,0,1,0,520,211,520
8043,mlp,7,val,601,root-1/task2--ep1--succ1.pkl,2,1,0,1,298,211,298
8044,mlp,7,val,608,root-1/task2--ep16--succ1.pkl,2,16,0,1,265,211,265
8045,mlp,7,val,612,root-1/task2--ep2--succ1.pkl,2,2,0,1,253,211,253
8046,mlp,7,val,614,root-1/task2--ep21--succ1.pkl,2,21,0,1,260,211,260
8047,mlp,7,val,617,root-1/task2--ep24--succ0.pkl,2,24,1,0,520,211,520
8048,mlp,7,val,623,root-1/task2--ep3--succ0.pkl,2,3,1,0,520,211,520
8049,mlp,7,val,625,root-1/task2--ep31--succ1.pkl,2,31,0,1,277,211,277
8050,mlp,7,val,627,root-1/task2--ep33--succ0.pkl,2,33,1,0,520,211,520
8051,mlp,7,val,629,root-1/task2--ep35--succ1.pkl,2,35,0,1,377,211,377
8052,mlp,7,val,633,root-1/task2--ep39--succ1.pkl,2,39,0,1,439,211,439
8053,mlp,7,val,634,root-1/task2--ep4--succ1.pkl,2,4,0,1,224,211,224
8054,mlp,7,val,636,root-1/task2--ep41--succ0.pkl,2,41,1,0,520,211,520
8055,mlp,7,val,637,root-1/task2--ep42--succ0.pkl,2,42,1,0,520,211,520
8056,mlp,7,val,638,root-1/task2--ep43--succ0.pkl,2,43,1,0,520,211,520
8057,mlp,7,val,646,root-1/task2--ep6--succ0.pkl,2,6,1,0,520,211,520
8058,mlp,7,val,649,root-1/task2--ep9--succ0.pkl,2,9,1,0,520,211,520
8059,mlp,7,val,650,root-1/task3--ep0--succ1.pkl,3,0,0,1,298,187,298
8060,mlp,7,val,657,root-1/task3--ep15--succ1.pkl,3,15,0,1,244,187,244
8061,mlp,7,val,662,root-1/task3--ep2--succ0.pkl,3,2,1,0,520,187,520
8062,mlp,7,val,664,root-1/task3--ep21--succ0.pkl,3,21,1,0,520,187,520
8063,mlp,7,val,666,root-1/task3--ep23--succ1.pkl,3,23,0,1,236,187,236
8064,mlp,7,val,667,root-1/task3--ep24--succ0.pkl,3,24,1,0,520,187,520
8065,mlp,7,val,669,root-1/task3--ep26--succ1.pkl,3,26,0,1,232,187,232
8066,mlp,7,val,670,root-1/task3--ep27--succ0.pkl,3,27,1,0,520,187,520
8067,mlp,7,val,671,root-1/task3--ep28--succ1.pkl,3,28,0,1,263,187,263
8068,mlp,7,val,679,root-1/task3--ep35--succ0.pkl,3,35,1,0,520,187,520
8069,mlp,7,val,681,root-1/task3--ep37--succ1.pkl,3,37,0,1,260,187,260
8070,mlp,7,val,682,root-1/task3--ep38--succ0.pkl,3,38,1,0,520,187,520
8071,mlp,7,val,688,root-1/task3--ep43--succ1.pkl,3,43,0,1,248,187,248
8072,mlp,7,val,691,root-1/task3--ep46--succ0.pkl,3,46,1,0,520,187,520
8073,mlp,7,val,695,root-1/task3--ep5--succ0.pkl,3,5,1,0,520,187,520
8074,mlp,7,val,696,root-1/task3--ep6--succ0.pkl,3,6,1,0,520,187,520
8075,mlp,7,val,698,root-1/task3--ep8--succ0.pkl,3,8,1,0,520,187,520
8076,mlp,7,val,699,root-1/task3--ep9--succ0.pkl,3,9,1,0,520,187,520
8077,mlp,7,val,700,root-1/task4--ep0--succ0.pkl,4,0,1,0,520,209,520
8078,mlp,7,val,701,root-1/task4--ep1--succ0.pkl,4,1,1,0,520,209,520
8079,mlp,7,val,704,root-1/task4--ep12--succ1.pkl,4,12,0,1,263,209,263
8080,mlp,7,val,705,root-1/task4--ep13--succ0.pkl,4,13,1,0,520,209,520
8081,mlp,7,val,706,root-1/task4--ep14--succ1.pkl,4,14,0,1,247,209,247
8082,mlp,7,val,708,root-1/task4--ep16--succ0.pkl,4,16,1,0,520,209,520
8083,mlp,7,val,709,root-1/task4--ep17--succ1.pkl,4,17,0,1,273,209,273
8084,mlp,7,val,713,root-1/task4--ep20--succ1.pkl,4,20,0,1,209,209,209
8085,mlp,7,val,716,root-1/task4--ep23--succ0.pkl,4,23,1,0,520,209,520
8086,mlp,7,val,720,root-1/task4--ep27--succ1.pkl,4,27,0,1,231,209,231
8087,mlp,7,val,721,root-1/task4--ep28--succ0.pkl,4,28,1,0,520,209,520
8088,mlp,7,val,723,root-1/task4--ep3--succ1.pkl,4,3,0,1,243,209,243
8089,mlp,7,val,726,root-1/task4--ep32--succ1.pkl,4,32,0,1,511,209,511
8090,mlp,7,val,728,root-1/task4--ep34--succ0.pkl,4,34,1,0,520,209,520
8091,mlp,7,val,731,root-1/task4--ep37--succ0.pkl,4,37,1,0,520,209,520
8092,mlp,7,val,732,root-1/task4--ep38--succ1.pkl,4,38,0,1,217,209,217
8093,mlp,7,val,733,root-1/task4--ep39--succ0.pkl,4,39,1,0,520,209,520
8094,mlp,7,val,735,root-1/task4--ep40--succ0.pkl,4,40,1,0,520,209,520
8095,mlp,7,val,736,root-1/task4--ep41--succ0.pkl,4,41,1,0,520,209,520
8096,mlp,7,val,737,root-1/task4--ep42--succ0.pkl,4,42,1,0,520,209,520
8097,mlp,7,val,738,root-1/task4--ep43--succ0.pkl,4,43,1,0,520,209,520
8098,mlp,7,val,739,root-1/task4--ep44--succ1.pkl,4,44,0,1,233,209,233
8099,mlp,7,val,740,root-1/task4--ep45--succ0.pkl,4,45,1,0,520,209,520
8100,mlp,7,val,742,root-1/task4--ep47--succ0.pkl,4,47,1,0,520,209,520
8101,mlp,7,val,745,root-1/task4--ep5--succ1.pkl,4,5,0,1,341,209,341
8102,mlp,7,val,747,root-1/task4--ep7--succ0.pkl,4,7,1,0,520,209,520
8103,mlp,7,val,751,root-1/task5--ep1--succ1.pkl,5,1,0,1,178,148,178
8104,mlp,7,val,752,root-1/task5--ep10--succ1.pkl,5,10,0,1,242,148,242
8105,mlp,7,val,753,root-1/task5--ep11--succ1.pkl,5,11,0,1,282,148,282
8106,mlp,7,val,754,root-1/task5--ep12--succ1.pkl,5,12,0,1,159,148,159
8107,mlp,7,val,757,root-1/task5--ep15--succ1.pkl,5,15,0,1,202,148,202
8108,mlp,7,val,758,root-1/task5--ep16--succ1.pkl,5,16,0,1,170,148,170
8109,mlp,7,val,761,root-1/task5--ep19--succ0.pkl,5,19,1,0,520,148,520
8110,mlp,7,val,764,root-1/task5--ep21--succ1.pkl,5,21,0,1,177,148,177
8111,mlp,7,val,766,root-1/task5--ep23--succ1.pkl,5,23,0,1,197,148,197
8112,mlp,7,val,767,root-1/task5--ep24--succ1.pkl,5,24,0,1,174,148,174
8113,mlp,7,val,773,root-1/task5--ep3--succ1.pkl,5,3,0,1,173,148,173
8114,mlp,7,val,775,root-1/task5--ep31--succ1.pkl,5,31,0,1,207,148,207
8115,mlp,7,val,776,root-1/task5--ep32--succ1.pkl,5,32,0,1,189,148,189
8116,mlp,7,val,780,root-1/task5--ep36--succ0.pkl,5,36,1,0,520,148,520
8117,mlp,7,val,781,root-1/task5--ep37--succ1.pkl,5,37,0,1,174,148,174
8118,mlp,7,val,784,root-1/task5--ep4--succ1.pkl,5,4,0,1,266,148,266
8119,mlp,7,val,785,root-1/task5--ep40--succ1.pkl,5,40,0,1,196,148,196
8120,mlp,7,val,788,root-1/task5--ep43--succ1.pkl,5,43,0,1,211,148,211
8121,mlp,7,val,791,root-1/task5--ep46--succ0.pkl,5,46,1,0,520,148,520
8122,mlp,7,val,793,root-1/task5--ep48--succ1.pkl,5,48,0,1,190,148,190
8123,mlp,7,val,797,root-1/task5--ep7--succ1.pkl,5,7,0,1,205,148,205
8124,mlp,7,val,800,root-1/task6--ep0--succ1.pkl,6,0,0,1,289,190,289
8125,mlp,7,val,808,root-1/task6--ep16--succ1.pkl,6,16,0,1,264,190,264
8126,mlp,7,val,810,root-1/task6--ep18--succ0.pkl,6,18,1,0,520,190,520
8127,mlp,7,val,815,root-1/task6--ep22--succ1.pkl,6,22,0,1,244,190,244
8128,mlp,7,val,817,root-1/task6--ep24--succ1.pkl,6,24,0,1,331,190,331
8129,mlp,7,val,819,root-1/task6--ep26--succ0.pkl,6,26,1,0,520,190,520
8130,mlp,7,val,825,root-1/task6--ep31--succ1.pkl,6,31,0,1,291,190,291
8131,mlp,7,val,828,root-1/task6--ep34--succ0.pkl,6,34,1,0,520,190,520
8132,mlp,7,val,831,root-1/task6--ep37--succ1.pkl,6,37,0,1,191,190,191
8133,mlp,7,val,832,root-1/task6--ep38--succ0.pkl,6,38,1,0,520,190,520
8134,mlp,7,val,834,root-1/task6--ep4--succ1.pkl,6,4,0,1,513,190,513
8135,mlp,7,val,836,root-1/task6--ep41--succ1.pkl,6,41,0,1,241,190,241
8136,mlp,7,val,837,root-1/task6--ep42--succ1.pkl,6,42,0,1,302,190,302
8137,mlp,7,val,839,root-1/task6--ep44--succ1.pkl,6,44,0,1,233,190,233
8138,mlp,7,val,841,root-1/task6--ep46--succ0.pkl,6,46,1,0,520,190,520
8139,mlp,7,val,842,root-1/task6--ep47--succ0.pkl,6,47,1,0,520,190,520
8140,mlp,7,val,843,root-1/task6--ep48--succ1.pkl,6,48,0,1,233,190,233
8141,mlp,7,val,844,root-1/task6--ep49--succ1.pkl,6,49,0,1,474,190,474
8142,mlp,7,val,846,root-1/task6--ep6--succ0.pkl,6,6,1,0,520,190,520
8143,mlp,7,val,847,root-1/task6--ep7--succ1.pkl,6,7,0,1,234,190,234
8144,mlp,7,val,901,root-1/task8--ep1--succ1.pkl,8,1,0,1,391,315,391
8145,mlp,7,val,904,root-1/task8--ep12--succ0.pkl,8,12,1,0,520,315,520
8146,mlp,7,val,905,root-1/task8--ep13--succ0.pkl,8,13,1,0,520,315,520
8147,mlp,7,val,906,root-1/task8--ep14--succ0.pkl,8,14,1,0,520,315,520
8148,mlp,7,val,907,root-1/task8--ep15--succ0.pkl,8,15,1,0,520,315,520
8149,mlp,7,val,910,root-1/task8--ep18--succ0.pkl,8,18,1,0,520,315,520
8150,mlp,7,val,914,root-1/task8--ep21--succ0.pkl,8,21,1,0,520,315,520
8151,mlp,7,val,920,root-1/task8--ep27--succ0.pkl,8,27,1,0,520,315,520
8152,mlp,7,val,921,root-1/task8--ep28--succ0.pkl,8,28,1,0,520,315,520
8153,mlp,7,val,923,root-1/task8--ep3--succ0.pkl,8,3,1,0,520,315,520
8154,mlp,7,val,927,root-1/task8--ep33--succ0.pkl,8,33,1,0,520,315,520
8155,mlp,7,val,932,root-1/task8--ep38--succ0.pkl,8,38,1,0,520,315,520
8156,mlp,7,val,934,root-1/task8--ep4--succ0.pkl,8,4,1,0,520,315,520
8157,mlp,7,val,940,root-1/task8--ep45--succ1.pkl,8,45,0,1,490,315,490
8158,mlp,7,val,943,root-1/task8--ep48--succ0.pkl,8,48,1,0,520,315,520
8159,mlp,7,val,945,root-1/task8--ep5--succ0.pkl,8,5,1,0,520,315,520
8160,mlp,7,val,946,root-1/task8--ep6--succ1.pkl,8,6,0,1,440,315,440
8161,mlp,7,val,947,root-1/task8--ep7--succ0.pkl,8,7,1,0,520,315,520
8162,mlp,7,val,948,root-1/task8--ep8--succ0.pkl,8,8,1,0,520,315,520
8163,mlp,7,val,954,root-1/task9--ep12--succ0.pkl,9,12,1,0,520,241,520
8164,mlp,7,val,956,root-1/task9--ep14--succ0.pkl,9,14,1,0,520,241,520
8165,mlp,7,val,958,root-1/task9--ep16--succ0.pkl,9,16,1,0,520,241,520
8166,mlp,7,val,959,root-1/task9--ep17--succ1.pkl,9,17,0,1,349,241,349
8167,mlp,7,val,965,root-1/task9--ep22--succ1.pkl,9,22,0,1,312,241,312
8168,mlp,7,val,977,root-1/task9--ep33--succ1.pkl,9,33,0,1,247,241,247
8169,mlp,7,val,978,root-1/task9--ep34--succ0.pkl,9,34,1,0,520,241,520
8170,mlp,7,val,980,root-1/task9--ep36--succ1.pkl,9,36,0,1,359,241,359
8171,mlp,7,val,981,root-1/task9--ep37--succ1.pkl,9,37,0,1,413,241,413
8172,mlp,7,val,983,root-1/task9--ep39--succ0.pkl,9,39,1,0,520,241,520
8173,mlp,7,val,984,root-1/task9--ep4--succ0.pkl,9,4,1,0,520,241,520
8174,mlp,7,val,985,root-1/task9--ep40--succ1.pkl,9,40,0,1,389,241,389
8175,mlp,7,val,987,root-1/task9--ep42--succ0.pkl,9,42,1,0,520,241,520
8176,mlp,7,val,988,root-1/task9--ep43--succ0.pkl,9,43,1,0,520,241,520
8177,mlp,7,val,990,root-1/task9--ep45--succ0.pkl,9,45,1,0,520,241,520
8178,mlp,7,val,991,root-1/task9--ep46--succ0.pkl,9,46,1,0,520,241,520
8179,mlp,7,val,994,root-1/task9--ep49--succ0.pkl,9,49,1,0,520,241,520
8180,mlp,7,test,350,root-0/task7--ep0--succ1.pkl,7,0,0,1,229,210,229
8181,mlp,7,test,351,root-0/task7--ep1--succ0.pkl,7,1,1,0,520,210,520
8182,mlp,7,test,352,root-0/task7--ep10--succ1.pkl,7,10,0,1,245,210,245
8183,mlp,7,test,353,root-0/task7--ep11--succ0.pkl,7,11,1,0,520,210,520
8184,mlp,7,test,354,root-0/task7--ep12--succ0.pkl,7,12,1,0,520,210,520
8185,mlp,7,test,355,root-0/task7--ep13--succ0.pkl,7,13,1,0,520,210,520
8186,mlp,7,test,356,root-0/task7--ep14--succ1.pkl,7,14,0,1,270,210,270
8187,mlp,7,test,357,root-0/task7--ep15--succ1.pkl,7,15,0,1,227,210,227
8188,mlp,7,test,358,root-0/task7--ep16--succ1.pkl,7,16,0,1,271,210,271
8189,mlp,7,test,359,root-0/task7--ep17--succ0.pkl,7,17,1,0,520,210,520
8190,mlp,7,test,360,root-0/task7--ep18--succ1.pkl,7,18,0,1,210,210,210
8191,mlp,7,test,361,root-0/task7--ep19--succ1.pkl,7,19,0,1,252,210,252
8192,mlp,7,test,362,root-0/task7--ep2--succ1.pkl,7,2,0,1,332,210,332
8193,mlp,7,test,363,root-0/task7--ep20--succ1.pkl,7,20,0,1,259,210,259
8194,mlp,7,test,364,root-0/task7--ep21--succ0.pkl,7,21,1,0,520,210,520
8195,mlp,7,test,365,root-0/task7--ep22--succ0.pkl,7,22,1,0,520,210,520
8196,mlp,7,test,366,root-0/task7--ep23--succ1.pkl,7,23,0,1,376,210,376
8197,mlp,7,test,367,root-0/task7--ep24--succ1.pkl,7,24,0,1,231,210,231
8198,mlp,7,test,368,root-0/task7--ep25--succ1.pkl,7,25,0,1,301,210,301
8199,mlp,7,test,369,root-0/task7--ep26--succ0.pkl,7,26,1,0,520,210,520
8200,mlp,7,test,370,root-0/task7--ep27--succ1.pkl,7,27,0,1,240,210,240
8201,mlp,7,test,371,root-0/task7--ep28--succ1.pkl,7,28,0,1,354,210,354
8202,mlp,7,test,372,root-0/task7--ep29--succ0.pkl,7,29,1,0,520,210,520
8203,mlp,7,test,373,root-0/task7--ep3--succ1.pkl,7,3,0,1,362,210,362
8204,mlp,7,test,374,root-0/task7--ep30--succ0.pkl,7,30,1,0,520,210,520
8205,mlp,7,test,375,root-0/task7--ep31--succ1.pkl,7,31,0,1,294,210,294
8206,mlp,7,test,376,root-0/task7--ep32--succ1.pkl,7,32,0,1,239,210,239
8207,mlp,7,test,377,root-0/task7--ep33--succ0.pkl,7,33,1,0,520,210,520
8208,mlp,7,test,378,root-0/task7--ep34--succ0.pkl,7,34,1,0,520,210,520
8209,mlp,7,test,379,root-0/task7--ep35--succ0.pkl,7,35,1,0,520,210,520
8210,mlp,7,test,380,root-0/task7--ep36--succ1.pkl,7,36,0,1,253,210,253
8211,mlp,7,test,381,root-0/task7--ep37--succ1.pkl,7,37,0,1,267,210,267
8212,mlp,7,test,382,root-0/task7--ep38--succ0.pkl,7,38,1,0,520,210,520
8213,mlp,7,test,383,root-0/task7--ep39--succ1.pkl,7,39,0,1,236,210,236
8214,mlp,7,test,384,root-0/task7--ep4--succ0.pkl,7,4,1,0,520,210,520
8215,mlp,7,test,385,root-0/task7--ep40--succ1.pkl,7,40,0,1,341,210,341
8216,mlp,7,test,386,root-0/task7--ep41--succ1.pkl,7,41,0,1,273,210,273
8217,mlp,7,test,387,root-0/task7--ep42--succ1.pkl,7,42,0,1,267,210,267
8218,mlp,7,test,388,root-0/task7--ep43--succ0.pkl,7,43,1,0,520,210,520
8219,mlp,7,test,389,root-0/task7--ep44--succ0.pkl,7,44,1,0,520,210,520
8220,mlp,7,test,390,root-0/task7--ep45--succ1.pkl,7,45,0,1,260,210,260
8221,mlp,7,test,391,root-0/task7--ep46--succ0.pkl,7,46,1,0,520,210,520
8222,mlp,7,test,392,root-0/task7--ep47--succ1.pkl,7,47,0,1,300,210,300
8223,mlp,7,test,393,root-0/task7--ep48--succ1.pkl,7,48,0,1,381,210,381
8224,mlp,7,test,394,root-0/task7--ep49--succ1.pkl,7,49,0,1,369,210,369
8225,mlp,7,test,395,root-0/task7--ep5--succ0.pkl,7,5,1,0,520,210,520
8226,mlp,7,test,396,root-0/task7--ep6--succ1.pkl,7,6,0,1,290,210,290
8227,mlp,7,test,397,root-0/task7--ep7--succ1.pkl,7,7,0,1,232,210,232
8228,mlp,7,test,398,root-0/task7--ep8--succ0.pkl,7,8,1,0,520,210,520
8229,mlp,7,test,399,root-0/task7--ep9--succ1.pkl,7,9,0,1,271,210,271
8230,mlp,7,test,850,root-1/task7--ep0--succ1.pkl,7,0,0,1,246,210,246
8231,mlp,7,test,851,root-1/task7--ep1--succ0.pkl,7,1,1,0,520,210,520
8232,mlp,7,test,852,root-1/task7--ep10--succ1.pkl,7,10,0,1,295,210,295
8233,mlp,7,test,853,root-1/task7--ep11--succ0.pkl,7,11,1,0,520,210,520
8234,mlp,7,test,854,root-1/task7--ep12--succ1.pkl,7,12,0,1,335,210,335
8235,mlp,7,test,855,root-1/task7--ep13--succ0.pkl,7,13,1,0,520,210,520
8236,mlp,7,test,856,root-1/task7--ep14--succ1.pkl,7,14,0,1,237,210,237
8237,mlp,7,test,857,root-1/task7--ep15--succ1.pkl,7,15,0,1,290,210,290
8238,mlp,7,test,858,root-1/task7--ep16--succ1.pkl,7,16,0,1,281,210,281
8239,mlp,7,test,859,root-1/task7--ep17--succ0.pkl,7,17,1,0,520,210,520
8240,mlp,7,test,860,root-1/task7--ep18--succ1.pkl,7,18,0,1,232,210,232
8241,mlp,7,test,861,root-1/task7--ep19--succ1.pkl,7,19,0,1,249,210,249
8242,mlp,7,test,862,root-1/task7--ep2--succ0.pkl,7,2,1,0,520,210,520
8243,mlp,7,test,863,root-1/task7--ep20--succ1.pkl,7,20,0,1,271,210,271
8244,mlp,7,test,864,root-1/task7--ep21--succ1.pkl,7,21,0,1,247,210,247
8245,mlp,7,test,865,root-1/task7--ep22--succ1.pkl,7,22,0,1,280,210,280
8246,mlp,7,test,866,root-1/task7--ep23--succ0.pkl,7,23,1,0,520,210,520
8247,mlp,7,test,867,root-1/task7--ep24--succ0.pkl,7,24,1,0,520,210,520
8248,mlp,7,test,868,root-1/task7--ep25--succ1.pkl,7,25,0,1,354,210,354
8249,mlp,7,test,869,root-1/task7--ep26--succ0.pkl,7,26,1,0,520,210,520
8250,mlp,7,test,870,root-1/task7--ep27--succ1.pkl,7,27,0,1,249,210,249
8251,mlp,7,test,871,root-1/task7--ep28--succ1.pkl,7,28,0,1,316,210,316
8252,mlp,7,test,872,root-1/task7--ep29--succ1.pkl,7,29,0,1,252,210,252
8253,mlp,7,test,873,root-1/task7--ep3--succ0.pkl,7,3,1,0,520,210,520
8254,mlp,7,test,874,root-1/task7--ep30--succ1.pkl,7,30,0,1,251,210,251
8255,mlp,7,test,875,root-1/task7--ep31--succ1.pkl,7,31,0,1,500,210,500
8256,mlp,7,test,876,root-1/task7--ep32--succ1.pkl,7,32,0,1,259,210,259
8257,mlp,7,test,877,root-1/task7--ep33--succ0.pkl,7,33,1,0,520,210,520
8258,mlp,7,test,878,root-1/task7--ep34--succ0.pkl,7,34,1,0,520,210,520
8259,mlp,7,test,879,root-1/task7--ep35--succ1.pkl,7,35,0,1,297,210,297
8260,mlp,7,test,880,root-1/task7--ep36--succ1.pkl,7,36,0,1,212,210,212
8261,mlp,7,test,881,root-1/task7--ep37--succ1.pkl,7,37,0,1,230,210,230
8262,mlp,7,test,882,root-1/task7--ep38--succ1.pkl,7,38,0,1,331,210,331
8263,mlp,7,test,883,root-1/task7--ep39--succ1.pkl,7,39,0,1,289,210,289
8264,mlp,7,test,884,root-1/task7--ep4--succ0.pkl,7,4,1,0,520,210,520
8265,mlp,7,test,885,root-1/task7--ep40--succ1.pkl,7,40,0,1,214,210,214
8266,mlp,7,test,886,root-1/task7--ep41--succ0.pkl,7,41,1,0,520,210,520
8267,mlp,7,test,887,root-1/task7--ep42--succ1.pkl,7,42,0,1,253,210,253
8268,mlp,7,test,888,root-1/task7--ep43--succ0.pkl,7,43,1,0,520,210,520
8269,mlp,7,test,889,root-1/task7--ep44--succ1.pkl,7,44,0,1,246,210,246
8270,mlp,7,test,890,root-1/task7--ep45--succ1.pkl,7,45,0,1,264,210,264
8271,mlp,7,test,891,root-1/task7--ep46--succ1.pkl,7,46,0,1,257,210,257
8272,mlp,7,test,892,root-1/task7--ep47--succ1.pkl,7,47,0,1,246,210,246
8273,mlp,7,test,893,root-1/task7--ep48--succ1.pkl,7,48,0,1,290,210,290
8274,mlp,7,test,894,root-1/task7--ep49--succ0.pkl,7,49,1,0,520,210,520
8275,mlp,7,test,895,root-1/task7--ep5--succ0.pkl,7,5,1,0,520,210,520
8276,mlp,7,test,896,root-1/task7--ep6--succ1.pkl,7,6,0,1,369,210,369
8277,mlp,7,test,897,root-1/task7--ep7--succ1.pkl,7,7,0,1,246,210,246
8278,mlp,7,test,898,root-1/task7--ep8--succ0.pkl,7,8,1,0,520,210,520
8279,mlp,7,test,899,root-1/task7--ep9--succ1.pkl,7,9,0,1,252,210,252
8280,mlp,8,val,8,root-0/task0--ep16--succ0.pkl,0,16,1,0,520,230,520
8281,mlp,8,val,9,root-0/task0--ep17--succ1.pkl,0,17,0,1,321,230,321
8282,mlp,8,val,10,root-0/task0--ep18--succ1.pkl,0,18,0,1,303,230,303
8283,mlp,8,val,11,root-0/task0--ep19--succ1.pkl,0,19,0,1,304,230,304
8284,mlp,8,val,13,root-0/task0--ep20--succ0.pkl,0,20,1,0,520,230,520
8285,mlp,8,val,16,root-0/task0--ep23--succ1.pkl,0,23,0,1,414,230,414
8286,mlp,8,val,18,root-0/task0--ep25--succ0.pkl,0,25,1,0,520,230,520
8287,mlp,8,val,19,root-0/task0--ep26--succ0.pkl,0,26,1,0,520,230,520
8288,mlp,8,val,21,root-0/task0--ep28--succ0.pkl,0,28,1,0,520,230,520
8289,mlp,8,val,22,root-0/task0--ep29--succ1.pkl,0,29,0,1,257,230,257
8290,mlp,8,val,26,root-0/task0--ep32--succ1.pkl,0,32,0,1,321,230,321
8291,mlp,8,val,28,root-0/task0--ep34--succ1.pkl,0,34,0,1,252,230,252
8292,mlp,8,val,29,root-0/task0--ep35--succ1.pkl,0,35,0,1,278,230,278
8293,mlp,8,val,32,root-0/task0--ep38--succ0.pkl,0,38,1,0,520,230,520
8294,mlp,8,val,33,root-0/task0--ep39--succ1.pkl,0,39,0,1,360,230,360
8295,mlp,8,val,34,root-0/task0--ep4--succ0.pkl,0,4,1,0,520,230,520
8296,mlp,8,val,37,root-0/task0--ep42--succ0.pkl,0,42,1,0,520,230,520
8297,mlp,8,val,38,root-0/task0--ep43--succ1.pkl,0,43,0,1,357,230,357
8298,mlp,8,val,39,root-0/task0--ep44--succ1.pkl,0,44,0,1,481,230,481
8299,mlp,8,val,40,root-0/task0--ep45--succ1.pkl,0,45,0,1,375,230,375
8300,mlp,8,val,42,root-0/task0--ep47--succ1.pkl,0,47,0,1,283,230,283
8301,mlp,8,val,44,root-0/task0--ep49--succ1.pkl,0,49,0,1,321,230,321
8302,mlp,8,val,49,root-0/task0--ep9--succ1.pkl,0,9,0,1,291,230,291
8303,mlp,8,val,50,root-0/task1--ep0--succ1.pkl,1,0,0,1,268,218,268
8304,mlp,8,val,51,root-0/task1--ep1--succ1.pkl,1,1,0,1,253,218,253
8305,mlp,8,val,54,root-0/task1--ep12--succ1.pkl,1,12,0,1,238,218,238
8306,mlp,8,val,58,root-0/task1--ep16--succ1.pkl,1,16,0,1,248,218,248
8307,mlp,8,val,60,root-0/task1--ep18--succ1.pkl,1,18,0,1,246,218,246
8308,mlp,8,val,61,root-0/task1--ep19--succ1.pkl,1,19,0,1,251,218,251
8309,mlp,8,val,62,root-0/task1--ep2--succ1.pkl,1,2,0,1,322,218,322
8310,mlp,8,val,64,root-0/task1--ep21--succ0.pkl,1,21,1,0,520,218,520
8311,mlp,8,val,66,root-0/task1--ep23--succ0.pkl,1,23,1,0,520,218,520
8312,mlp,8,val,67,root-0/task1--ep24--succ1.pkl,1,24,0,1,233,218,233
8313,mlp,8,val,69,root-0/task1--ep26--succ1.pkl,1,26,0,1,218,218,218
8314,mlp,8,val,76,root-0/task1--ep32--succ0.pkl,1,32,1,0,520,218,520
8315,mlp,8,val,78,root-0/task1--ep34--succ0.pkl,1,34,1,0,520,218,520
8316,mlp,8,val,80,root-0/task1--ep36--succ0.pkl,1,36,1,0,520,218,520
8317,mlp,8,val,82,root-0/task1--ep38--succ1.pkl,1,38,0,1,249,218,249
8318,mlp,8,val,83,root-0/task1--ep39--succ1.pkl,1,39,0,1,316,218,316
8319,mlp,8,val,85,root-0/task1--ep40--succ1.pkl,1,40,0,1,225,218,225
8320,mlp,8,val,86,root-0/task1--ep41--succ1.pkl,1,41,0,1,396,218,396
8321,mlp,8,val,90,root-0/task1--ep45--succ1.pkl,1,45,0,1,334,218,334
8322,mlp,8,val,94,root-0/task1--ep49--succ1.pkl,1,49,0,1,265,218,265
8323,mlp,8,val,95,root-0/task1--ep5--succ1.pkl,1,5,0,1,281,218,281
8324,mlp,8,val,97,root-0/task1--ep7--succ1.pkl,1,7,0,1,225,218,225
8325,mlp,8,val,98,root-0/task1--ep8--succ1.pkl,1,8,0,1,260,218,260
8326,mlp,8,val,100,root-0/task2--ep0--succ1.pkl,2,0,0,1,258,211,258
8327,mlp,8,val,101,root-0/task2--ep1--succ1.pkl,2,1,0,1,285,211,285
8328,mlp,8,val,109,root-0/task2--ep17--succ1.pkl,2,17,0,1,242,211,242
8329,mlp,8,val,111,root-0/task2--ep19--succ1.pkl,2,19,0,1,227,211,227
8330,mlp,8,val,112,root-0/task2--ep2--succ0.pkl,2,2,1,0,520,211,520
8331,mlp,8,val,113,root-0/task2--ep20--succ0.pkl,2,20,1,0,520,211,520
8332,mlp,8,val,114,root-0/task2--ep21--succ1.pkl,2,21,0,1,320,211,320
8333,mlp,8,val,117,root-0/task2--ep24--succ0.pkl,2,24,1,0,520,211,520
8334,mlp,8,val,118,root-0/task2--ep25--succ1.pkl,2,25,0,1,251,211,251
8335,mlp,8,val,121,root-0/task2--ep28--succ1.pkl,2,28,0,1,304,211,304
8336,mlp,8,val,122,root-0/task2--ep29--succ0.pkl,2,29,1,0,520,211,520
8337,mlp,8,val,125,root-0/task2--ep31--succ0.pkl,2,31,1,0,520,211,520
8338,mlp,8,val,127,root-0/task2--ep33--succ0.pkl,2,33,1,0,520,211,520
8339,mlp,8,val,132,root-0/task2--ep38--succ1.pkl,2,38,0,1,295,211,295
8340,mlp,8,val,133,root-0/task2--ep39--succ0.pkl,2,39,1,0,520,211,520
8341,mlp,8,val,134,root-0/task2--ep4--succ1.pkl,2,4,0,1,225,211,225
8342,mlp,8,val,136,root-0/task2--ep41--succ0.pkl,2,41,1,0,520,211,520
8343,mlp,8,val,138,root-0/task2--ep43--succ1.pkl,2,43,0,1,342,211,342
8344,mlp,8,val,139,root-0/task2--ep44--succ0.pkl,2,44,1,0,520,211,520
8345,mlp,8,val,143,root-0/task2--ep48--succ0.pkl,2,48,1,0,520,211,520
8346,mlp,8,val,145,root-0/task2--ep5--succ0.pkl,2,5,1,0,520,211,520
8347,mlp,8,val,147,root-0/task2--ep7--succ0.pkl,2,7,1,0,520,211,520
8348,mlp,8,val,148,root-0/task2--ep8--succ1.pkl,2,8,0,1,316,211,316
8349,mlp,8,val,151,root-0/task3--ep1--succ0.pkl,3,1,1,0,520,187,520
8350,mlp,8,val,154,root-0/task3--ep12--succ1.pkl,3,12,0,1,360,187,360
8351,mlp,8,val,156,root-0/task3--ep14--succ0.pkl,3,14,1,0,520,187,520
8352,mlp,8,val,159,root-0/task3--ep17--succ1.pkl,3,17,0,1,218,187,218
8353,mlp,8,val,161,root-0/task3--ep19--succ0.pkl,3,19,1,0,520,187,520
8354,mlp,8,val,163,root-0/task3--ep20--succ1.pkl,3,20,0,1,245,187,245
8355,mlp,8,val,164,root-0/task3--ep21--succ0.pkl,3,21,1,0,520,187,520
8356,mlp,8,val,165,root-0/task3--ep22--succ0.pkl,3,22,1,0,520,187,520
8357,mlp,8,val,167,root-0/task3--ep24--succ1.pkl,3,24,0,1,277,187,277
8358,mlp,8,val,172,root-0/task3--ep29--succ0.pkl,3,29,1,0,520,187,520
8359,mlp,8,val,177,root-0/task3--ep33--succ0.pkl,3,33,1,0,520,187,520
8360,mlp,8,val,178,root-0/task3--ep34--succ0.pkl,3,34,1,0,520,187,520
8361,mlp,8,val,183,root-0/task3--ep39--succ1.pkl,3,39,0,1,196,187,196
8362,mlp,8,val,184,root-0/task3--ep4--succ1.pkl,3,4,0,1,453,187,453
8363,mlp,8,val,185,root-0/task3--ep40--succ0.pkl,3,40,1,0,520,187,520
8364,mlp,8,val,186,root-0/task3--ep41--succ1.pkl,3,41,0,1,256,187,256
8365,mlp,8,val,187,root-0/task3--ep42--succ0.pkl,3,42,1,0,520,187,520
8366,mlp,8,val,188,root-0/task3--ep43--succ0.pkl,3,43,1,0,520,187,520
8367,mlp,8,val,191,root-0/task3--ep46--succ0.pkl,3,46,1,0,520,187,520
8368,mlp,8,val,195,root-0/task3--ep5--succ0.pkl,3,5,1,0,520,187,520
8369,mlp,8,val,196,root-0/task3--ep6--succ0.pkl,3,6,1,0,520,187,520
8370,mlp,8,val,197,root-0/task3--ep7--succ1.pkl,3,7,0,1,195,187,195
8371,mlp,8,val,201,root-0/task4--ep1--succ0.pkl,4,1,1,0,520,209,520
8372,mlp,8,val,202,root-0/task4--ep10--succ0.pkl,4,10,1,0,520,209,520
8373,mlp,8,val,203,root-0/task4--ep11--succ0.pkl,4,11,1,0,520,209,520
8374,mlp,8,val,207,root-0/task4--ep15--succ0.pkl,4,15,1,0,520,209,520
8375,mlp,8,val,209,root-0/task4--ep17--succ0.pkl,4,17,1,0,520,209,520
8376,mlp,8,val,213,root-0/task4--ep20--succ0.pkl,4,20,1,0,520,209,520
8377,mlp,8,val,219,root-0/task4--ep26--succ0.pkl,4,26,1,0,520,209,520
8378,mlp,8,val,220,root-0/task4--ep27--succ0.pkl,4,27,1,0,520,209,520
8379,mlp,8,val,224,root-0/task4--ep30--succ0.pkl,4,30,1,0,520,209,520
8380,mlp,8,val,225,root-0/task4--ep31--succ1.pkl,4,31,0,1,241,209,241
8381,mlp,8,val,226,root-0/task4--ep32--succ1.pkl,4,32,0,1,219,209,219
8382,mlp,8,val,232,root-0/task4--ep38--succ1.pkl,4,38,0,1,507,209,507
8383,mlp,8,val,233,root-0/task4--ep39--succ1.pkl,4,39,0,1,219,209,219
8384,mlp,8,val,238,root-0/task4--ep43--succ1.pkl,4,43,0,1,413,209,413
8385,mlp,8,val,239,root-0/task4--ep44--succ1.pkl,4,44,0,1,238,209,238
8386,mlp,8,val,240,root-0/task4--ep45--succ0.pkl,4,45,1,0,520,209,520
8387,mlp,8,val,241,root-0/task4--ep46--succ0.pkl,4,46,1,0,520,209,520
8388,mlp,8,val,245,root-0/task4--ep5--succ1.pkl,4,5,0,1,268,209,268
8389,mlp,8,val,246,root-0/task4--ep6--succ0.pkl,4,6,1,0,520,209,520
8390,mlp,8,val,247,root-0/task4--ep7--succ0.pkl,4,7,1,0,520,209,520
8391,mlp,8,val,249,root-0/task4--ep9--succ1.pkl,4,9,0,1,220,209,220
8392,mlp,8,val,250,root-0/task5--ep0--succ1.pkl,5,0,0,1,161,148,161
8393,mlp,8,val,253,root-0/task5--ep11--succ1.pkl,5,11,0,1,160,148,160
8394,mlp,8,val,258,root-0/task5--ep16--succ1.pkl,5,16,0,1,327,148,327
8395,mlp,8,val,264,root-0/task5--ep21--succ1.pkl,5,21,0,1,184,148,184
8396,mlp,8,val,265,root-0/task5--ep22--succ0.pkl,5,22,1,0,520,148,520
8397,mlp,8,val,267,root-0/task5--ep24--succ1.pkl,5,24,0,1,172,148,172
8398,mlp,8,val,268,root-0/task5--ep25--succ1.pkl,5,25,0,1,207,148,207
8399,mlp,8,val,269,root-0/task5--ep26--succ1.pkl,5,26,0,1,187,148,187
8400,mlp,8,val,270,root-0/task5--ep27--succ1.pkl,5,27,0,1,261,148,261
8401,mlp,8,val,271,root-0/task5--ep28--succ0.pkl,5,28,1,0,520,148,520
8402,mlp,8,val,273,root-0/task5--ep3--succ1.pkl,5,3,0,1,233,148,233
8403,mlp,8,val,274,root-0/task5--ep30--succ1.pkl,5,30,0,1,186,148,186
8404,mlp,8,val,276,root-0/task5--ep32--succ1.pkl,5,32,0,1,183,148,183
8405,mlp,8,val,280,root-0/task5--ep36--succ1.pkl,5,36,0,1,231,148,231
8406,mlp,8,val,284,root-0/task5--ep4--succ1.pkl,5,4,0,1,194,148,194
8407,mlp,8,val,287,root-0/task5--ep42--succ1.pkl,5,42,0,1,231,148,231
8408,mlp,8,val,296,root-0/task5--ep6--succ1.pkl,5,6,0,1,197,148,197
8409,mlp,8,val,298,root-0/task5--ep8--succ1.pkl,5,8,0,1,154,148,154
8410,mlp,8,val,299,root-0/task5--ep9--succ1.pkl,5,9,0,1,334,148,334
8411,mlp,8,val,301,root-0/task6--ep1--succ1.pkl,6,1,0,1,256,190,256
8412,mlp,8,val,304,root-0/task6--ep12--succ1.pkl,6,12,0,1,254,190,254
8413,mlp,8,val,314,root-0/task6--ep21--succ0.pkl,6,21,1,0,520,190,520
8414,mlp,8,val,320,root-0/task6--ep27--succ1.pkl,6,27,0,1,247,190,247
8415,mlp,8,val,321,root-0/task6--ep28--succ0.pkl,6,28,1,0,520,190,520
8416,mlp,8,val,322,root-0/task6--ep29--succ1.pkl,6,29,0,1,236,190,236
8417,mlp,8,val,325,root-0/task6--ep31--succ1.pkl,6,31,0,1,229,190,229
8418,mlp,8,val,327,root-0/task6--ep33--succ1.pkl,6,33,0,1,216,190,216
8419,mlp,8,val,330,root-0/task6--ep36--succ0.pkl,6,36,1,0,520,190,520
8420,mlp,8,val,331,root-0/task6--ep37--succ1.pkl,6,37,0,1,251,190,251
8421,mlp,8,val,332,root-0/task6--ep38--succ1.pkl,6,38,0,1,315,190,315
8422,mlp,8,val,333,root-0/task6--ep39--succ0.pkl,6,39,1,0,520,190,520
8423,mlp,8,val,335,root-0/task6--ep40--succ0.pkl,6,40,1,0,520,190,520
8424,mlp,8,val,336,root-0/task6--ep41--succ1.pkl,6,41,0,1,387,190,387
8425,mlp,8,val,337,root-0/task6--ep42--succ0.pkl,6,42,1,0,520,190,520
8426,mlp,8,val,343,root-0/task6--ep48--succ0.pkl,6,48,1,0,520,190,520
8427,mlp,8,val,344,root-0/task6--ep49--succ1.pkl,6,49,0,1,263,190,263
8428,mlp,8,val,347,root-0/task6--ep7--succ1.pkl,6,7,0,1,268,190,268
8429,mlp,8,val,353,root-0/task7--ep11--succ0.pkl,7,11,1,0,520,210,520
8430,mlp,8,val,357,root-0/task7--ep15--succ1.pkl,7,15,0,1,227,210,227
8431,mlp,8,val,360,root-0/task7--ep18--succ1.pkl,7,18,0,1,210,210,210
8432,mlp,8,val,362,root-0/task7--ep2--succ1.pkl,7,2,0,1,332,210,332
8433,mlp,8,val,365,root-0/task7--ep22--succ0.pkl,7,22,1,0,520,210,520
8434,mlp,8,val,367,root-0/task7--ep24--succ1.pkl,7,24,0,1,231,210,231
8435,mlp,8,val,368,root-0/task7--ep25--succ1.pkl,7,25,0,1,301,210,301
8436,mlp,8,val,372,root-0/task7--ep29--succ0.pkl,7,29,1,0,520,210,520
8437,mlp,8,val,373,root-0/task7--ep3--succ1.pkl,7,3,0,1,362,210,362
8438,mlp,8,val,376,root-0/task7--ep32--succ1.pkl,7,32,0,1,239,210,239
8439,mlp,8,val,381,root-0/task7--ep37--succ1.pkl,7,37,0,1,267,210,267
8440,mlp,8,val,384,root-0/task7--ep4--succ0.pkl,7,4,1,0,520,210,520
8441,mlp,8,val,385,root-0/task7--ep40--succ1.pkl,7,40,0,1,341,210,341
8442,mlp,8,val,387,root-0/task7--ep42--succ1.pkl,7,42,0,1,267,210,267
8443,mlp,8,val,389,root-0/task7--ep44--succ0.pkl,7,44,1,0,520,210,520
8444,mlp,8,val,390,root-0/task7--ep45--succ1.pkl,7,45,0,1,260,210,260
8445,mlp,8,val,391,root-0/task7--ep46--succ0.pkl,7,46,1,0,520,210,520
8446,mlp,8,val,392,root-0/task7--ep47--succ1.pkl,7,47,0,1,300,210,300
8447,mlp,8,val,394,root-0/task7--ep49--succ1.pkl,7,49,0,1,369,210,369
8448,mlp,8,val,395,root-0/task7--ep5--succ0.pkl,7,5,1,0,520,210,520
8449,mlp,8,val,451,root-0/task9--ep1--succ0.pkl,9,1,1,0,520,241,520
8450,mlp,8,val,453,root-0/task9--ep11--succ0.pkl,9,11,1,0,520,241,520
8451,mlp,8,val,467,root-0/task9--ep24--succ0.pkl,9,24,1,0,520,241,520
8452,mlp,8,val,469,root-0/task9--ep26--succ0.pkl,9,26,1,0,520,241,520
8453,mlp,8,val,471,root-0/task9--ep28--succ1.pkl,9,28,0,1,346,241,346
8454,mlp,8,val,473,root-0/task9--ep3--succ0.pkl,9,3,1,0,520,241,520
8455,mlp,8,val,475,root-0/task9--ep31--succ0.pkl,9,31,1,0,520,241,520
8456,mlp,8,val,477,root-0/task9--ep33--succ1.pkl,9,33,0,1,241,241,241
8457,mlp,8,val,478,root-0/task9--ep34--succ0.pkl,9,34,1,0,520,241,520
8458,mlp,8,val,483,root-0/task9--ep39--succ0.pkl,9,39,1,0,520,241,520
8459,mlp,8,val,485,root-0/task9--ep40--succ0.pkl,9,40,1,0,520,241,520
8460,mlp,8,val,489,root-0/task9--ep44--succ0.pkl,9,44,1,0,520,241,520
8461,mlp,8,val,491,root-0/task9--ep46--succ0.pkl,9,46,1,0,520,241,520
8462,mlp,8,val,499,root-0/task9--ep9--succ0.pkl,9,9,1,0,520,241,520
8463,mlp,8,val,500,root-1/task0--ep0--succ0.pkl,0,0,1,0,520,230,520
8464,mlp,8,val,502,root-1/task0--ep10--succ1.pkl,0,10,0,1,290,230,290
8465,mlp,8,val,505,root-1/task0--ep13--succ1.pkl,0,13,0,1,278,230,278
8466,mlp,8,val,517,root-1/task0--ep24--succ0.pkl,0,24,1,0,520,230,520
8467,mlp,8,val,518,root-1/task0--ep25--succ1.pkl,0,25,0,1,295,230,295
8468,mlp,8,val,525,root-1/task0--ep31--succ1.pkl,0,31,0,1,295,230,295
8469,mlp,8,val,526,root-1/task0--ep32--succ0.pkl,0,32,1,0,520,230,520
8470,mlp,8,val,527,root-1/task0--ep33--succ1.pkl,0,33,0,1,357,230,357
8471,mlp,8,val,528,root-1/task0--ep34--succ1.pkl,0,34,0,1,371,230,371
8472,mlp,8,val,529,root-1/task0--ep35--succ1.pkl,0,35,0,1,392,230,392
8473,mlp,8,val,531,root-1/task0--ep37--succ1.pkl,0,37,0,1,333,230,333
8474,mlp,8,val,534,root-1/task0--ep4--succ0.pkl,0,4,1,0,520,230,520
8475,mlp,8,val,536,root-1/task0--ep41--succ1.pkl,0,41,0,1,348,230,348
8476,mlp,8,val,539,root-1/task0--ep44--succ1.pkl,0,44,0,1,423,230,423
8477,mlp,8,val,542,root-1/task0--ep47--succ1.pkl,0,47,0,1,315,230,315
8478,mlp,8,val,545,root-1/task0--ep5--succ0.pkl,0,5,1,0,520,230,520
8479,mlp,8,val,548,root-1/task0--ep8--succ1.pkl,0,8,0,1,341,230,341
8480,mlp,8,val,554,root-1/task1--ep12--succ1.pkl,1,12,0,1,262,218,262
8481,mlp,8,val,556,root-1/task1--ep14--succ0.pkl,1,14,1,0,520,218,520
8482,mlp,8,val,558,root-1/task1--ep16--succ1.pkl,1,16,0,1,255,218,255
8483,mlp,8,val,559,root-1/task1--ep17--succ1.pkl,1,17,0,1,286,218,286
8484,mlp,8,val,565,root-1/task1--ep22--succ0.pkl,1,22,1,0,520,218,520
8485,mlp,8,val,577,root-1/task1--ep33--succ0.pkl,1,33,1,0,520,218,520
8486,mlp,8,val,578,root-1/task1--ep34--succ0.pkl,1,34,1,0,520,218,520
8487,mlp,8,val,580,root-1/task1--ep36--succ0.pkl,1,36,1,0,520,218,520
8488,mlp,8,val,581,root-1/task1--ep37--succ1.pkl,1,37,0,1,236,218,236
8489,mlp,8,val,583,root-1/task1--ep39--succ0.pkl,1,39,1,0,520,218,520
8490,mlp,8,val,584,root-1/task1--ep4--succ1.pkl,1,4,0,1,305,218,305
8491,mlp,8,val,585,root-1/task1--ep40--succ1.pkl,1,40,0,1,241,218,241
8492,mlp,8,val,587,root-1/task1--ep42--succ1.pkl,1,42,0,1,410,218,410
8493,mlp,8,val,588,root-1/task1--ep43--succ0.pkl,1,43,1,0,520,218,520
8494,mlp,8,val,590,root-1/task1--ep45--succ1.pkl,1,45,0,1,302,218,302
8495,mlp,8,val,591,root-1/task1--ep46--succ0.pkl,1,46,1,0,520,218,520
8496,mlp,8,val,594,root-1/task1--ep49--succ1.pkl,1,49,0,1,267,218,267
8497,mlp,8,val,600,root-1/task2--ep0--succ0.pkl,2,0,1,0,520,211,520
8498,mlp,8,val,601,root-1/task2--ep1--succ1.pkl,2,1,0,1,298,211,298
8499,mlp,8,val,608,root-1/task2--ep16--succ1.pkl,2,16,0,1,265,211,265
8500,mlp,8,val,612,root-1/task2--ep2--succ1.pkl,2,2,0,1,253,211,253
8501,mlp,8,val,614,root-1/task2--ep21--succ1.pkl,2,21,0,1,260,211,260
8502,mlp,8,val,617,root-1/task2--ep24--succ0.pkl,2,24,1,0,520,211,520
8503,mlp,8,val,623,root-1/task2--ep3--succ0.pkl,2,3,1,0,520,211,520
8504,mlp,8,val,625,root-1/task2--ep31--succ1.pkl,2,31,0,1,277,211,277
8505,mlp,8,val,627,root-1/task2--ep33--succ0.pkl,2,33,1,0,520,211,520
8506,mlp,8,val,629,root-1/task2--ep35--succ1.pkl,2,35,0,1,377,211,377
8507,mlp,8,val,633,root-1/task2--ep39--succ1.pkl,2,39,0,1,439,211,439
8508,mlp,8,val,634,root-1/task2--ep4--succ1.pkl,2,4,0,1,224,211,224
8509,mlp,8,val,636,root-1/task2--ep41--succ0.pkl,2,41,1,0,520,211,520
8510,mlp,8,val,637,root-1/task2--ep42--succ0.pkl,2,42,1,0,520,211,520
8511,mlp,8,val,638,root-1/task2--ep43--succ0.pkl,2,43,1,0,520,211,520
8512,mlp,8,val,646,root-1/task2--ep6--succ0.pkl,2,6,1,0,520,211,520
8513,mlp,8,val,649,root-1/task2--ep9--succ0.pkl,2,9,1,0,520,211,520
8514,mlp,8,val,650,root-1/task3--ep0--succ1.pkl,3,0,0,1,298,187,298
8515,mlp,8,val,657,root-1/task3--ep15--succ1.pkl,3,15,0,1,244,187,244
8516,mlp,8,val,662,root-1/task3--ep2--succ0.pkl,3,2,1,0,520,187,520
8517,mlp,8,val,664,root-1/task3--ep21--succ0.pkl,3,21,1,0,520,187,520
8518,mlp,8,val,666,root-1/task3--ep23--succ1.pkl,3,23,0,1,236,187,236
8519,mlp,8,val,667,root-1/task3--ep24--succ0.pkl,3,24,1,0,520,187,520
8520,mlp,8,val,669,root-1/task3--ep26--succ1.pkl,3,26,0,1,232,187,232
8521,mlp,8,val,670,root-1/task3--ep27--succ0.pkl,3,27,1,0,520,187,520
8522,mlp,8,val,671,root-1/task3--ep28--succ1.pkl,3,28,0,1,263,187,263
8523,mlp,8,val,679,root-1/task3--ep35--succ0.pkl,3,35,1,0,520,187,520
8524,mlp,8,val,681,root-1/task3--ep37--succ1.pkl,3,37,0,1,260,187,260
8525,mlp,8,val,682,root-1/task3--ep38--succ0.pkl,3,38,1,0,520,187,520
8526,mlp,8,val,688,root-1/task3--ep43--succ1.pkl,3,43,0,1,248,187,248
8527,mlp,8,val,691,root-1/task3--ep46--succ0.pkl,3,46,1,0,520,187,520
8528,mlp,8,val,695,root-1/task3--ep5--succ0.pkl,3,5,1,0,520,187,520
8529,mlp,8,val,696,root-1/task3--ep6--succ0.pkl,3,6,1,0,520,187,520
8530,mlp,8,val,698,root-1/task3--ep8--succ0.pkl,3,8,1,0,520,187,520
8531,mlp,8,val,699,root-1/task3--ep9--succ0.pkl,3,9,1,0,520,187,520
8532,mlp,8,val,701,root-1/task4--ep1--succ0.pkl,4,1,1,0,520,209,520
8533,mlp,8,val,704,root-1/task4--ep12--succ1.pkl,4,12,0,1,263,209,263
8534,mlp,8,val,705,root-1/task4--ep13--succ0.pkl,4,13,1,0,520,209,520
8535,mlp,8,val,706,root-1/task4--ep14--succ1.pkl,4,14,0,1,247,209,247
8536,mlp,8,val,707,root-1/task4--ep15--succ0.pkl,4,15,1,0,520,209,520
8537,mlp,8,val,710,root-1/task4--ep18--succ1.pkl,4,18,0,1,231,209,231
8538,mlp,8,val,714,root-1/task4--ep21--succ0.pkl,4,21,1,0,520,209,520
8539,mlp,8,val,720,root-1/task4--ep27--succ1.pkl,4,27,0,1,231,209,231
8540,mlp,8,val,721,root-1/task4--ep28--succ0.pkl,4,28,1,0,520,209,520
8541,mlp,8,val,723,root-1/task4--ep3--succ1.pkl,4,3,0,1,243,209,243
8542,mlp,8,val,727,root-1/task4--ep33--succ0.pkl,4,33,1,0,520,209,520
8543,mlp,8,val,732,root-1/task4--ep38--succ1.pkl,4,38,0,1,217,209,217
8544,mlp,8,val,734,root-1/task4--ep4--succ0.pkl,4,4,1,0,520,209,520
8545,mlp,8,val,740,root-1/task4--ep45--succ0.pkl,4,45,1,0,520,209,520
8546,mlp,8,val,743,root-1/task4--ep48--succ1.pkl,4,48,0,1,252,209,252
8547,mlp,8,val,745,root-1/task4--ep5--succ1.pkl,4,5,0,1,341,209,341
8548,mlp,8,val,746,root-1/task4--ep6--succ0.pkl,4,6,1,0,520,209,520
8549,mlp,8,val,747,root-1/task4--ep7--succ0.pkl,4,7,1,0,520,209,520
8550,mlp,8,val,748,root-1/task4--ep8--succ0.pkl,4,8,1,0,520,209,520
8551,mlp,8,val,751,root-1/task5--ep1--succ1.pkl,5,1,0,1,178,148,178
8552,mlp,8,val,752,root-1/task5--ep10--succ1.pkl,5,10,0,1,242,148,242
8553,mlp,8,val,753,root-1/task5--ep11--succ1.pkl,5,11,0,1,282,148,282
8554,mlp,8,val,754,root-1/task5--ep12--succ1.pkl,5,12,0,1,159,148,159
8555,mlp,8,val,757,root-1/task5--ep15--succ1.pkl,5,15,0,1,202,148,202
8556,mlp,8,val,758,root-1/task5--ep16--succ1.pkl,5,16,0,1,170,148,170
8557,mlp,8,val,761,root-1/task5--ep19--succ0.pkl,5,19,1,0,520,148,520
8558,mlp,8,val,764,root-1/task5--ep21--succ1.pkl,5,21,0,1,177,148,177
8559,mlp,8,val,766,root-1/task5--ep23--succ1.pkl,5,23,0,1,197,148,197
8560,mlp,8,val,767,root-1/task5--ep24--succ1.pkl,5,24,0,1,174,148,174
8561,mlp,8,val,773,root-1/task5--ep3--succ1.pkl,5,3,0,1,173,148,173
8562,mlp,8,val,775,root-1/task5--ep31--succ1.pkl,5,31,0,1,207,148,207
8563,mlp,8,val,776,root-1/task5--ep32--succ1.pkl,5,32,0,1,189,148,189
8564,mlp,8,val,780,root-1/task5--ep36--succ0.pkl,5,36,1,0,520,148,520
8565,mlp,8,val,781,root-1/task5--ep37--succ1.pkl,5,37,0,1,174,148,174
8566,mlp,8,val,784,root-1/task5--ep4--succ1.pkl,5,4,0,1,266,148,266
8567,mlp,8,val,785,root-1/task5--ep40--succ1.pkl,5,40,0,1,196,148,196
8568,mlp,8,val,788,root-1/task5--ep43--succ1.pkl,5,43,0,1,211,148,211
8569,mlp,8,val,791,root-1/task5--ep46--succ0.pkl,5,46,1,0,520,148,520
8570,mlp,8,val,793,root-1/task5--ep48--succ1.pkl,5,48,0,1,190,148,190
8571,mlp,8,val,797,root-1/task5--ep7--succ1.pkl,5,7,0,1,205,148,205
8572,mlp,8,val,800,root-1/task6--ep0--succ1.pkl,6,0,0,1,289,190,289
8573,mlp,8,val,804,root-1/task6--ep12--succ0.pkl,6,12,1,0,520,190,520
8574,mlp,8,val,806,root-1/task6--ep14--succ0.pkl,6,14,1,0,520,190,520
8575,mlp,8,val,807,root-1/task6--ep15--succ0.pkl,6,15,1,0,520,190,520
8576,mlp,8,val,810,root-1/task6--ep18--succ0.pkl,6,18,1,0,520,190,520
8577,mlp,8,val,811,root-1/task6--ep19--succ1.pkl,6,19,0,1,216,190,216
8578,mlp,8,val,812,root-1/task6--ep2--succ0.pkl,6,2,1,0,520,190,520
8579,mlp,8,val,816,root-1/task6--ep23--succ1.pkl,6,23,0,1,190,190,190
8580,mlp,8,val,819,root-1/task6--ep26--succ0.pkl,6,26,1,0,520,190,520
8581,mlp,8,val,820,root-1/task6--ep27--succ1.pkl,6,27,0,1,199,190,199
8582,mlp,8,val,821,root-1/task6--ep28--succ1.pkl,6,28,0,1,239,190,239
8583,mlp,8,val,825,root-1/task6--ep31--succ1.pkl,6,31,0,1,291,190,291
8584,mlp,8,val,827,root-1/task6--ep33--succ0.pkl,6,33,1,0,520,190,520
8585,mlp,8,val,828,root-1/task6--ep34--succ0.pkl,6,34,1,0,520,190,520
8586,mlp,8,val,831,root-1/task6--ep37--succ1.pkl,6,37,0,1,191,190,191
8587,mlp,8,val,833,root-1/task6--ep39--succ0.pkl,6,39,1,0,520,190,520
8588,mlp,8,val,834,root-1/task6--ep4--succ1.pkl,6,4,0,1,513,190,513
8589,mlp,8,val,838,root-1/task6--ep43--succ0.pkl,6,43,1,0,520,190,520
8590,mlp,8,val,840,root-1/task6--ep45--succ0.pkl,6,45,1,0,520,190,520
8591,mlp,8,val,844,root-1/task6--ep49--succ1.pkl,6,49,0,1,474,190,474
8592,mlp,8,val,846,root-1/task6--ep6--succ0.pkl,6,6,1,0,520,190,520
8593,mlp,8,val,847,root-1/task6--ep7--succ1.pkl,6,7,0,1,234,190,234
8594,mlp,8,val,850,root-1/task7--ep0--succ1.pkl,7,0,0,1,246,210,246
8595,mlp,8,val,858,root-1/task7--ep16--succ1.pkl,7,16,0,1,281,210,281
8596,mlp,8,val,860,root-1/task7--ep18--succ1.pkl,7,18,0,1,232,210,232
8597,mlp,8,val,865,root-1/task7--ep22--succ1.pkl,7,22,0,1,280,210,280
8598,mlp,8,val,867,root-1/task7--ep24--succ0.pkl,7,24,1,0,520,210,520
8599,mlp,8,val,869,root-1/task7--ep26--succ0.pkl,7,26,1,0,520,210,520
8600,mlp,8,val,875,root-1/task7--ep31--succ1.pkl,7,31,0,1,500,210,500
8601,mlp,8,val,878,root-1/task7--ep34--succ0.pkl,7,34,1,0,520,210,520
8602,mlp,8,val,881,root-1/task7--ep37--succ1.pkl,7,37,0,1,230,210,230
8603,mlp,8,val,882,root-1/task7--ep38--succ1.pkl,7,38,0,1,331,210,331
8604,mlp,8,val,884,root-1/task7--ep4--succ0.pkl,7,4,1,0,520,210,520
8605,mlp,8,val,886,root-1/task7--ep41--succ0.pkl,7,41,1,0,520,210,520
8606,mlp,8,val,887,root-1/task7--ep42--succ1.pkl,7,42,0,1,253,210,253
8607,mlp,8,val,889,root-1/task7--ep44--succ1.pkl,7,44,0,1,246,210,246
8608,mlp,8,val,891,root-1/task7--ep46--succ1.pkl,7,46,0,1,257,210,257
8609,mlp,8,val,892,root-1/task7--ep47--succ1.pkl,7,47,0,1,246,210,246
8610,mlp,8,val,893,root-1/task7--ep48--succ1.pkl,7,48,0,1,290,210,290
8611,mlp,8,val,894,root-1/task7--ep49--succ0.pkl,7,49,1,0,520,210,520
8612,mlp,8,val,896,root-1/task7--ep6--succ1.pkl,7,6,0,1,369,210,369
8613,mlp,8,val,897,root-1/task7--ep7--succ1.pkl,7,7,0,1,246,210,246
8614,mlp,8,val,950,root-1/task9--ep0--succ0.pkl,9,0,1,0,520,241,520
8615,mlp,8,val,951,root-1/task9--ep1--succ0.pkl,9,1,1,0,520,241,520
8616,mlp,8,val,954,root-1/task9--ep12--succ0.pkl,9,12,1,0,520,241,520
8617,mlp,8,val,955,root-1/task9--ep13--succ0.pkl,9,13,1,0,520,241,520
8618,mlp,8,val,956,root-1/task9--ep14--succ0.pkl,9,14,1,0,520,241,520
8619,mlp,8,val,958,root-1/task9--ep16--succ0.pkl,9,16,1,0,520,241,520
8620,mlp,8,val,959,root-1/task9--ep17--succ1.pkl,9,17,0,1,349,241,349
8621,mlp,8,val,963,root-1/task9--ep20--succ1.pkl,9,20,0,1,297,241,297
8622,mlp,8,val,966,root-1/task9--ep23--succ0.pkl,9,23,1,0,520,241,520
8623,mlp,8,val,970,root-1/task9--ep27--succ1.pkl,9,27,0,1,329,241,329
8624,mlp,8,val,971,root-1/task9--ep28--succ0.pkl,9,28,1,0,520,241,520
8625,mlp,8,val,973,root-1/task9--ep3--succ0.pkl,9,3,1,0,520,241,520
8626,mlp,8,val,976,root-1/task9--ep32--succ1.pkl,9,32,0,1,271,241,271
8627,mlp,8,val,978,root-1/task9--ep34--succ0.pkl,9,34,1,0,520,241,520
8628,mlp,8,val,981,root-1/task9--ep37--succ1.pkl,9,37,0,1,413,241,413
8629,mlp,8,val,982,root-1/task9--ep38--succ0.pkl,9,38,1,0,520,241,520
8630,mlp,8,val,983,root-1/task9--ep39--succ0.pkl,9,39,1,0,520,241,520
8631,mlp,8,val,985,root-1/task9--ep40--succ1.pkl,9,40,0,1,389,241,389
8632,mlp,8,val,986,root-1/task9--ep41--succ0.pkl,9,41,1,0,520,241,520
8633,mlp,8,val,987,root-1/task9--ep42--succ0.pkl,9,42,1,0,520,241,520
8634,mlp,8,val,988,root-1/task9--ep43--succ0.pkl,9,43,1,0,520,241,520
8635,mlp,8,val,989,root-1/task9--ep44--succ0.pkl,9,44,1,0,520,241,520
8636,mlp,8,val,990,root-1/task9--ep45--succ0.pkl,9,45,1,0,520,241,520
8637,mlp,8,val,992,root-1/task9--ep47--succ1.pkl,9,47,0,1,267,241,267
8638,mlp,8,val,995,root-1/task9--ep5--succ0.pkl,9,5,1,0,520,241,520
8639,mlp,8,val,997,root-1/task9--ep7--succ0.pkl,9,7,1,0,520,241,520
8640,mlp,8,test,400,root-0/task8--ep0--succ0.pkl,8,0,1,0,520,315,520
8641,mlp,8,test,401,root-0/task8--ep1--succ1.pkl,8,1,0,1,448,315,448
8642,mlp,8,test,402,root-0/task8--ep10--succ0.pkl,8,10,1,0,520,315,520
8643,mlp,8,test,403,root-0/task8--ep11--succ1.pkl,8,11,0,1,486,315,486
8644,mlp,8,test,404,root-0/task8--ep12--succ0.pkl,8,12,1,0,520,315,520
8645,mlp,8,test,405,root-0/task8--ep13--succ0.pkl,8,13,1,0,520,315,520
8646,mlp,8,test,406,root-0/task8--ep14--succ0.pkl,8,14,1,0,520,315,520
8647,mlp,8,test,407,root-0/task8--ep15--succ1.pkl,8,15,0,1,347,315,347
8648,mlp,8,test,408,root-0/task8--ep16--succ1.pkl,8,16,0,1,451,315,451
8649,mlp,8,test,409,root-0/task8--ep17--succ1.pkl,8,17,0,1,509,315,509
8650,mlp,8,test,410,root-0/task8--ep18--succ0.pkl,8,18,1,0,520,315,520
8651,mlp,8,test,411,root-0/task8--ep19--succ0.pkl,8,19,1,0,520,315,520
8652,mlp,8,test,412,root-0/task8--ep2--succ1.pkl,8,2,0,1,365,315,365
8653,mlp,8,test,413,root-0/task8--ep20--succ0.pkl,8,20,1,0,520,315,520
8654,mlp,8,test,414,root-0/task8--ep21--succ0.pkl,8,21,1,0,520,315,520
8655,mlp,8,test,415,root-0/task8--ep22--succ1.pkl,8,22,0,1,421,315,421
8656,mlp,8,test,416,root-0/task8--ep23--succ0.pkl,8,23,1,0,520,315,520
8657,mlp,8,test,417,root-0/task8--ep24--succ0.pkl,8,24,1,0,520,315,520
8658,mlp,8,test,418,root-0/task8--ep25--succ0.pkl,8,25,1,0,520,315,520
8659,mlp,8,test,419,root-0/task8--ep26--succ1.pkl,8,26,0,1,427,315,427
8660,mlp,8,test,420,root-0/task8--ep27--succ0.pkl,8,27,1,0,520,315,520
8661,mlp,8,test,421,root-0/task8--ep28--succ0.pkl,8,28,1,0,520,315,520
8662,mlp,8,test,422,root-0/task8--ep29--succ0.pkl,8,29,1,0,520,315,520
8663,mlp,8,test,423,root-0/task8--ep3--succ0.pkl,8,3,1,0,520,315,520
8664,mlp,8,test,424,root-0/task8--ep30--succ1.pkl,8,30,0,1,417,315,417
8665,mlp,8,test,425,root-0/task8--ep31--succ0.pkl,8,31,1,0,520,315,520
8666,mlp,8,test,426,root-0/task8--ep32--succ0.pkl,8,32,1,0,520,315,520
8667,mlp,8,test,427,root-0/task8--ep33--succ1.pkl,8,33,0,1,389,315,389
8668,mlp,8,test,428,root-0/task8--ep34--succ0.pkl,8,34,1,0,520,315,520
8669,mlp,8,test,429,root-0/task8--ep35--succ1.pkl,8,35,0,1,395,315,395
8670,mlp,8,test,430,root-0/task8--ep36--succ0.pkl,8,36,1,0,520,315,520
8671,mlp,8,test,431,root-0/task8--ep37--succ0.pkl,8,37,1,0,520,315,520
8672,mlp,8,test,432,root-0/task8--ep38--succ0.pkl,8,38,1,0,520,315,520
8673,mlp,8,test,433,root-0/task8--ep39--succ0.pkl,8,39,1,0,520,315,520
8674,mlp,8,test,434,root-0/task8--ep4--succ0.pkl,8,4,1,0,520,315,520
8675,mlp,8,test,435,root-0/task8--ep40--succ0.pkl,8,40,1,0,520,315,520
8676,mlp,8,test,436,root-0/task8--ep41--succ0.pkl,8,41,1,0,520,315,520
8677,mlp,8,test,437,root-0/task8--ep42--succ0.pkl,8,42,1,0,520,315,520
8678,mlp,8,test,438,root-0/task8--ep43--succ0.pkl,8,43,1,0,520,315,520
8679,mlp,8,test,439,root-0/task8--ep44--succ1.pkl,8,44,0,1,315,315,315
8680,mlp,8,test,440,root-0/task8--ep45--succ0.pkl,8,45,1,0,520,315,520
8681,mlp,8,test,441,root-0/task8--ep46--succ0.pkl,8,46,1,0,520,315,520
8682,mlp,8,test,442,root-0/task8--ep47--succ0.pkl,8,47,1,0,520,315,520
8683,mlp,8,test,443,root-0/task8--ep48--succ0.pkl,8,48,1,0,520,315,520
8684,mlp,8,test,444,root-0/task8--ep49--succ1.pkl,8,49,0,1,385,315,385
8685,mlp,8,test,445,root-0/task8--ep5--succ0.pkl,8,5,1,0,520,315,520
8686,mlp,8,test,446,root-0/task8--ep6--succ0.pkl,8,6,1,0,520,315,520
8687,mlp,8,test,447,root-0/task8--ep7--succ0.pkl,8,7,1,0,520,315,520
8688,mlp,8,test,448,root-0/task8--ep8--succ0.pkl,8,8,1,0,520,315,520
8689,mlp,8,test,449,root-0/task8--ep9--succ1.pkl,8,9,0,1,504,315,504
8690,mlp,8,test,900,root-1/task8--ep0--succ1.pkl,8,0,0,1,509,315,509
8691,mlp,8,test,901,root-1/task8--ep1--succ1.pkl,8,1,0,1,391,315,391
8692,mlp,8,test,902,root-1/task8--ep10--succ1.pkl,8,10,0,1,355,315,355
8693,mlp,8,test,903,root-1/task8--ep11--succ0.pkl,8,11,1,0,520,315,520
8694,mlp,8,test,904,root-1/task8--ep12--succ0.pkl,8,12,1,0,520,315,520
8695,mlp,8,test,905,root-1/task8--ep13--succ0.pkl,8,13,1,0,520,315,520
8696,mlp,8,test,906,root-1/task8--ep14--succ0.pkl,8,14,1,0,520,315,520
8697,mlp,8,test,907,root-1/task8--ep15--succ0.pkl,8,15,1,0,520,315,520
8698,mlp,8,test,908,root-1/task8--ep16--succ1.pkl,8,16,0,1,394,315,394
8699,mlp,8,test,909,root-1/task8--ep17--succ1.pkl,8,17,0,1,486,315,486
8700,mlp,8,test,910,root-1/task8--ep18--succ0.pkl,8,18,1,0,520,315,520
8701,mlp,8,test,911,root-1/task8--ep19--succ1.pkl,8,19,0,1,410,315,410
8702,mlp,8,test,912,root-1/task8--ep2--succ0.pkl,8,2,1,0,520,315,520
8703,mlp,8,test,913,root-1/task8--ep20--succ0.pkl,8,20,1,0,520,315,520
8704,mlp,8,test,914,root-1/task8--ep21--succ0.pkl,8,21,1,0,520,315,520
8705,mlp,8,test,915,root-1/task8--ep22--succ0.pkl,8,22,1,0,520,315,520
8706,mlp,8,test,916,root-1/task8--ep23--succ0.pkl,8,23,1,0,520,315,520
8707,mlp,8,test,917,root-1/task8--ep24--succ0.pkl,8,24,1,0,520,315,520
8708,mlp,8,test,918,root-1/task8--ep25--succ0.pkl,8,25,1,0,520,315,520
8709,mlp,8,test,919,root-1/task8--ep26--succ0.pkl,8,26,1,0,520,315,520
8710,mlp,8,test,920,root-1/task8--ep27--succ0.pkl,8,27,1,0,520,315,520
8711,mlp,8,test,921,root-1/task8--ep28--succ0.pkl,8,28,1,0,520,315,520
8712,mlp,8,test,922,root-1/task8--ep29--succ1.pkl,8,29,0,1,513,315,513
8713,mlp,8,test,923,root-1/task8--ep3--succ0.pkl,8,3,1,0,520,315,520
8714,mlp,8,test,924,root-1/task8--ep30--succ1.pkl,8,30,0,1,468,315,468
8715,mlp,8,test,925,root-1/task8--ep31--succ0.pkl,8,31,1,0,520,315,520
8716,mlp,8,test,926,root-1/task8--ep32--succ0.pkl,8,32,1,0,520,315,520
8717,mlp,8,test,927,root-1/task8--ep33--succ0.pkl,8,33,1,0,520,315,520
8718,mlp,8,test,928,root-1/task8--ep34--succ0.pkl,8,34,1,0,520,315,520
8719,mlp,8,test,929,root-1/task8--ep35--succ0.pkl,8,35,1,0,520,315,520
8720,mlp,8,test,930,root-1/task8--ep36--succ0.pkl,8,36,1,0,520,315,520
8721,mlp,8,test,931,root-1/task8--ep37--succ0.pkl,8,37,1,0,520,315,520
8722,mlp,8,test,932,root-1/task8--ep38--succ0.pkl,8,38,1,0,520,315,520
8723,mlp,8,test,933,root-1/task8--ep39--succ0.pkl,8,39,1,0,520,315,520
8724,mlp,8,test,934,root-1/task8--ep4--succ0.pkl,8,4,1,0,520,315,520
8725,mlp,8,test,935,root-1/task8--ep40--succ0.pkl,8,40,1,0,520,315,520
8726,mlp,8,test,936,root-1/task8--ep41--succ0.pkl,8,41,1,0,520,315,520
8727,mlp,8,test,937,root-1/task8--ep42--succ0.pkl,8,42,1,0,520,315,520
8728,mlp,8,test,938,root-1/task8--ep43--succ0.pkl,8,43,1,0,520,315,520
8729,mlp,8,test,939,root-1/task8--ep44--succ0.pkl,8,44,1,0,520,315,520
8730,mlp,8,test,940,root-1/task8--ep45--succ1.pkl,8,45,0,1,490,315,490
8731,mlp,8,test,941,root-1/task8--ep46--succ0.pkl,8,46,1,0,520,315,520
8732,mlp,8,test,942,root-1/task8--ep47--succ0.pkl,8,47,1,0,520,315,520
8733,mlp,8,test,943,root-1/task8--ep48--succ0.pkl,8,48,1,0,520,315,520
8734,mlp,8,test,944,root-1/task8--ep49--succ0.pkl,8,49,1,0,520,315,520
8735,mlp,8,test,945,root-1/task8--ep5--succ0.pkl,8,5,1,0,520,315,520
8736,mlp,8,test,946,root-1/task8--ep6--succ1.pkl,8,6,0,1,440,315,440
8737,mlp,8,test,947,root-1/task8--ep7--succ0.pkl,8,7,1,0,520,315,520
8738,mlp,8,test,948,root-1/task8--ep8--succ0.pkl,8,8,1,0,520,315,520
8739,mlp,8,test,949,root-1/task8--ep9--succ0.pkl,8,9,1,0,520,315,520
8740,mlp,9,val,8,root-0/task0--ep16--succ0.pkl,0,16,1,0,520,230,520
8741,mlp,9,val,9,root-0/task0--ep17--succ1.pkl,0,17,0,1,321,230,321
8742,mlp,9,val,10,root-0/task0--ep18--succ1.pkl,0,18,0,1,303,230,303
8743,mlp,9,val,11,root-0/task0--ep19--succ1.pkl,0,19,0,1,304,230,304
8744,mlp,9,val,13,root-0/task0--ep20--succ0.pkl,0,20,1,0,520,230,520
8745,mlp,9,val,16,root-0/task0--ep23--succ1.pkl,0,23,0,1,414,230,414
8746,mlp,9,val,18,root-0/task0--ep25--succ0.pkl,0,25,1,0,520,230,520
8747,mlp,9,val,19,root-0/task0--ep26--succ0.pkl,0,26,1,0,520,230,520
8748,mlp,9,val,21,root-0/task0--ep28--succ0.pkl,0,28,1,0,520,230,520
8749,mlp,9,val,22,root-0/task0--ep29--succ1.pkl,0,29,0,1,257,230,257
8750,mlp,9,val,26,root-0/task0--ep32--succ1.pkl,0,32,0,1,321,230,321
8751,mlp,9,val,28,root-0/task0--ep34--succ1.pkl,0,34,0,1,252,230,252
8752,mlp,9,val,29,root-0/task0--ep35--succ1.pkl,0,35,0,1,278,230,278
8753,mlp,9,val,32,root-0/task0--ep38--succ0.pkl,0,38,1,0,520,230,520
8754,mlp,9,val,33,root-0/task0--ep39--succ1.pkl,0,39,0,1,360,230,360
8755,mlp,9,val,34,root-0/task0--ep4--succ0.pkl,0,4,1,0,520,230,520
8756,mlp,9,val,37,root-0/task0--ep42--succ0.pkl,0,42,1,0,520,230,520
8757,mlp,9,val,38,root-0/task0--ep43--succ1.pkl,0,43,0,1,357,230,357
8758,mlp,9,val,39,root-0/task0--ep44--succ1.pkl,0,44,0,1,481,230,481
8759,mlp,9,val,40,root-0/task0--ep45--succ1.pkl,0,45,0,1,375,230,375
8760,mlp,9,val,42,root-0/task0--ep47--succ1.pkl,0,47,0,1,283,230,283
8761,mlp,9,val,44,root-0/task0--ep49--succ1.pkl,0,49,0,1,321,230,321
8762,mlp,9,val,49,root-0/task0--ep9--succ1.pkl,0,9,0,1,291,230,291
8763,mlp,9,val,50,root-0/task1--ep0--succ1.pkl,1,0,0,1,268,218,268
8764,mlp,9,val,51,root-0/task1--ep1--succ1.pkl,1,1,0,1,253,218,253
8765,mlp,9,val,54,root-0/task1--ep12--succ1.pkl,1,12,0,1,238,218,238
8766,mlp,9,val,58,root-0/task1--ep16--succ1.pkl,1,16,0,1,248,218,248
8767,mlp,9,val,60,root-0/task1--ep18--succ1.pkl,1,18,0,1,246,218,246
8768,mlp,9,val,61,root-0/task1--ep19--succ1.pkl,1,19,0,1,251,218,251
8769,mlp,9,val,62,root-0/task1--ep2--succ1.pkl,1,2,0,1,322,218,322
8770,mlp,9,val,64,root-0/task1--ep21--succ0.pkl,1,21,1,0,520,218,520
8771,mlp,9,val,66,root-0/task1--ep23--succ0.pkl,1,23,1,0,520,218,520
8772,mlp,9,val,67,root-0/task1--ep24--succ1.pkl,1,24,0,1,233,218,233
8773,mlp,9,val,69,root-0/task1--ep26--succ1.pkl,1,26,0,1,218,218,218
8774,mlp,9,val,76,root-0/task1--ep32--succ0.pkl,1,32,1,0,520,218,520
8775,mlp,9,val,78,root-0/task1--ep34--succ0.pkl,1,34,1,0,520,218,520
8776,mlp,9,val,80,root-0/task1--ep36--succ0.pkl,1,36,1,0,520,218,520
8777,mlp,9,val,82,root-0/task1--ep38--succ1.pkl,1,38,0,1,249,218,249
8778,mlp,9,val,83,root-0/task1--ep39--succ1.pkl,1,39,0,1,316,218,316
8779,mlp,9,val,85,root-0/task1--ep40--succ1.pkl,1,40,0,1,225,218,225
8780,mlp,9,val,86,root-0/task1--ep41--succ1.pkl,1,41,0,1,396,218,396
8781,mlp,9,val,90,root-0/task1--ep45--succ1.pkl,1,45,0,1,334,218,334
8782,mlp,9,val,94,root-0/task1--ep49--succ1.pkl,1,49,0,1,265,218,265
8783,mlp,9,val,95,root-0/task1--ep5--succ1.pkl,1,5,0,1,281,218,281
8784,mlp,9,val,97,root-0/task1--ep7--succ1.pkl,1,7,0,1,225,218,225
8785,mlp,9,val,98,root-0/task1--ep8--succ1.pkl,1,8,0,1,260,218,260
8786,mlp,9,val,100,root-0/task2--ep0--succ1.pkl,2,0,0,1,258,211,258
8787,mlp,9,val,101,root-0/task2--ep1--succ1.pkl,2,1,0,1,285,211,285
8788,mlp,9,val,109,root-0/task2--ep17--succ1.pkl,2,17,0,1,242,211,242
8789,mlp,9,val,111,root-0/task2--ep19--succ1.pkl,2,19,0,1,227,211,227
8790,mlp,9,val,112,root-0/task2--ep2--succ0.pkl,2,2,1,0,520,211,520
8791,mlp,9,val,113,root-0/task2--ep20--succ0.pkl,2,20,1,0,520,211,520
8792,mlp,9,val,114,root-0/task2--ep21--succ1.pkl,2,21,0,1,320,211,320
8793,mlp,9,val,117,root-0/task2--ep24--succ0.pkl,2,24,1,0,520,211,520
8794,mlp,9,val,118,root-0/task2--ep25--succ1.pkl,2,25,0,1,251,211,251
8795,mlp,9,val,121,root-0/task2--ep28--succ1.pkl,2,28,0,1,304,211,304
8796,mlp,9,val,122,root-0/task2--ep29--succ0.pkl,2,29,1,0,520,211,520
8797,mlp,9,val,125,root-0/task2--ep31--succ0.pkl,2,31,1,0,520,211,520
8798,mlp,9,val,127,root-0/task2--ep33--succ0.pkl,2,33,1,0,520,211,520
8799,mlp,9,val,132,root-0/task2--ep38--succ1.pkl,2,38,0,1,295,211,295
8800,mlp,9,val,133,root-0/task2--ep39--succ0.pkl,2,39,1,0,520,211,520
8801,mlp,9,val,134,root-0/task2--ep4--succ1.pkl,2,4,0,1,225,211,225
8802,mlp,9,val,136,root-0/task2--ep41--succ0.pkl,2,41,1,0,520,211,520
8803,mlp,9,val,138,root-0/task2--ep43--succ1.pkl,2,43,0,1,342,211,342
8804,mlp,9,val,139,root-0/task2--ep44--succ0.pkl,2,44,1,0,520,211,520
8805,mlp,9,val,143,root-0/task2--ep48--succ0.pkl,2,48,1,0,520,211,520
8806,mlp,9,val,145,root-0/task2--ep5--succ0.pkl,2,5,1,0,520,211,520
8807,mlp,9,val,147,root-0/task2--ep7--succ0.pkl,2,7,1,0,520,211,520
8808,mlp,9,val,148,root-0/task2--ep8--succ1.pkl,2,8,0,1,316,211,316
8809,mlp,9,val,151,root-0/task3--ep1--succ0.pkl,3,1,1,0,520,187,520
8810,mlp,9,val,154,root-0/task3--ep12--succ1.pkl,3,12,0,1,360,187,360
8811,mlp,9,val,156,root-0/task3--ep14--succ0.pkl,3,14,1,0,520,187,520
8812,mlp,9,val,159,root-0/task3--ep17--succ1.pkl,3,17,0,1,218,187,218
8813,mlp,9,val,161,root-0/task3--ep19--succ0.pkl,3,19,1,0,520,187,520
8814,mlp,9,val,163,root-0/task3--ep20--succ1.pkl,3,20,0,1,245,187,245
8815,mlp,9,val,164,root-0/task3--ep21--succ0.pkl,3,21,1,0,520,187,520
8816,mlp,9,val,165,root-0/task3--ep22--succ0.pkl,3,22,1,0,520,187,520
8817,mlp,9,val,167,root-0/task3--ep24--succ1.pkl,3,24,0,1,277,187,277
8818,mlp,9,val,172,root-0/task3--ep29--succ0.pkl,3,29,1,0,520,187,520
8819,mlp,9,val,177,root-0/task3--ep33--succ0.pkl,3,33,1,0,520,187,520
8820,mlp,9,val,178,root-0/task3--ep34--succ0.pkl,3,34,1,0,520,187,520
8821,mlp,9,val,183,root-0/task3--ep39--succ1.pkl,3,39,0,1,196,187,196
8822,mlp,9,val,184,root-0/task3--ep4--succ1.pkl,3,4,0,1,453,187,453
8823,mlp,9,val,185,root-0/task3--ep40--succ0.pkl,3,40,1,0,520,187,520
8824,mlp,9,val,186,root-0/task3--ep41--succ1.pkl,3,41,0,1,256,187,256
8825,mlp,9,val,187,root-0/task3--ep42--succ0.pkl,3,42,1,0,520,187,520
8826,mlp,9,val,188,root-0/task3--ep43--succ0.pkl,3,43,1,0,520,187,520
8827,mlp,9,val,191,root-0/task3--ep46--succ0.pkl,3,46,1,0,520,187,520
8828,mlp,9,val,195,root-0/task3--ep5--succ0.pkl,3,5,1,0,520,187,520
8829,mlp,9,val,196,root-0/task3--ep6--succ0.pkl,3,6,1,0,520,187,520
8830,mlp,9,val,197,root-0/task3--ep7--succ1.pkl,3,7,0,1,195,187,195
8831,mlp,9,val,201,root-0/task4--ep1--succ0.pkl,4,1,1,0,520,209,520
8832,mlp,9,val,203,root-0/task4--ep11--succ0.pkl,4,11,1,0,520,209,520
8833,mlp,9,val,217,root-0/task4--ep24--succ1.pkl,4,24,0,1,294,209,294
8834,mlp,9,val,219,root-0/task4--ep26--succ0.pkl,4,26,1,0,520,209,520
8835,mlp,9,val,221,root-0/task4--ep28--succ1.pkl,4,28,0,1,233,209,233
8836,mlp,9,val,223,root-0/task4--ep3--succ1.pkl,4,3,0,1,235,209,235
8837,mlp,9,val,225,root-0/task4--ep31--succ1.pkl,4,31,0,1,241,209,241
8838,mlp,9,val,227,root-0/task4--ep33--succ1.pkl,4,33,0,1,241,209,241
8839,mlp,9,val,228,root-0/task4--ep34--succ1.pkl,4,34,0,1,246,209,246
8840,mlp,9,val,233,root-0/task4--ep39--succ1.pkl,4,39,0,1,219,209,219
8841,mlp,9,val,235,root-0/task4--ep40--succ0.pkl,4,40,1,0,520,209,520
8842,mlp,9,val,239,root-0/task4--ep44--succ1.pkl,4,44,0,1,238,209,238
8843,mlp,9,val,241,root-0/task4--ep46--succ0.pkl,4,46,1,0,520,209,520
8844,mlp,9,val,249,root-0/task4--ep9--succ1.pkl,4,9,0,1,220,209,220
8845,mlp,9,val,250,root-0/task5--ep0--succ1.pkl,5,0,0,1,161,148,161
8846,mlp,9,val,253,root-0/task5--ep11--succ1.pkl,5,11,0,1,160,148,160
8847,mlp,9,val,258,root-0/task5--ep16--succ1.pkl,5,16,0,1,327,148,327
8848,mlp,9,val,264,root-0/task5--ep21--succ1.pkl,5,21,0,1,184,148,184
8849,mlp,9,val,265,root-0/task5--ep22--succ0.pkl,5,22,1,0,520,148,520
8850,mlp,9,val,267,root-0/task5--ep24--succ1.pkl,5,24,0,1,172,148,172
8851,mlp,9,val,268,root-0/task5--ep25--succ1.pkl,5,25,0,1,207,148,207
8852,mlp,9,val,269,root-0/task5--ep26--succ1.pkl,5,26,0,1,187,148,187
8853,mlp,9,val,270,root-0/task5--ep27--succ1.pkl,5,27,0,1,261,148,261
8854,mlp,9,val,271,root-0/task5--ep28--succ0.pkl,5,28,1,0,520,148,520
8855,mlp,9,val,273,root-0/task5--ep3--succ1.pkl,5,3,0,1,233,148,233
8856,mlp,9,val,274,root-0/task5--ep30--succ1.pkl,5,30,0,1,186,148,186
8857,mlp,9,val,276,root-0/task5--ep32--succ1.pkl,5,32,0,1,183,148,183
8858,mlp,9,val,280,root-0/task5--ep36--succ1.pkl,5,36,0,1,231,148,231
8859,mlp,9,val,284,root-0/task5--ep4--succ1.pkl,5,4,0,1,194,148,194
8860,mlp,9,val,287,root-0/task5--ep42--succ1.pkl,5,42,0,1,231,148,231
8861,mlp,9,val,296,root-0/task5--ep6--succ1.pkl,5,6,0,1,197,148,197
8862,mlp,9,val,298,root-0/task5--ep8--succ1.pkl,5,8,0,1,154,148,154
8863,mlp,9,val,299,root-0/task5--ep9--succ1.pkl,5,9,0,1,334,148,334
8864,mlp,9,val,301,root-0/task6--ep1--succ1.pkl,6,1,0,1,256,190,256
8865,mlp,9,val,304,root-0/task6--ep12--succ1.pkl,6,12,0,1,254,190,254
8866,mlp,9,val,314,root-0/task6--ep21--succ0.pkl,6,21,1,0,520,190,520
8867,mlp,9,val,320,root-0/task6--ep27--succ1.pkl,6,27,0,1,247,190,247
8868,mlp,9,val,321,root-0/task6--ep28--succ0.pkl,6,28,1,0,520,190,520
8869,mlp,9,val,322,root-0/task6--ep29--succ1.pkl,6,29,0,1,236,190,236
8870,mlp,9,val,325,root-0/task6--ep31--succ1.pkl,6,31,0,1,229,190,229
8871,mlp,9,val,327,root-0/task6--ep33--succ1.pkl,6,33,0,1,216,190,216
8872,mlp,9,val,330,root-0/task6--ep36--succ0.pkl,6,36,1,0,520,190,520
8873,mlp,9,val,331,root-0/task6--ep37--succ1.pkl,6,37,0,1,251,190,251
8874,mlp,9,val,332,root-0/task6--ep38--succ1.pkl,6,38,0,1,315,190,315
8875,mlp,9,val,333,root-0/task6--ep39--succ0.pkl,6,39,1,0,520,190,520
8876,mlp,9,val,335,root-0/task6--ep40--succ0.pkl,6,40,1,0,520,190,520
8877,mlp,9,val,336,root-0/task6--ep41--succ1.pkl,6,41,0,1,387,190,387
8878,mlp,9,val,337,root-0/task6--ep42--succ0.pkl,6,42,1,0,520,190,520
8879,mlp,9,val,343,root-0/task6--ep48--succ0.pkl,6,48,1,0,520,190,520
8880,mlp,9,val,344,root-0/task6--ep49--succ1.pkl,6,49,0,1,263,190,263
8881,mlp,9,val,347,root-0/task6--ep7--succ1.pkl,6,7,0,1,268,190,268
8882,mlp,9,val,353,root-0/task7--ep11--succ0.pkl,7,11,1,0,520,210,520
8883,mlp,9,val,357,root-0/task7--ep15--succ1.pkl,7,15,0,1,227,210,227
8884,mlp,9,val,360,root-0/task7--ep18--succ1.pkl,7,18,0,1,210,210,210
8885,mlp,9,val,362,root-0/task7--ep2--succ1.pkl,7,2,0,1,332,210,332
8886,mlp,9,val,365,root-0/task7--ep22--succ0.pkl,7,22,1,0,520,210,520
8887,mlp,9,val,367,root-0/task7--ep24--succ1.pkl,7,24,0,1,231,210,231
8888,mlp,9,val,368,root-0/task7--ep25--succ1.pkl,7,25,0,1,301,210,301
8889,mlp,9,val,372,root-0/task7--ep29--succ0.pkl,7,29,1,0,520,210,520
8890,mlp,9,val,373,root-0/task7--ep3--succ1.pkl,7,3,0,1,362,210,362
8891,mlp,9,val,376,root-0/task7--ep32--succ1.pkl,7,32,0,1,239,210,239
8892,mlp,9,val,381,root-0/task7--ep37--succ1.pkl,7,37,0,1,267,210,267
8893,mlp,9,val,384,root-0/task7--ep4--succ0.pkl,7,4,1,0,520,210,520
8894,mlp,9,val,385,root-0/task7--ep40--succ1.pkl,7,40,0,1,341,210,341
8895,mlp,9,val,387,root-0/task7--ep42--succ1.pkl,7,42,0,1,267,210,267
8896,mlp,9,val,389,root-0/task7--ep44--succ0.pkl,7,44,1,0,520,210,520
8897,mlp,9,val,390,root-0/task7--ep45--succ1.pkl,7,45,0,1,260,210,260
8898,mlp,9,val,391,root-0/task7--ep46--succ0.pkl,7,46,1,0,520,210,520
8899,mlp,9,val,392,root-0/task7--ep47--succ1.pkl,7,47,0,1,300,210,300
8900,mlp,9,val,394,root-0/task7--ep49--succ1.pkl,7,49,0,1,369,210,369
8901,mlp,9,val,395,root-0/task7--ep5--succ0.pkl,7,5,1,0,520,210,520
8902,mlp,9,val,401,root-0/task8--ep1--succ1.pkl,8,1,0,1,448,315,448
8903,mlp,9,val,402,root-0/task8--ep10--succ0.pkl,8,10,1,0,520,315,520
8904,mlp,9,val,403,root-0/task8--ep11--succ1.pkl,8,11,0,1,486,315,486
8905,mlp,9,val,407,root-0/task8--ep15--succ1.pkl,8,15,0,1,347,315,347
8906,mlp,9,val,409,root-0/task8--ep17--succ1.pkl,8,17,0,1,509,315,509
8907,mlp,9,val,413,root-0/task8--ep20--succ0.pkl,8,20,1,0,520,315,520
8908,mlp,9,val,419,root-0/task8--ep26--succ1.pkl,8,26,0,1,427,315,427
8909,mlp,9,val,420,root-0/task8--ep27--succ0.pkl,8,27,1,0,520,315,520
8910,mlp,9,val,424,root-0/task8--ep30--succ1.pkl,8,30,0,1,417,315,417
8911,mlp,9,val,425,root-0/task8--ep31--succ0.pkl,8,31,1,0,520,315,520
8912,mlp,9,val,426,root-0/task8--ep32--succ0.pkl,8,32,1,0,520,315,520
8913,mlp,9,val,432,root-0/task8--ep38--succ0.pkl,8,38,1,0,520,315,520
8914,mlp,9,val,433,root-0/task8--ep39--succ0.pkl,8,39,1,0,520,315,520
8915,mlp,9,val,438,root-0/task8--ep43--succ0.pkl,8,43,1,0,520,315,520
8916,mlp,9,val,439,root-0/task8--ep44--succ1.pkl,8,44,0,1,315,315,315
8917,mlp,9,val,440,root-0/task8--ep45--succ0.pkl,8,45,1,0,520,315,520
8918,mlp,9,val,441,root-0/task8--ep46--succ0.pkl,8,46,1,0,520,315,520
8919,mlp,9,val,445,root-0/task8--ep5--succ0.pkl,8,5,1,0,520,315,520
8920,mlp,9,val,446,root-0/task8--ep6--succ0.pkl,8,6,1,0,520,315,520
8921,mlp,9,val,447,root-0/task8--ep7--succ0.pkl,8,7,1,0,520,315,520
8922,mlp,9,val,449,root-0/task8--ep9--succ1.pkl,8,9,0,1,504,315,504
8923,mlp,9,val,500,root-1/task0--ep0--succ0.pkl,0,0,1,0,520,230,520
8924,mlp,9,val,502,root-1/task0--ep10--succ1.pkl,0,10,0,1,290,230,290
8925,mlp,9,val,505,root-1/task0--ep13--succ1.pkl,0,13,0,1,278,230,278
8926,mlp,9,val,517,root-1/task0--ep24--succ0.pkl,0,24,1,0,520,230,520
8927,mlp,9,val,518,root-1/task0--ep25--succ1.pkl,0,25,0,1,295,230,295
8928,mlp,9,val,525,root-1/task0--ep31--succ1.pkl,0,31,0,1,295,230,295
8929,mlp,9,val,526,root-1/task0--ep32--succ0.pkl,0,32,1,0,520,230,520
8930,mlp,9,val,527,root-1/task0--ep33--succ1.pkl,0,33,0,1,357,230,357
8931,mlp,9,val,528,root-1/task0--ep34--succ1.pkl,0,34,0,1,371,230,371
8932,mlp,9,val,529,root-1/task0--ep35--succ1.pkl,0,35,0,1,392,230,392
8933,mlp,9,val,531,root-1/task0--ep37--succ1.pkl,0,37,0,1,333,230,333
8934,mlp,9,val,534,root-1/task0--ep4--succ0.pkl,0,4,1,0,520,230,520
8935,mlp,9,val,536,root-1/task0--ep41--succ1.pkl,0,41,0,1,348,230,348
8936,mlp,9,val,539,root-1/task0--ep44--succ1.pkl,0,44,0,1,423,230,423
8937,mlp,9,val,542,root-1/task0--ep47--succ1.pkl,0,47,0,1,315,230,315
8938,mlp,9,val,545,root-1/task0--ep5--succ0.pkl,0,5,1,0,520,230,520
8939,mlp,9,val,548,root-1/task0--ep8--succ1.pkl,0,8,0,1,341,230,341
8940,mlp,9,val,554,root-1/task1--ep12--succ1.pkl,1,12,0,1,262,218,262
8941,mlp,9,val,556,root-1/task1--ep14--succ0.pkl,1,14,1,0,520,218,520
8942,mlp,9,val,558,root-1/task1--ep16--succ1.pkl,1,16,0,1,255,218,255
8943,mlp,9,val,559,root-1/task1--ep17--succ1.pkl,1,17,0,1,286,218,286
8944,mlp,9,val,565,root-1/task1--ep22--succ0.pkl,1,22,1,0,520,218,520
8945,mlp,9,val,577,root-1/task1--ep33--succ0.pkl,1,33,1,0,520,218,520
8946,mlp,9,val,578,root-1/task1--ep34--succ0.pkl,1,34,1,0,520,218,520
8947,mlp,9,val,580,root-1/task1--ep36--succ0.pkl,1,36,1,0,520,218,520
8948,mlp,9,val,581,root-1/task1--ep37--succ1.pkl,1,37,0,1,236,218,236
8949,mlp,9,val,583,root-1/task1--ep39--succ0.pkl,1,39,1,0,520,218,520
8950,mlp,9,val,584,root-1/task1--ep4--succ1.pkl,1,4,0,1,305,218,305
8951,mlp,9,val,585,root-1/task1--ep40--succ1.pkl,1,40,0,1,241,218,241
8952,mlp,9,val,587,root-1/task1--ep42--succ1.pkl,1,42,0,1,410,218,410
8953,mlp,9,val,588,root-1/task1--ep43--succ0.pkl,1,43,1,0,520,218,520
8954,mlp,9,val,590,root-1/task1--ep45--succ1.pkl,1,45,0,1,302,218,302
8955,mlp,9,val,591,root-1/task1--ep46--succ0.pkl,1,46,1,0,520,218,520
8956,mlp,9,val,594,root-1/task1--ep49--succ1.pkl,1,49,0,1,267,218,267
8957,mlp,9,val,600,root-1/task2--ep0--succ0.pkl,2,0,1,0,520,211,520
8958,mlp,9,val,601,root-1/task2--ep1--succ1.pkl,2,1,0,1,298,211,298
8959,mlp,9,val,608,root-1/task2--ep16--succ1.pkl,2,16,0,1,265,211,265
8960,mlp,9,val,612,root-1/task2--ep2--succ1.pkl,2,2,0,1,253,211,253
8961,mlp,9,val,614,root-1/task2--ep21--succ1.pkl,2,21,0,1,260,211,260
8962,mlp,9,val,617,root-1/task2--ep24--succ0.pkl,2,24,1,0,520,211,520
8963,mlp,9,val,623,root-1/task2--ep3--succ0.pkl,2,3,1,0,520,211,520
8964,mlp,9,val,625,root-1/task2--ep31--succ1.pkl,2,31,0,1,277,211,277
8965,mlp,9,val,627,root-1/task2--ep33--succ0.pkl,2,33,1,0,520,211,520
8966,mlp,9,val,629,root-1/task2--ep35--succ1.pkl,2,35,0,1,377,211,377
8967,mlp,9,val,633,root-1/task2--ep39--succ1.pkl,2,39,0,1,439,211,439
8968,mlp,9,val,634,root-1/task2--ep4--succ1.pkl,2,4,0,1,224,211,224
8969,mlp,9,val,636,root-1/task2--ep41--succ0.pkl,2,41,1,0,520,211,520
8970,mlp,9,val,637,root-1/task2--ep42--succ0.pkl,2,42,1,0,520,211,520
8971,mlp,9,val,638,root-1/task2--ep43--succ0.pkl,2,43,1,0,520,211,520
8972,mlp,9,val,646,root-1/task2--ep6--succ0.pkl,2,6,1,0,520,211,520
8973,mlp,9,val,649,root-1/task2--ep9--succ0.pkl,2,9,1,0,520,211,520
8974,mlp,9,val,650,root-1/task3--ep0--succ1.pkl,3,0,0,1,298,187,298
8975,mlp,9,val,657,root-1/task3--ep15--succ1.pkl,3,15,0,1,244,187,244
8976,mlp,9,val,662,root-1/task3--ep2--succ0.pkl,3,2,1,0,520,187,520
8977,mlp,9,val,664,root-1/task3--ep21--succ0.pkl,3,21,1,0,520,187,520
8978,mlp,9,val,666,root-1/task3--ep23--succ1.pkl,3,23,0,1,236,187,236
8979,mlp,9,val,667,root-1/task3--ep24--succ0.pkl,3,24,1,0,520,187,520
8980,mlp,9,val,669,root-1/task3--ep26--succ1.pkl,3,26,0,1,232,187,232
8981,mlp,9,val,670,root-1/task3--ep27--succ0.pkl,3,27,1,0,520,187,520
8982,mlp,9,val,671,root-1/task3--ep28--succ1.pkl,3,28,0,1,263,187,263
8983,mlp,9,val,679,root-1/task3--ep35--succ0.pkl,3,35,1,0,520,187,520
8984,mlp,9,val,681,root-1/task3--ep37--succ1.pkl,3,37,0,1,260,187,260
8985,mlp,9,val,682,root-1/task3--ep38--succ0.pkl,3,38,1,0,520,187,520
8986,mlp,9,val,688,root-1/task3--ep43--succ1.pkl,3,43,0,1,248,187,248
8987,mlp,9,val,691,root-1/task3--ep46--succ0.pkl,3,46,1,0,520,187,520
8988,mlp,9,val,695,root-1/task3--ep5--succ0.pkl,3,5,1,0,520,187,520
8989,mlp,9,val,696,root-1/task3--ep6--succ0.pkl,3,6,1,0,520,187,520
8990,mlp,9,val,698,root-1/task3--ep8--succ0.pkl,3,8,1,0,520,187,520
8991,mlp,9,val,699,root-1/task3--ep9--succ0.pkl,3,9,1,0,520,187,520
8992,mlp,9,val,700,root-1/task4--ep0--succ0.pkl,4,0,1,0,520,209,520
8993,mlp,9,val,701,root-1/task4--ep1--succ0.pkl,4,1,1,0,520,209,520
8994,mlp,9,val,704,root-1/task4--ep12--succ1.pkl,4,12,0,1,263,209,263
8995,mlp,9,val,705,root-1/task4--ep13--succ0.pkl,4,13,1,0,520,209,520
8996,mlp,9,val,706,root-1/task4--ep14--succ1.pkl,4,14,0,1,247,209,247
8997,mlp,9,val,708,root-1/task4--ep16--succ0.pkl,4,16,1,0,520,209,520
8998,mlp,9,val,709,root-1/task4--ep17--succ1.pkl,4,17,0,1,273,209,273
8999,mlp,9,val,713,root-1/task4--ep20--succ1.pkl,4,20,0,1,209,209,209
9000,mlp,9,val,716,root-1/task4--ep23--succ0.pkl,4,23,1,0,520,209,520
9001,mlp,9,val,720,root-1/task4--ep27--succ1.pkl,4,27,0,1,231,209,231
9002,mlp,9,val,721,root-1/task4--ep28--succ0.pkl,4,28,1,0,520,209,520
9003,mlp,9,val,723,root-1/task4--ep3--succ1.pkl,4,3,0,1,243,209,243
9004,mlp,9,val,726,root-1/task4--ep32--succ1.pkl,4,32,0,1,511,209,511
9005,mlp,9,val,728,root-1/task4--ep34--succ0.pkl,4,34,1,0,520,209,520
9006,mlp,9,val,731,root-1/task4--ep37--succ0.pkl,4,37,1,0,520,209,520
9007,mlp,9,val,732,root-1/task4--ep38--succ1.pkl,4,38,0,1,217,209,217
9008,mlp,9,val,733,root-1/task4--ep39--succ0.pkl,4,39,1,0,520,209,520
9009,mlp,9,val,735,root-1/task4--ep40--succ0.pkl,4,40,1,0,520,209,520
9010,mlp,9,val,736,root-1/task4--ep41--succ0.pkl,4,41,1,0,520,209,520
9011,mlp,9,val,737,root-1/task4--ep42--succ0.pkl,4,42,1,0,520,209,520
9012,mlp,9,val,738,root-1/task4--ep43--succ0.pkl,4,43,1,0,520,209,520
9013,mlp,9,val,739,root-1/task4--ep44--succ1.pkl,4,44,0,1,233,209,233
9014,mlp,9,val,740,root-1/task4--ep45--succ0.pkl,4,45,1,0,520,209,520
9015,mlp,9,val,742,root-1/task4--ep47--succ0.pkl,4,47,1,0,520,209,520
9016,mlp,9,val,745,root-1/task4--ep5--succ1.pkl,4,5,0,1,341,209,341
9017,mlp,9,val,747,root-1/task4--ep7--succ0.pkl,4,7,1,0,520,209,520
9018,mlp,9,val,751,root-1/task5--ep1--succ1.pkl,5,1,0,1,178,148,178
9019,mlp,9,val,752,root-1/task5--ep10--succ1.pkl,5,10,0,1,242,148,242
9020,mlp,9,val,753,root-1/task5--ep11--succ1.pkl,5,11,0,1,282,148,282
9021,mlp,9,val,754,root-1/task5--ep12--succ1.pkl,5,12,0,1,159,148,159
9022,mlp,9,val,757,root-1/task5--ep15--succ1.pkl,5,15,0,1,202,148,202
9023,mlp,9,val,758,root-1/task5--ep16--succ1.pkl,5,16,0,1,170,148,170
9024,mlp,9,val,761,root-1/task5--ep19--succ0.pkl,5,19,1,0,520,148,520
9025,mlp,9,val,764,root-1/task5--ep21--succ1.pkl,5,21,0,1,177,148,177
9026,mlp,9,val,766,root-1/task5--ep23--succ1.pkl,5,23,0,1,197,148,197
9027,mlp,9,val,767,root-1/task5--ep24--succ1.pkl,5,24,0,1,174,148,174
9028,mlp,9,val,773,root-1/task5--ep3--succ1.pkl,5,3,0,1,173,148,173
9029,mlp,9,val,775,root-1/task5--ep31--succ1.pkl,5,31,0,1,207,148,207
9030,mlp,9,val,776,root-1/task5--ep32--succ1.pkl,5,32,0,1,189,148,189
9031,mlp,9,val,780,root-1/task5--ep36--succ0.pkl,5,36,1,0,520,148,520
9032,mlp,9,val,781,root-1/task5--ep37--succ1.pkl,5,37,0,1,174,148,174
9033,mlp,9,val,784,root-1/task5--ep4--succ1.pkl,5,4,0,1,266,148,266
9034,mlp,9,val,785,root-1/task5--ep40--succ1.pkl,5,40,0,1,196,148,196
9035,mlp,9,val,788,root-1/task5--ep43--succ1.pkl,5,43,0,1,211,148,211
9036,mlp,9,val,791,root-1/task5--ep46--succ0.pkl,5,46,1,0,520,148,520
9037,mlp,9,val,793,root-1/task5--ep48--succ1.pkl,5,48,0,1,190,148,190
9038,mlp,9,val,797,root-1/task5--ep7--succ1.pkl,5,7,0,1,205,148,205
9039,mlp,9,val,800,root-1/task6--ep0--succ1.pkl,6,0,0,1,289,190,289
9040,mlp,9,val,804,root-1/task6--ep12--succ0.pkl,6,12,1,0,520,190,520
9041,mlp,9,val,806,root-1/task6--ep14--succ0.pkl,6,14,1,0,520,190,520
9042,mlp,9,val,807,root-1/task6--ep15--succ0.pkl,6,15,1,0,520,190,520
9043,mlp,9,val,810,root-1/task6--ep18--succ0.pkl,6,18,1,0,520,190,520
9044,mlp,9,val,811,root-1/task6--ep19--succ1.pkl,6,19,0,1,216,190,216
9045,mlp,9,val,812,root-1/task6--ep2--succ0.pkl,6,2,1,0,520,190,520
9046,mlp,9,val,816,root-1/task6--ep23--succ1.pkl,6,23,0,1,190,190,190
9047,mlp,9,val,819,root-1/task6--ep26--succ0.pkl,6,26,1,0,520,190,520
9048,mlp,9,val,820,root-1/task6--ep27--succ1.pkl,6,27,0,1,199,190,199
9049,mlp,9,val,821,root-1/task6--ep28--succ1.pkl,6,28,0,1,239,190,239
9050,mlp,9,val,825,root-1/task6--ep31--succ1.pkl,6,31,0,1,291,190,291
9051,mlp,9,val,827,root-1/task6--ep33--succ0.pkl,6,33,1,0,520,190,520
9052,mlp,9,val,828,root-1/task6--ep34--succ0.pkl,6,34,1,0,520,190,520
9053,mlp,9,val,831,root-1/task6--ep37--succ1.pkl,6,37,0,1,191,190,191
9054,mlp,9,val,833,root-1/task6--ep39--succ0.pkl,6,39,1,0,520,190,520
9055,mlp,9,val,834,root-1/task6--ep4--succ1.pkl,6,4,0,1,513,190,513
9056,mlp,9,val,838,root-1/task6--ep43--succ0.pkl,6,43,1,0,520,190,520
9057,mlp,9,val,840,root-1/task6--ep45--succ0.pkl,6,45,1,0,520,190,520
9058,mlp,9,val,844,root-1/task6--ep49--succ1.pkl,6,49,0,1,474,190,474
9059,mlp,9,val,846,root-1/task6--ep6--succ0.pkl,6,6,1,0,520,190,520
9060,mlp,9,val,847,root-1/task6--ep7--succ1.pkl,6,7,0,1,234,190,234
9061,mlp,9,val,850,root-1/task7--ep0--succ1.pkl,7,0,0,1,246,210,246
9062,mlp,9,val,858,root-1/task7--ep16--succ1.pkl,7,16,0,1,281,210,281
9063,mlp,9,val,860,root-1/task7--ep18--succ1.pkl,7,18,0,1,232,210,232
9064,mlp,9,val,865,root-1/task7--ep22--succ1.pkl,7,22,0,1,280,210,280
9065,mlp,9,val,867,root-1/task7--ep24--succ0.pkl,7,24,1,0,520,210,520
9066,mlp,9,val,869,root-1/task7--ep26--succ0.pkl,7,26,1,0,520,210,520
9067,mlp,9,val,875,root-1/task7--ep31--succ1.pkl,7,31,0,1,500,210,500
9068,mlp,9,val,878,root-1/task7--ep34--succ0.pkl,7,34,1,0,520,210,520
9069,mlp,9,val,881,root-1/task7--ep37--succ1.pkl,7,37,0,1,230,210,230
9070,mlp,9,val,882,root-1/task7--ep38--succ1.pkl,7,38,0,1,331,210,331
9071,mlp,9,val,884,root-1/task7--ep4--succ0.pkl,7,4,1,0,520,210,520
9072,mlp,9,val,886,root-1/task7--ep41--succ0.pkl,7,41,1,0,520,210,520
9073,mlp,9,val,887,root-1/task7--ep42--succ1.pkl,7,42,0,1,253,210,253
9074,mlp,9,val,889,root-1/task7--ep44--succ1.pkl,7,44,0,1,246,210,246
9075,mlp,9,val,891,root-1/task7--ep46--succ1.pkl,7,46,0,1,257,210,257
9076,mlp,9,val,892,root-1/task7--ep47--succ1.pkl,7,47,0,1,246,210,246
9077,mlp,9,val,893,root-1/task7--ep48--succ1.pkl,7,48,0,1,290,210,290
9078,mlp,9,val,894,root-1/task7--ep49--succ0.pkl,7,49,1,0,520,210,520
9079,mlp,9,val,896,root-1/task7--ep6--succ1.pkl,7,6,0,1,369,210,369
9080,mlp,9,val,897,root-1/task7--ep7--succ1.pkl,7,7,0,1,246,210,246
9081,mlp,9,val,901,root-1/task8--ep1--succ1.pkl,8,1,0,1,391,315,391
9082,mlp,9,val,904,root-1/task8--ep12--succ0.pkl,8,12,1,0,520,315,520
9083,mlp,9,val,905,root-1/task8--ep13--succ0.pkl,8,13,1,0,520,315,520
9084,mlp,9,val,906,root-1/task8--ep14--succ0.pkl,8,14,1,0,520,315,520
9085,mlp,9,val,907,root-1/task8--ep15--succ0.pkl,8,15,1,0,520,315,520
9086,mlp,9,val,910,root-1/task8--ep18--succ0.pkl,8,18,1,0,520,315,520
9087,mlp,9,val,914,root-1/task8--ep21--succ0.pkl,8,21,1,0,520,315,520
9088,mlp,9,val,920,root-1/task8--ep27--succ0.pkl,8,27,1,0,520,315,520
9089,mlp,9,val,921,root-1/task8--ep28--succ0.pkl,8,28,1,0,520,315,520
9090,mlp,9,val,923,root-1/task8--ep3--succ0.pkl,8,3,1,0,520,315,520
9091,mlp,9,val,927,root-1/task8--ep33--succ0.pkl,8,33,1,0,520,315,520
9092,mlp,9,val,932,root-1/task8--ep38--succ0.pkl,8,38,1,0,520,315,520
9093,mlp,9,val,934,root-1/task8--ep4--succ0.pkl,8,4,1,0,520,315,520
9094,mlp,9,val,940,root-1/task8--ep45--succ1.pkl,8,45,0,1,490,315,490
9095,mlp,9,val,943,root-1/task8--ep48--succ0.pkl,8,48,1,0,520,315,520
9096,mlp,9,val,945,root-1/task8--ep5--succ0.pkl,8,5,1,0,520,315,520
9097,mlp,9,val,946,root-1/task8--ep6--succ1.pkl,8,6,0,1,440,315,440
9098,mlp,9,val,947,root-1/task8--ep7--succ0.pkl,8,7,1,0,520,315,520
9099,mlp,9,val,948,root-1/task8--ep8--succ0.pkl,8,8,1,0,520,315,520
9100,mlp,9,test,450,root-0/task9--ep0--succ0.pkl,9,0,1,0,520,241,520
9101,mlp,9,test,451,root-0/task9--ep1--succ0.pkl,9,1,1,0,520,241,520
9102,mlp,9,test,452,root-0/task9--ep10--succ0.pkl,9,10,1,0,520,241,520
9103,mlp,9,test,453,root-0/task9--ep11--succ0.pkl,9,11,1,0,520,241,520
9104,mlp,9,test,454,root-0/task9--ep12--succ0.pkl,9,12,1,0,520,241,520
9105,mlp,9,test,455,root-0/task9--ep13--succ0.pkl,9,13,1,0,520,241,520
9106,mlp,9,test,456,root-0/task9--ep14--succ0.pkl,9,14,1,0,520,241,520
9107,mlp,9,test,457,root-0/task9--ep15--succ0.pkl,9,15,1,0,520,241,520
9108,mlp,9,test,458,root-0/task9--ep16--succ0.pkl,9,16,1,0,520,241,520
9109,mlp,9,test,459,root-0/task9--ep17--succ0.pkl,9,17,1,0,520,241,520
9110,mlp,9,test,460,root-0/task9--ep18--succ1.pkl,9,18,0,1,372,241,372
9111,mlp,9,test,461,root-0/task9--ep19--succ1.pkl,9,19,0,1,427,241,427
9112,mlp,9,test,462,root-0/task9--ep2--succ1.pkl,9,2,0,1,300,241,300
9113,mlp,9,test,463,root-0/task9--ep20--succ1.pkl,9,20,0,1,342,241,342
9114,mlp,9,test,464,root-0/task9--ep21--succ1.pkl,9,21,0,1,300,241,300
9115,mlp,9,test,465,root-0/task9--ep22--succ0.pkl,9,22,1,0,520,241,520
9116,mlp,9,test,466,root-0/task9--ep23--succ0.pkl,9,23,1,0,520,241,520
9117,mlp,9,test,467,root-0/task9--ep24--succ0.pkl,9,24,1,0,520,241,520
9118,mlp,9,test,468,root-0/task9--ep25--succ1.pkl,9,25,0,1,510,241,510
9119,mlp,9,test,469,root-0/task9--ep26--succ0.pkl,9,26,1,0,520,241,520
9120,mlp,9,test,470,root-0/task9--ep27--succ1.pkl,9,27,0,1,264,241,264
9121,mlp,9,test,471,root-0/task9--ep28--succ1.pkl,9,28,0,1,346,241,346
9122,mlp,9,test,472,root-0/task9--ep29--succ0.pkl,9,29,1,0,520,241,520
9123,mlp,9,test,473,root-0/task9--ep3--succ0.pkl,9,3,1,0,520,241,520
9124,mlp,9,test,474,root-0/task9--ep30--succ0.pkl,9,30,1,0,520,241,520
9125,mlp,9,test,475,root-0/task9--ep31--succ0.pkl,9,31,1,0,520,241,520
9126,mlp,9,test,476,root-0/task9--ep32--succ0.pkl,9,32,1,0,520,241,520
9127,mlp,9,test,477,root-0/task9--ep33--succ1.pkl,9,33,0,1,241,241,241
9128,mlp,9,test,478,root-0/task9--ep34--succ0.pkl,9,34,1,0,520,241,520
9129,mlp,9,test,479,root-0/task9--ep35--succ1.pkl,9,35,0,1,366,241,366
9130,mlp,9,test,480,root-0/task9--ep36--succ0.pkl,9,36,1,0,520,241,520
9131,mlp,9,test,481,root-0/task9--ep37--succ1.pkl,9,37,0,1,363,241,363
9132,mlp,9,test,482,root-0/task9--ep38--succ0.pkl,9,38,1,0,520,241,520
9133,mlp,9,test,483,root-0/task9--ep39--succ0.pkl,9,39,1,0,520,241,520
9134,mlp,9,test,484,root-0/task9--ep4--succ0.pkl,9,4,1,0,520,241,520
9135,mlp,9,test,485,root-0/task9--ep40--succ0.pkl,9,40,1,0,520,241,520
9136,mlp,9,test,486,root-0/task9--ep41--succ1.pkl,9,41,0,1,316,241,316
9137,mlp,9,test,487,root-0/task9--ep42--succ0.pkl,9,42,1,0,520,241,520
9138,mlp,9,test,488,root-0/task9--ep43--succ1.pkl,9,43,0,1,256,241,256
9139,mlp,9,test,489,root-0/task9--ep44--succ0.pkl,9,44,1,0,520,241,520
9140,mlp,9,test,490,root-0/task9--ep45--succ0.pkl,9,45,1,0,520,241,520
9141,mlp,9,test,491,root-0/task9--ep46--succ0.pkl,9,46,1,0,520,241,520
9142,mlp,9,test,492,root-0/task9--ep47--succ1.pkl,9,47,0,1,252,241,252
9143,mlp,9,test,493,root-0/task9--ep48--succ1.pkl,9,48,0,1,436,241,436
9144,mlp,9,test,494,root-0/task9--ep49--succ1.pkl,9,49,0,1,344,241,344
9145,mlp,9,test,495,root-0/task9--ep5--succ1.pkl,9,5,0,1,312,241,312
9146,mlp,9,test,496,root-0/task9--ep6--succ1.pkl,9,6,0,1,338,241,338
9147,mlp,9,test,497,root-0/task9--ep7--succ0.pkl,9,7,1,0,520,241,520
9148,mlp,9,test,498,root-0/task9--ep8--succ1.pkl,9,8,0,1,307,241,307
9149,mlp,9,test,499,root-0/task9--ep9--succ0.pkl,9,9,1,0,520,241,520
9150,mlp,9,test,950,root-1/task9--ep0--succ0.pkl,9,0,1,0,520,241,520
9151,mlp,9,test,951,root-1/task9--ep1--succ0.pkl,9,1,1,0,520,241,520
9152,mlp,9,test,952,root-1/task9--ep10--succ0.pkl,9,10,1,0,520,241,520
9153,mlp,9,test,953,root-1/task9--ep11--succ0.pkl,9,11,1,0,520,241,520
9154,mlp,9,test,954,root-1/task9--ep12--succ0.pkl,9,12,1,0,520,241,520
9155,mlp,9,test,955,root-1/task9--ep13--succ0.pkl,9,13,1,0,520,241,520
9156,mlp,9,test,956,root-1/task9--ep14--succ0.pkl,9,14,1,0,520,241,520
9157,mlp,9,test,957,root-1/task9--ep15--succ0.pkl,9,15,1,0,520,241,520
9158,mlp,9,test,958,root-1/task9--ep16--succ0.pkl,9,16,1,0,520,241,520
9159,mlp,9,test,959,root-1/task9--ep17--succ1.pkl,9,17,0,1,349,241,349
9160,mlp,9,test,960,root-1/task9--ep18--succ0.pkl,9,18,1,0,520,241,520
9161,mlp,9,test,961,root-1/task9--ep19--succ1.pkl,9,19,0,1,416,241,416
9162,mlp,9,test,962,root-1/task9--ep2--succ1.pkl,9,2,0,1,318,241,318
9163,mlp,9,test,963,root-1/task9--ep20--succ1.pkl,9,20,0,1,297,241,297
9164,mlp,9,test,964,root-1/task9--ep21--succ0.pkl,9,21,1,0,520,241,520
9165,mlp,9,test,965,root-1/task9--ep22--succ1.pkl,9,22,0,1,312,241,312
9166,mlp,9,test,966,root-1/task9--ep23--succ0.pkl,9,23,1,0,520,241,520
9167,mlp,9,test,967,root-1/task9--ep24--succ0.pkl,9,24,1,0,520,241,520
9168,mlp,9,test,968,root-1/task9--ep25--succ1.pkl,9,25,0,1,329,241,329
9169,mlp,9,test,969,root-1/task9--ep26--succ0.pkl,9,26,1,0,520,241,520
9170,mlp,9,test,970,root-1/task9--ep27--succ1.pkl,9,27,0,1,329,241,329
9171,mlp,9,test,971,root-1/task9--ep28--succ0.pkl,9,28,1,0,520,241,520
9172,mlp,9,test,972,root-1/task9--ep29--succ1.pkl,9,29,0,1,387,241,387
9173,mlp,9,test,973,root-1/task9--ep3--succ0.pkl,9,3,1,0,520,241,520
9174,mlp,9,test,974,root-1/task9--ep30--succ0.pkl,9,30,1,0,520,241,520
9175,mlp,9,test,975,root-1/task9--ep31--succ1.pkl,9,31,0,1,264,241,264
9176,mlp,9,test,976,root-1/task9--ep32--succ1.pkl,9,32,0,1,271,241,271
9177,mlp,9,test,977,root-1/task9--ep33--succ1.pkl,9,33,0,1,247,241,247
9178,mlp,9,test,978,root-1/task9--ep34--succ0.pkl,9,34,1,0,520,241,520
9179,mlp,9,test,979,root-1/task9--ep35--succ0.pkl,9,35,1,0,520,241,520
9180,mlp,9,test,980,root-1/task9--ep36--succ1.pkl,9,36,0,1,359,241,359
9181,mlp,9,test,981,root-1/task9--ep37--succ1.pkl,9,37,0,1,413,241,413
9182,mlp,9,test,982,root-1/task9--ep38--succ0.pkl,9,38,1,0,520,241,520
9183,mlp,9,test,983,root-1/task9--ep39--succ0.pkl,9,39,1,0,520,241,520
9184,mlp,9,test,984,root-1/task9--ep4--succ0.pkl,9,4,1,0,520,241,520
9185,mlp,9,test,985,root-1/task9--ep40--succ1.pkl,9,40,0,1,389,241,389
9186,mlp,9,test,986,root-1/task9--ep41--succ0.pkl,9,41,1,0,520,241,520
9187,mlp,9,test,987,root-1/task9--ep42--succ0.pkl,9,42,1,0,520,241,520
9188,mlp,9,test,988,root-1/task9--ep43--succ0.pkl,9,43,1,0,520,241,520
9189,mlp,9,test,989,root-1/task9--ep44--succ0.pkl,9,44,1,0,520,241,520
9190,mlp,9,test,990,root-1/task9--ep45--succ0.pkl,9,45,1,0,520,241,520
9191,mlp,9,test,991,root-1/task9--ep46--succ0.pkl,9,46,1,0,520,241,520
9192,mlp,9,test,992,root-1/task9--ep47--succ1.pkl,9,47,0,1,267,241,267
9193,mlp,9,test,993,root-1/task9--ep48--succ0.pkl,9,48,1,0,520,241,520
9194,mlp,9,test,994,root-1/task9--ep49--succ0.pkl,9,49,1,0,520,241,520
9195,mlp,9,test,995,root-1/task9--ep5--succ0.pkl,9,5,1,0,520,241,520
9196,mlp,9,test,996,root-1/task9--ep6--succ1.pkl,9,6,0,1,262,241,262
9197,mlp,9,test,997,root-1/task9--ep7--succ0.pkl,9,7,1,0,520,241,520
9198,mlp,9,test,998,root-1/task9--ep8--succ1.pkl,9,8,0,1,317,241,317
9199,mlp,9,test,999,root-1/task9--ep9--succ0.pkl,9,9,1,0,520,241,520
