model,alpha,eval_time,n_tasks,roc_auc_max_score_mean,roc_auc_max_score_std_task,roc_auc_max_score_ci_low,roc_auc_max_score_ci_high,realized_fpr_mean,realized_fpr_std_task,realized_fpr_ci_low,realized_fpr_ci_high,catch_rate_mean,catch_rate_std_task,catch_rate_ci_low,catch_rate_ci_high,balanced_accuracy_mean,balanced_accuracy_std_task,balanced_accuracy_ci_low,balanced_accuracy_ci_high,caught_alarm_fraction_mean,caught_alarm_fraction_std_task,caught_alarm_fraction_ci_low,caught_alarm_fraction_ci_high,effective_alarm_fraction_mean,effective_alarm_fraction_std_task,effective_alarm_fraction_ci_low,effective_alarm_fraction_ci_high,caught_lead_fraction_mean,caught_lead_fraction_std_task,caught_lead_fraction_ci_low,caught_lead_fraction_ci_high,effective_lead_fraction_mean,effective_lead_fraction_std_task,effective_lead_fraction_ci_low,effective_lead_fraction_ci_high
baseline32,0.01,by earliest stop,10,0.6732961269119979,0.08280362080889425,0.6243422991187243,0.7257052596825629,0.018510937975645982,0.021857471950207406,0.006256230820680224,0.032951569524284824,0.08807663933526073,0.055077050193444894,0.054150105324683,0.12263713347767506,0.5347828506798074,0.020321980285694114,0.5218369253800361,0.5470651806171715,0.5661675889968052,0.12162376463285354,0.4934166259359687,0.6440373492673594,0.9659542561662828,0.022715416196342073,0.951755884816407,0.9794437422916789,0.4338324110031947,0.12162376463285357,0.3558148135872285,0.5058743122094987,0.034045743833717126,0.022715416196342077,0.02045167340395756,0.048531116365408626
baseline32,0.025,by earliest stop,10,0.6732961269119979,0.08280362080889425,0.6238118953826913,0.7264752232130195,0.03658556908521248,0.0458056427873055,0.011813075667659784,0.06740359339248242,0.1359432206236733,0.07584418225364335,0.08910347805858707,0.18357656187043955,0.5496788257692303,0.024859534497218033,0.5334846951891673,0.5641530395018254,0.5559564137494714,0.10644756107797011,0.49030812966593135,0.6222875635073585,0.9443388460286248,0.03408647170046471,0.9229508481336277,0.9649892447767277,0.44404358625052864,0.10644756107797013,0.3779898535842021,0.5097254768386904,0.055661153971375124,0.034086471700464714,0.035013488819346024,0.07676747023120495
baseline32,0.05,by earliest stop,10,0.6732961269119979,0.08280362080889425,0.6235910870290449,0.7269255679148974,0.06344778263962937,0.0740394200514703,0.02276656653777734,0.11307762231974555,0.20795310534111716,0.10827257350483864,0.14179346183600713,0.27370987537712127,0.5722526613507438,0.034401337214684566,0.5499848126478842,0.5922057811871615,0.5557235906761453,0.09525610493451138,0.493934915878519,0.6110330306416614,0.909395065127703,0.0528608598923906,0.8761579143237838,0.9422068407004797,0.4442764093238547,0.09525610493451138,0.3879668815326236,0.507259378809567,0.09060493487229693,0.05286085989239057,0.05814522047125289,0.12400488148046747
baseline32,0.075,by earliest stop,10,0.6732961269119979,0.08280362080889425,0.623773634560086,0.7257459396591363,0.10131094868537407,0.11894377753514047,0.03683043221124781,0.18285444143311444,0.2974065767583404,0.1498448781564115,0.20467691824421133,0.3891361761082953,0.5980478140364832,0.047199011533784765,0.5681493072794165,0.6265359301443949,0.6111389278545089,0.09331923765773985,0.5512091823514818,0.6653590571141208,0.8797377011928174,0.07092131242808788,0.8351117247899573,0.9226551674237101,0.38886107214549115,0.09331923765773983,0.33475059841685023,0.4501127128711843,0.1202622988071826,0.07092131242808787,0.07711826966157517,0.1653733781071155
baseline32,0.1,by earliest stop,10,0.6732961269119979,0.08280362080889425,0.6242117427865667,0.7265633195917905,0.13076831589873256,0.13740363971625386,0.05570103132063823,0.22430654825962004,0.34775901407066134,0.1629853584623907,0.24649776507058363,0.4466952110355618,0.6084953490859644,0.055816561809780965,0.5738109196732782,0.6429008894779674,0.5835870786598185,0.08475313598423503,0.5299977561986426,0.6343991353588188,0.8476180375083885,0.0830514040988753,0.7964335298801747,0.8989826896504816,0.41641292134018143,0.084753135984235,0.36559593661216727,0.470576283464315,0.15238196249161146,0.08305140409887532,0.1010866293168384,0.20361532465950063
baseline32,0.15,by earliest stop,10,0.6732961269119979,0.08280362080889425,0.6236285582145024,0.7265608725494522,0.20228738471283378,0.20444310223502923,0.09156442610889104,0.34269820592704797,0.43198299613772484,0.19953859077131614,0.308387834817327,0.5576228011086276,0.6148478057124456,0.0658330454057328,0.5747993263992743,0.6566192964934929,0.5737157715214678,0.11551411065725749,0.5100764490763035,0.650548709262017,0.7972487573097762,0.11604603632576353,0.7235967133991611,0.8671076280666944,0.4262842284785321,0.11551411065725749,0.3481262027665778,0.4904382704473238,0.20275124269022368,0.11604603632576355,0.13389643785137034,0.2772738832661431
baseline32,0.2,by earliest stop,10,0.6732961269119979,0.08280362080889425,0.6245279016517865,0.7269729674392484,0.279200515238926,0.25224469172919667,0.14048559694721682,0.44688915653251915,0.5105092680781873,0.21757310773714025,0.3774945577928145,0.6451637964602802,0.6156543764196306,0.07498607589076804,0.5716617361209779,0.6635314471873393,0.5391895555027416,0.11813307865553481,0.47362124376131093,0.6189517665912403,0.7432321368744293,0.14208566866325598,0.6528360410677024,0.8299170763328909,0.46081044449725833,0.11813307865553478,0.38216208792310646,0.5261254931054763,0.2567678631255705,0.142085668663256,0.1734770064045735,0.347156948461166
baseline32,0.3,by earliest stop,10,0.6732961269119979,0.08280362080889425,0.6240544429996164,0.7263284971057551,0.42479417100958133,0.3066201063468207,0.24427266002335388,0.6229565570878522,0.6455538603661249,0.2186383827622891,0.5073667484344472,0.780189182724379,0.6103798446782719,0.0921300816329787,0.5558187960766765,0.6691280494928359,0.4629900422322577,0.12729123509022416,0.39266645543427825,0.5512136754206935,0.6315936333619162,0.1711946425160781,0.5247314324628847,0.7364521262709556,0.5370099577677423,0.12729123509022416,0.4508250979212627,0.606091028092628,0.36840636663808374,0.17119464251607805,0.26223565050488057,0.475167279261302
baseline32,0.01,fixed horizon 13,10,0.5602111146562189,0.08664235774337063,0.5031038027550798,0.6112986853409804,0.022890732162944138,0.023346693102830173,0.009586673094858217,0.03838143112048613,0.059032013987205624,0.0513534693754423,0.02969897610034446,0.09233888329662293,0.5180706409121307,0.015950507952625977,0.5086032861695874,0.5281270335194778,0.35893954889435853,0.18909032378600263,0.2278038481753245,0.47581584707179914,0.9651384646927956,0.030031829341225374,0.9452462648979649,0.9823225860050163,0.6410604511056414,0.1890903237860026,0.5249342734324418,0.7688277879527877,0.034861535307204365,0.03003182934122534,0.01760950300382601,0.05460110988691566
baseline32,0.025,fixed horizon 13,10,0.5602111146562189,0.08664235774337063,0.5043650138066732,0.6108544209719318,0.037268821872705346,0.036758202626671975,0.015980000399510617,0.060903333368283755,0.08896868101655989,0.07308279296358082,0.046267441736654605,0.13702417071765216,0.5258499295719272,0.022051442828179373,0.512456125309488,0.5398751557487379,0.3879775714542511,0.23672069265496973,0.24940917927422537,0.5456040501275569,0.9424118142191011,0.04833177857455105,0.9108017567305138,0.9701864792890872,0.612022428545749,0.23672069265496973,0.45515978227186155,0.7500425059276636,0.0575881857808989,0.048331778574551044,0.030342255818555895,0.08916345808169128
baseline32,0.05,fixed horizon 13,10,0.5602111146562189,0.08664235774337063,0.5043753821503478,0.6121555771921281,0.06282749470275001,0.058803565560736765,0.03020994346617427,0.10247503744083447,0.12730947498103337,0.10112731744484829,0.06939549206380313,0.19375466946777647,0.5322409901391417,0.02905071336791636,0.514885927943209,0.5502824516407206,0.30632892406865075,0.17103053293292864,0.20081392337378676,0.41279913386800543,0.9087027420124206,0.07764991681122116,0.8565790398516714,0.9529774748935406,0.6936710759313492,0.17103053293292864,0.5864138473719536,0.7975731645381593,0.09129725798757936,0.07764991681122119,0.04658866747338689,0.14232479179055066
baseline32,0.075,fixed horizon 13,10,0.5602111146562189,0.08664235774337063,0.5053563825278192,0.6111437546377952,0.0879085477612183,0.07306382251301755,0.048707846359612825,0.1375683394627132,0.16461450209739728,0.11735119552652837,0.09431308113082368,0.23929990714735824,0.5383529771680895,0.033561267309570826,0.5176390485134948,0.5589422022352363,0.30533710512529044,0.1410807625019946,0.21361534819035385,0.38798425219912686,0.8853551940347204,0.09015049714370298,0.8272980349225857,0.9371333864538623,0.6946628948747096,0.14108076250199464,0.6125167110154439,0.7865413377312235,0.11464480596527955,0.090150497143703,0.06297765982090159,0.1731736362880394
baseline32,0.1,fixed horizon 13,10,0.5602111146562189,0.08664235774337063,0.5053182287958998,0.6117070934878419,0.11189500925855911,0.08486315150216024,0.06542265633881923,0.168845537502933,0.19155381434771132,0.1269955766392496,0.11509500267784392,0.27246559209703064,0.5398294025445761,0.03612252296750704,0.5173010138147195,0.5622234631947882,0.28823874366341934,0.13261606547017263,0.2030219923547537,0.3650841036455269,0.8631586665803754,0.09894358527242304,0.7993526161851754,0.9200290119022092,0.7117612563365807,0.13261606547017263,0.6367372324212963,0.7977896210726237,0.1368413334196245,0.09894358527242307,0.07978161436561138,0.2026087967893134
baseline32,0.15,fixed horizon 13,10,0.5602111146562189,0.08664235774337063,0.5048604914916395,0.6121884908008743,0.15542190284049623,0.09972522733960265,0.09754833824329487,0.22047776763833546,0.247356844527727,0.13409717946668173,0.16523832293390314,0.3306583783535383,0.5459674708436154,0.03948368017532367,0.5214227839173033,0.5700922220399852,0.2676102038218842,0.11940559160483191,0.1913549485727711,0.33882910734558097,0.8222061740762362,0.10712423515056217,0.753922548868234,0.8863509273154607,0.7323897961781157,0.11940559160483193,0.6606788910201487,0.8097583099348662,0.17779382592376375,0.10712423515056217,0.1138884849677341,0.24617292057794768
baseline32,0.2,fixed horizon 13,10,0.5602111146562189,0.08664235774337063,0.5044185036473078,0.6118964374511411,0.22046905646585815,0.1293621494083927,0.14251729731006219,0.3013118596504371,0.3084040309799267,0.150596323414154,0.21309208591866566,0.39686959376067843,0.5439674872570343,0.046954325553154576,0.515153908253002,0.5730672941538058,0.2542133842065267,0.10911827123794626,0.18578198617832442,0.3212590868603185,0.7735853757480122,0.11808140195708533,0.700599066257317,0.8471742136921038,0.7457866157934732,0.10911827123794626,0.6792440705795234,0.8131125381402505,0.22641462425198772,0.11808140195708536,0.15386576425918255,0.29868276367705465
baseline32,0.3,fixed horizon 13,10,0.5602111146562189,0.08664235774337063,0.5049856161024505,0.6114532230693852,0.37789237029506667,0.22022107534381652,0.24330292541686813,0.5178809257522312,0.45106424145479557,0.2119488607787602,0.3153086876518197,0.5790520356573992,0.5365859355798644,0.06544581208598789,0.4976520723907385,0.5783122749395267,0.20583679006267994,0.07086903120671209,0.16182840464437073,0.24900080344525294,0.6421793828370356,0.1709319867172084,0.5397424213713923,0.7487309151873769,0.79416320993732,0.07086903120671208,0.7510130463947643,0.8394070824087189,0.3578206171629644,0.1709319867172084,0.2486925875159801,0.45967672436381024
baseline32,0.01,fixed horizon 25,10,0.5990411552504782,0.07639160603614602,0.5526643554593027,0.6463509226050747,0.019115079425387326,0.019594628737555256,0.008027105248977037,0.03221762792322354,0.052201138956563364,0.03977747738891839,0.02893254214216623,0.07805006731643305,0.516543029765588,0.012471222216072367,0.5091192333595324,0.5245287448105777,0.38201798328177344,0.24990409773455735,0.2347752895910248,0.5451430881333985,0.9661135640712362,0.02745803320414521,0.9478058380948022,0.9818876963160907,0.6179820167182266,0.2499040977345574,0.4548897823166968,0.7646127498612051,0.033886435928763815,0.027458033204145194,0.018337927691865746,0.051842923951057884
baseline32,0.025,fixed horizon 25,10,0.5990411552504782,0.07639160603614602,0.5519817246885872,0.6472931657256519,0.030928633465628064,0.03009135316785506,0.013618322384196219,0.0509672003124923,0.08220635630392993,0.0625159601008695,0.04625315463985528,0.12320718008681444,0.5256388614191508,0.018988086708460503,0.5141791471227937,0.5376734021526394,0.36263424893644886,0.22547775496450786,0.23014221771517057,0.5086008954795185,0.9443478087649251,0.045189108958340246,0.9142252253655826,0.9702053697407684,0.6373657510635511,0.2254777549645079,0.49018623593396904,0.7677462805831127,0.05565219123507488,0.04518910895834026,0.0299068024054906,0.08540676499498485
baseline32,0.05,fixed horizon 25,10,0.5990411552504782,0.07639160603614602,0.5515507443325934,0.6461209752285016,0.053141820983199674,0.04661910674948819,0.026539746537679793,0.08326199434805388,0.1237345586210025,0.08735913224261077,0.07300399011351774,0.18028005908579525,0.5352963688189014,0.02639666240851388,0.5193200136652066,0.551702918730707,0.3440006443449589,0.1745369113713995,0.2473626614670652,0.46266996227571333,0.9124448327652617,0.07008298944114565,0.8667655704370986,0.9530257134545904,0.6559993556550412,0.17453691137139948,0.5413913350094217,0.7539091580643584,0.0875551672347383,0.07008298944114563,0.047284066737361484,0.13326660412020952
baseline32,0.075,fixed horizon 25,10,0.5990411552504782,0.07639160603614602,0.5525737695903769,0.6462300844919249,0.0736559419749788,0.053739918261202356,0.042543913150705596,0.10906844443445213,0.16126141310612824,0.09630428429888319,0.10287999573690604,0.22120430792176743,0.5438027355655747,0.0323927067524044,0.5236990696432529,0.563597184682414,0.37063905091535043,0.1473335927395053,0.28633809191556114,0.4673938978527935,0.8917192468335164,0.08086266332930554,0.8400614870786383,0.9393344676447525,0.6293609490846495,0.14733359273950533,0.5313212037119269,0.7140982564919672,0.10828075316648356,0.08086266332930556,0.060910129043229476,0.16038333297552293
baseline32,0.1,fixed horizon 25,10,0.5990411552504782,0.07639160603614602,0.5527656819778499,0.6470151051047736,0.1075450684558917,0.07244420601761122,0.06396835194015717,0.15394270198426752,0.20687981262169114,0.10468176448391447,0.14126750877638544,0.2705828604261486,0.5496673720828997,0.03520185966080522,0.5282690312300775,0.5719567854302267,0.3881430406770353,0.14618124067346522,0.3001339579459017,0.4818109046209374,0.8654156229991246,0.09275525693930632,0.8049815056786754,0.918999618275796,0.6118569593229647,0.14618124067346522,0.5212315215052158,0.6999947105225428,0.13458437700087536,0.09275525693930631,0.08030716075133511,0.19464598102697175
baseline32,0.15,fixed horizon 25,10,0.5990411552504782,0.07639160603614602,0.5521159542249319,0.6471308966898046,0.16683341103603017,0.12481132864962119,0.09345144284338865,0.24708875961626348,0.28916522400334127,0.12231183854774576,0.21250045218889704,0.36283608148751395,0.5611659064836555,0.042744699661824044,0.5352031957894325,0.587629525320555,0.48300661811407836,0.17062033763025045,0.3781876318341895,0.5905039131188731,0.8370882688491739,0.09147127241362144,0.7799916490193453,0.8928188977137532,0.5169933818859216,0.17062033763025045,0.4100106647782054,0.6212512227122187,0.16291173115082608,0.09147127241362145,0.1072789427618595,0.2190319506149482
baseline32,0.2,fixed horizon 25,10,0.5990411552504782,0.07639160603614602,0.5517201353762459,0.6471059668621921,0.2489110152165756,0.19947289924189862,0.13645363593131982,0.3813204172451085,0.37644782983771174,0.16750980234542875,0.27828425511729965,0.4827841527619139,0.5637684073105681,0.05020405942286164,0.5333448495652592,0.5953186054688757,0.48304160307002375,0.1822383670768221,0.37306056027395523,0.5968999386401983,0.7918457445935215,0.10927833098629457,0.7240904103045744,0.859350001385477,0.5169583969299761,0.1822383670768221,0.4030924260775602,0.6298537792875496,0.20815425540647842,0.10927833098629455,0.14027458639134374,0.27431277248763863
baseline32,0.3,fixed horizon 25,10,0.5990411552504782,0.07639160603614602,0.551781711546295,0.646821676444369,0.40742299584542846,0.2781557309337223,0.24323460388180246,0.5885346073023378,0.539985239102479,0.2052760509701532,0.42054620038659446,0.6727787381848308,0.5662811216285253,0.06436444096418663,0.5277245024135485,0.6069147665219394,0.4165376871255807,0.15866434281001193,0.32724609064741944,0.522837347646774,0.6696914739259536,0.15349818245026542,0.5753210936055977,0.7652809877235853,0.5834623128744193,0.1586643428100119,0.47694441139076205,0.6713576469766389,0.33030852607404626,0.15349818245026545,0.23481641029120304,0.42274640182988077
baseline32,0.01,fixed horizon 37,10,0.6441202963244654,0.07785001067479973,0.5975206835177339,0.6942673100242321,0.015179048357471542,0.015826818945545933,0.006292014328241421,0.02574722705867141,0.05170310488471465,0.030817826145096944,0.033226966655885544,0.07143160399151686,0.5182620282636214,0.010131649552201869,0.5121552270333698,0.5246294547404295,0.45280734035266645,0.1371625842238708,0.381113462875268,0.5468203408996127,0.9689795926827186,0.021605675586525337,0.954706683905984,0.981319656366661,0.5471926596473335,0.13716258422387076,0.45372199104501565,0.6192478263976842,0.031020407317281406,0.021605675586525347,0.01867123145833155,0.04487177908406235
baseline32,0.025,fixed horizon 37,10,0.6441202963244654,0.07785001067479973,0.5970724839038255,0.6936010312266038,0.02601754964381691,0.024648258473851516,0.011868225846157281,0.04219115538857642,0.08478131572215639,0.04974061896867189,0.05531279188989579,0.11641939292232832,0.5293818830391698,0.01627406641032925,0.5193689932730379,0.5392732390863725,0.4583328595241113,0.13380531276355273,0.3865917443757895,0.5492365817662839,0.9482437823848283,0.03689950800240203,0.9243864434115339,0.9696725336514151,0.5416671404758887,0.13380531276355276,0.4509758758698399,0.6128381530335237,0.05175621761517163,0.03689950800240204,0.030649853971697175,0.07570781260618098
baseline32,0.05,fixed horizon 37,10,0.6441202963244654,0.07785001067479973,0.5966743550252426,0.6928563383195372,0.04613677935040492,0.04389478937487687,0.020957068725851107,0.07468872727878176,0.13686127600911024,0.08185111706741216,0.0893774293085367,0.1909309950359482,0.5453622483293528,0.02591375226336193,0.5300192566610624,0.5622756904009556,0.4670286120849184,0.15198142840531803,0.3793484227773233,0.5657410046451619,0.9164680779279928,0.0615567648572211,0.8758343179071757,0.9513789908055139,0.5329713879150816,0.151981428405318,0.4332244269068249,0.619521151400207,0.0835319220720072,0.06155676485722113,0.04799510969073452,0.1236329343470123
baseline32,0.075,fixed horizon 37,10,0.6441202963244654,0.07785001067479973,0.596634449692681,0.6927140202764066,0.06786236013308451,0.054808672132066936,0.03617133573954279,0.10394070704731853,0.18955072239430867,0.09626254671349559,0.13331193999556845,0.252675804170099,0.560844181130612,0.033260947794764496,0.5414749753410466,0.5825748086122279,0.5237977761960944,0.14576100910699752,0.4305618828781458,0.6119968153175075,0.899167382316517,0.06584707925019766,0.8565241794029734,0.9374299621163529,0.4762022238039056,0.14576100910699752,0.3882120432260364,0.5680582455983256,0.10083261768348295,0.06584707925019767,0.061813089032712244,0.14354589991316408
baseline32,0.1,fixed horizon 37,10,0.6441202963244654,0.07785001067479973,0.5976373404610834,0.6931246376954701,0.10170007616578369,0.07732899762526088,0.055544338563663365,0.15107513319194235,0.24626039339393596,0.10833638202059169,0.1803314307846597,0.31560899169836854,0.5722801586140762,0.037710288395073566,0.5501533797433081,0.5964039136525242,0.5229006050276717,0.15847431377458174,0.42317095800718396,0.6194785517562124,0.8698766046389735,0.07893036609593669,0.8191328288752096,0.916824538128529,0.4770993949723283,0.1584743137745817,0.37884011102714926,0.5751761747643194,0.13012339536102635,0.07893036609593669,0.08370623083584375,0.18089024760162573
baseline32,0.15,fixed horizon 37,10,0.6441202963244654,0.07785001067479973,0.5971814034515164,0.6933726617464168,0.16290914182162958,0.12699733937220048,0.08961431750741147,0.24670282197137602,0.33715987153695115,0.13359449068693047,0.25754903674161117,0.42088145442447084,0.5871253648576606,0.04022257614935403,0.5642372473719086,0.6139419532964221,0.5592917726489921,0.14293645675941513,0.4706525645116188,0.644903532737714,0.8408907106801189,0.07827547986273357,0.7925446426028699,0.8898157018733889,0.4407082273510078,0.1429364567594151,0.3556745900673699,0.5310495093990841,0.1591092893198811,0.07827547986273357,0.11026427031256895,0.20660547946268212
baseline32,0.2,fixed horizon 37,10,0.6441202963244654,0.07785001067479973,0.5973890418583757,0.6932440074506846,0.25391878299840487,0.1921022614360868,0.1442612826853,0.37867184292427636,0.4427058997016561,0.1608578794356247,0.346585713493307,0.5457897964483778,0.5943935583516256,0.05143582645531342,0.5636036430699485,0.627374367364203,0.54676102294482,0.1153754138696346,0.47520096352043356,0.6179273302568861,0.7906029537057484,0.09303102076623893,0.7328166147256545,0.8482007907237723,0.45323897705517996,0.1153754138696346,0.3822313926181478,0.5246282863190882,0.20939704629425154,0.09303102076623895,0.15207670387163563,0.2669040878350342
baseline32,0.3,fixed horizon 37,10,0.6441202963244654,0.07785001067479973,0.597203183229832,0.6920843581309357,0.42072855674427734,0.26448944898667126,0.26277443494975505,0.5890922311360881,0.6271274275278869,0.16958052323954528,0.524098790978168,0.7357717180493261,0.6031994353918049,0.07587240761567345,0.5584148830791712,0.6510783231990354,0.4832221800236235,0.11043160956790685,0.4185040501262776,0.5532589784914957,0.6645367028448217,0.13285685316239496,0.5821090546673624,0.7448680522546428,0.5167778199763765,0.11043160956790683,0.44655952082474626,0.5823470115125507,0.3354632971551781,0.13285685316239496,0.2543203822300041,0.41707281258628914
layer20_32,0.01,by earliest stop,10,0.6695907489438847,0.08833141109297366,0.6172318837502774,0.7249387781846601,0.029333022136533538,0.04974626200119111,0.0030626272212136195,0.06539226377521141,0.10012534430867326,0.09101939632968632,0.04818106447850195,0.16058648119962154,0.5353961610860698,0.02513773716410466,0.5198821009445167,0.5508812623771466,0.6684593414642402,0.14159647717521454,0.57008468814829,0.7553276657005983,0.9618402242483073,0.04888044795883779,0.9281795254472959,0.9880614608920759,0.3315406585357597,0.14159647717521456,0.24494275814668348,0.4273942664689793,0.03815977575169263,0.04888044795883778,0.011983087272248328,0.0717259418558666
layer20_32,0.025,by earliest stop,10,0.6695907489438847,0.08833141109297366,0.6161419606858335,0.7254897600268709,0.05320288410747024,0.08455884786640228,0.008773828310555717,0.11404416347066101,0.15017057522678104,0.12757465954231723,0.07749092789202928,0.23434363457002744,0.5484838455596555,0.030800470902787334,0.5292807849738639,0.5671085619732315,0.6647458217193336,0.15055789826012494,0.573137768780749,0.7590176684639496,0.9399362201012851,0.0676716104024799,0.8944591027481542,0.9768642235054364,0.33525417828066645,0.15055789826012492,0.24045038858890225,0.42671392498340444,0.0600637798987149,0.06767161040247992,0.023146034927736998,0.10622028513043429
layer20_32,0.05,by earliest stop,10,0.6695907489438847,0.08833141109297366,0.6167871076737609,0.7264472875805914,0.0939398608672505,0.13822427245866378,0.018796342865607607,0.19194244578875905,0.2207621965467744,0.16761853967590423,0.12504854586456762,0.33063324227494717,0.5634111678397618,0.032338184959236994,0.542828760993807,0.5826243511518239,0.6273622865775216,0.14602143509644328,0.5410915361898204,0.7223794564073169,0.9078992115956195,0.08782952917730302,0.8487428228525854,0.9579810128898086,0.3726377134224783,0.14602143509644328,0.277523786833691,0.4590771731845666,0.09210078840438046,0.08782952917730305,0.04257610223344507,0.15035891530734818
layer20_32,0.075,by earliest stop,10,0.6695907489438847,0.08833141109297366,0.6162277531028125,0.72653028181636,0.13906960160898169,0.19659846698361516,0.032561776760485356,0.2770134571864903,0.3027201285998749,0.20140096191574328,0.18468240529417443,0.43436139497458126,0.5818252634954466,0.03864415498427435,0.5564020527625618,0.6045298691754952,0.6103216673673841,0.10877416809513574,0.5453006500492612,0.679693941970603,0.8705770568146372,0.1073322998133163,0.797846751440636,0.9315583122624813,0.38967833263261575,0.10877416809513574,0.31944846800688054,0.454187077055938,0.12942294318536277,0.1073322998133163,0.06827053407778352,0.20044873243309563
layer20_32,0.1,by earliest stop,10,0.6695907489438847,0.08833141109297366,0.6162295681261437,0.7262315875762058,0.17151821365303804,0.23478159971520965,0.04522696682787254,0.33452212597345404,0.34439916798810244,0.2205475455811437,0.21819262733888262,0.4892014343489678,0.5864404771675322,0.043341570912359954,0.5587649944864005,0.6125434924915799,0.5932390734298735,0.11202684742663034,0.5252185364512595,0.6642578089554148,0.8430212477239675,0.1285758870110449,0.7572841928706205,0.9150501087402269,0.4067609265701265,0.11202684742663035,0.33734478507031074,0.4753199413718844,0.15697875227603247,0.12857588701104491,0.08458915352479238,0.2428162747700605
layer20_32,0.15,by earliest stop,10,0.6695907489438847,0.08833141109297366,0.6156034518325485,0.7248154181672943,0.24198306540514194,0.28608826773337803,0.0844230544914226,0.438248829325222,0.44155000473472217,0.24572539541344335,0.29317882383506266,0.5990321549299206,0.59978346966479,0.06077530238856132,0.5616622935086376,0.6371656750078224,0.5682191552932332,0.1030835250335617,0.5073720757899246,0.6346765888076081,0.7852550640942397,0.15031406185964544,0.6872811496877459,0.8703268385818697,0.43178084470676675,0.1030835250335617,0.364972848906667,0.4936228607123962,0.21474493590576021,0.15031406185964544,0.12840611099718627,0.3139136010341904
layer20_32,0.2,by earliest stop,10,0.6695907489438847,0.08833141109297366,0.6160350761991605,0.7262781313476059,0.31490792564545306,0.3304560977283879,0.12951084346946687,0.5381185846721528,0.5149393224052209,0.26143935202907054,0.35874394453668285,0.6834018558596452,0.6000156983798839,0.0736027113087178,0.555134398720038,0.6452006393098974,0.5335735616960242,0.10941086495841018,0.46997591391607385,0.6063266984818929,0.7315406242608368,0.1717528973867351,0.6198057962203408,0.8325344912670044,0.46642643830397573,0.10941086495841014,0.3942398102662445,0.5297054560595418,0.26845937573916323,0.1717528973867351,0.16934965947716532,0.3822892368489094
layer20_32,0.3,by earliest stop,10,0.6695907489438847,0.08833141109297366,0.6165096428656927,0.7254025827043353,0.435106264586745,0.35261960199337905,0.22696937775525633,0.6633464031975566,0.6416696872267907,0.2507254367114029,0.4877519742800725,0.7982453475073882,0.6032817113200227,0.08819047977446512,0.5504390842743478,0.6598119919079215,0.45170867226159866,0.11986355762457947,0.3814226859914479,0.5279616948386572,0.6165599270733115,0.20745207503824334,0.4842294555276796,0.7412401974994502,0.5482913277384014,0.11986355762457948,0.47097033876987154,0.6198024279697568,0.38344007292668836,0.20745207503824337,0.2579624680290858,0.51338759745304
layer20_32,0.01,fixed horizon 13,10,0.5371568237914967,0.07008584540363,0.4911873399327914,0.5767358052812098,0.026248274384086577,0.059499219029027724,0.004351122698869929,0.06674016069056028,0.05778684550394446,0.09903445484464546,0.010715064853347885,0.12620980949570657,0.515769285559929,0.023405497949595608,0.5021070259755683,0.5315172531959644,0.48266074865963904,0.1730355088653822,0.35951292841942534,0.5947376073767622,0.9627507355127237,0.0737187289187197,0.9112582847912072,0.9949300989104453,0.517339251340361,0.17303550886538224,0.4046090728781149,0.6414526159440995,0.0372492644872761,0.07371872891871965,0.004632937745946011,0.08840117764330867
layer20_32,0.025,fixed horizon 13,10,0.5371568237914967,0.07008584540363,0.49150624141872795,0.5768573052922947,0.04288187891786964,0.07779436761840287,0.01130559032797606,0.09721465355830095,0.08068461889196257,0.1160084374402178,0.023947825402079563,0.16287257104324504,0.5189013699870466,0.024868182002160472,0.5046195470557512,0.5351156210940379,0.415313319554204,0.16221058765560145,0.306306621886792,0.5154246676488152,0.9445620368284994,0.09279791027943446,0.8797847523723262,0.9867399373142811,0.584686680445796,0.16221058765560145,0.48457487832989704,0.6945124367001239,0.05543796317150059,0.09279791027943446,0.01325712387990782,0.12156114712094088
layer20_32,0.05,fixed horizon 13,10,0.5371568237914967,0.07008584540363,0.49062634147161643,0.5768498810786357,0.06912080524799114,0.10066875701937666,0.02258322103649843,0.13918413638195973,0.1137742840752352,0.12679771785499655,0.048944830839284706,0.20222376203260012,0.522326739413622,0.02454259726450821,0.5076692583820911,0.5379087474187294,0.4076528515353805,0.1794036943239885,0.2869022955463587,0.5235097548265283,0.9199193566869471,0.11234190979840859,0.8428001095419803,0.9727338429155049,0.5923471484646194,0.1794036943239885,0.47678429146301604,0.7104991174292308,0.08008064331305269,0.11234190979840862,0.027640269868120813,0.1592184000807134
layer20_32,0.075,fixed horizon 13,10,0.5371568237914967,0.07008584540363,0.49119414267776246,0.5769795775923066,0.09621699235239004,0.11807411983161782,0.039479016844434514,0.178831510950065,0.14870992722713844,0.13319352188053077,0.07762530799107162,0.2393861710770983,0.5262464674373741,0.027061309944311135,0.5104225566691398,0.543645636631633,0.3370820934449079,0.10521643096491447,0.26460339398249483,0.40257807442549304,0.8967547770853403,0.12015057921009951,0.8119391550359385,0.9542153676425069,0.6629179065550921,0.1052164309649145,0.5978256490077706,0.7347665940982097,0.10324522291465958,0.12015057921009949,0.04512264277040874,0.18538064609661464
layer20_32,0.1,fixed horizon 13,10,0.5371568237914967,0.07008584540363,0.49107126773016757,0.576537653732547,0.13171135824341723,0.14174287028630808,0.05690291291811611,0.22765870713476993,0.18615452920226055,0.14252708334133699,0.10609349289085575,0.2807347204818753,0.5272215854794217,0.027155411366123525,0.5109757325289329,0.5448810134235476,0.3278062553785809,0.1160575526088628,0.24930002348327077,0.4024608237886954,0.871842000048396,0.12967455868247377,0.7813082497543044,0.9358676391289629,0.6721937446214192,0.11605755260886277,0.5977943800853897,0.7516739225782304,0.1281579999516041,0.12967455868247374,0.06315569074578903,0.21858581530329718
layer20_32,0.15,fixed horizon 13,10,0.5371568237914967,0.07008584540363,0.4899504333904926,0.5771522983751588,0.19982933426307628,0.1796085999941481,0.09787944612239209,0.3167889501277478,0.25624471077896255,0.17362976129944943,0.15357805902704044,0.3696705416633628,0.5282076882579432,0.030221187089502513,0.5094801202250427,0.5468465851579698,0.3053255466767774,0.11177400398904679,0.23221162353474742,0.37822996158476563,0.8214900031256862,0.1417945169290047,0.7239798775278151,0.8988289517656591,0.6946744533232225,0.1117740039890468,0.6205100772688481,0.7675178911460369,0.17850999687431385,0.14179451692900463,0.10230137843706366,0.27763157379590503
layer20_32,0.2,fixed horizon 13,10,0.5371568237914967,0.07008584540363,0.4899346171108879,0.5766945521363673,0.2829438835289205,0.2202658035425176,0.15347625474280954,0.42376818039095476,0.33422760284995007,0.20627730290600332,0.20757089436855666,0.4657436986279334,0.5256418596605148,0.03610349423532372,0.5032537843633645,0.5478831159314422,0.2882970142045652,0.12420228692185993,0.21086239539354745,0.3663376552692017,0.7680768983540126,0.15915417101832996,0.66344244466866,0.85932417632084,0.7117029857954348,0.12420228692185994,0.635439887471781,0.7883765231479276,0.23192310164598723,0.15915417101833002,0.1411714682056995,0.33713465451925745
layer20_32,0.3,fixed horizon 13,10,0.5371568237914967,0.07008584540363,0.4910702977537742,0.5772913594532605,0.45077248052912855,0.2902876393144013,0.27481266507109614,0.6320166390406989,0.49772714382281064,0.2675707281325864,0.3322647144993242,0.6634661843445924,0.523477331646841,0.04989414018129515,0.49172068870028574,0.5534519907863,0.2808195147677846,0.11053305555532986,0.21161162460175278,0.3475350812541298,0.6348013712265665,0.2062983465800901,0.5071137780198173,0.7586543416646142,0.7191804852322153,0.11053305555532984,0.6522912437433842,0.7877040011052973,0.36519862877343356,0.20629834658009014,0.24099712830012182,0.49305137071782784
layer20_32,0.01,fixed horizon 25,10,0.5827954466059257,0.07033005258699405,0.5411834815076799,0.6286494905954125,0.02088078290313289,0.042054788972753616,0.004484591477867376,0.04968428491377081,0.056175819863031565,0.08441071055387578,0.014887136859110854,0.11698764282520188,0.5176475184799493,0.023192008334600285,0.5048069912299391,0.5331478848283171,0.6521488165522086,0.21176143893581678,0.5200046764943964,0.7766058006791928,0.9643411894320757,0.06758254346581397,0.9171822492168125,0.9950469661098803,0.3478511834477914,0.2117614389358168,0.21954215445269012,0.48544550163893996,0.03565881056792435,0.06758254346581395,0.0052950925858762,0.0832466805754393
layer20_32,0.025,fixed horizon 25,10,0.5827954466059257,0.07033005258699405,0.5419006149087935,0.6282062194550624,0.0361050906849582,0.053547357391413385,0.011960914639628272,0.0738910423021937,0.08067960419534337,0.09512893898201752,0.03208947018742447,0.1459326505166823,0.5222872567551926,0.024437287123833876,0.508413121129819,0.5381945807803341,0.550487185684954,0.20293152553825497,0.42721454003607773,0.6783001641132265,0.948399535324425,0.08000412177667822,0.8924371770567888,0.9865829089308521,0.44951281431504597,0.202931525538255,0.32114586595693195,0.5716162160537542,0.05160046467557501,0.08000412177667823,0.013465603600304058,0.10811911187575322
layer20_32,0.05,fixed horizon 25,10,0.5827954466059257,0.07033005258699405,0.5411151031180905,0.6286331110594829,0.07035335758477161,0.07834777788021717,0.02863987973591412,0.12448902089840828,0.121070254888976,0.10711411530523844,0.06284160083061308,0.19317070089246816,0.5253584486521021,0.02313913502431776,0.5119052274296171,0.5402177359540922,0.5286949154924276,0.21757661843537565,0.3943226018523924,0.664621634555002,0.9253529271808448,0.09550559845365902,0.8591390472779612,0.9723480330422594,0.47130508450757225,0.21757661843537565,0.3360618985021001,0.6036422248532387,0.0746470728191552,0.09550559845365901,0.02750280067801939,0.14112371278865543
layer20_32,0.075,fixed horizon 25,10,0.5827954466059257,0.07033005258699405,0.5420926207026011,0.6290612933103439,0.10822743381376458,0.10660713642568818,0.04883912183622088,0.17876518430420402,0.1705112668036288,0.11603464379695269,0.102385680687605,0.2461980316577255,0.531141916494932,0.023929313893264737,0.5167329121917397,0.5461610386083454,0.5132203864892196,0.19437137747161212,0.39081762870026127,0.6314301583979053,0.8997245981132138,0.1033348823792208,0.8281624661005745,0.9522544393607741,0.48677961351078036,0.19437137747161215,0.36796679289462075,0.6112538740807671,0.1002754018867861,0.10333488237922078,0.04765393540286052,0.17256172823718854
layer20_32,0.1,fixed horizon 25,10,0.5827954466059257,0.07033005258699405,0.5413550388892255,0.6286361045376732,0.14639527006807854,0.13732271101462304,0.06643194460878105,0.23696618678561618,0.20992255006726263,0.12776367079997622,0.13416502232556232,0.2908505881893347,0.531763639999592,0.027124415697363263,0.5150581158122419,0.5485606831404487,0.47150080679382766,0.1794080207388087,0.36152749605545176,0.5815525347598537,0.8776953314278859,0.10817151112109821,0.8024487918976615,0.9337586907086792,0.5284991932061723,0.17940802073880877,0.41624847230606776,0.6385268480496898,0.12230466857211415,0.10817151112109824,0.06620095080311329,0.19755151720814598
layer20_32,0.15,fixed horizon 25,10,0.5827954466059257,0.07033005258699405,0.5422867387304197,0.6279313750488753,0.24884764740595333,0.24033539872604207,0.1105333695139148,0.4050506443861142,0.31761556450808326,0.2007207517932881,0.20076129520671007,0.44721313806518076,0.534383958551065,0.028427371308055595,0.5170690209091657,0.5520260877098492,0.4923254090906939,0.16229777661927977,0.3927710616258201,0.593846573754465,0.8312345899571465,0.11957679535420047,0.7514965247718317,0.8979477156029905,0.5076745909093061,0.16229777661927977,0.4072429991946741,0.6066092488066778,0.16876541004285342,0.11957679535420046,0.10172323600655532,0.24928039817337186
layer20_32,0.2,fixed horizon 25,10,0.5827954466059257,0.07033005258699405,0.5417506884247782,0.6276627510448085,0.33231989786060073,0.31080000635067595,0.15445294970402526,0.534201556419234,0.4216569825376584,0.2552644965159164,0.27586942816873394,0.5904656634286637,0.5446685423385288,0.03966542578056684,0.5208251615837421,0.5697417207296174,0.47527604280576313,0.15136670588579695,0.3849773400768626,0.5712291466792774,0.7690997014319783,0.1449686029036866,0.6760407739179256,0.854693520694282,0.5247239571942368,0.15136670588579695,0.4288335354854476,0.6155042004856084,0.2309002985680217,0.14496860290368666,0.14495833875484265,0.3236256783262989
layer20_32,0.3,fixed horizon 25,10,0.5827954466059257,0.07033005258699405,0.5412250644457288,0.6279302105745471,0.4457568975349262,0.32671629475503805,0.25293318832884537,0.6563187787838329,0.5734841785197787,0.2503292820629525,0.42227696721350744,0.733527141285772,0.5638636404924263,0.053514431394996086,0.5314700370672214,0.5980041292680204,0.4295120988074858,0.1381107157972148,0.3509480425039178,0.5201392411708518,0.6484664149596812,0.18600193582086716,0.531694370717493,0.7633155505948255,0.5704879011925142,0.1381107157972148,0.47971687354921916,0.6479737339797793,0.35153358504031873,0.1860019358208672,0.23611431477700973,0.46614211809264966
layer20_32,0.01,fixed horizon 37,10,0.6289570572594296,0.08752944894164048,0.5778385548331091,0.6850250209812376,0.016146554068165356,0.03184778297490627,0.0033760902747330393,0.0382123731505656,0.05973073631683894,0.06797677746859956,0.02360871236203208,0.10685577671688443,0.5217920911243368,0.02063382886468133,0.5097429851640358,0.5349941778882371,0.6267419270232284,0.17000360405631412,0.5188890977259951,0.7287726121192031,0.96842949518336,0.0546014058711447,0.9295693321678581,0.9926372413667267,0.3732580729767716,0.17000360405631412,0.26946828540363016,0.48217406702677457,0.031570504816639935,0.05460140587114468,0.007414722145312898,0.06964773978770065
layer20_32,0.025,fixed horizon 37,10,0.6289570572594296,0.08752944894164048,0.578021671429914,0.6859663518859322,0.02982250596196636,0.043973136689947775,0.008791415166080672,0.06042745817138881,0.09402709559709112,0.08430682320255135,0.04542393335098498,0.1497700815485372,0.5321022948175624,0.024271025694490838,0.5173407892044738,0.5474597415193446,0.5991291696566089,0.179071288953176,0.487207600848041,0.7054117036711333,0.9511676342523534,0.06861156011984139,0.9032157480936889,0.9838475037952022,0.40087083034339094,0.179071288953176,0.29196297544979016,0.5154973334435295,0.04883236574764671,0.06861156011984139,0.016196545814754586,0.09756148196833773
layer20_32,0.05,fixed horizon 37,10,0.6289570572594296,0.08752944894164048,0.5773483197920781,0.6851199002090503,0.06392767231034717,0.0693636920527211,0.025065639490178676,0.1105705515701877,0.15003539620170867,0.10491849577158868,0.08862323404935399,0.2171793853025707,0.5430538619456808,0.025935509208662617,0.5269974242961761,0.5591708082453105,0.5688318446371208,0.1960421186770273,0.4457155480469143,0.6877417814597128,0.9238291163190272,0.0830745113630591,0.8664032908409637,0.966104383187391,0.43116815536287917,0.19604211867702728,0.3092737121418733,0.5550875260293507,0.07617088368097272,0.08307451136305907,0.03379534026914229,0.13293634838047586
layer20_32,0.075,fixed horizon 37,10,0.6289570572594296,0.08752944894164048,0.576995306666474,0.6859549927683422,0.1004443487772018,0.1141126506333999,0.03719247176511184,0.1772096948865824,0.21271021755226632,0.13109637138510202,0.13766333432579844,0.2982139713155547,0.5561329343875322,0.025101556049208665,0.5402026676560684,0.570935905322154,0.5886593438319132,0.16599368401751002,0.4799203341311716,0.6848050371862715,0.9020459140514798,0.08565812700883506,0.8421328043093017,0.9466278091268733,0.41134065616808685,0.16599368401751002,0.3161671166670119,0.5195091618174578,0.09795408594852013,0.08565812700883503,0.053393121757582006,0.15570238901518957
layer20_32,0.1,fixed horizon 37,10,0.6289570572594296,0.08752944894164048,0.5772871799655495,0.6857712547750429,0.14101537352096366,0.15836811573049547,0.05489835396919883,0.2504783591984229,0.26643662169255433,0.15581693239914846,0.17759424551976133,0.3715723080343692,0.5627106240857952,0.03115435459597458,0.5436092674567452,0.5820831204296727,0.5702476258903498,0.15454843486444989,0.46845449132005584,0.6575615765211604,0.8752149368866119,0.09489644864665381,0.8101831693270541,0.9273618942375197,0.42975237410965017,0.1545484348644499,0.3420033350461863,0.5325754419537078,0.12478506311338804,0.0948964486466538,0.07360503697003427,0.18886615613918437
layer20_32,0.15,fixed horizon 37,10,0.6289570572594296,0.08752944894164048,0.5779096623157505,0.6857372187469435,0.23401883482656868,0.24668948572092705,0.09753477918528432,0.40025970710828646,0.37215729533116776,0.1956804439822441,0.2568255128350048,0.49577820709564213,0.5690692302522995,0.0483475085469512,0.5386509256421078,0.5987978393767026,0.5681923554402247,0.12783708891338172,0.48577090422491465,0.6431455654575025,0.8238762123732268,0.1098741349822161,0.7534354108255364,0.8894279459363982,0.4318076445597752,0.12783708891338172,0.3572175921783566,0.5161885681300947,0.17612378762677317,0.10987413498221611,0.11232159048579628,0.24783009179282195
layer20_32,0.2,fixed horizon 37,10,0.6289570572594296,0.08752944894164048,0.57685693863823,0.6851364484741482,0.3338332248750805,0.3242677582338841,0.14734230692736033,0.5447879961884059,0.477874779931621,0.24422078754855817,0.331567517684631,0.6337682599549889,0.5720207775282702,0.057729990111510636,0.5360849669275992,0.6077257940066412,0.5385008146932116,0.10420586354455397,0.4748272560848628,0.6037532781297132,0.7617237282198281,0.14515853920609836,0.6688672788990098,0.8479011986892283,0.4614991853067883,0.10420586354455397,0.39593862354439274,0.5253361366536776,0.23827627178017177,0.14515853920609836,0.15248417147691615,0.3306520687262539
layer20_32,0.3,fixed horizon 37,10,0.6289570572594296,0.08752944894164048,0.5780231238442681,0.6846845245275456,0.4543856285519519,0.34602609487191277,0.2505181899601973,0.6764123784640074,0.6289150881785103,0.2328579796963945,0.48830611606509294,0.7761340871636777,0.5872647298132792,0.07156037437340344,0.5439701100944792,0.6320005779378562,0.46047733582494377,0.09485807939530395,0.4039905540856477,0.5199966798562403,0.6392154741203351,0.17603367847859192,0.5287953912584202,0.7450790517478895,0.5395226641750562,0.09485807939530394,0.4805471136393603,0.596580209933354,0.360784525879665,0.17603367847859192,0.2546032674795147,0.4718679681994798
residual20_32,0.01,by earliest stop,10,0.6805355787310169,0.096930125209631,0.622221154288132,0.7422473307554026,0.02524060728054634,0.030057203774650668,0.008210656410751405,0.045191256830601066,0.11069629118983297,0.06750346692431664,0.06954386959599033,0.15260211340400867,0.5427278419546433,0.024498296518404995,0.5273160067619158,0.5575776145982794,0.5783390898899637,0.13636762038761013,0.4913647813046324,0.6599427990981692,0.9543754745465746,0.034475477835911435,0.9326522491398995,0.9748914968131991,0.42166091011003626,0.13636762038761013,0.33983786365499974,0.5083992795742959,0.045624525453425324,0.03447547783591143,0.02483592406785555,0.06791390407993675
residual20_32,0.025,by earliest stop,10,0.6805355787310169,0.096930125209631,0.6227397789700748,0.7414751279347951,0.044307351408343465,0.050279968031575445,0.015561765296248595,0.07714485850969428,0.17239357421221094,0.10038746599006598,0.11002670628043182,0.23472918460344872,0.5640431114019337,0.035204095827705825,0.5418323660582918,0.5853601307809118,0.5889885161279942,0.13979379270886433,0.49807404023006735,0.6742106191106393,0.9267471858702596,0.05160434739617609,0.8944803299560151,0.9581775578485386,0.41101148387200565,0.13979379270886433,0.32787368610295636,0.5010433717692336,0.07325281412974047,0.0516043473961761,0.042118804038829366,0.10579789412181935
residual20_32,0.05,by earliest stop,10,0.6805355787310169,0.096930125209631,0.6225316082896978,0.7414892897599905,0.07861557626444601,0.08198842785340309,0.031858427602936945,0.13253764996722148,0.24698672410596995,0.13835887690986462,0.16194162286024177,0.3316619121140865,0.584185573920762,0.04665277590116528,0.5543070046225946,0.6125862435244628,0.5790201449880971,0.13043969547657816,0.4969393209350706,0.6586131988801478,0.8899682021024754,0.07310000381057026,0.8444248881732049,0.9342426490778398,0.42097985501190294,0.13043969547657813,0.34153505676516865,0.5027247801084486,0.1100317978975246,0.07310000381057026,0.06601257485359385,0.15570888925605553
residual20_32,0.075,by earliest stop,10,0.6805355787310169,0.096930125209631,0.6230689040822006,0.7424245910093155,0.12878693098392938,0.13585206681966794,0.05214042951889356,0.22102699334955214,0.3394200587711901,0.16721398935735898,0.2366862723621956,0.4422019600067091,0.6053165638936304,0.053907502951795506,0.5719217858658379,0.6386963830437238,0.6003698035739563,0.08801764728510568,0.5481074592972871,0.6571819198211476,0.8565807979565969,0.08669946252000413,0.8032118716128097,0.9095214442472584,0.3996301964260437,0.0880176472851057,0.3438560048981831,0.45202850897956404,0.14341920204340317,0.08669946252000411,0.09089743446011805,0.19739628628967337
residual20_32,0.1,by earliest stop,10,0.6805355787310169,0.096930125209631,0.6231009721592563,0.7422134751549632,0.16747758450305444,0.1656572328053215,0.07322659912107213,0.2775578295133198,0.39576884436300186,0.18351853555584288,0.28037734141024095,0.5092139885973769,0.6141456299299737,0.0592203378644885,0.578699543330733,0.6517523909142884,0.5829153305647806,0.09307387947490851,0.529729470127163,0.646320605809481,0.8216092448403177,0.1031424652925983,0.7574472576479784,0.8846017542952834,0.41708466943521955,0.09307387947490854,0.35574247394384456,0.4699064085858401,0.17839075515968222,0.10314246529259831,0.11652402329672787,0.24337433129387656
residual20_32,0.15,by earliest stop,10,0.6805355787310169,0.096930125209631,0.6227241003250705,0.742298485294769,0.25155470896235066,0.24910300100557342,0.11198549844533291,0.4202472580726378,0.48706252890800583,0.22051003341003314,0.3523518618290333,0.6247519912163186,0.6177539099728275,0.07771960518274962,0.5708059384971325,0.6672506582356621,0.5552540790711757,0.10749477349773714,0.49501218377804457,0.6247497869435449,0.764249408599484,0.13977897274343987,0.6746994483969184,0.8475944357141713,0.4447459209288243,0.10749477349773716,0.3734057035728106,0.5051206927547532,0.23575059140051602,0.1397789727434399,0.1526936221590082,0.32564666284646443
residual20_32,0.2,by earliest stop,10,0.6805355787310169,0.096930125209631,0.6227303532484948,0.7412766725985002,0.32743731087539674,0.29164746481714365,0.1624427987343582,0.5201340981105632,0.5585533640963687,0.23203307917652996,0.41381478684357814,0.7015070165775188,0.615558026610486,0.08553365633872483,0.564713768699722,0.6701897558822885,0.5191961531265289,0.11389333339463564,0.45352757364761703,0.5950141734877369,0.7090435952461555,0.16133225933413942,0.6054462079447412,0.8052091324336003,0.4808038468734711,0.11389333339463566,0.4054686934881873,0.5458252436457729,0.2909564047538446,0.16133225933413942,0.19484476044904692,0.3933773575379404
residual20_32,0.3,by earliest stop,10,0.6805355787310169,0.096930125209631,0.621127073641647,0.7420262210672689,0.46604121282221866,0.3289705915910292,0.2721859276373173,0.676206113068896,0.6874917028539055,0.22928306799377146,0.5443157776115163,0.8243237258670025,0.6107252450158434,0.09605068372486605,0.5538103301120703,0.6715823062139047,0.4427142600542039,0.13567211522901593,0.36536253596114154,0.531899209589325,0.5934077784205427,0.19701113565556702,0.4725401223110214,0.7159782617590436,0.5572857399457962,0.13567211522901595,0.4689632957415498,0.6342896200110023,0.4065922215794572,0.19701113565556702,0.28683783487749287,0.5269051152087776
residual20_32,0.01,fixed horizon 13,10,0.5644153632048465,0.09173400048850426,0.5047057506695627,0.6170852723145447,0.026745195493921136,0.03327722964186958,0.008280901383311013,0.049133303880962244,0.0659968007868142,0.06310002393127996,0.029291226072668503,0.10742840305659086,0.5196258026464465,0.018603415201807392,0.5084678301027946,0.5315349095024752,0.36245260302744964,0.2251687002541231,0.21682015058610588,0.5141706236617853,0.9588140624831327,0.04385872657323311,0.9293914021307106,0.9835494880552752,0.6375473969725504,0.2251687002541231,0.4884595333153997,0.7838163293409388,0.04118593751686707,0.04385872657323308,0.016467506242970373,0.07032464572235907
residual20_32,0.025,fixed horizon 13,10,0.5644153632048465,0.09173400048850426,0.5041846068671002,0.6173816800499852,0.04236384088950566,0.04757088471337479,0.01605510607567379,0.07406508765686604,0.09479834231324809,0.08542548164743159,0.04555799645202589,0.15095674576972382,0.5262172507118711,0.02537195470346616,0.5109154418554686,0.5423849280788611,0.3556951437361517,0.18913908266583038,0.22953627215543473,0.47664333606737197,0.9380870417610948,0.06167698176774408,0.8973808967267854,0.9730565084173709,0.6443048562638483,0.18913908266583038,0.5234181166931108,0.772074597611381,0.06191295823890515,0.06167698176774407,0.027123988413518162,0.10295544633875676
residual20_32,0.05,fixed horizon 13,10,0.5644153632048465,0.09173400048850426,0.5041366026489226,0.6173836814292921,0.06275477820307461,0.07011241415170372,0.02511095799909735,0.11032810507770104,0.12743547528560564,0.10545127418087256,0.0675125244967999,0.19823173971351285,0.5323403485412654,0.02752638512549116,0.5160312092024871,0.5497219637767475,0.34337805233494123,0.1830242130970565,0.2300827869175724,0.45619624133688774,0.9114361987968536,0.08421032738622998,0.8553105529778766,0.9578558293639505,0.6566219476650587,0.1830242130970565,0.5452891049394979,0.7709568795935354,0.08856380120314637,0.08421032738622997,0.041885159608846756,0.14496345876414188
residual20_32,0.075,fixed horizon 13,10,0.5644153632048465,0.09173400048850426,0.5041230195548967,0.6170908253813895,0.08630727461184523,0.08758619149343883,0.03998853321948332,0.14669904453017538,0.16173143572920512,0.12383248104127821,0.08935978924645999,0.24152569081614486,0.5377120805586799,0.03196024858658369,0.518707470209377,0.5583368487637304,0.3108719535227815,0.14745544502861346,0.2139283009536976,0.3969202710531034,0.8877584928315494,0.09945389430178905,0.8218527449124398,0.9438167123418475,0.6891280464772185,0.14745544502861346,0.6008255746776597,0.7839264414268017,0.11224150716845036,0.09945389430178904,0.056747297325474476,0.17993078263721257
residual20_32,0.1,fixed horizon 13,10,0.5644153632048465,0.09173400048850426,0.5041824643717385,0.6171133220705017,0.11534502226640071,0.09957351922598133,0.05960650811095584,0.1825770546465652,0.1972759912961762,0.1343015053043174,0.1182468484117017,0.28318457131999575,0.5409654845148878,0.034600418656861094,0.5207581271307572,0.563289403774903,0.28594112819024214,0.13402886655889687,0.19988891677600046,0.36488559569781903,0.8596964814691785,0.11034197532380438,0.7886445004019073,0.9231524637096816,0.7140588718097578,0.1340288665588969,0.6349104004997999,0.799935268843724,0.1403035185308214,0.11034197532380437,0.07702330194732424,0.21316995733576788
residual20_32,0.15,fixed horizon 13,10,0.5644153632048465,0.09173400048850426,0.5040757473408852,0.6183107925138873,0.1833561871114748,0.13961104790938184,0.10147682329932471,0.2740763321435004,0.2648582028574233,0.1537056709068656,0.17060105861320693,0.360241034405141,0.5407510078729743,0.038763437449793464,0.5180184316241314,0.5660431615486895,0.2801499901817426,0.13451103548339796,0.1923289508520848,0.3597611653417324,0.8133426328512303,0.12377905097434504,0.733703594349859,0.8849292563156352,0.7198500098182574,0.13451103548339796,0.6413828991793976,0.807487283490219,0.18665736714876952,0.12377905097434508,0.11360364554187416,0.26637034570497936
residual20_32,0.2,fixed horizon 13,10,0.5644153632048465,0.09173400048850426,0.5042444686584691,0.6177253200779387,0.24889537535977127,0.17862106718858692,0.14182476302751573,0.36152683364892313,0.33866123119242114,0.1813180003917666,0.2235998400825398,0.44776892478760016,0.5448829279163249,0.047240616603881645,0.516880449625879,0.5754534651466943,0.2623935882468581,0.1057629781867472,0.1933101967621333,0.32460154220229204,0.7553605870282535,0.13940867630385181,0.6684668743887394,0.8404629002581957,0.7376064117531419,0.10576297818674718,0.6748567501432551,0.8043049309397592,0.24463941297174635,0.13940867630385181,0.15972234522354964,0.3311276594102728
residual20_32,0.3,fixed horizon 13,10,0.5644153632048465,0.09173400048850426,0.5034735605097058,0.6177385101292757,0.4012989236508931,0.23942253097114277,0.2551634611577681,0.5477442626463715,0.4827896150848338,0.2333390519203794,0.3362522726484095,0.623996360151717,0.5407453457169703,0.06478701453601386,0.5025094944352999,0.5817310195887334,0.2203911241124598,0.06659581010153616,0.17588612452693156,0.2585302328462303,0.6199964809267626,0.19072173237992462,0.5010504898833966,0.7403272408900389,0.77960887588754,0.06659581010153615,0.7411506166880477,0.8235428562108655,0.3800035190732373,0.19072173237992462,0.261372548162147,0.49697022571369553
residual20_32,0.01,fixed horizon 25,10,0.6039340042212287,0.09593769833250868,0.5445990036075462,0.6637132034444155,0.025108831414960973,0.028381341214260024,0.008980614793096238,0.043693863953274556,0.06768640302662236,0.060114497388300096,0.03271217527318949,0.10632412121394298,0.5212887858058307,0.01753147692174945,0.5108843609726786,0.5324544839033064,0.48626419195518744,0.18373583062238413,0.3827535515625232,0.6093104101433172,0.9590461566675155,0.040702589550840856,0.9320807167280157,0.9822153964104655,0.5137358080448126,0.18373583062238413,0.3912068486164414,0.6167278060555161,0.040953843332484655,0.04070258955084086,0.017899033310544953,0.06802808662158637
residual20_32,0.025,fixed horizon 25,10,0.6039340042212287,0.09593769833250868,0.5451969981106698,0.6629697870595159,0.04335864360231166,0.04417528888642598,0.017619756972310507,0.07236065301174352,0.10464753211575688,0.0815979825859812,0.05712915404232272,0.15771530391131253,0.5306444442567226,0.022992515894582125,0.5174559969432417,0.5457345291270543,0.49282076521944085,0.1920497801024834,0.38010361988111907,0.6162723800231192,0.9350717482356476,0.06085494870206134,0.8943196308522301,0.9695539544636812,0.507179234780559,0.1920497801024834,0.38140966367106055,0.6183750079340481,0.06492825176435237,0.06085494870206133,0.03031780503338604,0.10526178258335475
residual20_32,0.05,fixed horizon 25,10,0.6039340042212287,0.09593769833250868,0.5446795438112821,0.6628811911862131,0.06764811262013057,0.0633330252718352,0.030875817800695895,0.10916008916002277,0.14159198813768936,0.09883703294337691,0.08347306568562013,0.2060615538807825,0.5369719377587795,0.02763515090172322,0.5213968260932073,0.5553381717070419,0.4636958131516063,0.18562567724843482,0.3554219399109237,0.5812989929603658,0.9090406175383452,0.07963736228321867,0.8565867767139566,0.9549735875533414,0.5363041868483938,0.18562567724843482,0.4172472694147785,0.6453802407466233,0.09095938246165487,0.07963736228321869,0.04547914429929963,0.14320094156175867
residual20_32,0.075,fixed horizon 25,10,0.6039340042212287,0.09593769833250868,0.5445929485717651,0.6626705363285218,0.10177759383994049,0.0806770759606639,0.053034181888988265,0.15391122752351094,0.18951176465514757,0.10447572920324304,0.12614203415408562,0.25617880992624226,0.5438670854076035,0.030348069165674403,0.5270519542673099,0.5641875077792307,0.5020068309303471,0.1844122277582704,0.38979420359380357,0.617522100843176,0.888508517462312,0.08479837979063062,0.8341823804320687,0.9385725636361467,0.4979931690696529,0.18441222775827046,0.3831292721895594,0.6095377608642001,0.111491482537688,0.08479837979063061,0.062307746104341165,0.16713630537049082
residual20_32,0.1,fixed horizon 25,10,0.6039340042212287,0.09593769833250868,0.5453779794725114,0.6629809269415565,0.1432799808496909,0.12387739214295326,0.07092556976902635,0.22361168200423087,0.23923603926796333,0.12668011635402338,0.16125008120819542,0.31769215491464015,0.5479780292091362,0.03720211666677764,0.5269218561124134,0.5724908445536502,0.4903464090325391,0.17354498363052367,0.38184303011855375,0.597647470205085,0.8625287510551223,0.0959008432790756,0.8022361410321912,0.9182703462535494,0.5096535909674609,0.1735449836305237,0.40179417758353425,0.6180364486919331,0.13747124894487772,0.09590084327907561,0.08128921326304216,0.1985549415480054
residual20_32,0.15,fixed horizon 25,10,0.6039340042212287,0.09593769833250868,0.5444477360530057,0.6630217860010883,0.22195685143555396,0.1909644862644453,0.1128840166327003,0.34927152727384103,0.33394248127478937,0.16471957857949635,0.23629364648840576,0.4378468686729623,0.5559928149196176,0.044114122684287216,0.5304854638865224,0.5841109257630381,0.48959333200494964,0.1685566219210877,0.3865774988956598,0.5942062187142828,0.818150725900615,0.10922283793298003,0.7492926661206325,0.8837935071299415,0.5104066679950503,0.1685566219210877,0.40630076090235084,0.6134159073282525,0.18184927409938503,0.10922283793298004,0.11513897271476155,0.24986030480871962
residual20_32,0.2,fixed horizon 25,10,0.6039340042212287,0.09593769833250868,0.5438874100952589,0.6632811550885378,0.2981015174530285,0.2529804401821721,0.15435110703266577,0.4643595204688874,0.42047973243585346,0.20813905199753727,0.297701002688411,0.5532418795996702,0.5611891074914126,0.05466935090135671,0.5283281318759211,0.5963449272990619,0.4865870961105558,0.1503283718529334,0.3993816082489092,0.5822498205591333,0.7729458608322499,0.12592507796809307,0.695061515757169,0.850170930522005,0.5134129038894442,0.15032837185293338,0.4167740321503376,0.6026227190049586,0.22705413916775,0.1259250779680931,0.14842202071768978,0.30472291094618337
residual20_32,0.3,fixed horizon 25,10,0.6039340042212287,0.09593769833250868,0.5444433410310133,0.664350242512649,0.44795695245795875,0.30536453884202097,0.2671298272477604,0.638747533475114,0.5778412923613492,0.2141653376246612,0.45022715627128373,0.7113999053901744,0.5649421699516952,0.07828692416663055,0.5171995229178249,0.6139905721122879,0.41998317801424834,0.1490289162097401,0.33600398852957725,0.5200163994282553,0.6462015393320988,0.16875334847445628,0.5447799082894579,0.7516442857006047,0.5800168219857517,0.14902891620974013,0.4801393632588621,0.6643348651879729,0.3537984606679013,0.1687533484744563,0.24888880979559758,0.45673398848109903
residual20_32,0.01,fixed horizon 37,10,0.6464433952743829,0.09256043460667653,0.5911680152192798,0.7053641816811933,0.021678514414666446,0.025395681727555373,0.00735188927980304,0.038297664764978645,0.06851182370288937,0.05330816695136232,0.03762879961903755,0.10307667105985854,0.5234166546441115,0.015499880587045108,0.5140280753274084,0.5333270899656569,0.5282363889245817,0.16170444043520155,0.4293127060960741,0.629298595967703,0.960927305789151,0.035030593732149694,0.9376172023175654,0.9811730246566484,0.4717636110754183,0.16170444043520152,0.3702532225218473,0.5704268587994956,0.03907269421084887,0.035030593732149694,0.01911049206904334,0.06259846630212579
residual20_32,0.025,fixed horizon 37,10,0.6464433952743829,0.09256043460667653,0.5906088762697294,0.7057224688433961,0.0384418619468671,0.042253064335994656,0.014071908993133797,0.06599978092753493,0.11158559449105551,0.0836019344838041,0.06324619833927483,0.166080740041538,0.5365718662720943,0.025115208684690228,0.522349180324149,0.5529276907479469,0.5107571263805917,0.16534457605056596,0.4105370702026436,0.616569815513255,0.9349652655942553,0.057882826234912046,0.896688962389447,0.9683218048833557,0.4892428736194083,0.16534457605056593,0.3839787082570263,0.5872647757193241,0.06503473440574471,0.05788282623491206,0.03144502468719246,0.10355601905266233
residual20_32,0.05,fixed horizon 37,10,0.6464433952743829,0.09256043460667653,0.591905676166765,0.7051039203258221,0.061768345241815646,0.05961234456883241,0.027501496386119224,0.10122808322322992,0.16140037205272434,0.10542527672178977,0.10130692195564239,0.2305576754500649,0.5498160134054544,0.03359506462280225,0.5312042707246366,0.57236374686812,0.501272539020645,0.1620607884138359,0.4030081440878746,0.6031959964366563,0.9063251545512099,0.07569966746711311,0.8555385961288098,0.9500823032904723,0.4987274609793551,0.1620607884138359,0.3964017844908614,0.5960333865827342,0.0936748454487902,0.07569966746711308,0.050536735339823835,0.14377164916207205
residual20_32,0.075,fixed horizon 37,10,0.6464433952743829,0.09256043460667653,0.5908121536840005,0.7057781753006699,0.08733429068071548,0.07060131130667721,0.04576046954739579,0.1323194665623543,0.21947073047220217,0.10627031584173524,0.1577750111555748,0.29029060390310224,0.5660682198957433,0.03464288954870516,0.5461450035624125,0.5888689357356588,0.5433524440889048,0.13585686548105003,0.45583665972446236,0.6263621962755147,0.8901118068863341,0.07438043230692791,0.8407655102628427,0.9331321965157799,0.45664755591109507,0.13585686548105,0.3726935956049467,0.5426780337351242,0.10988819311366593,0.07438043230692792,0.06701335444058176,0.15867252515036442
residual20_32,0.1,fixed horizon 37,10,0.6464433952743829,0.09256043460667653,0.5912622681292862,0.7053613955882803,0.13036436584819464,0.10245839871005426,0.07090241519709052,0.1956137737570121,0.2821351395628837,0.13090818252049158,0.2046346613810218,0.36622104850976034,0.5758853868573446,0.039452421877569845,0.5532935543166416,0.6020138937256625,0.5432155904237176,0.13358007231901986,0.46116363439443153,0.6258720223928208,0.8605995090060718,0.0850117259588016,0.8066136601530061,0.9112489402027106,0.45678440957628236,0.13358007231901983,0.3742286919950256,0.5409647921733465,0.1394004909939281,0.08501172595880162,0.0888055435651606,0.1932520386363647
residual20_32,0.15,fixed horizon 37,10,0.6464433952743829,0.09256043460667653,0.5914502195383025,0.7053323219309691,0.22732912107935027,0.1906324732284389,0.11732747936671561,0.3525322152479102,0.40588339119700045,0.17284915210521892,0.30545874373049053,0.5165148057739518,0.5892771350588251,0.051884071682213116,0.5593755308972018,0.6228343699420862,0.5647809465541423,0.1147521264418484,0.4930193227234569,0.634934449830224,0.8104671962644927,0.10468874513025477,0.7439971234579404,0.8744676230464119,0.43521905344585765,0.1147521264418484,0.3649882494724758,0.5079454090604156,0.1895328037355073,0.10468874513025477,0.12757117686261762,0.25647006777672743
residual20_32,0.2,fixed horizon 37,10,0.6464433952743829,0.09256043460667653,0.5917736473782015,0.7061583767912665,0.3232479874394498,0.2506952144585077,0.1781632556126838,0.4848061599897653,0.5145976142008732,0.1883697066818192,0.401435846705482,0.6321040359242982,0.5956748133807117,0.06749827576609871,0.5548707155653918,0.6379210510547454,0.5503401511134529,0.08832898981769334,0.49813026545604006,0.6061844374396348,0.7560672005377154,0.12124632322215613,0.6801213264312876,0.8298361757287877,0.44965984888654703,0.08832898981769333,0.3928896180880759,0.5014075262878636,0.24393279946228458,0.12124632322215614,0.17112974392704586,0.3196105793468702
residual20_32,0.3,fixed horizon 37,10,0.6464433952743829,0.09256043460667653,0.5907081670379464,0.7048074985831354,0.4764120938572775,0.31389203684418754,0.2842077378782233,0.6750593593492132,0.6742373239337588,0.1907448005144691,0.5581696648455954,0.7930944180448932,0.5989126150382404,0.08728708055092455,0.546072665949827,0.6552284611169127,0.47344387105124747,0.11021494702347365,0.40860413434392706,0.5442964438923495,0.6294090443586569,0.16153191200970027,0.5306342009461887,0.7273269300206665,0.5265561289487526,0.11021494702347366,0.45615324225562304,0.5923435004511384,0.37059095564134303,0.16153191200970027,0.27377975180479763,0.4698205017466354
shuffled20_32,0.01,by earliest stop,10,0.6703461330665962,0.08425344744685499,0.6186659728816408,0.7225420509450329,0.029266890134035033,0.06283172294128438,0.004030863077415254,0.07313037797376824,0.08528702576998307,0.09249547262050241,0.03847850257572186,0.1506964743923485,0.528010067817974,0.021129983479969406,0.5152534511297463,0.5414745831425538,0.5683634174307014,0.1434078766484384,0.47251963395429775,0.659781537150951,0.9661298791334977,0.04053554295490314,0.9375395714809756,0.9862819570676323,0.43163658256929854,0.14340787664843838,0.3403206750599872,0.5268172629339999,0.03387012086650233,0.040535542954903137,0.013590691611878702,0.0625298741361896
shuffled20_32,0.025,by earliest stop,10,0.6703461330665962,0.08425344744685499,0.6186471285360569,0.7227649949208452,0.04559018414637982,0.0916099670457705,0.006819709074756655,0.10999968290945354,0.12598339298521247,0.11808762567967783,0.06612804918376808,0.2077683892042777,0.5401966044194164,0.023724412854309436,0.5251410689326721,0.5544792901192005,0.5413244091215992,0.13026572232125447,0.4596284104006007,0.6296138543223947,0.9470610652643661,0.05332052624545655,0.9097390514060257,0.9739689714081907,0.4586755908784007,0.1302657223212545,0.37250684936432965,0.5408324152474346,0.05293893473563401,0.053320526245456516,0.025934635760067232,0.09051918081002033
shuffled20_32,0.05,by earliest stop,10,0.6703461330665962,0.08425344744685499,0.6185921483860746,0.7225955577984946,0.07452914372028327,0.13145810176842196,0.014090063434266316,0.16638959368479725,0.18574370054308617,0.1468330127319778,0.10644713038392287,0.28715477157940844,0.5556072784114015,0.026789654796719027,0.5387689597471067,0.5712841767266417,0.5815423185356134,0.1611835569799872,0.49427672261654243,0.6937823236620901,0.9158327964739221,0.07185128509906666,0.8675986758746603,0.9548257091363469,0.4184576814643866,0.16118355697998718,0.3079890046262809,0.5050549485812809,0.08416720352607787,0.07185128509906663,0.045294080570089726,0.1342796913262169
shuffled20_32,0.075,by earliest stop,10,0.6703461330665962,0.08425344744685499,0.6172241257390665,0.7221854861823774,0.11496368565376205,0.18239497759497392,0.02571827792782717,0.24322110498689745,0.26507835959879256,0.17854700739065343,0.16664916235468274,0.3849548220802067,0.5750573369725153,0.032956818067603054,0.5534669457193282,0.5945687329720366,0.6096375895328564,0.1120733442427854,0.5442551128194837,0.6827299949094968,0.8865002235117224,0.09336265142108963,0.8216629070761567,0.9374969807745016,0.3903624104671436,0.11207334424278541,0.31734619612423737,0.4557443647132369,0.11349977648827747,0.09336265142108964,0.06346987970891982,0.1774240964431996
shuffled20_32,0.1,by earliest stop,10,0.6703461330665962,0.08425344744685499,0.6171154792933742,0.7229989683598558,0.1486913958845451,0.22039819053083684,0.03775357710778045,0.3041265612033546,0.31873682250496527,0.2027437431217934,0.20476508585984768,0.4532378941886995,0.5850227133102102,0.039225907695320174,0.5599195460515751,0.6084864858344269,0.5884093387157368,0.11369238163831491,0.5204971891496039,0.6614396000696288,0.8545438212738781,0.11718636863040036,0.7739579989986055,0.9179052682616388,0.41159066128426325,0.11369238163831488,0.33847279033267286,0.4782529899405975,0.145456178726122,0.11718636863040033,0.08184190604567258,0.22501422087510714
shuffled20_32,0.15,by earliest stop,10,0.6703461330665962,0.08425344744685499,0.6188675395471815,0.7222884070734915,0.21229797401800288,0.2655767849629976,0.06911207525484753,0.3913837774960506,0.40515342877212646,0.21944732468593492,0.2757227122067584,0.5459129028170008,0.5964277273770617,0.05460977489564076,0.5624765372133036,0.6298032596625668,0.588793806815053,0.12673671865200373,0.5134291377640792,0.6696384551268718,0.8096395113527303,0.14417078844136355,0.7155325035429471,0.8897533464420901,0.411206193184947,0.12673671865200375,0.3295901631447013,0.4860193937562628,0.19036048864726973,0.14417078844136355,0.11030554803164926,0.2872113420177425
shuffled20_32,0.2,by earliest stop,10,0.6703461330665962,0.08425344744685499,0.6175727273915629,0.7232842496094396,0.27517083665598335,0.3017941742587828,0.1056286783969583,0.4730362438241572,0.4810931403313502,0.2387304666477459,0.33687895116713157,0.6287927294316761,0.6029611518376834,0.0661661634920369,0.5631523958169479,0.6436900542791089,0.5461410895586246,0.1345239086698405,0.46683110611041323,0.6323629457234273,0.7534219197061086,0.17149078085605196,0.642714049975243,0.8518511635764743,0.4538589104413754,0.13452390866984046,0.3683683266969474,0.5340813132612252,0.24657808029389144,0.17149078085605196,0.14946859388900333,0.36009014883816537
shuffled20_32,0.3,by earliest stop,10,0.6703461330665962,0.08425344744685499,0.6189185734867559,0.7226875340679615,0.40207141410013847,0.3600556453910074,0.1880829763153829,0.6295352526901129,0.6143595237552681,0.2651491764387115,0.45005209580691297,0.7732923274900059,0.6061440548275648,0.09149091308289002,0.5522800625995289,0.6637557165405705,0.4771574277905123,0.13393135275021928,0.3992855854775166,0.5624362395610625,0.6493655681776265,0.20050935716639912,0.5216203682292292,0.7669392714197641,0.5228425722094878,0.13393135275021928,0.43755564467397196,0.6025808407023301,0.35063443182237347,0.20050935716639912,0.2302511626222,0.4769815029436456
shuffled20_32,0.01,fixed horizon 13,10,0.5598416511501785,0.08773667471650116,0.5010036612184913,0.6097804139898724,0.017555402235145963,0.021901438163682747,0.006187668807826047,0.03288608390558743,0.04365599038003841,0.034737739599746846,0.02456497320027663,0.06707990310702565,0.5130502940724462,0.010462308877185142,0.50663100511059,0.5195805565658733,0.4469961699097421,0.18606084676221354,0.3105289046033316,0.568054007184442,0.9758495134895637,0.021010679956848625,0.961702841669815,0.9875494873571796,0.5530038300902579,0.18606084676221352,0.4341396434189153,0.6896602923957587,0.024150486510436314,0.021010679956848622,0.012663050069300056,0.03842735583538255
shuffled20_32,0.025,fixed horizon 13,10,0.5598416511501785,0.08773667471650116,0.5016827273868286,0.6090642218350097,0.029851505027900523,0.03777451765110692,0.010348434598875968,0.056313977635405646,0.06980412995927805,0.057294685931697065,0.03860629409801677,0.10843782489082633,0.5199763124656889,0.014913018192948376,0.5105707248691799,0.529115687485841,0.4248611103559901,0.16345205546297947,0.3052791548403028,0.5299347654059137,0.9582496041389488,0.03847681645271508,0.9316045146565908,0.9788291659684681,0.5751388896440098,0.1634520554629795,0.47130153659688667,0.6952599825227372,0.041750395861051115,0.038476816452715064,0.020937871141296607,0.06821300412419784
shuffled20_32,0.05,fixed horizon 13,10,0.5598416511501785,0.08773667471650116,0.5007677240102649,0.6090946029331363,0.051609687275577375,0.05997286081744484,0.020699189701200195,0.09241646886672075,0.10723928639553966,0.08779602546948952,0.05925988363721242,0.16668938420280327,0.5278147995599811,0.020903058021094552,0.5147584777486153,0.5405543244511453,0.38483151592967435,0.1409140567662673,0.2902342208450871,0.4725438663588636,0.9281754614843019,0.06902603721664692,0.8796310176341182,0.9642702187653022,0.6151684840703256,0.1409140567662673,0.5271136029577441,0.7097745561153538,0.07182453851569802,0.06902603721664691,0.035487559422255545,0.11919780202416705
shuffled20_32,0.075,fixed horizon 13,10,0.5598416511501785,0.08773667471650116,0.5001563972062216,0.6101242654968642,0.07369381576955106,0.08342899742932325,0.03036290952377824,0.13124825559363137,0.14402193661575438,0.1143331348815744,0.07900408244175773,0.2195968432667398,0.5351640604231017,0.023263190499978187,0.5202800816377344,0.5487802108817752,0.3466969872092961,0.09524298383241042,0.2844456485026132,0.40813838599689123,0.899298916150741,0.0914109094971711,0.8369484856422588,0.949335741363149,0.6533030127907039,0.09524298383241045,0.5912555502087393,0.7155469964358337,0.1007010838492591,0.09141090949717111,0.051407764761078535,0.16385637533218733
shuffled20_32,0.1,fixed horizon 13,10,0.5598416511501785,0.08773667471650116,0.500583681682796,0.609504613731969,0.10034279823499107,0.10206011690423857,0.04315675345713411,0.1688127276811728,0.17575639792190967,0.12850073604205778,0.09987211095069429,0.25783756465931734,0.5377067998434593,0.024759816996257043,0.5216842984767831,0.55236822142407,0.3252790905967719,0.0957948168125771,0.26388267078123945,0.3877765744495576,0.8748441060587459,0.10267958675458197,0.8079088626881884,0.9327466478520878,0.6747209094032282,0.0957948168125771,0.6112515170392365,0.7356311010565475,0.1251558939412542,0.102679586754582,0.06646210618609984,0.19320686551667485
shuffled20_32,0.15,fixed horizon 13,10,0.5598416511501785,0.08773667471650116,0.501568122999888,0.6089378626759633,0.14829581643475057,0.1357876535724127,0.06948386118352808,0.23638672813618195,0.23851838152259602,0.15989750962900878,0.14168857990324996,0.33855862374837276,0.5451112825439226,0.02926494934431647,0.5257553160201227,0.5621391318949867,0.30720271537771143,0.09628915382010039,0.24344903040594904,0.3698311545242885,0.8283211174600534,0.12715102153447977,0.7456758245622195,0.9029142983508521,0.6927972846222885,0.09628915382010039,0.6304145951863569,0.7565509695940509,0.17167888253994645,0.12715102153447977,0.09729466962886786,0.25489894240661276
shuffled20_32,0.2,fixed horizon 13,10,0.5598416511501785,0.08773667471650116,0.5011142252168888,0.6091846018811379,0.2128012467506859,0.17993360004869177,0.10680167581680647,0.3300381976735765,0.29784254077604977,0.18598479601528856,0.18355628297822701,0.41203576092380606,0.5425206470126819,0.03847187355764022,0.5189529464407309,0.5669061279796459,0.28234577505489883,0.07901157178220246,0.232887958321894,0.33058293448382015,0.7819374934181758,0.14582041309897026,0.6909804732658811,0.8706413357704341,0.7176542249451011,0.07901157178220243,0.6686269772261348,0.7680522482170115,0.2180625065818243,0.14582041309897026,0.13046675182865072,0.30961627871574876
shuffled20_32,0.3,fixed horizon 13,10,0.5598416511501785,0.08773667471650116,0.5011683790622788,0.6093806070925986,0.3733498328778023,0.2548237964360798,0.22119123138051616,0.5356820946884889,0.43728758012714913,0.24351282111662506,0.2881767748873495,0.5869786727105173,0.5319688736246734,0.05479347500045024,0.4991915878688748,0.5669544936078716,0.22057393607147877,0.08042757373536383,0.17253186610654728,0.27184791942492553,0.6565167667737015,0.19866226461753436,0.5357100535534152,0.781871296486761,0.7794260639285213,0.08042757373536383,0.7284226173433195,0.8273529304286755,0.34348323322629853,0.1986622646175344,0.21982973557677743,0.46474402577700974
shuffled20_32,0.01,fixed horizon 25,10,0.5920421676869088,0.07900609614530041,0.5428081047862133,0.6409534158306012,0.02326047624090339,0.034989766583206544,0.006249712456937626,0.04790844733816479,0.05055359068744945,0.041793679178949085,0.025628415107778305,0.07739765317846846,0.513646557223273,0.01645993331173473,0.5045854358717329,0.5247865092006838,0.41210332431885793,0.21912040300709867,0.27847484395300676,0.5672529575054659,0.972729542126611,0.021608360111759848,0.9583741046403024,0.9850187229631805,0.5878966756811421,0.2191204030070987,0.4383132537345422,0.7223724634629649,0.02727045787338909,0.021608360111759827,0.014873896893195671,0.0415991351575468
shuffled20_32,0.025,fixed horizon 25,10,0.5920421676869088,0.07900609614530041,0.542268392541064,0.639364973821799,0.035657453807730756,0.05127807169167071,0.009845476775149232,0.07198279969964051,0.07356255656468416,0.05544613050041549,0.041008212777469744,0.10959593497725131,0.5189525513784767,0.019205915020186586,0.5075906859768894,0.531157118123205,0.469290266176736,0.25130750979339067,0.32475046946034675,0.6323870916869536,0.9571391037182966,0.033031767093857675,0.9353924795448403,0.9762295506596059,0.530709733823264,0.25130750979339067,0.36508750802169315,0.6739596617865841,0.0428608962817032,0.033031767093857634,0.024251085461469257,0.06449982855936685
shuffled20_32,0.05,fixed horizon 25,10,0.5920421676869088,0.07900609614530041,0.5439813541261139,0.6406567872820765,0.055565885157733794,0.07011511012947187,0.019026742263970296,0.10407465804498342,0.11026700175681999,0.07973051929998973,0.06286493573191149,0.16147990510756952,0.5273505582995431,0.023824688138931488,0.5128663851600195,0.5424053215589594,0.44386112503506503,0.21589034737638646,0.3232275344191332,0.5894148770506145,0.9316477916605297,0.05329984583693636,0.8960656270109028,0.9616055412830573,0.556138874964935,0.21589034737638646,0.40887526266885493,0.6772571949179036,0.06835220833947023,0.05329984583693636,0.03845119388897508,0.10439187644763072
shuffled20_32,0.075,fixed horizon 25,10,0.5920421676869088,0.07900609614530041,0.5426955222180796,0.6405830793040946,0.08401420758891695,0.09550942907904124,0.03360036536791507,0.15010011289978392,0.14756195134787953,0.09871453403741011,0.08831777675752815,0.20972737001834765,0.5317738718794811,0.02514265945235987,0.5160316208030407,0.5468187651480649,0.4406136367016253,0.18271477957059462,0.3393617199161156,0.5646640494682116,0.9091178771001516,0.06503369475902519,0.8681604342342079,0.9482851896987635,0.5593863632983748,0.1827147795705946,0.4378745431365443,0.6598186833698928,0.09088212289984841,0.06503369475902518,0.05257528425229949,0.13228333736350578
shuffled20_32,0.1,fixed horizon 25,10,0.5920421676869088,0.07900609614530041,0.542746599264908,0.6397768053817426,0.11796107258251853,0.13135783408405638,0.04707161540302392,0.20687656046428465,0.19457734533868884,0.131808769243143,0.11651607982674379,0.27927198757753596,0.5383081363780852,0.026437027598397812,0.5214407179932595,0.5541956515070945,0.4288491865578039,0.18391424378974275,0.3257608435212659,0.5508077473160008,0.8813607500968074,0.08297928024654783,0.8282765927539729,0.9302300279712356,0.5711508134421961,0.18391424378974278,0.44867756661818675,0.6753607743857067,0.11863924990319259,0.08297928024654784,0.06915504573290246,0.17079471091227946
shuffled20_32,0.15,fixed horizon 25,10,0.5920421676869088,0.07900609614530041,0.5428658654827664,0.6399755226939521,0.17225391489855196,0.1830138186727161,0.06764619466840165,0.2937026938141224,0.2715270251214801,0.1743176027714967,0.16808831621018627,0.3835882687140244,0.5496365551114641,0.030407470970398334,0.5310715267464213,0.568520643931295,0.45848424523263576,0.1757485220522702,0.356293460363401,0.5714691350388729,0.8401798076675705,0.10665284690734549,0.7719220697119493,0.9042896365663335,0.5415157547673641,0.17574852205227023,0.42843694172084074,0.644530230371172,0.15982019233242944,0.10665284690734549,0.0965011789975244,0.2259713120071732
shuffled20_32,0.2,fixed horizon 25,10,0.5920421676869088,0.07900609614530041,0.5423177225068095,0.6405735779931933,0.24510821406577796,0.25176069186901345,0.1025307689875295,0.4101639310049195,0.35202789552844693,0.22359688493974572,0.22180580316028845,0.49565087191148366,0.5534598407313345,0.04081664637697048,0.5288841008167963,0.5797970141759,0.4504190627045153,0.19656642900360277,0.3333928631596397,0.5754335750661016,0.7906391923961398,0.13301705363732888,0.7079206995783783,0.8712769971249699,0.5495809372954846,0.19656642900360274,0.42303979331309294,0.6666234186209008,0.20936080760386028,0.13301705363732888,0.1270409210070106,0.2919660294388151
shuffled20_32,0.3,fixed horizon 25,10,0.5920421676869088,0.07900609614530041,0.542659176749094,0.6404140378615912,0.38135823679796604,0.32382398338616997,0.19439283687326067,0.5919967280807095,0.4909944663616246,0.2627875721493391,0.3360461222529747,0.6596773808019623,0.5548181147818292,0.05804278806352687,0.5207721650276069,0.5921065302101057,0.4043013250875795,0.18703341856773345,0.29598308483403807,0.5243642957205599,0.6837017723787275,0.18826407765456127,0.5674934074104621,0.8014962782328313,0.5956986749124205,0.18703341856773348,0.4729863489298726,0.7071204685156756,0.31629822762127235,0.18826407765456127,0.20057306611414968,0.43198563127572775
shuffled20_32,0.01,fixed horizon 37,10,0.6403527433168051,0.07268467748136216,0.596110136725694,0.6860321138119733,0.020251890005247554,0.03137957974387415,0.005517691005846558,0.042209126830207416,0.05060956279749135,0.04367108152844162,0.025118064227353864,0.07951741571467733,0.515178836396122,0.016424948892913523,0.5065533750601169,0.5265077075485763,0.4287323133161746,0.20395010952738704,0.3126654859988193,0.5813184497395024,0.9699144234478126,0.024850771749877848,0.9539998179676376,0.9844126289513381,0.5712676866838254,0.20395010952738704,0.4208764122711491,0.6865773031120803,0.0300855765521873,0.02485077174987785,0.015412455131781277,0.046519691920125686
shuffled20_32,0.025,fixed horizon 37,10,0.6403527433168051,0.07268467748136216,0.5953343826984073,0.6866012193545918,0.029684903998988772,0.04342777565640319,0.008356843530163114,0.05985284821422873,0.07345151950297867,0.05472356027887199,0.04130254677257219,0.10873213525561619,0.5218833077519949,0.01746010754609334,0.5119202869945577,0.533490133785927,0.4708499352138055,0.20038430530832507,0.35896781666835365,0.6074365497170425,0.9562740792047408,0.03214610898717204,0.9357120684589645,0.9753440427274044,0.5291500647861943,0.20038430530832513,0.3995604583092968,0.6411437059040201,0.04372592079525911,0.03214610898717201,0.024623430941404446,0.06420358033937655
shuffled20_32,0.05,fixed horizon 37,10,0.6403527433168051,0.07268467748136216,0.5959153236519508,0.6861513059887782,0.050035145942438596,0.07068892674932752,0.015369952296075587,0.09957625493513605,0.11626310345302848,0.08184693082486875,0.06893949559330274,0.1698332791729005,0.533113978755295,0.02092912392164141,0.521005160770578,0.5466517646015593,0.47212781090977407,0.19269944330165176,0.3638272046866532,0.601549885288331,0.9311077575579667,0.04941414607420151,0.899275494249342,0.9603024453709421,0.5278721890902259,0.19269944330165178,0.3985673110375778,0.6361228092434221,0.0688922424420333,0.04941414607420154,0.03995122237324324,0.10062216996363384
shuffled20_32,0.075,fixed horizon 37,10,0.6403527433168051,0.07268467748136216,0.5958399378590842,0.6860046399959785,0.07273868444619865,0.09870500129986573,0.024281432388946655,0.14284932365603592,0.16492218908506076,0.11078080713843973,0.1008489720512434,0.23706247779663078,0.5460917523194311,0.02503735128140641,0.5311107826126533,0.5621661898834012,0.5336651615138366,0.1534545359737612,0.4440200258388434,0.6330834603515155,0.9147004404741429,0.05776473392957068,0.8785447679354318,0.9500957445864086,0.4663348384861633,0.1534545359737612,0.36834688109363634,0.5552764170954005,0.08529955952585712,0.05776473392957067,0.05036836863660074,0.1215903991848008
shuffled20_32,0.1,fixed horizon 37,10,0.6403527433168051,0.07268467748136216,0.595147531658734,0.6853311399737981,0.10772368355257837,0.1361813487210005,0.03785103849795776,0.20289165148101976,0.21892462604101218,0.14771693407671294,0.13556902649609626,0.31876543040697747,0.5556004712442169,0.026114922415109865,0.5401761436982938,0.5725474945394048,0.5176037303719565,0.15424691871400534,0.42656909774152246,0.6162829705173167,0.8851942752051262,0.07620192396780971,0.8376383941376602,0.9308622078746448,0.4823962696280435,0.15424691871400534,0.3845941867615094,0.5750029627958348,0.11480572479487387,0.07620192396780973,0.06882488445970703,0.16348287978099416
shuffled20_32,0.15,fixed horizon 37,10,0.6403527433168051,0.07268467748136216,0.5955418366525483,0.685695767366664,0.16636903303784412,0.20349691288116672,0.05874633139661384,0.3063511958786496,0.3088654708517041,0.19344299358480307,0.20043288595975184,0.4378737400963402,0.5712482189069299,0.03424327131507743,0.551737476798988,0.5939702721156793,0.5659469109465916,0.12730186386426323,0.4907008488961046,0.64570450619994,0.8522643590600165,0.0936688359023127,0.7927851981674328,0.9082008882800118,0.43405308905340834,0.12730186386426323,0.3541644285624702,0.5104300776087166,0.14773564093998354,0.0936688359023127,0.09037955407118185,0.2066875190078977
shuffled20_32,0.2,fixed horizon 37,10,0.6403527433168051,0.07268467748136216,0.5952356716198215,0.6854702866726665,0.24428794254125705,0.269944126199079,0.09493784734408951,0.4257119230919935,0.4000390544712163,0.22357040963670996,0.2716269778416741,0.5469890686881216,0.5778755559649795,0.047246663096015044,0.5501549955722198,0.6086546725221226,0.5491130238473776,0.13263075806039112,0.4679365786388091,0.6332140880533351,0.8031677561058592,0.12545522322110417,0.722835539456069,0.8781740753636925,0.45088697615262224,0.13263075806039112,0.3667792893702115,0.5310149043412689,0.19683224389414078,0.12545522322110417,0.12313822254485689,0.2769969718878116
shuffled20_32,0.3,fixed horizon 37,10,0.6403527433168051,0.07268467748136216,0.5962686621059398,0.6856735265323427,0.3817039826432597,0.32292753151774706,0.19376602626957948,0.5927945505888007,0.5700904771670444,0.23900465298904694,0.42523570726413945,0.7193190867614372,0.5941932472618923,0.06998406863817261,0.5516474069435754,0.6385254611469129,0.4811925408877724,0.11864552848212984,0.4102335743176068,0.5563371679857693,0.6828707001629691,0.17178636056586627,0.5742447498496149,0.7852212708513031,0.5188074591122275,0.11864552848212986,0.444405428866203,0.5907844347245655,0.31712929983703064,0.17178636056586627,0.21223325711447463,0.4252204469017951
shuffled_residual20_32,0.01,by earliest stop,10,0.6786314166752689,0.08737119434684215,0.6267498154332557,0.7356817354303393,0.020294566659251438,0.021258331837560453,0.008303618468835414,0.03448423586571655,0.09573765211867862,0.05614002835052013,0.06096096299671032,0.131455851682294,0.5377215427297136,0.02108673453047349,0.524321886621804,0.5504316696234658,0.5891093744764919,0.17581669750720466,0.4892082110302638,0.7050655056325525,0.9623067744437745,0.022893460457349343,0.9481313022422325,0.9763692317841767,0.41089062552350814,0.1758166975072047,0.2951423975624605,0.5115238924636881,0.03769322555622534,0.02289346045734933,0.023627754653188966,0.05197485177983489
shuffled_residual20_32,0.025,by earliest stop,10,0.6786314166752689,0.08737119434684215,0.6270120486922778,0.73505517452255,0.040276986640708216,0.044331410837874764,0.015323765729566657,0.0698970472519391,0.14764190163178628,0.08098955451234033,0.09799522551167573,0.19788808892672008,0.553682457495539,0.026895075512609664,0.5364203253014286,0.5697777963804883,0.5710397372223677,0.16068467008983994,0.4799076646159164,0.6770875092444153,0.9379415420398949,0.03614608989907677,0.915971188630416,0.9601057481556015,0.4289602627776322,0.16068467008983994,0.3214980871473566,0.5178114711465777,0.06205845796010501,0.03614608989907677,0.040033396142504944,0.08442821497751425
shuffled_residual20_32,0.05,by earliest stop,10,0.6786314166752689,0.08737119434684215,0.6270961205543141,0.7341308054476137,0.06789498058971333,0.07658146200684031,0.02560818417417075,0.11938701327126787,0.21749047980862227,0.11663047947260291,0.14643026795772238,0.29228225601175933,0.5747977496094545,0.036421918323273135,0.5513228304624576,0.5966480145290576,0.549809606007772,0.15583348087662421,0.4627629274754843,0.6548128772427363,0.9021448818000307,0.05716821876790459,0.866540847559769,0.9372921804584922,0.450190393992228,0.15583348087662421,0.34440973420448845,0.5365550287830658,0.09785511819996924,0.05716821876790458,0.0632607465091515,0.13316707427493008
shuffled_residual20_32,0.075,by earliest stop,10,0.6786314166752689,0.08737119434684215,0.627051261107279,0.7345622438406851,0.10731300381996149,0.12576041882915015,0.04040723965954266,0.19405004446770244,0.29990189509385096,0.15168463772735205,0.20561323864897588,0.3949892454721456,0.5962944456369448,0.049428411831283436,0.5659403827030921,0.6268290400636224,0.59877751722716,0.12621959352367657,0.5251329905210161,0.680546964320525,0.8745058000077552,0.0741778736528871,0.8280306086336466,0.9191887531667833,0.40122248277283995,0.12621959352367657,0.31869609131188104,0.4751836181443036,0.12549419999224465,0.07417787365288712,0.08057303401949546,0.17259004721285903
shuffled_residual20_32,0.1,by earliest stop,10,0.6786314166752689,0.08737119434684215,0.6271461734147027,0.7350879921656142,0.14189648850372677,0.1539803824494359,0.05918412223341958,0.24673347511203042,0.3546156018080697,0.1673785459429577,0.25130686298863325,0.45746152252641137,0.6063595566521716,0.05954398917294133,0.5701335119617631,0.6430455360468769,0.580554735356443,0.12638478518027088,0.5086904288978017,0.6644996513188022,0.8409254261847401,0.08795739019342631,0.7855916654836133,0.8946499342245994,0.4194452646435569,0.1263847851802709,0.3351960718986803,0.490969958742823,0.1590745738152599,0.08795739019342631,0.10483855793849788,0.2141148710441297
shuffled_residual20_32,0.15,by earliest stop,10,0.6786314166752689,0.08737119434684215,0.6281155764365649,0.734983824013409,0.21266864511074565,0.20376008599576925,0.10232121213629192,0.35097934309115614,0.449146770632855,0.19276288263727975,0.33046735785469766,0.5678999828939731,0.6182390627610546,0.06741739368144685,0.5775216905045323,0.6615447333133749,0.5629281667594535,0.12295888338714274,0.49596699891664203,0.6462690199133048,0.7854823870874751,0.11398236268235197,0.7121969468575949,0.8545487313393132,0.4370718332405466,0.12295888338714274,0.35290850405881935,0.5032467000654575,0.21451761291252494,0.11398236268235197,0.14478632130478247,0.2866493389321901
shuffled_residual20_32,0.2,by earliest stop,10,0.6786314166752689,0.08737119434684215,0.6267098569831805,0.7341204722493724,0.2954955716734936,0.25539628391646474,0.15270826170491575,0.4691932085315847,0.5258723909607196,0.21502927970764643,0.39275502557416564,0.6554024853296044,0.615188409643613,0.07888567711963032,0.5686175916873295,0.6657801052893466,0.5260043715800717,0.12207962298414334,0.46201869805061074,0.6100348750247215,0.7311743546090701,0.13775882048052687,0.6445754276324739,0.8151729711379454,0.4739956284199282,0.12207962298414332,0.38996253770241823,0.538404716705624,0.2688256453909298,0.13775882048052687,0.1842073526543009,0.3559033998317936
shuffled_residual20_32,0.3,by earliest stop,10,0.6786314166752689,0.08737119434684215,0.6276377043631546,0.7345020144277907,0.42884199764810127,0.3058457488990174,0.2460892584092617,0.6242771900280836,0.6540068545558009,0.22522318815825984,0.5080777716338818,0.7854969283745972,0.6125824284538497,0.09753032112640295,0.5550507548990068,0.6748928455917592,0.4526074255425219,0.12255632311389873,0.3880481262905531,0.5380015154956294,0.6213725189986294,0.17050870896449588,0.5168768815775152,0.727821027370976,0.547392574457478,0.12255632311389875,0.4633069782134116,0.611696360439286,0.37862748100137056,0.17050870896449588,0.2725036296983856,0.48008684884281927
shuffled_residual20_32,0.01,fixed horizon 13,10,0.5628689536072684,0.08555116999547449,0.5084940567344985,0.6131675886568069,0.02090693748286221,0.02320678981661375,0.007628360210811045,0.03644034608378866,0.060782405999689634,0.05131828133131203,0.030022596724452594,0.09277696741406416,0.5199377342584138,0.016580948011351508,0.509791007941648,0.5302732291663638,0.41804044044420674,0.14300823279906488,0.32024627101663594,0.5065224412988202,0.9653475285540234,0.028705169984328965,0.9469180800906306,0.9821125295086041,0.5819595595557933,0.1430082327990649,0.4934852188103902,0.6816614313707074,0.03465247144597665,0.028705169984328944,0.017904724426044027,0.0532038434171231
shuffled_residual20_32,0.025,fixed horizon 13,10,0.5628689536072684,0.08555116999547449,0.50811213969436,0.6132478132332906,0.03639403629232673,0.037678516618138216,0.015017378909340176,0.06170532485477106,0.08846131032757985,0.07475381188440798,0.045016902277362755,0.1364581824585361,0.5260336370176265,0.022298914042860062,0.5126598295173596,0.5401447148373478,0.37159151634140364,0.12029345276528593,0.2906502167436722,0.4482374311463531,0.9450250381958082,0.04825093282612691,0.9134427791137744,0.9726412403558297,0.6284084836585964,0.12029345276528595,0.5523206835633939,0.7089037320287801,0.05497496180419177,0.04825093282612689,0.026901672332553573,0.08680982497598848
shuffled_residual20_32,0.05,fixed horizon 13,10,0.5628689536072684,0.08555116999547449,0.508754236184463,0.6134832582967454,0.05956474225498183,0.06477053995008376,0.024999183756518138,0.1045487637841398,0.12442068821877114,0.10329864395205332,0.06432246806897904,0.19118102801864134,0.5324279729818946,0.02835825738469463,0.5152036625152837,0.5502239811270077,0.3196799990160626,0.11642541900560936,0.24265870573824586,0.39417211973047817,0.9131685529182446,0.07913904304948899,0.8606106769443703,0.9575491607718883,0.6803200009839375,0.11642541900560936,0.606101333218002,0.7571996121973473,0.08683144708175536,0.07913904304948899,0.042663838675541535,0.1390915384160466
shuffled_residual20_32,0.075,fixed horizon 13,10,0.5628689536072684,0.08555116999547449,0.5084393155475821,0.6133804423428746,0.08095143655781879,0.0762662967368926,0.04047012749157556,0.13366478645867308,0.15678245671340546,0.11367607146514404,0.0901001592731633,0.22980865922079838,0.5379155100777934,0.03131131896174428,0.5185210535740687,0.5575057994912105,0.2811803120813418,0.12074575145426109,0.20178772913545426,0.350197899652234,0.8901365354948082,0.0889394794114105,0.8306817260132868,0.9407775832937152,0.7188196879186581,0.12074575145426109,0.6497740008577527,0.7986548369033121,0.10986346450519173,0.08893947941141048,0.06023627859334401,0.16842442393952625
shuffled_residual20_32,0.1,fixed horizon 13,10,0.5628689536072684,0.08555116999547449,0.5088587513953384,0.6130906894148539,0.10186683731226018,0.08681451629468254,0.0562646106232951,0.16135691602390323,0.18558412319508347,0.12192486468423931,0.11421408381401163,0.26353042321259124,0.5418586429414116,0.03426505838953514,0.5204323011596329,0.5629337606626506,0.2703620471396232,0.11922454371874722,0.19416067318648036,0.3394480261357724,0.8668718170792579,0.0983133186742427,0.801414583984952,0.9223573565564214,0.7296379528603769,0.11922454371874722,0.6602219897130454,0.8065049280976584,0.13312818292074208,0.09831331867424271,0.07734283561127397,0.19835241549236993
shuffled_residual20_32,0.15,fixed horizon 13,10,0.5628689536072684,0.08555116999547449,0.5083907338674531,0.6131070944188024,0.14704540401284288,0.0980292454749047,0.09145922166136763,0.2123041697918544,0.24644785902539973,0.1315911036427794,0.16493926815074128,0.3266781652236501,0.5497012275062784,0.037228039048602106,0.5259764020738251,0.5719422155610777,0.27546340511565715,0.12556430437499772,0.19254706388925846,0.3496297169300893,0.824840197592995,0.10478892334433948,0.7578232022459112,0.887769130617348,0.7245365948843429,0.12556430437499772,0.6507572199527851,0.8052829153262698,0.17515980240700507,0.1047889233443395,0.11080104908018999,0.2432116920547732
shuffled_residual20_32,0.2,fixed horizon 13,10,0.5628689536072684,0.08555116999547449,0.5083912533726601,0.6135826367067899,0.20829341541885388,0.12685505085435822,0.13306994080788592,0.2900524700048925,0.30446914520923324,0.15106644720410292,0.20753252548777176,0.39369202268348796,0.5480878648951897,0.04352964305142301,0.5206970390150975,0.5746949377078189,0.25766586895335647,0.11194460058438199,0.18462471578032644,0.32323014362621916,0.7795075217249181,0.11564426496842542,0.7085028615405466,0.8508043650536284,0.7423341310466436,0.11194460058438199,0.6769465666084539,0.8149594496064198,0.22049247827508195,0.1156442649684254,0.14964551287783054,0.29075809351592635
shuffled_residual20_32,0.3,fixed horizon 13,10,0.5628689536072684,0.08555116999547449,0.5080540277219715,0.613128402023874,0.37492050459252624,0.22189261635779903,0.2384120122283739,0.5153827243925123,0.451044619818343,0.2052105552591417,0.31971152929907526,0.5741818809383838,0.5380620576129083,0.061951990292376094,0.5013321876969198,0.5772506915917238,0.20621509301691415,0.07264803642593241,0.16064377480371386,0.24914005037166773,0.6411652816805518,0.16736750227754374,0.5402389246641968,0.748309008569249,0.7937849069830858,0.07264803642593241,0.7504514713818695,0.8404048451941604,0.35883471831944813,0.16736750227754374,0.2526438876118996,0.4589642738573508
shuffled_residual20_32,0.01,fixed horizon 25,10,0.6019789123379582,0.08089349036927597,0.5532111501734571,0.6533082418406974,0.020177766856739714,0.019850460096525073,0.008921681371059354,0.03298174759152191,0.05685325581339691,0.0436258095423688,0.030594052797684894,0.0846615889355725,0.5183377444783286,0.014225085187624864,0.5096998041034007,0.5273354823044494,0.43157087549515183,0.18556636125664272,0.31172547432509123,0.5557852555716521,0.9648632378476873,0.028388928942222683,0.9463755138490172,0.9810101580887783,0.5684291245048482,0.18556636125664272,0.4426477932159559,0.6868711451493601,0.035136762152312574,0.028388928942222676,0.018731876844528834,0.053821654158955345
shuffled_residual20_32,0.025,fixed horizon 25,10,0.6019789123379582,0.08089349036927597,0.5528953258172694,0.6528105361486288,0.03284711043024919,0.03194739965131251,0.014354619412129392,0.05387523950465629,0.08417558715094513,0.06394133232862918,0.04629029416317191,0.12520835436515826,0.5256642383603479,0.01920428289795005,0.5141191547454591,0.537639044341381,0.3894870231359657,0.16479019337851677,0.2874372958453845,0.5015574790701662,0.9447008223777036,0.04643853423580924,0.9142039338820918,0.9711303336698636,0.6105129768640342,0.16479019337851675,0.4977372313895233,0.7122085703074649,0.0552991776222964,0.04643853423580924,0.02883004171232533,0.08628515225255916
shuffled_residual20_32,0.05,fixed horizon 25,10,0.6019789123379582,0.08089349036927597,0.5533413286609332,0.6532853692575654,0.05236445015491328,0.04904026572663341,0.02473366498460854,0.08535201081043671,0.125309987893582,0.08819393889119297,0.0726743626033966,0.18194136135236189,0.5364727688693343,0.026950373938433893,0.5203590092580559,0.5536636504209151,0.4303551779271094,0.21494092767680614,0.3087958143139308,0.5740023701175407,0.9160612167200368,0.06941291891048941,0.8710755802935752,0.9554499214510941,0.5696448220728906,0.21494092767680611,0.42586880203462585,0.6894948470451119,0.08393878327996328,0.0694129189104894,0.04402546036845191,0.12998931420231744
shuffled_residual20_32,0.075,fixed horizon 25,10,0.6019789123379582,0.08089349036927597,0.5533414224119393,0.6525281093382377,0.07178517789056188,0.0579085140461994,0.03969728946509366,0.11094141322753895,0.16236232083754462,0.10236043510773377,0.1005308832226178,0.22691580537091255,0.5452885714734913,0.035029019398396366,0.5244669983093537,0.5678348826458753,0.44789667478723433,0.20245697129396162,0.33330736495560576,0.5829482437392031,0.8942563879846194,0.08455631213874133,0.8395441041237401,0.9431428517074734,0.5521033252127657,0.20245697129396162,0.41359319012167217,0.6667656258377826,0.1057436120153807,0.08455631213874133,0.05665113641563624,0.16043073606287422
shuffled_residual20_32,0.1,fixed horizon 25,10,0.6019789123379582,0.08089349036927597,0.5534059755973647,0.6526849850041717,0.10132797462913971,0.07233216668290435,0.05926552725321708,0.1483855866221732,0.20300817370849913,0.10598020539142411,0.13759166537771408,0.26744140351429846,0.5508400995396797,0.03799929711876145,0.5281596988992387,0.5751238464069769,0.4369091871323391,0.1751194882059125,0.33484324097338847,0.5497905319668168,0.8711001806200052,0.09266221835257639,0.8105593023705023,0.9243015580349948,0.5630908128676608,0.1751194882059125,0.4514178040880113,0.667148723472238,0.12889981937999487,0.0926622183525764,0.07527584456708629,0.18893072349760823
shuffled_residual20_32,0.15,fixed horizon 25,10,0.6019789123379582,0.08089349036927597,0.5535150273381246,0.6529662446874185,0.16150095951029148,0.12237373174565845,0.09087090208574602,0.23934972394998133,0.2827802680760262,0.1210721873178547,0.20379485776008685,0.3532921322585421,0.5606396542828673,0.04392261451898339,0.533806679444846,0.5884399535905103,0.4855761990170041,0.18602590386939868,0.37509387801491784,0.6050879249112185,0.8401132110083701,0.09066038995459658,0.7839001700653193,0.8952851474382552,0.5144238009829959,0.18602590386939866,0.3954951524220455,0.6246016255813815,0.15988678899162995,0.0906603899545966,0.10473132895362708,0.21708861395850432
shuffled_residual20_32,0.2,fixed horizon 25,10,0.6019789123379582,0.08089349036927597,0.5532347006813967,0.6526575296246917,0.23712732351028548,0.1916343642285152,0.1278586855781566,0.36039440951757223,0.36454449908902503,0.15802423391826026,0.26751368065956965,0.46228869033382786,0.5637085877893697,0.054995576369140785,0.5299688076110999,0.598714770176012,0.46383791986797174,0.1645241291504286,0.3614147410377783,0.5646194542018014,0.7947127489791641,0.10395218450943564,0.7310951710789372,0.8603983929308161,0.5361620801320282,0.16452412915042863,0.436180244213251,0.6372917230120616,0.2052872510208359,0.10395218450943564,0.13973617735859467,0.26796966970070507
shuffled_residual20_32,0.3,fixed horizon 25,10,0.6019789123379582,0.08089349036927597,0.5530843142339107,0.6537325044795632,0.40888289299080427,0.27394792521920525,0.249655912877823,0.5866931003900411,0.5390329947870175,0.2005653380465737,0.418861889101731,0.6690540118948336,0.5650750508981066,0.0646200332410902,0.5260362667719449,0.6060358477127562,0.4071554978821298,0.156038190228518,0.3187606185373759,0.5106151640961307,0.6667159640487962,0.15164987820703502,0.5750432568855781,0.7631126740260833,0.5928445021178703,0.15603819022851798,0.49002281645884543,0.6805271620990712,0.3332840359512036,0.15164987820703502,0.23766092631345082,0.42318582220913653
shuffled_residual20_32,0.01,fixed horizon 37,10,0.648545821724458,0.08354956448371577,0.5985984427128157,0.701526261587497,0.017394251164955955,0.016268088704656004,0.008032930449872943,0.02826081686038943,0.06047595119716569,0.03722381282501933,0.037854313493518685,0.0835007803701361,0.5215408500161048,0.013848588281768267,0.5134070061433611,0.5305433571701834,0.5019253061001275,0.21754416034546073,0.3797741367861552,0.6472488873627251,0.9651325073142187,0.024653651399471524,0.9496269331462363,0.9800573417737263,0.4980746938998726,0.21754416034546076,0.355996078843501,0.6204402816487937,0.03486749268578123,0.02465365139947151,0.019801974677905013,0.0503364723594298
shuffled_residual20_32,0.025,fixed horizon 37,10,0.648545821724458,0.08354956448371577,0.5981860112588098,0.7015065305351641,0.02943266306053498,0.027671669255319598,0.013426449749035152,0.0474478740487174,0.09299353350547333,0.05442551892854871,0.05997036464543323,0.12741161151152608,0.5317804352224691,0.01920549550136566,0.5203241043206845,0.5439393092864798,0.48883244004518156,0.2086497083571657,0.3705345864180997,0.6283936796569222,0.9455616996800004,0.039322569602898476,0.9200251615887077,0.9689911464446388,0.5111675599548183,0.20864970835716565,0.3718582085781909,0.6290567367623894,0.05443830031999959,0.03932256960289845,0.031083981345334945,0.07955762524478761
shuffled_residual20_32,0.05,fixed horizon 37,10,0.648545821724458,0.08354956448371577,0.5984705902059261,0.702069430743906,0.04797872814461783,0.04356280354243771,0.022969103655488397,0.07716379488599162,0.14381020471075817,0.08179662899433343,0.09518050571126715,0.19718227988033707,0.5479157382830702,0.028710252408535298,0.5310302147201952,0.5661734806884915,0.4667192422662649,0.2030565821644484,0.35110952634037246,0.6016836988219133,0.9145380638233316,0.06124891593695669,0.8750155667633842,0.9507826250792206,0.5332807577337351,0.20305658216444838,0.39756817003227246,0.6476601924626366,0.0854619361766683,0.06124891593695668,0.0496983912030476,0.12550588129315784
shuffled_residual20_32,0.075,fixed horizon 37,10,0.648545821724458,0.08354956448371577,0.5984226376061668,0.702299407434107,0.07301279509256418,0.05666404117905633,0.04030819853777317,0.11014885378626466,0.19711382895491186,0.09947205565692895,0.1378882609562078,0.2620436532809135,0.5620505169311738,0.03795546397010907,0.5402842559031589,0.5866728947939447,0.5269860725882559,0.17031070743746882,0.4238870034072893,0.6370030420186213,0.8966497085153675,0.06881604040969634,0.8524908517018595,0.9367779370747713,0.47301392741174403,0.17031070743746882,0.3653947369497116,0.5743584019214141,0.10335029148463255,0.06881604040969636,0.06293367233528283,0.14756482678565128
shuffled_residual20_32,0.1,fixed horizon 37,10,0.648545821724458,0.08354956448371577,0.5988637945800019,0.701917198777413,0.10204739550202276,0.07637247287291214,0.057390098364191386,0.15256089205304296,0.24660869842418792,0.1057965774220737,0.18217919120417245,0.313162897100962,0.5722806514610826,0.04076609419161522,0.5492061662161385,0.5991364682441984,0.5265184926895251,0.16434137490671188,0.42373443386557136,0.6278428827949472,0.8719879441720501,0.07819840707810809,0.8214075901687049,0.9172920279769899,0.4734815073104749,0.16434137490671188,0.37329760122917693,0.5752603052987737,0.12801205582794986,0.07819840707810811,0.0825793562365836,0.17818047841942372
shuffled_residual20_32,0.15,fixed horizon 37,10,0.648545821724458,0.08354956448371577,0.5985002355428545,0.7008411363788138,0.17075435755496698,0.1269315989873423,0.09815677435019331,0.2546246707947442,0.343814880906265,0.12453784151605833,0.2683327267556985,0.4216099157255245,0.5865302616756491,0.04394801670653328,0.561163327986001,0.615174969722831,0.5576048516719695,0.15217412990058182,0.46012072225572065,0.6515161563254632,0.8369966538523528,0.07755602595141343,0.7906007182245149,0.8852672880611289,0.4423951483280305,0.1521741299005818,0.3490473178569613,0.5373079253245854,0.1630033461476473,0.07755602595141343,0.11459094978239921,0.2097971805866226
shuffled_residual20_32,0.2,fixed horizon 37,10,0.648545821724458,0.08354956448371577,0.5987364540691503,0.7020393275082033,0.26116855222158875,0.19550220153576586,0.1494999291334756,0.3885206221056539,0.4528118756309839,0.15543654481662056,0.36097490817142586,0.5526794127080905,0.5958216617046974,0.05510505855240737,0.5636281844526077,0.6308283422270352,0.5462642742940322,0.12565362089898266,0.4694053400072322,0.6278105469603974,0.7883216014952493,0.09006351677955497,0.734836504682052,0.8461850574189986,0.45373572570596765,0.12565362089898266,0.374347141249593,0.5317152211792241,0.21167839850475056,0.09006351677955499,0.1538693370117668,0.2658289848246222
shuffled_residual20_32,0.3,fixed horizon 37,10,0.648545821724458,0.08354956448371577,0.5985073618474112,0.7018353363232717,0.42883800382198417,0.26531002827866557,0.2707278078539902,0.5972862313527298,0.6302228057907364,0.1776939815036009,0.5212202395569923,0.7397174371734289,0.6006924009843762,0.07995592632929975,0.5531371819443142,0.6527747959236313,0.4749913727948928,0.10110607358695924,0.41631725615377396,0.5395459603653061,0.6614009689073888,0.12895759701615653,0.5840033088971073,0.7422621035998437,0.5250086272051072,0.10110607358695925,0.459338725223259,0.583685219959302,0.3385990310926112,0.12895759701615653,0.25574330817580077,0.41626964922728643
