model,fold,heldout_task,alpha,eval_time,roc_auc_max_score_mean,roc_auc_max_score_std_cp_seed,realized_fpr_mean,realized_fpr_std_cp_seed,catch_rate_mean,catch_rate_std_cp_seed,balanced_accuracy_mean,balanced_accuracy_std_cp_seed,caught_alarm_fraction_mean,caught_alarm_fraction_std_cp_seed,effective_alarm_fraction_mean,effective_alarm_fraction_std_cp_seed,caught_lead_fraction_mean,caught_lead_fraction_std_cp_seed,effective_lead_fraction_mean,effective_lead_fraction_std_cp_seed,band_width_mean
lstm,0,0,0.01,fixed horizon 100,0.7318200924758301,0.0,0.00819672131147541,0.011591914445681108,0.03076923076923077,0.0358567127579539,0.5112862547288777,0.01296916433813663,0.7209722222222222,0.16263149950003422,0.9904102564102564,0.01382144043316756,0.2790277777777778,0.16263149950003422,0.009589743589743582,0.013821440433167563,1.2178814287684523
lstm,1,1,0.01,fixed horizon 100,0.5646879756468798,0.0,0.0,0.0,0.0,0.0,0.5,0.0,,,1.0,0.0,,,0.0,0.0,1.1577805440841327
lstm,2,2,0.01,fixed horizon 100,0.4708952228020874,0.0,0.448936170212766,0.057135132088291705,0.4,0.0823875365726431,0.475531914893617,0.03434155211693629,0.09427898550724637,0.06954518865256099,0.6421698113207548,0.05502222743982807,0.9057210144927537,0.069545188652561,0.35783018867924526,0.05502222743982806,1.2114545491048527
lstm,3,3,0.01,fixed horizon 100,0.6606570512820513,0.0,0.04791666666666666,0.03809962978984778,0.12307692307692308,0.07375974289047449,0.5375801282051282,0.020353370275888124,0.20064339826839825,0.26082549007020844,0.9111923076923076,0.056265022831367646,0.7993566017316017,0.2608254900702085,0.08880769230769227,0.05626502283136769,1.2447207751107607
lstm,4,4,0.01,fixed horizon 100,0.5441426146010188,0.0,0.0,0.0,0.01129032258064516,0.013278590360460718,0.5056451612903226,0.00663929518023036,0.931,0.021330729007701513,0.9992096774193548,0.0009838856570970258,0.06900000000000002,0.021330729007701527,0.0007903225806451641,0.0009838856570970247,1.0931093607015339
lstm,5,5,0.01,fixed horizon 100,0.47696669029057404,0.0,0.0,0.0,0.0,0.0,0.5,0.0,,,1.0,0.0,,,0.0,0.0,1.1211354960309952
lstm,6,6,0.01,fixed horizon 100,0.6211755233494364,0.0,0.0,0.0,0.0,0.0,0.5,0.0,,,1.0,0.0,,,0.0,0.0,1.166599303242907
lstm,7,7,0.01,fixed horizon 100,0.6482196482196482,0.0,0.0,0.0,0.05405405405405406,0.0,0.527027027027027,0.0,0.0,0.0,0.9459459459459459,0.0,1.0,0.0,0.05405405405405406,0.0,1.1223703922694632
lstm,8,8,0.01,fixed horizon 100,0.5921052631578947,0.0,0.0,0.0,0.031578947368421054,0.012711733987885474,0.5157894736842106,0.006355866993942734,0.1051851851851852,0.1553299455202011,0.9721447368421053,0.011501108983422803,0.8948148148148147,0.15532994552020113,0.02785526315789475,0.01150110898342281,1.2011944717469032
lstm,9,9,0.01,fixed horizon 100,0.5798611111111112,0.0,0.01388888888888889,0.014640174352631385,0.0234375,0.01983274246318726,0.5047743055555556,0.0043930053387410285,0.004285714285714286,0.00786795792469443,0.976609375,0.01985352859459115,0.9957142857142857,0.007867957924694451,0.02339062500000001,0.019853528594591184,1.187915413600955
lstm,0,0,0.025,fixed horizon 100,0.7318200924758301,0.0,0.022950819672131147,0.0207362469519238,0.08717948717948718,0.06303962022080606,0.532114333753678,0.024520466780114825,0.6071875,0.18198581484707962,0.9602564102564102,0.03717899596885451,0.39281249999999995,0.18198581484707962,0.03974358974358973,0.037178995968854524,1.1561126668027177
lstm,1,1,0.025,fixed horizon 100,0.5646879756468798,0.0,0.005479452054794521,0.011551699215226956,0.0037037037037037034,0.01171213948210511,0.4991121258244545,0.00888417605674148,0.35,,0.9975925925925926,0.007612890663368304,0.65,,0.0024074074074074024,0.007612890663368305,1.075346844038518
lstm,2,2,0.025,fixed horizon 100,0.4708952228020874,0.0,0.6,0.08379605950491875,0.539622641509434,0.06726914192262108,0.469811320754717,0.01983200700161034,0.08925355798885211,0.06008061095312388,0.5053584905660378,0.09285537658318473,0.9107464420111478,0.06008061095312389,0.49464150943396223,0.09285537658318474,1.1052806745212875
lstm,3,3,0.025,fixed horizon 100,0.6606570512820513,0.0,0.16041666666666668,0.10208569536194023,0.3019230769230769,0.10218278474877171,0.5707532051282052,0.02678421679978271,0.3081933862433862,0.22343946620661184,0.7947884615384615,0.09232636251714678,0.6918066137566138,0.22343946620661187,0.20521153846153845,0.09232636251714675,1.1759509530131123
lstm,4,4,0.025,fixed horizon 100,0.5441426146010188,0.0,0.0,0.0,0.014516129032258063,0.014122500576950211,0.507258064516129,0.007061250288475097,0.9333333333333332,0.02316606713852539,0.9990161290322581,0.0010298190271020426,0.06666666666666667,0.023166067138525395,0.000983870967741962,0.0010298190271020506,1.055695695531033
lstm,5,5,0.025,fixed horizon 100,0.47696669029057404,0.0,0.0024096385542168677,0.005079964112720288,0.0,0.0,0.49879518072289153,0.0025399820563601558,,,1.0,0.0,,,0.0,0.0,1.0659634567725216
lstm,6,6,0.025,fixed horizon 100,0.6211755233494364,0.0,0.0,0.0,0.0,0.0,0.5,0.0,,,1.0,0.0,,,0.0,0.0,1.11225238348106
lstm,7,7,0.025,fixed horizon 100,0.6482196482196482,0.0,0.0,0.0,0.05405405405405406,0.0,0.527027027027027,0.0,0.0,0.0,0.9459459459459459,0.0,1.0,0.0,0.05405405405405406,0.0,1.0729374356571346
lstm,8,8,0.025,fixed horizon 100,0.5921052631578947,0.0,0.0125,0.02012691214748533,0.05394736842105263,0.025157246315263133,0.5207236842105263,0.01331382989919091,0.24007407407407408,0.24168452679852542,0.9618289473684211,0.01683290250218898,0.7599259259259259,0.24168452679852545,0.0381710526315789,0.01683290250218897,1.1332446167046673
lstm,9,9,0.025,fixed horizon 100,0.5798611111111112,0.0,0.025,0.01576795033882074,0.059375,0.017738944131173336,0.5171875,0.008562077265204728,0.1592,0.20579860705715836,0.9497656250000001,0.019726214415245753,0.8408,0.20579860705715836,0.050234374999999984,0.019726214415245785,1.1019198759599749
lstm,0,0,0.05,fixed horizon 100,0.7318200924758301,0.0,0.07540983606557376,0.03012906831057972,0.258974358974359,0.039073946839871664,0.5917822614543926,0.010435056158604579,0.5256055555555555,0.09327449442379049,0.8752307692307693,0.038421669744667465,0.4743944444444444,0.09327449442379052,0.12476923076923072,0.03842166974466746,1.1277067559179046
lstm,1,1,0.05,fixed horizon 100,0.5646879756468798,0.0,0.0273972602739726,0.021417423560837576,0.037037037037037035,0.024691358024691357,0.5048198883815322,0.00989815173109984,0.735625,0.28910499205058954,0.9883333333333333,0.01637304225630407,0.264375,0.28910499205058954,0.011666666666666659,0.016373042256304073,1.0658720526871448
lstm,2,2,0.05,fixed horizon 100,0.4708952228020874,0.0,0.7170212765957447,0.11260749828312508,0.6396226415094339,0.0817368130630678,0.4613006824568446,0.024233240023010475,0.1059287146764099,0.06420951920463112,0.4287735849056604,0.07744011902324328,0.8940712853235901,0.06420951920463105,0.5712264150943396,0.07744011902324327,1.0864198679351484
lstm,3,3,0.05,fixed horizon 100,0.6606570512820513,0.0,0.2125,0.08550413317567436,0.40192307692307694,0.08669264517335473,0.5947115384615385,0.005445050718299998,0.16847879748390585,0.10202680389775257,0.6685384615384616,0.06371041589894931,0.8315212025160941,0.10202680389775261,0.33146153846153836,0.06371041589894932,1.216649357993931
lstm,4,4,0.05,fixed horizon 100,0.5441426146010188,0.0,0.013157894736842105,0.01386963886038763,0.05,0.02572792712689333,0.5184210526315789,0.01577795816534998,0.8397037037037037,0.10206050009191771,0.991741935483871,0.007144997449516001,0.1602962962962963,0.10206050009191772,0.008258064516129048,0.007144997449515981,1.0391754481427982
lstm,5,5,0.05,fixed horizon 100,0.47696669029057404,0.0,0.004819277108433735,0.006221659993907497,0.0058823529411764705,0.018601633295108114,0.5005315379163713,0.008518130439661204,0.94,,0.9996470588235293,0.0011160979977064562,0.06000000000000005,,0.0003529411764705781,0.001116097997706455,1.0704932493845398
lstm,6,6,0.05,fixed horizon 100,0.6211755233494364,0.0,0.016666666666666666,0.023827480327924422,0.015217391304347827,0.034065679053748285,0.4992753623188406,0.01466665708010584,0.7013333333333334,0.036950417228136016,0.9958260869565217,0.008799381315251159,0.29866666666666664,0.036950417228136016,0.004173913043478261,0.008799381315251154,1.065973307527013
lstm,7,7,0.05,fixed horizon 100,0.6482196482196482,0.0,0.0,0.0,0.05675675675675675,0.008546696378833459,0.5283783783783783,0.004273348189416759,0.009333333333333334,0.029514591494904877,0.944,0.006153621392760052,0.9906666666666666,0.02951459149490489,0.055999999999999994,0.006153621392760062,1.0568392552314354
lstm,8,8,0.05,fixed horizon 100,0.5921052631578947,0.0,0.05416666666666666,0.03952847075210474,0.09210526315789473,0.05442839318417042,0.518969298245614,0.020753347531771705,0.33266049382716045,0.3043090692079268,0.9467105263157896,0.02386811317879804,0.6673395061728394,0.30430906920792683,0.05328947368421052,0.023868113178798046,1.1590456832123417
lstm,9,9,0.05,fixed horizon 100,0.5798611111111112,0.0,0.1,0.03749714209503072,0.14375,0.04646814171499054,0.521875,0.026969703660814026,0.3264394993894994,0.26763859098596154,0.9071093749999999,0.04137261146701635,0.6735605006105005,0.26763859098596166,0.09289062499999999,0.041372611467016374,1.224473768279436
lstm,0,0,0.075,fixed horizon 100,0.7318200924758301,0.0,0.12622950819672132,0.021926123112282928,0.32051282051282054,0.06073790770748673,0.5971416561580496,0.026086368090191586,0.4084252442002442,0.05081073104129319,0.8112820512820512,0.03533358556635724,0.5915747557997558,0.05081073104129316,0.18871794871794872,0.03533358556635723,1.191915302099749
lstm,1,1,0.075,fixed horizon 100,0.5646879756468798,0.0,0.04520547945205479,0.02818502166577345,0.07777777777777777,0.0407594420227634,0.5162861491628614,0.016856750975369813,0.5048333333333334,0.20570932686801985,0.9608148148148148,0.023931391035813352,0.49516666666666664,0.20570932686801982,0.039185185185185156,0.023931391035813352,1.2122928342783377
lstm,2,2,0.075,fixed horizon 100,0.4708952228020874,0.0,0.7723404255319148,0.0602210772066774,0.7,0.04022208039074083,0.46382978723404256,0.014235998839680184,0.08699792010395725,0.04670496319842411,0.36245283018867924,0.015572103512889549,0.9130020798960427,0.04670496319842411,0.6375471698113208,0.015572103512889558,1.160365229095126
lstm,3,3,0.075,fixed horizon 100,0.6606570512820513,0.0,0.2833333333333333,0.0780748295697511,0.475,0.0902230780525733,0.5958333333333333,0.010651661180012408,0.22269346682265628,0.11706307138500022,0.6350961538461539,0.06365873596525677,0.7773065331773437,0.11706307138500023,0.3649038461538461,0.06365873596525677,1.175501131948486
lstm,4,4,0.075,fixed horizon 100,0.5441426146010188,0.0,0.08157894736842106,0.04377184192938473,0.1467741935483871,0.07544143033832708,0.5325976230899829,0.02558201984916092,0.6054131610219845,0.22724697668782334,0.9461290322580644,0.03257079591358916,0.3945868389780155,0.22724697668782332,0.05387096774193549,0.032570795913589176,1.0503951963440754
lstm,5,5,0.075,fixed horizon 100,0.47696669029057404,0.0,0.0072289156626506035,0.00842416745518194,0.011764705882352941,0.024802177726810818,0.5022678951098511,0.013394151340208492,0.86,0.11313708498984755,0.9983529411764707,0.004120447227157191,0.14,0.11313708498984755,0.0016470588235293904,0.004120447227157199,1.1115356567356873
lstm,6,6,0.075,fixed horizon 100,0.6211755233494364,0.0,0.029629629629629627,0.024998094730020473,0.03913043478260869,0.030400256468700045,0.5047504025764895,0.012615205347968566,0.6678148148148149,0.09263310410057864,0.9860217391304348,0.013217856113108627,0.33218518518518514,0.09263310410057862,0.013978260869565185,0.01321785611310862,1.1232258052457147
lstm,7,7,0.075,fixed horizon 100,0.6482196482196482,0.0,0.0,0.0,0.07297297297297298,0.013055294365936434,0.5364864864864864,0.00652764718296826,0.05033333333333334,0.04673143653359939,0.9311081081081081,0.010548199265798586,0.9496666666666667,0.04673143653359938,0.0688918918918919,0.010548199265798619,1.098901915218589
lstm,8,8,0.075,fixed horizon 100,0.5921052631578947,0.0,0.10416666666666666,0.04049272149198125,0.15789473684210525,0.05442839318417043,0.5268640350877194,0.028556761603071815,0.5536081070889894,0.2475375876969496,0.9361842105263157,0.024304815756230065,0.44639189291101056,0.24753758769694958,0.06381578947368419,0.024304815756230055,1.2233752124959891
lstm,9,9,0.075,fixed horizon 100,0.5798611111111112,0.0,0.2111111111111111,0.06829292190587323,0.2671875,0.08852634671384559,0.5280381944444444,0.03264948134692311,0.4104783305183248,0.25240044634107894,0.855453125,0.06154387805282708,0.5895216694816752,0.2524004463410789,0.14454687500000002,0.061543878052827086,1.2428482884767453
lstm,0,0,0.1,fixed horizon 100,0.7318200924758301,0.0,0.1459016393442623,0.02498170371729499,0.38974358974358975,0.06486723405473599,0.6219209751996637,0.026699967554521222,0.44185787284610817,0.10655383861861155,0.784923076923077,0.043032095791066524,0.5581421271538918,0.10655383861861155,0.21507692307692308,0.0430320957910665,1.1798719118689873
lstm,1,1,0.1,fixed horizon 100,0.5646879756468798,0.0,0.07671232876712328,0.046206796860907826,0.1222222222222222,0.04635798359387306,0.5227549467275494,0.022397896065013693,0.5705333333333333,0.2673287590815825,0.9421851851851851,0.03916848345317888,0.4294666666666667,0.2673287590815825,0.0578148148148148,0.039168483453178894,1.4288865196213671
lstm,2,2,0.1,fixed horizon 100,0.4708952228020874,0.0,0.8468085106382979,0.037259363224294156,0.7358490566037735,0.01988853874319741,0.44452027298273783,0.018887654307875694,0.14323528109673808,0.048673022847117005,0.3694528301886793,0.04056037696352538,0.856764718903262,0.04867302284711701,0.6305471698113208,0.04056037696352536,1.1663598577070577
lstm,3,3,0.1,fixed horizon 100,0.6606570512820513,0.0,0.33958333333333335,0.04286472045003046,0.5153846153846154,0.062017367294604275,0.5879006410256411,0.021741682677969398,0.2825097590151059,0.08973516436054506,0.6294038461538461,0.06680554137432682,0.7174902409848942,0.08973516436054502,0.37059615384615385,0.0668055413743268,1.2087329618375573
lstm,4,4,0.1,fixed horizon 100,0.5441426146010188,0.0,0.09736842105263158,0.046499502739293236,0.2064516129032258,0.05472262645161063,0.5545415959252971,0.013966360219205361,0.6048088560948854,0.09921196714228704,0.9172419354838709,0.028617451845358296,0.3951911439051145,0.09921196714228704,0.08275806451612903,0.028617451845358282,1.0495544483536239
lstm,5,5,0.1,fixed horizon 100,0.47696669029057404,0.0,0.01566265060240964,0.013969901309980791,0.029411764705882353,0.04159451654038515,0.5068745570517363,0.024882154522396054,0.8425,0.07088723439378913,0.9955294117647059,0.006421082154900727,0.15749999999999997,0.07088723439378913,0.004470588235294126,0.006421082154900742,1.1002187396951784
lstm,6,6,0.1,fixed horizon 100,0.6211755233494364,0.0,0.05,0.019617590842062597,0.06304347826086956,0.04028099162228203,0.5065217391304347,0.015497655336655775,0.6289190476190476,0.12270413763107725,0.9761304347826087,0.01698338019030693,0.3710809523809524,0.12270413763107725,0.023869565217391274,0.01698338019030695,1.1235636077213609
lstm,7,7,0.1,fixed horizon 100,0.6482196482196482,0.0,0.0015873015873015873,0.005019488349473618,0.07027027027027027,0.013956696743089792,0.5343414843414843,0.00832443248019247,0.04,0.04653420353638205,0.932972972972973,0.011450305142931525,0.96,0.04653420353638207,0.06702702702702702,0.01145030514293154,1.138806176733364
lstm,8,8,0.1,fixed horizon 100,0.5921052631578947,0.0,0.1375,0.044139579394640846,0.21842105263157893,0.05122386428300503,0.5404605263157894,0.04067852740374988,0.6345317683595177,0.1495269029843656,0.9249078947368421,0.02643234786284849,0.3654682316404823,0.14952690298436563,0.0750921052631579,0.02643234786284849,1.2263873359702857
lstm,9,9,0.1,fixed horizon 100,0.5798611111111112,0.0,0.30833333333333335,0.08924504266682586,0.378125,0.10870329456828805,0.5348958333333333,0.019201280752268457,0.5212015016987843,0.21929356236361086,0.8258125,0.0824481239468862,0.4787984983012157,0.2192935623636109,0.17418750000000002,0.08244812394688618,1.4583601035260148
lstm,0,0,0.15,fixed horizon 100,0.7318200924758301,0.0,0.19508196721311474,0.009305675609795843,0.4615384615384615,0.05796863233440398,0.6332282471626733,0.0277187581583936,0.37406729323308274,0.06961927405809594,0.7121794871794871,0.0389224519391734,0.6259327067669173,0.06961927405809594,0.28782051282051285,0.038922451939173416,1.2161442916230718
lstm,1,1,0.15,fixed horizon 100,0.5646879756468798,0.0,0.11780821917808218,0.0529365360591395,0.19629629629629627,0.03513641844631533,0.5392440385591071,0.013644263274507507,0.5042,0.24602168929778995,0.9063333333333332,0.04184345667647673,0.4958,0.24602168929778992,0.09366666666666666,0.04184345667647672,1.5351182273351776
lstm,2,2,0.15,fixed horizon 100,0.4708952228020874,0.0,0.897872340425532,0.08011359572449898,0.7622641509433963,0.052770256511705756,0.4321959052589322,0.01563427355612317,0.15903262044724042,0.03752952254689906,0.36011320754716986,0.03589032161066595,0.8409673795527596,0.03752952254689912,0.6398867924528301,0.03589032161066595,1.2243923101647551
lstm,3,3,0.15,fixed horizon 100,0.6606570512820513,0.0,0.4,0.03903741478487554,0.5884615384615385,0.0685627792672869,0.5942307692307692,0.025457296701842127,0.38085620934209646,0.09823615049645977,0.6338846153846154,0.08252142948826277,0.6191437906579036,0.09823615049645976,0.3661153846153846,0.08252142948826277,1.4158074460164536
lstm,4,4,0.15,fixed horizon 100,0.5441426146010188,0.0,0.23157894736842105,0.05084693595154189,0.2870967741935484,0.046123893740918756,0.5277589134125636,0.014044896804077701,0.5417879671412179,0.13362836964810082,0.8644516129032258,0.05164616983471638,0.4582120328587821,0.13362836964810082,0.1355483870967742,0.05164616983471637,1.471039559306692
lstm,5,5,0.15,fixed horizon 100,0.47696669029057404,0.0,0.043373493975903614,0.018139100065279058,0.11176470588235295,0.018601633295108114,0.5341956059532247,0.012047324213769913,0.8414999999999999,0.03535926721211539,0.9818235294117648,0.005401596016295598,0.15850000000000003,0.035359267212115415,0.01817647058823526,0.005401596016295592,1.086991581042672
lstm,6,6,0.15,fixed horizon 100,0.6211755233494364,0.0,0.08518518518518518,0.021736810940319762,0.15434782608695652,0.04746238519945743,0.5345813204508857,0.018953378275199686,0.5772138888888889,0.08465055058899831,0.9343043478260868,0.026266251807918185,0.42278611111111114,0.08465055058899838,0.06569565217391304,0.026266251807918185,1.2156672643736939
lstm,7,7,0.15,fixed horizon 100,0.6482196482196482,0.0,0.01746031746031746,0.005019488349473618,0.11621621621621622,0.028631078526253517,0.5493779493779494,0.013065862888970452,0.22898333333333337,0.1453947256078016,0.9123783783783784,0.021075228262759278,0.7710166666666667,0.1453947256078016,0.08762162162162163,0.02107522826275931,1.2312924198803203
lstm,8,8,0.15,fixed horizon 100,0.5921052631578947,0.0,0.2,0.04303314829119353,0.27894736842105267,0.06929269353730351,0.5394736842105263,0.02080445829058141,0.5913006986702727,0.14012296837460675,0.8900394736842105,0.02865220664851989,0.4086993013297273,0.14012296837460678,0.10996052631578945,0.028652206648519883,1.3295025099982263
lstm,9,9,0.15,fixed horizon 100,0.5798611111111112,0.0,0.5166666666666667,0.10892919385076107,0.63125,0.15418778008577,0.5572916666666667,0.035379106656937165,0.5556648278551448,0.14786795116731372,0.7311875,0.08971732348705326,0.44433517214485524,0.14786795116731372,0.2688125,0.08971732348705327,2.052841180633542
lstm,0,0,0.2,fixed horizon 100,0.7318200924758301,0.0,0.21475409836065573,0.02614969642405552,0.5717948717948718,0.04689185204904346,0.678520386717108,0.028654472200706722,0.3920003803976344,0.08138199557096008,0.6532051282051282,0.04806584867703641,0.6079996196023656,0.08138199557096008,0.3467948717948718,0.048065848677036394,1.3405654281641295
lstm,1,1,0.2,fixed horizon 100,0.5646879756468798,0.0,0.1780821917808219,0.027397260273972605,0.31481481481481477,0.03599353021509444,0.5683663115169965,0.012046234226623539,0.5239960317460317,0.09178578205310463,0.8508148148148148,0.028854469312904897,0.47600396825396823,0.09178578205310464,0.14918518518518523,0.028854469312904897,1.5786828543566058
lstm,2,2,0.2,fixed horizon 100,0.4708952228020874,0.0,0.9319148936170214,0.04348853820356282,0.7905660377358491,0.03607454188603774,0.4293255720594139,0.01565420398889407,0.19097492604931382,0.08602786335774973,0.3602830188679246,0.07484954517166134,0.8090250739506862,0.08602786335774977,0.6397169811320754,0.07484954517166133,1.6049742181400557
lstm,3,3,0.2,fixed horizon 100,0.6606570512820513,0.0,0.4729166666666667,0.024156287681841797,0.7115384615384615,0.032686022523030676,0.6193108974358974,0.008894270873347125,0.354215664965665,0.08684879605916505,0.5383846153846154,0.07653686164199944,0.6457843350343351,0.08684879605916505,0.46161538461538465,0.07653686164199942,1.4493856508627292
lstm,4,4,0.2,fixed horizon 100,0.5441426146010188,0.0,0.37105263157894736,0.08634894527947165,0.4161290322580645,0.10023674138857136,0.5225382003395586,0.02191790939061715,0.38866359462977107,0.14944362272972594,0.7351290322580646,0.11836692277789616,0.6113364053702288,0.14944362272972592,0.26487096774193547,0.11836692277789615,1.5954583519123235
lstm,5,5,0.2,fixed horizon 100,0.47696669029057404,0.0,0.09518072289156627,0.02439573100158625,0.11764705882352941,0.0,0.5112331679659816,0.012197865500793097,0.7945,0.02957570324138079,0.9758235294117646,0.003479494498985953,0.20550000000000002,0.029575703241380782,0.0241764705882353,0.003479494498985968,1.114778174338786
lstm,6,6,0.2,fixed horizon 100,0.6211755233494364,0.0,0.14814814814814814,0.03024061410843429,0.25434782608695655,0.038412632697677036,0.5530998389694042,0.020998779712121104,0.5631365800865801,0.07162302714820128,0.8875434782608697,0.030549310048926623,0.4368634199134199,0.07162302714820128,0.11245652173913041,0.030549310048926612,1.4423228894934248
lstm,7,7,0.2,fixed horizon 100,0.6482196482196482,0.0,0.02222222222222222,0.011098506329842873,0.2135135135135135,0.03703568430827832,0.5956456456456456,0.014871825808124057,0.4451130952380953,0.10566374776519968,0.8804054054054055,0.03736626995061072,0.5548869047619047,0.10566374776519971,0.11959459459459457,0.037366269950610716,1.3165636423583715
lstm,8,8,0.2,fixed horizon 100,0.5921052631578947,0.0,0.3375,0.15271463341559402,0.38552631578947366,0.08881985045946508,0.5240131578947368,0.03882002240110538,0.6156170577503032,0.07835953223766304,0.8543026315789474,0.031929285348252116,0.3843829422496968,0.07835953223766298,0.1456973684210526,0.03192928534825211,1.3825521011738648
lstm,9,9,0.2,fixed horizon 100,0.5798611111111112,0.0,0.7166666666666667,0.0772468652393119,0.8203125,0.03395417919376378,0.5518229166666666,0.0281313400204321,0.4636783592892083,0.05282788567932232,0.559828125,0.04863771624373673,0.5363216407107917,0.05282788567932231,0.440171875,0.04863771624373672,2.1054526003879035
lstm,0,0,0.3,fixed horizon 100,0.7318200924758301,0.0,0.31967213114754095,0.041074580268778436,0.7282051282051282,0.05156616454358414,0.7042664985287936,0.03759630793924242,0.3864617277189914,0.058150362221084176,0.5553589743589743,0.02716912397174537,0.6135382722810087,0.05815036222108415,0.4446410256410257,0.027169123971745354,1.3370256727210976
lstm,1,1,0.3,fixed horizon 100,0.5646879756468798,0.0,0.40410958904109584,0.060663608472997364,0.4148148148148148,0.02342427896421022,0.5053526128868595,0.025187205740998177,0.3873286713286713,0.03638173896427295,0.7453333333333333,0.02825310732405217,0.6126713286713287,0.03638173896427294,0.25466666666666665,0.02825310732405218,1.2503404257243722
lstm,2,2,0.3,fixed horizon 100,0.4708952228020874,0.0,0.9680851063829788,0.015044825131628642,0.8735849056603774,0.03882087889814078,0.45274989963869927,0.013299359792656019,0.24075186990160624,0.04854286838150109,0.3354150943396227,0.06773599796763648,0.7592481300983938,0.048542868381501104,0.6645849056603773,0.0677359979676365,1.694398719963098
lstm,3,3,0.3,fixed horizon 100,0.6606570512820513,0.0,0.5833333333333333,0.025983731852596777,0.85,0.0360345367245005,0.6333333333333333,0.013483354659526344,0.29843727926382124,0.030312354752381802,0.4035961538461539,0.037828122876266024,0.7015627207361788,0.030312354752381792,0.5964038461538461,0.037828122876265996,1.2252816342239325
lstm,4,4,0.3,fixed horizon 100,0.5441426146010188,0.0,0.5842105263157895,0.07104721660111082,0.6870967741935484,0.06279054331465135,0.5514431239388794,0.014170610551333755,0.2731770722060875,0.046658205063406025,0.4987903225806452,0.07312295407258929,0.7268229277939124,0.04665820506340599,0.5012096774193548,0.07312295407258929,1.398977140802422
lstm,5,5,0.3,fixed horizon 100,0.47696669029057404,0.0,0.12409638554216869,0.03726509464951661,0.11764705882352941,0.0,0.49677533664068035,0.018632547324758286,0.756,0.021832697191750433,0.9712941176470589,0.002568552610794137,0.244,0.021832697191750433,0.028705882352941182,0.0025685526107941457,1.2094637830552881
lstm,6,6,0.3,fixed horizon 100,0.6211755233494364,0.0,0.39444444444444443,0.10144888485527227,0.5869565217391305,0.14162913250501494,0.596256038647343,0.02469168620986591,0.3562988197062794,0.07292296589667759,0.6132391304347826,0.12627561473169088,0.6437011802937207,0.0729229658966776,0.3867608695652174,0.12627561473169086,1.395287198591967
lstm,7,7,0.3,fixed horizon 100,0.6482196482196482,0.0,0.07619047619047618,0.014586294975756848,0.39729729729729735,0.028631078526253528,0.6605534105534105,0.012379737199982605,0.3512066365007541,0.02606885800097816,0.7417567567567568,0.026991944197075252,0.6487933634992459,0.02606885800097817,0.2582432432432432,0.026991944197075266,1.0958760349369103
lstm,8,8,0.3,fixed horizon 100,0.5921052631578947,0.0,0.6458333333333333,0.10622957319984967,0.6644736842105263,0.08821133930315248,0.5093201754385965,0.02405209599047099,0.5197253749775985,0.07320780116110306,0.6774605263157895,0.07889140438444145,0.4802746250224015,0.07320780116110304,0.32253947368421054,0.07889140438444141,1.3878121056681925
lstm,9,9,0.3,fixed horizon 100,0.5798611111111112,0.0,0.8805555555555555,0.026352313834736456,0.928125,0.02109214242845477,0.5237847222222223,0.009333111149802505,0.21109253176208936,0.0596511852385304,0.267109375,0.0664658535615856,0.7889074682379106,0.05965118523853044,0.732890625,0.06646585356158563,1.3873153127661189
lstm,0,0,0.01,fixed horizon 148,0.8066414459857082,0.0,0.006557377049180328,0.011462391783280346,0.03076923076923077,0.0358567127579539,0.5121059268600252,0.012758613301420144,0.5558370870870871,0.23637878732373,0.9845980595980596,0.021215495908069988,0.44416291291291293,0.23637878732373,0.015401940401940406,0.021215495908069985,1.2308010134310647
lstm,1,1,0.01,fixed horizon 148,0.5941146626078133,0.0,0.0,0.0,0.0,0.0,0.5,0.0,,,1.0,0.0,,,0.0,0.0,1.1747924798856393
lstm,2,2,0.01,fixed horizon 148,0.4733038940184665,0.0,0.4,0.09609863651605288,0.360377358490566,0.10465605344066461,0.480188679245283,0.03953867861045101,0.13988390086216174,0.21826387583466034,0.679105048444671,0.11317047653061625,0.8601160991378383,0.21826387583466034,0.3208949515553289,0.11317047653061625,1.2244519895594326
lstm,3,3,0.01,fixed horizon 148,0.7003205128205129,0.0,0.05833333333333333,0.05178153300640903,0.12307692307692308,0.07541251881975766,0.5323717948717949,0.01956251720527863,0.14624758687258688,0.19462615938300099,0.901754158004158,0.05978045649228691,0.853752413127413,0.19462615938300099,0.09824584199584199,0.059780456492286915,1.2472366186967787
lstm,4,4,0.01,fixed horizon 148,0.5742784380305603,0.0,0.0,0.0,0.024193548387096774,0.029691830691363604,0.5120967741935484,0.014845915345681783,0.8199324324324324,0.11792669985045243,0.995891455972101,0.006000179441744147,0.1800675675675676,0.11792669985045243,0.004108544027898864,0.006000179441744147,1.1239559510571162
lstm,5,5,0.01,fixed horizon 148,0.4762579730687456,0.0,0.0,0.0,0.0,0.0,0.5,0.0,,,1.0,0.0,,,0.0,0.0,1.1226767956195156
lstm,6,6,0.01,fixed horizon 148,0.6038647342995169,0.0,0.0,0.0,0.0,0.0,0.5,0.0,,,1.0,0.0,,,0.0,0.0,1.1681241813152794
lstm,7,7,0.01,fixed horizon 148,0.7885027885027885,0.0,0.0,0.0,0.06756756756756757,0.019110994086122907,0.5337837837837838,0.009555497043061491,0.12471846846846849,0.16871719060589674,0.9437363038714389,0.0029539391220799113,0.8752815315315315,0.16871719060589674,0.056263696128561004,0.002953939122079898,1.1288854861025155
lstm,8,8,0.01,fixed horizon 148,0.5729166666666666,0.0,0.008333333333333333,0.01756820922315766,0.07368421052631578,0.05306836302545324,0.5326754385964912,0.024587931232609037,0.36138411138411136,0.3543774589177097,0.9652560455192034,0.0180561326361708,0.6386158886158886,0.35437745891770966,0.03474395448079657,0.0180561326361708,1.2565533399529365
lstm,9,9,0.01,fixed horizon 148,0.5551215277777778,0.0,0.01388888888888889,0.014640174352631385,0.0234375,0.018414239093399676,0.5047743055555556,0.005463312380931491,0.052123552123552123,0.13204313332017945,0.9776815878378379,0.018231761680923393,0.9478764478764479,0.13204313332017945,0.02231841216216216,0.018231761680923397,1.1894875526145992
lstm,0,0,0.025,fixed horizon 148,0.8066414459857082,0.0,0.018032786885245903,0.019626540979309257,0.08717948717948718,0.060677741365124285,0.5345733501471206,0.025996174899603333,0.4934543918918919,0.23480702628149716,0.9557172557172556,0.042493385654697464,0.5065456081081081,0.23480702628149716,0.04428274428274429,0.04249338565469744,1.17678234795805
lstm,1,1,0.025,fixed horizon 148,0.5941146626078133,0.0,0.00410958904109589,0.009245870653569218,0.007407407407407407,0.015616185976140144,0.5016489091831557,0.009962416183034615,0.6148648648648648,0.5351078344114414,0.9971471471471471,0.008933930039593698,0.38513513513513514,0.5351078344114413,0.0028528528528528607,0.008933930039593696,1.0997066661664303
lstm,2,2,0.025,fixed horizon 148,0.4733038940184665,0.0,0.5382978723404255,0.11035151046714844,0.5245283018867924,0.06762103172687098,0.4931152147731835,0.02719460805606422,0.0972274077967451,0.07885396155044093,0.5227180010198877,0.09646167067572056,0.9027725922032548,0.07885396155044092,0.4772819989801122,0.09646167067572055,1.1310835381496513
lstm,3,3,0.025,fixed horizon 148,0.7003205128205129,0.0,0.16666666666666669,0.12108052620946316,0.3326923076923077,0.1565074309318367,0.5830128205128206,0.02900203214192858,0.25667828391088154,0.19027676596956658,0.7720374220374221,0.06719028370808763,0.7433217160891185,0.19027676596956658,0.22796257796257793,0.06719028370808765,1.1885223028781984
lstm,4,4,0.025,fixed horizon 148,0.5742784380305603,0.0,0.0,0.0,0.04838709677419355,0.05100447838981257,0.5241935483870968,0.025502239194906268,0.7808236808236808,0.11585113494401994,0.9903988666085441,0.011293726814183587,0.2191763191763192,0.11585113494401994,0.009601133391455963,0.011293726814183579,1.0847476184856162
lstm,5,5,0.025,fixed horizon 148,0.4762579730687456,0.0,0.0024096385542168677,0.005079964112720288,0.0,0.0,0.49879518072289153,0.0025399820563601558,,,1.0,0.0,,,0.0,0.0,1.0718562540311272
lstm,6,6,0.025,fixed horizon 148,0.6038647342995169,0.0,0.0,0.0,0.0,0.0,0.5,0.0,,,1.0,0.0,,,0.0,0.0,1.1166963240417667
lstm,7,7,0.025,fixed horizon 148,0.7885027885027885,0.0,0.0,0.0,0.07567567567567568,0.024836123877640042,0.5378378378378378,0.012418061938820056,0.1850788288288288,0.20214165243629703,0.9427684441197954,0.004080855027731299,0.8149211711711711,0.20214165243629703,0.057231555880204545,0.004080855027731297,1.0822581289006519
lstm,8,8,0.025,fixed horizon 148,0.5729166666666666,0.0,0.020833333333333332,0.021960261528947075,0.13157894736842107,0.050390900408228315,0.5553728070175439,0.02576819189596133,0.6374544562044562,0.09251891387946976,0.9517603129445235,0.02204151997914281,0.3625455437955438,0.09251891387946976,0.04823968705547652,0.022041519979142832,1.2062398305913196
lstm,9,9,0.025,fixed horizon 148,0.5551215277777778,0.0,0.02777777777777778,0.0130945700219731,0.121875,0.0761201079435213,0.5470486111111111,0.03830563920661596,0.32236164736164735,0.33648768533093115,0.9392947635135135,0.017096232610485783,0.6776383526383526,0.3364876853309312,0.06070523648648647,0.017096232610485783,1.1111708265106703
lstm,0,0,0.05,fixed horizon 148,0.8066414459857082,0.0,0.05081967213114754,0.033194191362814075,0.21538461538461537,0.10270645391999864,0.582282471626734,0.038997558322002475,0.5677258760592094,0.21896367377533937,0.9096673596673597,0.06619603738877687,0.43227412394079057,0.2189636737753394,0.09033264033264035,0.06619603738877688,1.2151441334977489
lstm,1,1,0.05,fixed horizon 148,0.5941146626078133,0.0,0.012328767123287671,0.0176258073658619,0.06666666666666667,0.06485889153858615,0.5271689497716895,0.034515887415906076,0.7243404118404119,0.31705464901228914,0.9901401401401401,0.010464198246688691,0.2756595881595882,0.31705464901228914,0.009859859859859887,0.01046419824668868,1.1189133589950422
lstm,2,2,0.05,fixed horizon 148,0.4733038940184665,0.0,0.6127659574468085,0.1417730319060228,0.590566037735849,0.11287512339426486,0.48890004014452026,0.028928987033821466,0.11117779744347678,0.07032995741821181,0.47303671596124425,0.11534324600070114,0.8888222025565232,0.07032995741821177,0.5269632840387558,0.11534324600070114,1.1259741624360724
lstm,3,3,0.05,fixed horizon 148,0.7003205128205129,0.0,0.26458333333333334,0.14028809093002204,0.48269230769230764,0.1697084362080568,0.6090544871794872,0.02462615528286202,0.3083264468194243,0.2824896549287366,0.6938799376299376,0.11979271463144288,0.6916735531805758,0.2824896549287366,0.3061200623700624,0.11979271463144288,1.1947735553392005
lstm,4,4,0.05,fixed horizon 148,0.5742784380305603,0.0,0.007894736842105263,0.012711733987885472,0.11935483870967742,0.054404776949133406,0.5557300509337861,0.03043954359669815,0.7932658849325516,0.08876067366588104,0.9774520488230166,0.011515542076113564,0.2067341150674484,0.08876067366588104,0.022547951176983418,0.011515542076113567,1.092542256191336
lstm,5,5,0.05,fixed horizon 148,0.4762579730687456,0.0,0.004819277108433735,0.006221659993907497,0.029411764705882353,0.03100272215851352,0.5122962437987243,0.014511935762983905,0.8756756756756756,0.12682200245538341,0.9963434022257551,0.006292151219115389,0.12432432432432435,0.12682200245538341,0.00365659777424483,0.006292151219115376,1.0851944753830711
lstm,6,6,0.05,fixed horizon 148,0.6038647342995169,0.0,0.009259259259259259,0.015737714548125878,0.008695652173913044,0.01833204440677321,0.49971819645732685,0.010060027672592444,0.7516891891891893,0.3272757737248548,0.9978407755581669,0.0065740677794718615,0.2483108108108108,0.3272757737248548,0.002159224441833152,0.006574067779471875,1.1057352436287395
lstm,7,7,0.05,fixed horizon 148,0.7885027885027885,0.0,0.006349206349206349,0.008196790150703527,0.0972972972972973,0.02279119034355589,0.5454740454740454,0.01150462590494369,0.26938063063063067,0.17857355408359568,0.9319028487947406,0.010460174758395299,0.7306193693693694,0.17857355408359565,0.0680971512052593,0.010460174758395283,1.068402529420338
lstm,8,8,0.05,fixed horizon 148,0.5729166666666666,0.0,0.1125,0.05572889624371911,0.24605263157894738,0.04885972786538113,0.5667763157894736,0.02063974641829742,0.6553714607464608,0.09920781314664502,0.9160384068278805,0.028337322791030534,0.34462853925353926,0.09920781314664504,0.0839615931721195,0.028337322791030503,1.2158356053256607
lstm,9,9,0.05,fixed horizon 148,0.5551215277777778,0.0,0.11111111111111112,0.04721314364437765,0.190625,0.08359334436557866,0.5397569444444444,0.041539479234193745,0.34281231575349225,0.3078443825625622,0.8913640202702702,0.05116487047747596,0.6571876842465078,0.30784438256256225,0.10863597972972974,0.051164870477475956,1.2562328216958956
lstm,0,0,0.075,fixed horizon 148,0.8066414459857082,0.0,0.10163934426229508,0.04688002314650758,0.43076923076923074,0.1546984936307524,0.6645649432534678,0.059642550848077194,0.645071085071085,0.1283292962610441,0.8564275814275815,0.06291396623037357,0.354928914928915,0.1283292962610441,0.14357241857241854,0.06291396623037357,1.2169630159339908
lstm,1,1,0.075,fixed horizon 148,0.5941146626078133,0.0,0.01643835616438356,0.01915632599397537,0.1222222222222222,0.06994674308254467,0.5528919330289194,0.036493695516057974,0.6621364221364222,0.34240120221940756,0.9707707707707709,0.024128588756949888,0.33786357786357785,0.34240120221940756,0.029229229229229194,0.024128588756949888,1.2457655893348334
lstm,2,2,0.075,fixed horizon 148,0.4733038940184665,0.0,0.7042553191489362,0.06761807907264131,0.6641509433962264,0.0721490837720754,0.47994781212364507,0.019358478283974016,0.07451561496814492,0.04676167152601936,0.38751912289648144,0.049607356486597504,0.925484385031855,0.04676167152601937,0.6124808771035186,0.04960735648659747,1.2371404949551308
lstm,3,3,0.075,fixed horizon 148,0.7003205128205129,0.0,0.38333333333333336,0.1141933599505248,0.6557692307692308,0.17589117503995538,0.6362179487179487,0.041762436507889036,0.3546261004594309,0.22461169005288822,0.6056392931392931,0.0896965649185166,0.6453738995405691,0.22461169005288825,0.39436070686070684,0.08969656491851659,1.237184229515078
lstm,4,4,0.075,fixed horizon 148,0.5742784380305603,0.0,0.05263157894736842,0.04641668966779983,0.18548387096774194,0.08162487339080095,0.5664261460101867,0.02972838195996449,0.6665462577962578,0.2577345106005698,0.9473517872711421,0.035755258110755056,0.33345374220374224,0.25773451060056984,0.052648212728857904,0.03575525811075506,1.0922779947749133
lstm,5,5,0.075,fixed horizon 148,0.4762579730687456,0.0,0.010843373493975903,0.006839110990331888,0.052941176470588235,0.018601633295108114,0.5210489014883061,0.010106229167943176,0.8858858858858859,0.10176965728656705,0.9939586645468997,0.006030052033272147,0.11411411411411414,0.10176965728656705,0.006041335453100172,0.0060300520332721465,1.143791740893581
lstm,6,6,0.075,fixed horizon 148,0.6038647342995169,0.0,0.02222222222222222,0.02589651476963337,0.06521739130434782,0.03240678228260565,0.5214975845410628,0.013571598577757188,0.853963963963964,0.197661001903449,0.9914659224441833,0.012131802912803039,0.14603603603603604,0.19766100190344904,0.008534077555816677,0.012131802912803061,1.1328440290626656
lstm,7,7,0.075,fixed horizon 148,0.7885027885027885,0.0,0.012698412698412698,0.010038976698947237,0.13513513513513514,0.05697797585888972,0.5612183612183612,0.026340416730462213,0.4120425782925783,0.2503057473555515,0.9322132943754564,0.012740604558030987,0.5879574217074217,0.2503057473555515,0.0677867056245435,0.012740604558030983,1.1429026482360078
lstm,8,8,0.075,fixed horizon 148,0.5729166666666666,0.0,0.24166666666666664,0.1285003722913375,0.33421052631578946,0.0659938346449264,0.5462719298245614,0.04327337203089823,0.70454724202531,0.10272197930202322,0.9026760312944523,0.03647219409173719,0.29545275797469006,0.10272197930202316,0.09732396870554766,0.03647219409173719,1.5029838644001066
lstm,9,9,0.075,fixed horizon 148,0.5551215277777778,0.0,0.2111111111111111,0.10492011462381698,0.3015625,0.11316594946385398,0.5452256944444445,0.05656876805469452,0.42108802077280333,0.2681696912607762,0.8471494932432432,0.06242449490575507,0.5789119792271966,0.2681696912607763,0.15285050675675677,0.06242449490575513,1.2476813301768135
lstm,0,0,0.1,fixed horizon 148,0.8066414459857082,0.0,0.14098360655737704,0.03558212152152941,0.5897435897435898,0.10397884667176445,0.7243799915931064,0.04276032484649912,0.6573182263290959,0.09603361250190617,0.7935724185724187,0.0802294950606918,0.34268177367090413,0.09603361250190619,0.20642758142758133,0.08022949506069181,1.2402633099353735
lstm,1,1,0.1,fixed horizon 148,0.5941146626078133,0.0,0.05205479452054794,0.034048131291885386,0.13333333333333333,0.06098315572952331,0.5406392694063926,0.0371892017395856,0.6226287001287001,0.3238647970342215,0.9628878878878879,0.0205144329075293,0.37737129987129986,0.3238647970342214,0.037112112112112114,0.020514432907529283,1.6796995107969834
lstm,2,2,0.1,fixed horizon 148,0.4733038940184665,0.0,0.7680851063829788,0.047523022887236734,0.7528301886792452,0.05295731933338589,0.4923725411481333,0.014672442310446373,0.14447358232241952,0.06309143049854864,0.35794237633860276,0.03704300974429542,0.8555264176775804,0.06309143049854866,0.6420576236613973,0.03704300974429544,1.2274341413375605
lstm,3,3,0.1,fixed horizon 148,0.7003205128205129,0.0,0.4875,0.07427634420622743,0.7923076923076924,0.046930782609546466,0.6524038461538462,0.017968103593060423,0.5857538809573694,0.23145640031644124,0.6727650727650728,0.1783031242078926,0.41424611904263076,0.23145640031644124,0.3272349272349272,0.1783031242078926,1.4394482235464519
lstm,4,4,0.1,fixed horizon 148,0.5742784380305603,0.0,0.12105263157894737,0.06587713458076698,0.2532258064516129,0.07294809416380964,0.5660865874363328,0.019801569545436923,0.6397139225264226,0.1851086692204078,0.9124455100261551,0.04563781583081318,0.3602860774735775,0.1851086692204078,0.08755448997384482,0.04563781583081323,1.1580250601429902
lstm,5,5,0.1,fixed horizon 148,0.4762579730687456,0.0,0.01566265060240964,0.005819830018549976,0.06470588235294118,0.018601633295108114,0.5245216158752657,0.010333670662923391,0.8324324324324325,0.11505460393313488,0.9885532591414945,0.009613732658724785,0.16756756756756758,0.11505460393313487,0.011446740858505555,0.0096137326587248,1.1531768781033158
lstm,6,6,0.1,fixed horizon 148,0.6038647342995169,0.0,0.04259259259259259,0.03153590067764148,0.09565217391304348,0.05631698326876942,0.5265297906602254,0.022065084814631007,0.7545541076791077,0.18875825568073046,0.9788484136310224,0.01864237601434206,0.24544589232089234,0.18875825568073046,0.021151586368977682,0.01864237601434205,1.116100058171528
lstm,7,7,0.1,fixed horizon 148,0.7885027885027885,0.0,0.015873015873015872,0.010582010582010581,0.15945945945945947,0.07900238294916669,0.5717932217932218,0.036416643668349596,0.39644144144144144,0.2569939634477821,0.9211650840029219,0.016043366782527938,0.6035585585585586,0.2569939634477821,0.07883491599707818,0.016043366782527938,1.1328558989991808
lstm,8,8,0.1,fixed horizon 148,0.5729166666666666,0.0,0.31666666666666665,0.12607561908789128,0.35526315789473684,0.06709236202095768,0.5192982456140351,0.043249903902936954,0.6804383984139418,0.11353791620987654,0.8884423897581792,0.04196573209162449,0.3195616015860581,0.11353791620987655,0.11155761024182076,0.041965732091624505,1.4274542422846994
lstm,9,9,0.1,fixed horizon 148,0.5551215277777778,0.0,0.28888888888888886,0.10159901277292743,0.409375,0.07960405489392834,0.5602430555555555,0.040943440403455725,0.5606909242787996,0.20618104356866712,0.8276710304054055,0.07396656759856499,0.4393090757212003,0.20618104356866715,0.1723289695945946,0.073966567598565,1.6571290510724246
lstm,0,0,0.15,fixed horizon 148,0.8066414459857082,0.0,0.18524590163934426,0.025688872729056088,0.6641025641025642,0.11431923472391593,0.7394283312316099,0.06313204601967382,0.5204750963843523,0.0510116434473468,0.6833679833679834,0.057088214876411206,0.4795249036156477,0.051011643447346836,0.31663201663201657,0.057088214876411206,1.362057517386269
lstm,1,1,0.15,fixed horizon 148,0.5941146626078133,0.0,0.07534246575342465,0.04096885489709215,0.274074074074074,0.0557609372377097,0.5993658041603247,0.028818536315680515,0.629548477048477,0.094848277143268,0.8992742742742743,0.0307352522018481,0.37045152295152295,0.09484827714326798,0.10072572572572573,0.030735252201848102,1.8805834785878226
lstm,2,2,0.15,fixed horizon 148,0.4733038940184665,0.0,0.9085106382978724,0.09675069065409908,0.8150943396226416,0.08142164695689184,0.45329185066238453,0.019835810135740296,0.1865991010773951,0.03993183636910996,0.33922743498215197,0.0487642127814366,0.8134008989226048,0.03993183636910996,0.660772565017848,0.04876421278143658,1.315277865207523
lstm,3,3,0.15,fixed horizon 148,0.7003205128205129,0.0,0.5791666666666667,0.07401618108041241,0.851923076923077,0.06907032690795374,0.6363782051282051,0.015300547851481744,0.5144434549253246,0.1780890753310819,0.5803404365904365,0.1716897531005403,0.4855565450746754,0.17808907533108187,0.4196595634095634,0.17168975310054033,1.5604417752234738
lstm,4,4,0.15,fixed horizon 148,0.5742784380305603,0.0,0.25263157894736843,0.06587713458076698,0.35161290322580646,0.0525673400498078,0.549490662139219,0.0261985387761659,0.5677873154068807,0.18758174164224553,0.8550566695727987,0.053613556319381805,0.43221268459311935,0.18758174164224556,0.14494333042720137,0.053613556319381785,1.585827268396514
lstm,5,5,0.15,fixed horizon 148,0.4762579730687456,0.0,0.028915662650602407,0.019837894032495532,0.08823529411764705,0.03100272215851352,0.5296598157335223,0.013460497362978115,0.658108108108108,0.09244939959827035,0.9675675675675676,0.01801236701807345,0.3418918918918919,0.09244939959827035,0.032432432432432434,0.018012367018073468,1.2250579651089328
lstm,6,6,0.15,fixed horizon 148,0.6038647342995169,0.0,0.08333333333333333,0.02350547254896268,0.15,0.06676898260747503,0.5333333333333333,0.0248039975498487,0.5872173134673135,0.13904907034205535,0.9408930669800235,0.02266345406168788,0.4127826865326865,0.13904907034205533,0.05910693301997649,0.02266345406168788,1.1417441971441025
lstm,7,7,0.15,fixed horizon 148,0.7885027885027885,0.0,0.02857142857142857,0.010038976698947237,0.227027027027027,0.08374018045853875,0.5992277992277992,0.038382714174013566,0.5191108722358722,0.17496558579687096,0.9032870708546383,0.01632387409791788,0.4808891277641278,0.17496558579687096,0.09671292914536159,0.0163238740979179,1.2768139634281144
lstm,8,8,0.15,fixed horizon 148,0.5729166666666666,0.0,0.4333333333333334,0.2080553701230445,0.48026315789473684,0.15608736534451093,0.5234649122807017,0.04176657765889137,0.6315607188916161,0.10266799911487975,0.8345750355618776,0.03544854238374759,0.3684392811083839,0.10266799911487981,0.16542496443812235,0.03544854238374761,1.4493845022880947
lstm,9,9,0.15,fixed horizon 148,0.5551215277777778,0.0,0.538888888888889,0.10813926904189951,0.6578125,0.07005159928581217,0.5594618055555556,0.0338510751595724,0.4905182262598212,0.12252968064630777,0.665720016891892,0.0848579722096964,0.5094817737401788,0.12252968064630779,0.33427998310810814,0.08485797220969642,2.047313128940743
lstm,0,0,0.2,fixed horizon 148,0.8066414459857082,0.0,0.22295081967213112,0.01583757021441469,0.7794871794871795,0.01792835637897691,0.7782681799075242,0.0132573422488618,0.48064112777961493,0.0596632859309719,0.5953049203049203,0.0468122160479634,0.519358872220385,0.0596632859309719,0.4046950796950797,0.046812216047963415,1.3896529799721389
lstm,1,1,0.2,fixed horizon 148,0.5941146626078133,0.0,0.16575342465753423,0.037348137071558964,0.3592592592592593,0.024998094730020477,0.5967529173008626,0.008584512201200503,0.5125863363363363,0.06049100391440519,0.8238738738738739,0.02951345446949965,0.4874136636636637,0.06049100391440522,0.17612612612612608,0.029513454469499642,1.821807542815047
lstm,2,2,0.2,fixed horizon 148,0.4733038940184665,0.0,0.9425531914893617,0.07900721952699928,0.8641509433962264,0.06401514792452563,0.4607988759534324,0.017227371236975566,0.1982348911661685,0.03024319257488891,0.30813360530341666,0.043285447366745056,0.8017651088338316,0.030243192574888906,0.6918663946965833,0.04328544736674506,1.3905932628369442
lstm,3,3,0.2,fixed horizon 148,0.7003205128205129,0.0,0.6458333333333333,0.045005143738943466,0.8942307692307694,0.05067752660526251,0.624198717948718,0.011160567529794966,0.4449009959131849,0.08177691363895948,0.5022219334719334,0.08900929879015738,0.5550990040868151,0.08177691363895949,0.49777806652806655,0.0890092987901574,1.7663947448868835
lstm,4,4,0.2,fixed horizon 148,0.5742784380305603,0.0,0.41578947368421054,0.0688470767380652,0.467741935483871,0.054298413647107954,0.5259762308998303,0.019124573062639844,0.5078364458505792,0.14571173142370186,0.7670989537925021,0.08639825124239534,0.4921635541494208,0.14571173142370186,0.2329010462074978,0.08639825124239531,1.9194014296340511
lstm,5,5,0.2,fixed horizon 148,0.4762579730687456,0.0,0.05421686746987951,0.030716985021643283,0.11764705882352941,0.0,0.531715095676825,0.015358492510821624,0.5793918918918919,0.023527682900648855,0.950516693163752,0.002767962694194002,0.42060810810810806,0.02352768290064889,0.049483306836247985,0.0027679626941939876,1.2396955314777782
lstm,6,6,0.2,fixed horizon 148,0.6038647342995169,0.0,0.22407407407407404,0.1408841591119296,0.3521739130434783,0.16832820183460417,0.5640499194847021,0.03129380234702715,0.622899228562272,0.18356095259328892,0.8910252643948295,0.03513039759159817,0.37710077143772797,0.18356095259328895,0.10897473560517042,0.03513039759159818,1.3521897705935324
lstm,7,7,0.2,fixed horizon 148,0.7885027885027885,0.0,0.03809523809523809,0.008196790150703528,0.35135135135135137,0.04413495032041762,0.6566280566280567,0.018993950593279862,0.55564642002142,0.0742548973422178,0.8433345507669833,0.034511661930094445,0.44435357997858,0.07425489734221782,0.1566654492330168,0.034511661930094445,1.403288108323834
lstm,8,8,0.2,fixed horizon 148,0.5729166666666666,0.0,0.65,0.05957669608202001,0.6697368421052632,0.10589176341261594,0.5098684210526316,0.04468939788244692,0.6469977261276376,0.09359523983430837,0.7718616642958749,0.03181078066614762,0.35300227387236227,0.09359523983430834,0.22813833570412517,0.031810780666147655,1.528736014688941
lstm,9,9,0.2,fixed horizon 148,0.5551215277777778,0.0,0.725,0.06341071728986644,0.8109375,0.02264277616592104,0.54296875,0.02547036008926825,0.39102490438375165,0.06559018506577385,0.5062183277027027,0.05373569362855347,0.6089750956162483,0.06559018506577385,0.4937816722972973,0.05373569362855349,2.2373647645988157
lstm,0,0,0.3,fixed horizon 148,0.8066414459857082,0.0,0.28360655737704915,0.04236294523128809,0.864102564102564,0.012385792090760215,0.7902480033627575,0.019302320585584336,0.4162981162981163,0.07226195802604835,0.49566874566874564,0.06263451034102409,0.5837018837018837,0.07226195802604836,0.5043312543312544,0.0626345103410241,1.5998786008625563
lstm,1,1,0.3,fixed horizon 148,0.5941146626078133,0.0,0.32054794520547947,0.05174142638982756,0.44074074074074077,0.011712139482105113,0.5600963977676306,0.022873431547105937,0.33677313677313675,0.03206398629833156,0.7074324324324324,0.020048309592089912,0.6632268632268632,0.03206398629833157,0.29256756756756763,0.020048309592089895,1.507290269767388
lstm,2,2,0.3,fixed horizon 148,0.4733038940184665,0.0,0.9787234042553191,0.010029883421085767,0.8886792452830189,0.02875252691990554,0.4549779205138499,0.010968775461111212,0.23512619281196656,0.03576646741191239,0.31979857215706275,0.047831249755599894,0.7648738071880334,0.0357664674119124,0.6802014278429371,0.04783124975559991,1.9492530587204269
lstm,3,3,0.3,fixed horizon 148,0.7003205128205129,0.0,0.74375,0.04611654921078884,0.95,0.016216808513684,0.603125,0.016774057166019735,0.3290339561500276,0.042342462788993444,0.3624610187110187,0.04358693618892453,0.6709660438499724,0.04234246278899345,0.6375389812889812,0.04358693618892447,1.4657282702994325
lstm,4,4,0.3,fixed horizon 148,0.5742784380305603,0.0,0.6815789473684211,0.05745446629408007,0.732258064516129,0.043809782338630865,0.525339558573854,0.01531422396085338,0.3199654987189255,0.05580351392154717,0.5013731473408892,0.05746954439323955,0.6800345012810746,0.055803513921547164,0.4986268526591108,0.057469544393239536,1.662195104636302
lstm,5,5,0.3,fixed horizon 148,0.4762579730687456,0.0,0.09759036144578313,0.03428975776086194,0.11764705882352941,0.0,0.5100283486888731,0.017144878880430987,0.5266891891891892,0.021452628809785018,0.9443163751987281,0.0025238386835041253,0.4733108108108108,0.02145262880978502,0.05568362480127188,0.002523838683504153,1.391027199680853
lstm,6,6,0.3,fixed horizon 148,0.6038647342995169,0.0,0.712962962962963,0.13417941431656888,0.7782608695652173,0.09039110799717491,0.5326489533011272,0.03085979221285629,0.6217813071149039,0.11488752945127903,0.709165687426557,0.07462705933567106,0.3782186928850962,0.11488752945127906,0.29083431257344305,0.07462705933567106,1.6755762821560753
lstm,7,7,0.3,fixed horizon 148,0.7885027885027885,0.0,0.06507936507936507,0.013898333901125605,0.5837837837837838,0.049672247755280084,0.7593522093522094,0.02651899964250123,0.5064837094168936,0.04048521647873904,0.7131848064280496,0.019023389309595944,0.4935162905831064,0.04048521647873906,0.2868151935719504,0.019023389309595944,1.2390733890239214
lstm,8,8,0.3,fixed horizon 148,0.5729166666666666,0.0,0.7958333333333333,0.041434538583823066,0.8644736842105264,0.03456296193832553,0.5343201754385964,0.016181658118724723,0.5314907259104518,0.08273024912397008,0.5942656472261735,0.0770699388157669,0.4685092740895482,0.08273024912397008,0.4057343527738265,0.07706993881576692,1.6160800623718636
lstm,9,9,0.3,fixed horizon 148,0.5551215277777778,0.0,0.825,0.018748571047515376,0.903125,0.02305827460539442,0.5390625,0.011781986731193466,0.21613105609083644,0.03711355295685993,0.29188133445945946,0.042784892800472894,0.7838689439091635,0.037113552956859946,0.7081186655405405,0.0427848928004729,1.8297943405651675
lstm,0,0,0.01,fixed horizon 50,0.6628835645229088,0.0,0.0,0.0,0.017948717948717947,0.024325212770525993,0.5089743589743589,0.012162606385262995,0.875,0.21,0.9985641025641027,0.0034932074596771678,0.125,0.20999999999999996,0.001435897435897404,0.00349320745967718,1.139589464928781
lstm,1,1,0.01,fixed horizon 50,0.5941146626078132,0.0,0.0,0.0,0.0037037037037037034,0.011712139482105107,0.5018518518518518,0.005856069741052546,0.7,,0.9988888888888889,0.003513641844631555,0.30000000000000004,,0.0011111111111111183,0.0035136418446315553,1.1453465788269919
lstm,2,2,0.01,fixed horizon 50,0.49979927739863517,0.0,0.4659574468085107,0.07668106621716603,0.40943396226415096,0.08852075582516628,0.4717382577278202,0.03407069322146973,0.15202718670076726,0.11607174832754621,0.6588679245283019,0.05980335112138694,0.8479728132992328,0.11607174832754621,0.3411320754716981,0.05980335112138692,1.2036532341887491
lstm,3,3,0.01,fixed horizon 50,0.6786858974358975,0.0,0.05208333333333333,0.02986918495500912,0.14615384615384613,0.0629381420955568,0.5470352564102564,0.019743469782167827,0.28083644688644693,0.267648349682155,0.9035,0.03903944043233989,0.7191635531135531,0.26764834968215506,0.0965,0.0390394404323399,1.2241128028030772
lstm,4,4,0.01,fixed horizon 50,0.5195246179966044,0.0,0.005263157894736842,0.011095711088310103,0.0016129032258064516,0.005100447838981257,0.4981748726655348,0.0042916171735423395,0.2,,0.9987096774193549,0.004080358271184996,0.8,,0.0012903225806451535,0.004080358271184981,1.0651701734176091
lstm,5,5,0.01,fixed horizon 50,0.4167257264351523,0.0,0.0,0.0,0.0,0.0,0.5,0.0,,,1.0,0.0,,,0.0,0.0,1.104975320435197
lstm,6,6,0.01,fixed horizon 50,0.572061191626409,0.0,0.0,0.0,0.0,0.0,0.5,0.0,,,1.0,0.0,,,0.0,0.0,1.1481729033228099
lstm,7,7,0.01,fixed horizon 50,0.6233376233376234,0.0,0.0,0.0,0.05405405405405406,0.0,0.527027027027027,0.0,0.0,0.0,0.9459459459459459,0.0,1.0,0.0,0.05405405405405406,0.0,1.1077843884912375
lstm,8,8,0.01,fixed horizon 50,0.6206140350877193,0.0,0.0,0.0,0.02894736842105263,0.012091270835166864,0.5144736842105264,0.006045635417583422,0.0,0.0,0.9710526315789474,0.012091270835166886,1.0,0.0,0.02894736842105262,0.01209127083516687,1.1672594223193251
lstm,9,9,0.01,fixed horizon 50,0.541232638888889,0.0,0.01388888888888889,0.014640174352631385,0.0234375,0.01983274246318726,0.5047743055555556,0.0043930053387410285,0.005714285714285714,0.01511857892036909,0.976625,0.019861062548503186,0.9942857142857143,0.015118578920369101,0.023375,0.019861062548503176,1.1847383264618077
lstm,0,0,0.025,fixed horizon 50,0.6628835645229088,0.0,0.011475409836065573,0.017366391892973444,0.08461538461538462,0.06735346429007023,0.5365699873896596,0.027715668186817602,0.6956462585034014,0.1401889418727041,0.9742051282051282,0.02453101638431815,0.30435374149659866,0.1401889418727041,0.025794871794871777,0.024531016384318146,1.0867788014566926
lstm,1,1,0.025,fixed horizon 50,0.5941146626078132,0.0,0.0,0.0,0.018518518518518517,0.026189140043946204,0.5092592592592593,0.013094570021973072,0.62,0.14696938456699063,0.992148148148148,0.013929077657532618,0.38,0.14696938456699066,0.007851851851851865,0.013929077657532624,1.0464444615600672
lstm,2,2,0.025,fixed horizon 50,0.49979927739863517,0.0,0.6085106382978724,0.06117406710027751,0.5566037735849056,0.0557234124109099,0.4740465676435167,0.012274587800925423,0.10016954340078074,0.05253860460053678,0.4966415094339623,0.08020137031154573,0.8998304565992192,0.052538604600536803,0.5033584905660378,0.08020137031154571,1.0744507589794456
lstm,3,3,0.025,fixed horizon 50,0.6786858974358975,0.0,0.11458333333333333,0.0463252224448831,0.2865384615384615,0.08330867485274221,0.5859775641025642,0.031136908191704296,0.21793383397648106,0.202249338669988,0.7798076923076923,0.08457385344413801,0.782066166023519,0.20224933866998804,0.22019230769230766,0.08457385344413802,1.137774296218494
lstm,4,4,0.025,fixed horizon 50,0.5195246179966044,0.0,0.013157894736842105,0.013869638860387628,0.012903225806451613,0.019826977327511586,0.49987266553480475,0.007214371209277742,0.25,0.07353507603455242,0.9907096774193548,0.013776707315969288,0.75,0.07353507603455242,0.009290322580645171,0.013776707315969281,1.0127641427456127
lstm,5,5,0.025,fixed horizon 50,0.4167257264351523,0.0,0.0036144578313253017,0.005819830018549976,0.0,0.0,0.49819277108433735,0.0029099150092749956,,,1.0,0.0,,,0.0,0.0,1.043181803166044
lstm,6,6,0.025,fixed horizon 50,0.572061191626409,0.0,0.0018518518518518517,0.005856069741052554,0.0,0.0,0.49907407407407406,0.002928034870526275,,,1.0,0.0,,,0.0,0.0,1.0778499375959734
lstm,7,7,0.025,fixed horizon 50,0.6233376233376234,0.0,0.0,0.0,0.05405405405405406,0.0,0.527027027027027,0.0,0.0,0.0,0.9459459459459459,0.0,1.0,0.0,0.05405405405405406,0.0,1.0412035414486538
lstm,8,8,0.025,fixed horizon 50,0.6206140350877193,0.0,0.016666666666666666,0.02151657414559676,0.05,0.020384122874775878,0.5166666666666667,0.013973273966731571,0.06588888888888889,0.04867351549981891,0.953421052631579,0.018941682057703642,0.9341111111111111,0.04867351549981891,0.04657894736842104,0.01894168205770362,1.0766003340319548
lstm,9,9,0.025,fixed horizon 50,0.541232638888889,0.0,0.04444444444444444,0.02986021388258722,0.071875,0.029646353064078555,0.5137152777777778,0.008443919660634739,0.19734285714285713,0.24841308768162612,0.9451875,0.022185397005187405,0.8026571428571427,0.24841308768162612,0.0548125,0.02218539700518739,1.0879407562015473
lstm,0,0,0.05,fixed horizon 50,0.6628835645229088,0.0,0.05081967213114754,0.04121972058064723,0.1641025641025641,0.08816271424429145,0.5566414459857083,0.026379815187095184,0.6754435626102293,0.1764057247506773,0.937025641025641,0.04641445889269847,0.3245564373897707,0.1764057247506773,0.06297435897435898,0.04641445889269847,1.0779319740722442
lstm,1,1,0.05,fixed horizon 50,0.5941146626078132,0.0,0.0,0.0,0.04814814814814815,0.03513641844631532,0.524074074074074,0.0175682092231577,0.44,0.18400310556385416,0.9697777777777778,0.029981043647687527,0.5599999999999999,0.18400310556385416,0.030222222222222216,0.029981043647687493,1.0544021169114903
lstm,2,2,0.05,fixed horizon 50,0.49979927739863517,0.0,0.6574468085106383,0.05158325261267566,0.5962264150943396,0.048878891138931915,0.4693898032918506,0.012501597043392756,0.05923795035255482,0.035442805999256886,0.43766037735849056,0.06546509430865631,0.9407620496474453,0.035442805999256886,0.5623396226415094,0.06546509430865634,1.0335226919958571
lstm,3,3,0.05,fixed horizon 50,0.6786858974358975,0.0,0.17708333333333334,0.03294039229342063,0.3769230769230769,0.0489871107039559,0.5999198717948718,0.015747451910456668,0.20369661743485273,0.15361162579922907,0.6935769230769231,0.09519125873547936,0.7963033825651472,0.15361162579922905,0.3064230769230769,0.09519125873547934,1.2057120343189396
lstm,4,4,0.05,fixed horizon 50,0.5195246179966044,0.0,0.042105263157894736,0.025423467975770945,0.043548387096774194,0.022873169232454457,0.5007215619694397,0.013386465455011806,0.23925925925925925,0.10459615164178654,0.9663870967741935,0.01791399140300817,0.7607407407407407,0.10459615164178655,0.03361290322580644,0.01791399140300818,0.9770962108500789
lstm,5,5,0.05,fixed horizon 50,0.4167257264351523,0.0,0.00963855421686747,0.005079964112720288,0.0,0.0,0.4951807228915662,0.002539982056360136,,,1.0,0.0,,,0.0,0.0,1.039758007912858
lstm,6,6,0.05,fixed horizon 50,0.572061191626409,0.0,0.01111111111111111,0.015616185976140144,0.002173913043478261,0.006874516652539955,0.49553140096618353,0.0064396860304214345,0.58,,0.9990869565217391,0.0028872969940668017,0.42000000000000004,,0.0009130434782608776,0.0028872969940668064,1.049560904434096
lstm,7,7,0.05,fixed horizon 50,0.6233376233376234,0.0,0.0,0.0,0.06756756756756757,0.014244493964722429,0.5337837837837838,0.007122246982361247,0.043333333333333335,0.0722991043777664,0.935945945945946,0.011478622992887287,0.9566666666666667,0.0722991043777664,0.06405405405405408,0.011478622992887285,1.0165907379970542
lstm,8,8,0.05,fixed horizon 50,0.6206140350877193,0.0,0.041666666666666664,0.03928371006591931,0.055263157894736833,0.024655209337816134,0.5067982456140351,0.015270606056163157,0.03574074074074074,0.024680051423601312,0.9467105263157896,0.024069078922392552,0.9642592592592591,0.024680051423601326,0.05328947368421051,0.024069078922392555,1.1517953847562523
lstm,9,9,0.05,fixed horizon 50,0.541232638888889,0.0,0.12222222222222223,0.0543069566615377,0.1859375,0.04626337081500511,0.5318576388888888,0.015029872179108372,0.3516336996336996,0.14939194613777623,0.88146875,0.030474420768581558,0.6483663003663004,0.14939194613777623,0.11853125,0.030474420768581558,1.206967163412666
lstm,0,0,0.075,fixed horizon 50,0.6628835645229088,0.0,0.10655737704918034,0.024741489448462883,0.27692307692307694,0.04490230952671349,0.5851828499369482,0.01378550063881543,0.4918773448773449,0.12730358113165344,0.8571794871794871,0.04562037370082707,0.5081226551226552,0.12730358113165344,0.1428205128205128,0.04562037370082706,1.1230110139402407
lstm,1,1,0.075,fixed horizon 50,0.5941146626078132,0.0,0.0,0.0,0.07037037037037037,0.032429445769293075,0.5351851851851851,0.016214722884646558,0.32925925925925925,0.20718870744764822,0.9497777777777777,0.031044019368405784,0.6707407407407407,0.2071887074476482,0.05022222222222224,0.031044019368405788,1.1258448701253452
lstm,2,2,0.075,fixed horizon 50,0.49979927739863517,0.0,0.7,0.023414998608821545,0.630188679245283,0.03579936973775523,0.4650943396226415,0.008330699994342506,0.03890756302521009,0.03644639849746961,0.39316981132075474,0.05396224949054944,0.9610924369747899,0.03644639849746962,0.6068301886792453,0.05396224949054943,1.1425530464440243
lstm,3,3,0.075,fixed horizon 50,0.6786858974358975,0.0,0.2,0.02445391230785974,0.4096153846153846,0.04714916807290589,0.6048076923076924,0.015277217430402988,0.12780415960850744,0.09318929095235497,0.6391538461538462,0.07621378112864531,0.8721958403914926,0.09318929095235495,0.3608461538461538,0.0762137811286453,1.1697035222607979
lstm,4,4,0.075,fixed horizon 50,0.5195246179966044,0.0,0.0763157894736842,0.03150576315099644,0.06935483870967742,0.029496487579236993,0.4965195246179966,0.012330608303125356,0.30473333333333336,0.1512930930346789,0.9540967741935484,0.01748100731749507,0.6952666666666667,0.15129309303467886,0.045903225806451634,0.01748100731749507,1.0467011014158973
lstm,5,5,0.075,fixed horizon 50,0.4167257264351523,0.0,0.014457831325301207,0.005079964112720288,0.0,0.0,0.4927710843373494,0.002539982056360127,,,1.0,0.0,,,0.0,0.0,1.0866870770578707
lstm,6,6,0.075,fixed horizon 50,0.572061191626409,0.0,0.018518518518518517,0.023096650535641614,0.010869565217391304,0.01145752775423326,0.49617552334943643,0.011992380561070187,0.41200000000000003,0.11278297743897349,0.9936086956521739,0.006932476559927053,0.588,0.11278297743897349,0.0063913043478260765,0.006932476559927056,1.1014185767129976
lstm,7,7,0.075,fixed horizon 50,0.6233376233376234,0.0,0.0047619047619047615,0.0076673951038039355,0.08378378378378379,0.008546696378833457,0.5395109395109395,0.004034277091470928,0.023833333333333335,0.016961284891929183,0.9182162162162161,0.008412890268428286,0.9761666666666666,0.016961284891929197,0.08178378378378384,0.008412890268428272,1.089117942957191
lstm,8,8,0.075,fixed horizon 50,0.6206140350877193,0.0,0.07916666666666666,0.041434538583823045,0.06710526315789474,0.0169300518119463,0.49396929824561403,0.014956379726323198,0.07885238095238095,0.08088386907874708,0.9375526315789473,0.0182751321616227,0.9211476190476191,0.08088386907874706,0.06244736842105264,0.018275132161622715,1.2087911590234859
lstm,9,9,0.075,fixed horizon 50,0.541232638888889,0.0,0.18055555555555555,0.06448327906103758,0.24375,0.05809101455666119,0.5315972222222223,0.012126570065783495,0.35914019051124313,0.12167943238666364,0.84553125,0.038386243489512105,0.6408598094887569,0.12167943238666364,0.15446875,0.03838624348951211,1.2056825005550507
lstm,0,0,0.1,fixed horizon 50,0.6628835645229088,0.0,0.12950819672131147,0.005184061737980953,0.33333333333333337,0.024174590809796496,0.6019125683060109,0.011378438023832493,0.372014652014652,0.0853555219465848,0.7897435897435898,0.039269388659293275,0.627985347985348,0.0853555219465848,0.21025641025641026,0.03926938865929326,1.095768055536282
lstm,1,1,0.1,fixed horizon 50,0.5941146626078132,0.0,0.0,0.0,0.0962962962962963,0.019125843684974896,0.548148148148148,0.009562921842487498,0.40099999999999997,0.21832159991089825,0.9420740740740741,0.02485574905199669,0.599,0.21832159991089825,0.057925925925925915,0.02485574905199668,1.1767961655903425
lstm,2,2,0.1,fixed horizon 50,0.49979927739863517,0.0,0.6872340425531915,0.046017384957470445,0.6358490566037736,0.04539643379275115,0.474307507025291,0.01763111906008362,0.044886969427410606,0.047701073353251654,0.39105660377358487,0.06788376368192145,0.9551130305725893,0.04770107335325161,0.608943396226415,0.06788376368192148,1.116224971128776
lstm,3,3,0.1,fixed horizon 50,0.6786858974358975,0.0,0.22916666666666666,0.019641855032959635,0.47115384615384615,0.037651731168175426,0.6209935897435898,0.013556172585950352,0.11893134964874097,0.04399754222272458,0.5843461538461538,0.0452286360622626,0.881068650351259,0.043997542222724596,0.4156538461538462,0.045228636062262566,1.19606404809802
lstm,4,4,0.1,fixed horizon 50,0.5195246179966044,0.0,0.11578947368421053,0.05144869578461467,0.09516129032258065,0.020752966737224498,0.48968590831918507,0.020732942572861023,0.33107301587301585,0.10495245329156931,0.9378709677419355,0.0067497425258037464,0.668926984126984,0.10495245329156937,0.06212903225806454,0.006749742525803719,1.1099298615216793
lstm,5,5,0.1,fixed horizon 50,0.4167257264351523,0.0,0.042168674698795185,0.013013535538971607,0.0,0.0,0.4789156626506024,0.006506767769485812,,,1.0,0.0,,,0.0,0.0,1.066374780462032
lstm,6,6,0.1,fixed horizon 50,0.572061191626409,0.0,0.04444444444444444,0.026478531592008907,0.028260869565217388,0.020623549957619863,0.49190821256038647,0.0181883109495085,0.3175,0.15135105832845325,0.9793478260869565,0.018801799553676432,0.6825,0.15135105832845322,0.02065217391304347,0.018801799553676436,1.0808446910064378
lstm,7,7,0.1,fixed horizon 50,0.6233376233376234,0.0,0.014285714285714285,0.0050194883494736175,0.08378378378378379,0.008546696378833457,0.5347490347490347,0.00470924461606609,0.04583333333333333,0.07098621845031994,0.9199999999999999,0.010604640698783606,0.9541666666666666,0.07098621845031997,0.08000000000000004,0.01060464069878357,1.1110048082909678
lstm,8,8,0.1,fixed horizon 50,0.6206140350877193,0.0,0.1125,0.03952847075210474,0.09868421052631579,0.01985830074152942,0.4930921052631579,0.010415704787845956,0.09681507936507937,0.03618552501985371,0.9103157894736842,0.020996196287449077,0.9031849206349205,0.03618552501985371,0.08968421052631577,0.020996196287449087,1.1921946158438672
lstm,9,9,0.1,fixed horizon 50,0.541232638888889,0.0,0.2361111111111111,0.03273642505493276,0.3078125,0.029508782237948523,0.5358506944444444,0.015245575366827057,0.4402561479456216,0.18452948380117182,0.8285,0.05618105342452108,0.5597438520543784,0.18452948380117182,0.1715,0.05618105342452109,1.5284780807632043
lstm,0,0,0.15,fixed horizon 50,0.6628835645229088,0.0,0.14262295081967213,0.01555218521394285,0.4,0.02756327435315744,0.6286885245901639,0.013601992091829785,0.3200982492997199,0.09634942537851694,0.7264102564102564,0.05251801189616933,0.67990175070028,0.09634942537851694,0.27358974358974353,0.05251801189616935,1.2098406826023316
lstm,1,1,0.15,fixed horizon 50,0.5941146626078132,0.0,0.01506849315068493,0.013622314054955523,0.1259259259259259,0.025896514769633373,0.5554287163876206,0.015010790187786859,0.31953333333333334,0.19253110699441225,0.9165185185185185,0.020247064136748257,0.6804666666666667,0.1925311069944123,0.08348148148148149,0.020247064136748278,1.2936389786387796
lstm,2,2,0.15,fixed horizon 50,0.49979927739863517,0.0,0.7148936170212766,0.026913001363135153,0.6660377358490566,0.03450532509269235,0.47557205941389,0.01182089693454129,0.0368045466719091,0.02025320972549878,0.35792452830188676,0.044991813485618176,0.963195453328091,0.020253209725498784,0.6420754716981133,0.044991813485618114,1.1863579173889371
lstm,3,3,0.15,fixed horizon 50,0.6786858974358975,0.0,0.2791666666666667,0.022395160411940424,0.49615384615384617,0.032433617027368015,0.6084935897435898,0.011212860058708453,0.16059248287943942,0.1423815600334322,0.5801923076923077,0.08852807791072127,0.8394075171205605,0.1423815600334322,0.41980769230769227,0.08852807791072127,1.3007164185308322
lstm,4,4,0.15,fixed horizon 50,0.5195246179966044,0.0,0.36315789473684207,0.05233836452693437,0.3758064516129032,0.07093922529051931,0.5063242784380305,0.023184570582438953,0.4090954526582863,0.0971909812022843,0.7730322580645161,0.07328037062019625,0.5909045473417137,0.09719098120228428,0.2269677419354838,0.07328037062019625,1.184853631470271
lstm,5,5,0.15,fixed horizon 50,0.4167257264351523,0.0,0.061445783132530116,0.017459490055649923,0.0,0.0,0.46927710843373494,0.008729745027824962,,,1.0,0.0,,,0.0,0.0,1.0918991498250599
lstm,6,6,0.15,fixed horizon 50,0.572061191626409,0.0,0.07592592592592592,0.030802407283641108,0.05869565217391304,0.017897230485838363,0.49138486312399354,0.012409982131996275,0.35183333333333333,0.1518130144553644,0.9635217391304348,0.00914640884670095,0.6481666666666667,0.1518130144553644,0.03647826086956524,0.009146408846700975,1.2443166127280894
lstm,7,7,0.15,fixed horizon 50,0.6233376233376234,0.0,0.01746031746031746,0.005019488349473618,0.15405405405405406,0.03614847323916915,0.5682968682968683,0.01667813310055924,0.2140047619047619,0.08597883469271468,0.8796756756756757,0.03078203176246447,0.7859952380952381,0.0859788346927147,0.12032432432432438,0.030782031762464482,1.1114734682583607
lstm,8,8,0.15,fixed horizon 50,0.6206140350877193,0.0,0.14583333333333331,0.03540985773328322,0.1526315789473684,0.034646346768651755,0.5033991228070176,0.019232579778265015,0.12894039294039294,0.03978145543558607,0.8673421052631578,0.029325402373654295,0.871059607059607,0.039781455435586074,0.13265789473684214,0.029325402373654306,1.1788763652286038
lstm,9,9,0.15,fixed horizon 50,0.541232638888889,0.0,0.3416666666666667,0.08690888911301713,0.3921875,0.06182359677384967,0.5252604166666666,0.022091213277411308,0.4680227272254126,0.13959463345846643,0.79225,0.06098561134945414,0.5319772727745874,0.1395946334584664,0.20774999999999996,0.06098561134945413,1.9787242701862506
lstm,0,0,0.2,fixed horizon 50,0.6628835645229088,0.0,0.18032786885245902,0.020446215228272904,0.4282051282051282,0.012385792090760211,0.6239386296763346,0.0085326691962405,0.23424264705882356,0.03679436793617165,0.6717948717948719,0.023481729670420493,0.7657573529411764,0.036794367936171635,0.3282051282051281,0.023481729670420462,1.2610933322584759
lstm,1,1,0.2,fixed horizon 50,0.5941146626078132,0.0,0.0547945205479452,0.0182648401826484,0.18518518518518517,0.0,0.56519533231862,0.009132420091324218,0.306,0.07571290804377045,0.8714814814814815,0.014020908896994517,0.694,0.07571290804377047,0.12851851851851853,0.01402090889699453,1.3083726453067617
lstm,2,2,0.2,fixed horizon 50,0.49979927739863517,0.0,0.7468085106382979,0.03242306227138286,0.6811320754716981,0.027342220275829124,0.4671617824167001,0.009752080039072145,0.039691732112475155,0.02180834327147597,0.3454716981132075,0.03919737843892517,0.9603082678875248,0.021808343271475968,0.6545283018867925,0.039197378438925144,1.2586198294075261
lstm,3,3,0.2,fixed horizon 50,0.6786858974358975,0.0,0.3770833333333333,0.020717269291911512,0.5711538461538461,0.033980405847945046,0.5970352564102563,0.01795877090519577,0.15414807072793724,0.03774031829197484,0.5163846153846154,0.04284591600234739,0.8458519292720628,0.03774031829197482,0.48361538461538467,0.04284591600234741,1.195030698008543
lstm,4,4,0.2,fixed horizon 50,0.5195246179966044,0.0,0.46842105263157896,0.016643566632465148,0.5112903225806452,0.043044341723114186,0.521434634974533,0.018286062490547938,0.3870717696500404,0.08215587997857068,0.6842903225806453,0.06150256591819494,0.6129282303499596,0.08215587997857071,0.3157096774193548,0.061502565918194946,1.4932412513826299
lstm,5,5,0.2,fixed horizon 50,0.4167257264351523,0.0,0.08313253012048193,0.03428975776086195,0.0,0.0,0.45843373493975903,0.017144878880430973,,,1.0,0.0,,,0.0,0.0,1.0725139020199337
lstm,6,6,0.2,fixed horizon 50,0.572061191626409,0.0,0.16666666666666666,0.03491885339192827,0.17391304347826086,0.08512565307587487,0.5036231884057971,0.02977131092716025,0.426181746031746,0.18674640031152,0.8980434782608695,0.0680296246180065,0.5738182539682539,0.18674640031152,0.10195652173913046,0.06802962461800652,1.401044678242076
lstm,7,7,0.2,fixed horizon 50,0.6233376233376234,0.0,0.020634920634920634,0.0076673951038039355,0.2,0.018897456723786517,0.5896825396825397,0.009214608990236831,0.18786904761904763,0.07144676686237751,0.8370810810810811,0.024908174841418846,0.8121309523809523,0.0714467668623775,0.16291891891891894,0.024908174841418846,1.0922009294338062
lstm,8,8,0.2,fixed horizon 50,0.6206140350877193,0.0,0.17916666666666667,0.04831257536368358,0.22105263157894733,0.0684547825092164,0.5209429824561403,0.02406986259735095,0.16342758478191916,0.06302817475909998,0.8127894736842105,0.06079956119943385,0.8365724152180809,0.06302817475909996,0.18721052631578952,0.06079956119943386,1.2642458041256142
lstm,9,9,0.2,fixed horizon 50,0.541232638888889,0.0,0.6416666666666667,0.09750839716222792,0.746875,0.11711224435462662,0.5526041666666666,0.01438168941389727,0.43955498818606475,0.06574703532632936,0.5769375,0.0998484963443227,0.5604450118139352,0.06574703532632936,0.4230625,0.09984849634432269,1.7720230147512086
lstm,0,0,0.3,fixed horizon 50,0.6628835645229088,0.0,0.20655737704918034,0.01382416463461587,0.46153846153846156,0.0,0.6274905422446405,0.006912082317307921,0.19533333333333336,0.017203693736790954,0.6286153846153846,0.00794016634005737,0.8046666666666666,0.01720369373679095,0.3713846153846154,0.007940166340057363,1.0856391985075617
lstm,1,1,0.3,fixed horizon 50,0.5941146626078132,0.0,0.23013698630136986,0.014147884369707452,0.31481481481481477,0.040004572212394195,0.5423389142567224,0.015900526254353797,0.20547222222222222,0.02703197885206401,0.7502222222222222,0.031024374485616093,0.7945277777777778,0.027031978852064004,0.2497777777777778,0.031024374485616096,0.7528517863851413
lstm,2,2,0.3,fixed horizon 50,0.49979927739863517,0.0,0.8595744680851064,0.022871653186662545,0.7584905660377359,0.03182166198911581,0.44945804897631475,0.011582078685068707,0.017196491228070175,0.007302571366871408,0.2544150943396226,0.03507643645141247,0.9828035087719298,0.007302571366871369,0.7455849056603774,0.0350764364514125,0.9650893154252573
lstm,3,3,0.3,fixed horizon 50,0.6786858974358975,0.0,0.48125,0.022927186137804423,0.6615384615384616,0.02595955991194435,0.5901442307692307,0.013238005103147694,0.10549768907563026,0.04036712595878322,0.4076923076923077,0.044321905365186244,0.8945023109243697,0.04036712595878324,0.5923076923076923,0.04432190536518623,1.0000145769685171
lstm,4,4,0.3,fixed horizon 50,0.5195246179966044,0.0,0.7105263157894737,0.04962152850431914,0.782258064516129,0.041121125109619225,0.5358658743633277,0.013762787534199017,0.3074425557402448,0.035896164704301216,0.4581935483870968,0.040851215760527755,0.6925574442597552,0.03589616470430125,0.5418064516129032,0.04085121576052775,1.0183043220287071
lstm,5,5,0.3,fixed horizon 50,0.4167257264351523,0.0,0.15060240963855423,0.05686667573697307,0.01764705882352941,0.028414464208214585,0.43352232459248763,0.020000396797343195,0.0,0.0,0.9823529411764707,0.0284144642082146,1.0,0.0,0.017647058823529415,0.028414464208214592,0.9436315811835684
lstm,6,6,0.3,fixed horizon 50,0.572061191626409,0.0,0.5592592592592592,0.06521043282095929,0.7304347826086957,0.031083493608010482,0.5855877616747182,0.02142977841403626,0.317815348456098,0.04711664519129073,0.5005652173913044,0.052824466685555065,0.6821846515439021,0.04711664519129076,0.49943478260869556,0.05282446668555507,0.990956484276057
lstm,7,7,0.3,fixed horizon 50,0.6233376233376234,0.0,0.06349206349206349,0.0,0.31891891891891894,0.0213192064255842,0.6277134277134278,0.010659603212792086,0.08745664335664337,0.02303229274923094,0.7088108108108108,0.02348577978527417,0.9125433566433566,0.023032292749230895,0.29118918918918923,0.023485779785274177,0.9354832022323313
lstm,8,8,0.3,fixed horizon 50,0.6206140350877193,0.0,0.2875,0.030744366140525902,0.5394736842105263,0.06355866993942737,0.6259868421052632,0.025240212956522876,0.24979351569242875,0.06214337398746053,0.5936842105263158,0.06813141575110505,0.7502064843075712,0.062143373987460525,0.40631578947368424,0.06813141575110504,0.8388492663550347
lstm,9,9,0.3,fixed horizon 50,0.541232638888889,0.0,0.9083333333333334,0.03939268034478266,0.9484375,0.010546071214227406,0.5200520833333333,0.01639095876824844,0.17022979023444385,0.0396152782588186,0.21278125,0.0433452132153085,0.8297702097655562,0.039615278258818616,0.78721875,0.04334521321530849,0.6663025547716039
mlp,0,0,0.01,fixed horizon 100,0.6233711643547709,0.0,0.0,0.0,0.0,0.0,0.5,0.0,,,1.0,0.0,,,0.0,0.0,0.9917720034334458
mlp,1,1,0.01,fixed horizon 100,0.5905631659056316,0.0,0.0,0.0,0.0,0.0,0.5,0.0,,,1.0,0.0,,,0.0,0.0,0.9853571863874541
mlp,2,2,0.01,fixed horizon 100,0.551184263348053,0.0,0.125531914893617,0.12464929929404439,0.07735849056603775,0.05795043773478965,0.4759132878362104,0.03999179208442246,0.14585185185185184,0.09408080320056902,0.9316981132075473,0.05645704252269507,0.8541481481481481,0.09408080320056902,0.06830188679245279,0.05645704252269507,1.001660705109214
mlp,3,3,0.01,fixed horizon 100,0.6157852564102564,0.0,0.03958333333333333,0.020717269291911526,0.08076923076923077,0.01767185737447464,0.5205929487179487,0.01259625125920154,0.6843833333333333,0.2352457088206255,0.9725769230769231,0.024320685156790478,0.31561666666666666,0.23524570882062554,0.02742307692307694,0.024320685156790495,1.0051041821747935
mlp,4,4,0.01,fixed horizon 100,0.6243633276740238,0.0,0.0,0.0,0.0,0.0,0.5,0.0,,,1.0,0.0,,,0.0,0.0,0.9978976265909208
mlp,5,5,0.01,fixed horizon 100,0.3784549964564139,0.0,0.0,0.0,0.0,0.0,0.5,0.0,,,1.0,0.0,,,0.0,0.0,0.8106823092143933
mlp,6,6,0.01,fixed horizon 100,0.5603864734299517,0.0,0.0,0.0,0.0,0.0,0.5,0.0,,,1.0,0.0,,,0.0,0.0,1.0001298466705055
mlp,7,7,0.01,fixed horizon 100,0.7112827112827113,0.0,0.0,0.0,0.0,0.0,0.5,0.0,,,1.0,0.0,,,0.0,0.0,0.9933392877392329
mlp,8,8,0.01,fixed horizon 100,0.5745614035087719,0.0,0.0,0.0,0.013157894736842105,0.021486752129677,0.506578947368421,0.010743376064838514,0.02,0.034641016151377546,0.9871578947368421,0.020856100210109904,0.98,0.034641016151377574,0.0128421052631579,0.0208561002101099,1.0056192963019452
mlp,9,9,0.01,fixed horizon 100,0.5946180555555555,0.0,0.0,0.0,0.0,0.0,0.5,0.0,,,1.0,0.0,,,0.0,0.0,1.0024684690753003
mlp,0,0,0.025,fixed horizon 100,0.6233711643547709,0.0,0.0,0.0,0.0,0.0,0.5,0.0,,,1.0,0.0,,,0.0,0.0,0.9916431225849592
mlp,1,1,0.025,fixed horizon 100,0.5905631659056316,0.0,0.0,0.0,0.0,0.0,0.5,0.0,,,1.0,0.0,,,0.0,0.0,0.9852309960163778
mlp,2,2,0.025,fixed horizon 100,0.551184263348053,0.0,0.3,0.1747187267271067,0.19622641509433963,0.14457203032145516,0.44811320754716977,0.04526731046975094,0.11204229412562745,0.10263731143673942,0.8186603773584906,0.1426432412016491,0.8879577058743725,0.1026373114367394,0.18133962264150943,0.1426432412016491,1.0015488501593253
mlp,3,3,0.025,fixed horizon 100,0.6157852564102564,0.0,0.06041666666666666,0.020717269291911526,0.12884615384615386,0.03631850121593665,0.5342147435897436,0.016299520444972123,0.5879820346320346,0.20740091840205416,0.94475,0.032684268745157105,0.41201796536796537,0.20740091840205419,0.05525000000000001,0.03268426874515711,1.004642054526397
mlp,4,4,0.025,fixed horizon 100,0.6243633276740238,0.0,0.0,0.0,0.0,0.0,0.5,0.0,,,1.0,0.0,,,0.0,0.0,0.9978567202296617
mlp,5,5,0.025,fixed horizon 100,0.3784549964564139,0.0,0.0,0.0,0.0,0.0,0.5,0.0,,,1.0,0.0,,,0.0,0.0,0.8106377008792904
mlp,6,6,0.025,fixed horizon 100,0.5603864734299517,0.0,0.0,0.0,0.0,0.0,0.5,0.0,,,1.0,0.0,,,0.0,0.0,1.000036432496238
mlp,7,7,0.025,fixed horizon 100,0.7112827112827113,0.0,0.0,0.0,0.0,0.0,0.5,0.0,,,1.0,0.0,,,0.0,0.0,0.9929840948762264
mlp,8,8,0.025,fixed horizon 100,0.5745614035087719,0.0,0.016666666666666666,0.04025382429497066,0.027631578947368417,0.03366067342868402,0.5054824561403508,0.016556654463313045,0.03986666666666666,0.0350726230682692,0.9731710526315789,0.03292807959279495,0.9601333333333333,0.035072623068269214,0.026828947368421053,0.03292807959279492,1.0014221440931792
mlp,9,9,0.025,fixed horizon 100,0.5946180555555555,0.0,0.0,0.0,0.0,0.0,0.5,0.0,,,1.0,0.0,,,0.0,0.0,1.0021473930767395
mlp,0,0,0.05,fixed horizon 100,0.6233711643547709,0.0,0.0,0.0,0.0,0.0,0.5,0.0,,,1.0,0.0,,,0.0,0.0,0.9936983084714346
mlp,1,1,0.05,fixed horizon 100,0.5905631659056316,0.0,0.0,0.0,0.0,0.0,0.5,0.0,,,1.0,0.0,,,0.0,0.0,0.9863176996688681
mlp,2,2,0.05,fixed horizon 100,0.551184263348053,0.0,0.37021276595744684,0.27654118392587096,0.33207547169811324,0.209009523265406,0.48093135287033323,0.0482379654481086,0.30431627735152034,0.39106794277146134,0.6987735849056603,0.23247992317404087,0.6956837226484798,0.39106794277146134,0.3012264150943396,0.23247992317404087,1.0044121226822664
mlp,3,3,0.05,fixed horizon 100,0.6157852564102564,0.0,0.08333333333333334,0.019641855032959666,0.225,0.058082724564483566,0.5708333333333333,0.022241732066897817,0.5641541666666667,0.25089650198589564,0.8897307692307692,0.08124934632822575,0.4358458333333333,0.2508965019858956,0.11026923076923076,0.08124934632822577,1.0107913061093767
mlp,4,4,0.05,fixed horizon 100,0.6243633276740238,0.0,0.0,0.0,0.0,0.0,0.5,0.0,,,1.0,0.0,,,0.0,0.0,0.9976596814015964
mlp,5,5,0.05,fixed horizon 100,0.3784549964564139,0.0,0.0,0.0,0.0,0.0,0.5,0.0,,,1.0,0.0,,,0.0,0.0,0.8191325837049981
mlp,6,6,0.05,fixed horizon 100,0.5603864734299517,0.0,0.0,0.0,0.0,0.0,0.5,0.0,,,1.0,0.0,,,0.0,0.0,1.000120391264405
mlp,7,7,0.05,fixed horizon 100,0.7112827112827113,0.0,0.0,0.0,0.0,0.0,0.5,0.0,,,1.0,0.0,,,0.0,0.0,0.9922558224439155
mlp,8,8,0.05,fixed horizon 100,0.5745614035087719,0.0,0.05,0.03286710990610898,0.04473684210526315,0.02787762909135211,0.49736842105263157,0.02344429419722286,0.479,0.3568850577489122,0.9768552631578947,0.023135742494981446,0.521,0.35688505774891227,0.023144736842105263,0.02313574249498146,1.004600450500798
mlp,9,9,0.05,fixed horizon 100,0.5946180555555555,0.0,0.0027777777777777775,0.00878410461157883,0.0296875,0.024923929404177914,0.513454861111111,0.011133468175677657,0.573125,0.35336330454646814,0.9829531250000001,0.024227927248680635,0.426875,0.35336330454646814,0.017046874999999996,0.02422792724868064,1.018696002469034
mlp,0,0,0.075,fixed horizon 100,0.6233711643547709,0.0,0.0,0.0,0.0,0.0,0.5,0.0,,,1.0,0.0,,,0.0,0.0,1.0018306380493829
mlp,1,1,0.075,fixed horizon 100,0.5905631659056316,0.0,0.0,0.0,0.0,0.0,0.5,0.0,,,1.0,0.0,,,0.0,0.0,0.986616101214981
mlp,2,2,0.075,fixed horizon 100,0.551184263348053,0.0,0.30851063829787234,0.30722402294029044,0.31698113207547174,0.21305814694693004,0.5042352468887997,0.0548443017526424,0.3504148703148703,0.3266824016198586,0.7380943396226416,0.2438468590993433,0.6495851296851297,0.32668240161985856,0.26190566037735846,0.24384685909934337,1.011099915881344
mlp,3,3,0.075,fixed horizon 100,0.6157852564102564,0.0,0.09166666666666666,0.03286710990610898,0.25961538461538464,0.06489889977986085,0.5839743589743589,0.02184561296362377,0.5653872177658943,0.27365029872743046,0.8718653846153848,0.09906735741434945,0.43461278223410577,0.27365029872743046,0.12813461538461537,0.09906735741434942,1.0141735987190599
mlp,4,4,0.075,fixed horizon 100,0.6243633276740238,0.0,0.0,0.0,0.0,0.0,0.5,0.0,,,1.0,0.0,,,0.0,0.0,1.0368116554032027
mlp,5,5,0.075,fixed horizon 100,0.3784549964564139,0.0,0.0,0.0,0.0,0.0,0.5,0.0,,,1.0,0.0,,,0.0,0.0,0.8269132031029265
mlp,6,6,0.075,fixed horizon 100,0.5603864734299517,0.0,0.0,0.0,0.004347826086956522,0.009166022203386606,0.5021739130434784,0.0045830111016933245,0.28500000000000003,0.021213203435596427,0.996891304347826,0.006555508385406624,0.715,0.021213203435596444,0.0031086956521739206,0.006555508385406621,1.0008435877304842
mlp,7,7,0.075,fixed horizon 100,0.7112827112827113,0.0,0.0,0.0,0.002702702702702703,0.008546696378833459,0.5013513513513513,0.0042733481894167225,0.0,,0.9972972972972973,0.008546696378833445,1.0,,0.002702702702702697,0.008546696378833442,0.9948880188530383
mlp,8,8,0.075,fixed horizon 100,0.5745614035087719,0.0,0.125,0.07607257743127308,0.15526315789473683,0.06558447593866226,0.5151315789473684,0.01637655320325125,0.755552658160553,0.16748640400038411,0.9644210526315788,0.02835241875260041,0.2444473418394471,0.16748640400038411,0.0355789473684211,0.02835241875260042,1.0199926966427877
mlp,9,9,0.075,fixed horizon 100,0.5946180555555555,0.0,0.04722222222222222,0.05563266253999926,0.0875,0.06127267154105309,0.5201388888888889,0.0073063491213363994,0.4724340909090909,0.35910890712063265,0.93540625,0.06781394807721672,0.5275659090909091,0.35910890712063265,0.06459374999999998,0.06781394807721672,1.0189203438054037
mlp,0,0,0.1,fixed horizon 100,0.6233711643547709,0.0,0.0,0.0,0.0,0.0,0.5,0.0,,,1.0,0.0,,,0.0,0.0,1.0031456591798888
mlp,1,1,0.1,fixed horizon 100,0.5905631659056316,0.0,0.0,0.0,0.0,0.0,0.5,0.0,,,1.0,0.0,,,0.0,0.0,0.9857006115314411
mlp,2,2,0.1,fixed horizon 100,0.551184263348053,0.0,0.34893617021276596,0.32255082117681694,0.3433962264150944,0.2239205699808206,0.49723002810116423,0.06337282965574383,0.39260966795144425,0.34590288195977326,0.7262641509433962,0.26486069368155407,0.6073903320485557,0.3459028819597733,0.2737358490566038,0.264860693681554,1.0161628081758367
mlp,3,3,0.1,fixed horizon 100,0.6157852564102564,0.0,0.11041666666666668,0.05559894139235582,0.27884615384615385,0.09647382655956674,0.5842147435897436,0.022996314035494497,0.6362469863469864,0.286156549872008,0.8753076923076923,0.14488286206876239,0.36375301365301366,0.28615654987200806,0.1246923076923077,0.14488286206876239,1.0309398105493612
mlp,4,4,0.1,fixed horizon 100,0.6243633276740238,0.0,0.0,0.0,0.0016129032258064516,0.005100447838981257,0.5008064516129032,0.0025502239194906224,0.23,,0.9987580645161291,0.003927344836015547,0.77,,0.0012419354838709596,0.003927344836015542,1.0365327401264084
mlp,5,5,0.1,fixed horizon 100,0.3784549964564139,0.0,0.0,0.0,0.0,0.0,0.5,0.0,,,1.0,0.0,,,0.0,0.0,0.8374027124545933
mlp,6,6,0.1,fixed horizon 100,0.5603864734299517,0.0,0.0,0.0,0.006521739130434782,0.010500997642166261,0.5032608695652174,0.005250498821083148,0.2733333333333334,0.011547005383792521,0.9952608695652174,0.0076316424165139354,0.7266666666666666,0.011547005383792533,0.004739130434782602,0.007631642416513945,1.0008733322802772
mlp,7,7,0.1,fixed horizon 100,0.7112827112827113,0.0,0.0,0.0,0.0,0.0,0.5,0.0,,,1.0,0.0,,,0.0,0.0,0.9987413845363399
mlp,8,8,0.1,fixed horizon 100,0.5745614035087719,0.0,0.275,0.11486707293408518,0.2736842105263158,0.08247480191960112,0.49934210526315786,0.022028287726048548,0.797580201797457,0.07240594107603775,0.9451578947368422,0.027710747070978894,0.202419798202543,0.07240594107603773,0.05484210526315793,0.02771074707097889,1.0213925257807834
mlp,9,9,0.1,fixed horizon 100,0.5946180555555555,0.0,0.05833333333333333,0.0779649423519292,0.1015625,0.06304020019224064,0.5216145833333333,0.01273444041793982,0.37258874458874464,0.26828950440985877,0.9231250000000001,0.06679159031239137,0.6274112554112554,0.26828950440985877,0.07687499999999996,0.06679159031239136,1.0267632858642393
mlp,0,0,0.15,fixed horizon 100,0.6233711643547709,0.0,0.0,0.0,0.0,0.0,0.5,0.0,,,1.0,0.0,,,0.0,0.0,1.0086407814441005
mlp,1,1,0.15,fixed horizon 100,0.5905631659056316,0.0,0.0,0.0,0.0037037037037037034,0.011712139482105107,0.5018518518518518,0.005856069741052548,0.39,,0.9977407407407407,0.007144405084084129,0.61,,0.0022592592592592608,0.007144405084084121,0.9887402973773692
mlp,2,2,0.15,fixed horizon 100,0.551184263348053,0.0,0.3021276595744681,0.33004260683713355,0.3716981132075472,0.26430812933301495,0.5347852268165396,0.03581422853751788,0.45505620490620496,0.2965255850373855,0.730188679245283,0.31296676860595185,0.544943795093795,0.29652558503738546,0.269811320754717,0.31296676860595185,1.0337974709676894
mlp,3,3,0.15,fixed horizon 100,0.6157852564102564,0.0,0.19791666666666666,0.05663023066076421,0.40192307692307694,0.08994939771108226,0.6020032051282052,0.028069154119381167,0.363930377171138,0.19632539218103448,0.7291730769230769,0.13891663250189779,0.636069622828862,0.1963253921810345,0.2708269230769231,0.13891663250189773,1.0480316357899693
mlp,4,4,0.15,fixed horizon 100,0.6243633276740238,0.0,0.039473684210526314,0.06475799587821666,0.05161290322580645,0.031164251067074062,0.5060696095076401,0.02212389256175301,0.5832833333333334,0.3252200019853607,0.9707903225806451,0.032256939944555446,0.4167166666666667,0.3252200019853607,0.02920967741935484,0.032256939944555446,1.0383057341321091
mlp,5,5,0.15,fixed horizon 100,0.3784549964564139,0.0,0.0,0.0,0.0,0.0,0.5,0.0,,,1.0,0.0,,,0.0,0.0,0.8763602586992054
mlp,6,6,0.15,fixed horizon 100,0.5603864734299517,0.0,0.0,0.0,0.013043478260869565,0.011226038684659179,0.5065217391304347,0.005613019342329576,0.23666666666666666,0.0417931413830866,0.9900434782608695,0.008595925726088291,0.7633333333333333,0.041793141383086575,0.00995652173913043,0.008595925726088303,1.0023415902646013
mlp,7,7,0.15,fixed horizon 100,0.7112827112827113,0.0,0.0,0.0,0.013513513513513514,0.019110994086122907,0.5067567567567568,0.00955549704306143,0.495,0.4488875137492688,0.9918378378378379,0.017358562673114825,0.505,0.44888751374926883,0.008162162162162145,0.017358562673114804,1.0145874028785165
mlp,8,8,0.15,fixed horizon 100,0.5745614035087719,0.0,0.5125,0.1303633336695257,0.6171052631578947,0.14840513580614761,0.5523026315789473,0.03782161906020887,0.7836855620831419,0.10790526435166486,0.8754868421052631,0.042926478497206516,0.2163144379168581,0.10790526435166488,0.12451315789473685,0.042926478497206495,1.0387095696679705
mlp,9,9,0.15,fixed horizon 100,0.5946180555555555,0.0,0.05,0.08566691486089169,0.128125,0.08326820371546392,0.5390625,0.014380525046052257,0.42732820512820513,0.27873967094158325,0.9081718750000001,0.09446475364383047,0.5726717948717949,0.2787396709415832,0.091828125,0.09446475364383047,1.1188963139475105
mlp,0,0,0.2,fixed horizon 100,0.6233711643547709,0.0,0.0,0.0,0.0,0.0,0.5,0.0,,,1.0,0.0,,,0.0,0.0,1.0469496948152341
mlp,1,1,0.2,fixed horizon 100,0.5905631659056316,0.0,0.0,0.0,0.007407407407407407,0.015616185976140144,0.5037037037037038,0.007808092988070074,0.295,0.007071067811865481,0.9947777777777776,0.01100975721115135,0.705,0.007071067811865481,0.005222222222222228,0.011009757211151341,0.9878299415565841
mlp,2,2,0.2,fixed horizon 100,0.551184263348053,0.0,0.6936170212765957,0.27306346101181594,0.7377358490566037,0.22753913854637928,0.522059413890004,0.03651440880975903,0.31218478251906817,0.38877403483787093,0.42011320754716974,0.3872720777398065,0.6878152174809318,0.38877403483787093,0.5798867924528303,0.3872720777398065,1.109828178735905
mlp,3,3,0.2,fixed horizon 100,0.6157852564102564,0.0,0.4291666666666667,0.09430136220426642,0.5576923076923077,0.11395121047840497,0.5642628205128205,0.02528747077740989,0.33524088116607287,0.24595850206997039,0.6074807692307692,0.2136092591586109,0.6647591188339271,0.24595850206997039,0.3925192307692308,0.2136092591586109,1.056566741573384
mlp,4,4,0.2,fixed horizon 100,0.6243633276740238,0.0,0.09473684210526315,0.08153649149910351,0.1403225806451613,0.04501384019125694,0.5227928692699491,0.03671527511640134,0.6583714285714286,0.29189449372136606,0.9489193548387096,0.051942331857794906,0.34162857142857145,0.29189449372136606,0.05108064516129035,0.05194233185779491,1.0559055656226017
mlp,5,5,0.2,fixed horizon 100,0.3784549964564139,0.0,0.0,0.0,0.0,0.0,0.5,0.0,,,1.0,0.0,,,0.0,0.0,0.8955400560507301
mlp,6,6,0.2,fixed horizon 100,0.5603864734299517,0.0,0.0018518518518518517,0.005856069741052554,0.015217391304347827,0.017897230485838363,0.5066827697262479,0.010213072766780405,0.266,0.07300684899377591,0.9885217391304348,0.01416802877176152,0.734,0.07300684899377591,0.011478260869565216,0.014168028771761529,1.0054746558582055
mlp,7,7,0.2,fixed horizon 100,0.7112827112827113,0.0,0.0,0.0,0.03513513513513514,0.013055294365936432,0.5175675675675675,0.006527647182968218,0.529,0.3854420261927279,0.9805405405405405,0.020328844299644946,0.471,0.38544202619272794,0.019459459459459483,0.020328844299644957,1.0574462182542104
mlp,8,8,0.2,fixed horizon 100,0.5745614035087719,0.0,0.8208333333333334,0.028122856571273065,0.9,0.029225142542031013,0.5395833333333333,0.012708055291820055,0.745913586720505,0.11057852600478195,0.7718552631578948,0.09907156822703161,0.25408641327949505,0.11057852600478194,0.22814473684210523,0.09907156822703161,1.0749296756414533
mlp,9,9,0.2,fixed horizon 100,0.5946180555555555,0.0,0.16944444444444445,0.12453617650811052,0.3125,0.10045469542700995,0.5715277777777777,0.01865006805832745,0.3752446783625731,0.2605002064026695,0.7878437500000001,0.13266838177414184,0.6247553216374269,0.2605002064026696,0.21215625,0.1326683817741418,1.1812044353522508
mlp,0,0,0.3,fixed horizon 100,0.6233711643547709,0.0,0.003278688524590164,0.006912082317307934,0.01282051282051282,0.018130943107347374,0.5047709121479613,0.0068863655321965995,0.46375,0.3506511799495333,0.992923076923077,0.011756533753976733,0.53625,0.3506511799495333,0.007076923076923092,0.01175653375397673,1.0387726199572298
mlp,1,1,0.3,fixed horizon 100,0.5905631659056316,0.0,0.04657534246575342,0.042443653109122376,0.1,0.017890588575542515,0.5267123287671233,0.0172989901944383,0.3911666666666667,0.16481012269642262,0.9382222222222222,0.022561065501737594,0.6088333333333333,0.1648101226964226,0.06177777777777778,0.022561065501737577,0.9344229254539794
mlp,2,2,0.3,fixed horizon 100,0.551184263348053,0.0,0.997872340425532,0.006728250340783786,0.9735849056603774,0.018228146850552747,0.48785628261742275,0.007661569978990218,0.05489083667719628,0.06240166141762203,0.07947169811320755,0.06868844825109871,0.9451091633228037,0.062401661417622024,0.9205283018867924,0.06868844825109871,1.0555653002070542
mlp,3,3,0.3,fixed horizon 100,0.6157852564102564,0.0,0.7375,0.07990638813134736,0.876923076923077,0.04814098296286819,0.5697115384615385,0.024124371650805825,0.15648209172594219,0.15733841829796574,0.2544423076923077,0.16971677614735503,0.8435179082740578,0.15733841829796572,0.7455576923076923,0.169716776147355,1.0298551702832188
mlp,4,4,0.3,fixed horizon 100,0.6243633276740238,0.0,0.38421052631578945,0.14046048351753052,0.4,0.10109814428854332,0.5078947368421053,0.029268945648614285,0.43219771398192447,0.24069602650578384,0.7557580645161289,0.15231441932140805,0.5678022860180755,0.24069602650578384,0.24424193548387102,0.15231441932140805,1.060814987870061
mlp,5,5,0.3,fixed horizon 100,0.3784549964564139,0.0,0.0012048192771084338,0.003809973084540216,0.0,0.0,0.49939759036144576,0.0019049865422701162,,,1.0,0.0,,,0.0,0.0,0.8899856855741664
mlp,6,6,0.3,fixed horizon 100,0.5603864734299517,0.0,0.03518518518518519,0.04227381152657761,0.06521739130434782,0.043478260869565216,0.5150161030595813,0.01260699485602511,0.5373809523809523,0.20210550816924985,0.9712608695652174,0.026504270797560108,0.46261904761904765,0.20210550816924985,0.028739130434782635,0.0265042707975601,1.1054165977991355
mlp,7,7,0.3,fixed horizon 100,0.7112827112827113,0.0,0.0015873015873015873,0.0050194883494736175,0.06756756756756757,0.022968556367535066,0.532990132990133,0.010121137558335476,0.15,0.22538855339169292,0.9422972972972973,0.02814367407988939,0.85,0.22538855339169292,0.05770270270270271,0.028143674079889415,1.0253398190247025
mlp,8,8,0.3,fixed horizon 100,0.5745614035087719,0.0,0.9708333333333334,0.0557288962437191,0.9921052631578947,0.016643566632465145,0.5106359649122807,0.019872086443114435,0.3386879239766082,0.10188787599700731,0.34371052631578947,0.10318500136164095,0.6613120760233918,0.10188787599700731,0.6562894736842105,0.103185001361641,1.0636932099671796
mlp,9,9,0.3,fixed horizon 100,0.5946180555555555,0.0,0.7194444444444444,0.12992690780489666,0.7640625,0.09242407262931497,0.5223090277777778,0.020651899325531457,0.2954723060752348,0.14968295860599864,0.45729687500000005,0.1466817776380523,0.7045276939247652,0.14968295860599864,0.542703125,0.1466817776380523,1.0494729214906013
mlp,0,0,0.01,fixed horizon 148,0.7536780159730979,0.0,0.0,0.0,0.0,0.0,0.5,0.0,,,1.0,0.0,,,0.0,0.0,0.9989818229569325
mlp,1,1,0.01,fixed horizon 148,0.6133942161339422,0.0,0.0,0.0,0.0,0.0,0.5,0.0,,,1.0,0.0,,,0.0,0.0,0.9861529397131832
mlp,2,2,0.01,fixed horizon 148,0.6170212765957447,0.0,0.10425531914893618,0.1365869804159751,0.06226415094339623,0.06478292720411619,0.47900441589723003,0.041134716948033605,0.10277777777777779,0.07939560296312376,0.9423253442121367,0.06304571319111225,0.8972222222222221,0.07939560296312381,0.057674655787863335,0.06304571319111227,1.0026171548308587
mlp,3,3,0.01,fixed horizon 148,0.7151442307692307,0.0,0.052083333333333336,0.017704928866641618,0.1,0.042327112869792766,0.5239583333333333,0.01805385650479533,0.5399115186615187,0.18084666187336587,0.9520660083160083,0.03146383954240937,0.46008848133848135,0.1808466618733659,0.04793399168399169,0.03146383954240938,1.0059562144543237
mlp,4,4,0.01,fixed horizon 148,0.6383701188455008,0.0,0.0,0.0,0.0,0.0,0.5,0.0,,,1.0,0.0,,,0.0,0.0,1.0001600362517595
mlp,5,5,0.01,fixed horizon 148,0.41318214032601,0.0,0.0,0.0,0.0,0.0,0.5,0.0,,,1.0,0.0,,,0.0,0.0,0.8207154633798794
mlp,6,6,0.01,fixed horizon 148,0.5998389694041868,0.0,0.0,0.0,0.0,0.0,0.5,0.0,,,1.0,0.0,,,0.0,0.0,1.0002709356716268
mlp,7,7,0.01,fixed horizon 148,0.7932217932217932,0.0,0.0,0.0,0.0,0.0,0.5,0.0,,,1.0,0.0,,,0.0,0.0,0.997816292854578
mlp,8,8,0.01,fixed horizon 148,0.6025219298245614,0.0,0.0,0.0,0.025,0.024380600192433852,0.5125,0.012190300096216926,0.48738738738738735,0.5195601799776964,0.9866376244665718,0.020784019069331253,0.5126126126126126,0.5195601799776964,0.013362375533428183,0.02078401906933122,1.0178856121952011
mlp,9,9,0.01,fixed horizon 148,0.6870659722222222,0.0,0.0,0.0,0.0,0.0,0.5,0.0,,,1.0,0.0,,,0.0,0.0,1.005115353985672
mlp,0,0,0.025,fixed horizon 148,0.7536780159730979,0.0,0.0,0.0,0.0,0.0,0.5,0.0,,,1.0,0.0,,,0.0,0.0,0.9979554642123836
mlp,1,1,0.025,fixed horizon 148,0.6133942161339422,0.0,0.0,0.0,0.0,0.0,0.5,0.0,,,1.0,0.0,,,0.0,0.0,0.9860394936281651
mlp,2,2,0.025,fixed horizon 148,0.6170212765957447,0.0,0.21914893617021275,0.20968214344002145,0.17924528301886794,0.15514335073640265,0.48004817342432754,0.03723044452139847,0.32382478632478634,0.3317394748344863,0.8422233554309025,0.16323218675648515,0.6761752136752136,0.33173947483448635,0.1577766445690974,0.16323218675648513,1.0020921593539982
mlp,3,3,0.025,fixed horizon 148,0.7151442307692307,0.0,0.06875,0.010063456073742663,0.14038461538461539,0.03956743426156658,0.5358173076923076,0.01980480073906995,0.458305107055107,0.20394154201952802,0.9203612266112267,0.038364619154458046,0.541694892944893,0.20394154201952802,0.07963877338877338,0.03836461915445804,1.0052020763917484
mlp,4,4,0.025,fixed horizon 148,0.6383701188455008,0.0,0.0,0.0,0.0,0.0,0.5,0.0,,,1.0,0.0,,,0.0,0.0,0.999958678290169
mlp,5,5,0.025,fixed horizon 148,0.41318214032601,0.0,0.0,0.0,0.0,0.0,0.5,0.0,,,1.0,0.0,,,0.0,0.0,0.8205767438725292
mlp,6,6,0.025,fixed horizon 148,0.5998389694041868,0.0,0.0,0.0,0.0,0.0,0.5,0.0,,,1.0,0.0,,,0.0,0.0,1.0000783320941693
mlp,7,7,0.025,fixed horizon 148,0.7932217932217932,0.0,0.0,0.0,0.0,0.0,0.5,0.0,,,1.0,0.0,,,0.0,0.0,0.9960756497488692
mlp,8,8,0.025,fixed horizon 148,0.6025219298245614,0.0,0.0125,0.03952847075210474,0.05,0.02130694351138793,0.51875,0.01740971190561476,0.5523198198198198,0.4543752693274221,0.9756490042674255,0.03123865335260107,0.4476801801801802,0.454375269327422,0.02435099573257462,0.031238653352601117,1.0126210677484657
mlp,9,9,0.025,fixed horizon 148,0.6870659722222222,0.0,0.0,0.0,0.0046875,0.007547592055306999,0.50234375,0.0037737960276535204,0.9211711711711712,0.06666057922048985,0.9996304898648649,0.000771407313372154,0.0788288288288288,0.06666057922048982,0.0003695101351351315,0.00077140731337214,1.0046816340102958
mlp,0,0,0.05,fixed horizon 148,0.7536780159730979,0.0,0.0,0.0,0.0,0.0,0.5,0.0,,,1.0,0.0,,,0.0,0.0,1.0006185914090155
mlp,1,1,0.05,fixed horizon 148,0.6133942161339422,0.0,0.0,0.0,0.0,0.0,0.5,0.0,,,1.0,0.0,,,0.0,0.0,0.9861876496761159
mlp,2,2,0.05,fixed horizon 148,0.6170212765957447,0.0,0.33191489361702126,0.2523866262387328,0.3113207547169811,0.19933237725459724,0.48970293054997993,0.032177731369282814,0.2800084459459459,0.3278493604040133,0.7209714431412545,0.21786068257117217,0.719991554054054,0.3278493604040133,0.2790285568587455,0.21786068257117222,1.0064399845104366
mlp,3,3,0.05,fixed horizon 148,0.7151442307692307,0.0,0.06875,0.014061428285636519,0.175,0.04295350145577169,0.553125,0.02015117713246414,0.6913052338052338,0.23734737081048124,0.9375909563409565,0.0547741543590809,0.3086947661947662,0.23734737081048124,0.06240904365904365,0.05477415435908091,1.0171893894725859
mlp,4,4,0.05,fixed horizon 148,0.6383701188455008,0.0,0.0,0.0,0.0,0.0,0.5,0.0,,,1.0,0.0,,,0.0,0.0,1.0004685961449793
mlp,5,5,0.05,fixed horizon 148,0.41318214032601,0.0,0.0,0.0,0.0,0.0,0.5,0.0,,,1.0,0.0,,,0.0,0.0,0.830898273231058
mlp,6,6,0.05,fixed horizon 148,0.5998389694041868,0.0,0.0,0.0,0.0,0.0,0.5,0.0,,,1.0,0.0,,,0.0,0.0,1.0007625282557864
mlp,7,7,0.05,fixed horizon 148,0.7932217932217932,0.0,0.0,0.0,0.0,0.0,0.5,0.0,,,1.0,0.0,,,0.0,0.0,0.9957973498994553
mlp,8,8,0.05,fixed horizon 148,0.6025219298245614,0.0,0.07083333333333333,0.02812285657127304,0.15789473684210525,0.025574350415988156,0.543530701754386,0.012166716383302655,0.7755936630936631,0.03329437793429482,0.964615931721195,0.007866711934616674,0.22440633690633688,0.03329437793429482,0.03538406827880506,0.00786671193461667,1.0155286865217015
mlp,9,9,0.05,fixed horizon 148,0.6870659722222222,0.0,0.005555555555555555,0.011712139482105107,0.0359375,0.025568620226319953,0.5151909722222222,0.009572693396801666,0.423338963963964,0.19079890421526405,0.9772381756756756,0.021112706346126518,0.576661036036036,0.19079890421526402,0.02276182432432433,0.021112706346126515,1.0201761988096498
mlp,0,0,0.075,fixed horizon 148,0.7536780159730979,0.0,0.0,0.0,0.0,0.0,0.5,0.0,,,1.0,0.0,,,0.0,0.0,1.0040743509198689
mlp,1,1,0.075,fixed horizon 148,0.6133942161339422,0.0,0.0,0.0,0.0,0.0,0.5,0.0,,,1.0,0.0,,,0.0,0.0,0.9878590374971287
mlp,2,2,0.075,fixed horizon 148,0.6170212765957447,0.0,0.2680851063829787,0.3206740549289139,0.2679245283018868,0.23879501836647618,0.49991971095945403,0.04724763508312591,0.3982133867060338,0.3153993653057156,0.7754207037225905,0.2553125395379977,0.6017866132939662,0.3153993653057156,0.2245792962774095,0.2553125395379977,1.015786575998894
mlp,3,3,0.075,fixed horizon 148,0.7151442307692307,0.0,0.08125,0.02680591536891498,0.24038461538461536,0.044642270119179865,0.5795673076923077,0.014885789616416092,0.5338731025863378,0.23216538236537873,0.8815488565488565,0.07540317474259597,0.4661268974136622,0.23216538236537873,0.11845114345114345,0.07540317474259599,1.016765303231912
mlp,4,4,0.075,fixed horizon 148,0.6383701188455008,0.0,0.0,0.0,0.0,0.0,0.5,0.0,,,1.0,0.0,,,0.0,0.0,1.0590161164471703
mlp,5,5,0.075,fixed horizon 148,0.41318214032601,0.0,0.0,0.0,0.0,0.0,0.5,0.0,,,1.0,0.0,,,0.0,0.0,0.8505503891598339
mlp,6,6,0.075,fixed horizon 148,0.5998389694041868,0.0,0.0,0.0,0.0,0.0,0.5,0.0,,,1.0,0.0,,,0.0,0.0,1.0011745590215677
mlp,7,7,0.075,fixed horizon 148,0.7932217932217932,0.0,0.0,0.0,0.0,0.0,0.5,0.0,,,1.0,0.0,,,0.0,0.0,1.0005638226157965
mlp,8,8,0.075,fixed horizon 148,0.6025219298245614,0.0,0.22916666666666669,0.049104637582399135,0.2894736842105263,0.04472824134730513,0.5301535087719298,0.018480205892115676,0.7227968682316508,0.057293084127954884,0.9194167852062589,0.02398564509545405,0.27720313176834915,0.05729308412795489,0.08058321479374111,0.023985645095454037,1.0224914890320664
mlp,9,9,0.075,fixed horizon 148,0.6870659722222222,0.0,0.03888888888888888,0.051052032415148975,0.084375,0.06301868109272572,0.5227430555555556,0.006582993102111042,0.3695741195741196,0.2516855472853424,0.9336148648648649,0.06572901765266724,0.6304258804258804,0.2516855472853424,0.06638513513513512,0.06572901765266724,1.0189536335884586
mlp,0,0,0.1,fixed horizon 148,0.7536780159730979,0.0,0.0,0.0,0.0,0.0,0.5,0.0,,,1.0,0.0,,,0.0,0.0,1.001927271363933
mlp,1,1,0.1,fixed horizon 148,0.6133942161339422,0.0,0.0,0.0,0.0,0.0,0.5,0.0,,,1.0,0.0,,,0.0,0.0,0.9869423153012729
mlp,2,2,0.1,fixed horizon 148,0.6170212765957447,0.0,0.34893617021276596,0.3505010174467769,0.3283018867924528,0.2646296949324731,0.4896828582898435,0.04968488767600506,0.38983407280362203,0.3572452364628103,0.7167899031106578,0.29094980820983696,0.610165927196378,0.3572452364628103,0.2832100968893422,0.29094980820983696,1.0177240937436713
mlp,3,3,0.1,fixed horizon 148,0.7151442307692307,0.0,0.10625,0.041025154132616475,0.31346153846153846,0.06602875272727224,0.6036057692307693,0.0222155759805593,0.45505620956388226,0.23217160930848063,0.8181782744282744,0.10950839844575645,0.5449437904361177,0.23217160930848063,0.18182172557172555,0.10950839844575645,1.0406566242963828
mlp,4,4,0.1,fixed horizon 148,0.6383701188455008,0.0,0.0,0.0,0.0032258064516129032,0.006800597118641676,0.5016129032258064,0.003400298559320854,0.5101351351351352,0.5016635947607263,0.9984197907585004,0.0042863137131869495,0.48986486486486486,0.5016635947607263,0.0015802092414995638,0.0042863137131869365,1.0447787999558096
mlp,5,5,0.1,fixed horizon 148,0.41318214032601,0.0,0.0,0.0,0.0,0.0,0.5,0.0,,,1.0,0.0,,,0.0,0.0,0.8577769095077474
mlp,6,6,0.1,fixed horizon 148,0.5998389694041868,0.0,0.0,0.0,0.002173913043478261,0.006874516652539955,0.5010869565217392,0.0034372583262700044,0.10810810810810811,,0.9980611045828438,0.006131325663076146,0.8918918918918919,,0.0019388954171562721,0.00613132566307613,1.0016338183594367
mlp,7,7,0.1,fixed horizon 148,0.7932217932217932,0.0,0.0,0.0,0.0,0.0,0.5,0.0,,,1.0,0.0,,,0.0,0.0,1.0024799818827534
mlp,8,8,0.1,fixed horizon 148,0.6025219298245614,0.0,0.2875,0.030744366140525912,0.38815789473684215,0.019858300741529417,0.5503289473684211,0.021011790815422943,0.6995890424529885,0.07199381740789129,0.883819345661451,0.026188123156755044,0.3004109575470116,0.07199381740789126,0.11618065433854907,0.026188123156755054,1.0271498814263276
mlp,9,9,0.1,fixed horizon 148,0.6870659722222222,0.0,0.03611111111111111,0.07413192185647442,0.0703125,0.05857928062084371,0.5171006944444445,0.011041342126801296,0.4257132132132132,0.2325302547647134,0.9487225506756758,0.061064564993363525,0.5742867867867869,0.2325302547647134,0.0512774493243243,0.06106456499336352,1.0325444409431026
mlp,0,0,0.15,fixed horizon 148,0.7536780159730979,0.0,0.0,0.0,0.0,0.0,0.5,0.0,,,1.0,0.0,,,0.0,0.0,1.0200260909904295
mlp,1,1,0.15,fixed horizon 148,0.6133942161339422,0.0,0.0,0.0,0.0,0.0,0.5,0.0,,,1.0,0.0,,,0.0,0.0,0.9895461313042253
mlp,2,2,0.15,fixed horizon 148,0.6170212765957447,0.0,0.3595744680851064,0.31676810936219246,0.40566037735849053,0.2596578031867046,0.523042954636692,0.036900314680963414,0.2936175547204959,0.2594103394113607,0.6595104538500765,0.2947285522843647,0.7063824452795041,0.25941033941136066,0.3404895461499235,0.2947285522843647,1.03985962225793
mlp,3,3,0.15,fixed horizon 148,0.7151442307692307,0.0,0.225,0.06646381174447444,0.4269230769230769,0.11882340113572831,0.6009615384615385,0.03192862927835175,0.4204784998776872,0.24570908864277505,0.7314838877338877,0.18840380076179408,0.5795215001223128,0.24570908864277505,0.2685161122661123,0.18840380076179408,1.0395811441188694
mlp,4,4,0.15,fixed horizon 148,0.6383701188455008,0.0,0.018421052631578946,0.03293856729038349,0.035483870967741936,0.012722752221719605,0.5085314091680815,0.014256027140422461,0.7048423423423423,0.20003207483199345,0.9880557977332171,0.010297461376430615,0.29515765765765767,0.20003207483199348,0.011944202266782921,0.010297461376430624,1.058043774549159
mlp,5,5,0.15,fixed horizon 148,0.41318214032601,0.0,0.0,0.0,0.0,0.0,0.5,0.0,,,1.0,0.0,,,0.0,0.0,0.8911131562769803
mlp,6,6,0.15,fixed horizon 148,0.5998389694041868,0.0,0.0,0.0,0.004347826086956522,0.01374903330507991,0.5021739130434782,0.006874516652539952,0.10810810810810811,,0.9961222091656875,0.012262651326152327,0.8918918918918919,,0.003877790834312567,0.012262651326152332,1.0029943335168712
mlp,7,7,0.15,fixed horizon 148,0.7932217932217932,0.0,0.0,0.0,0.02702702702702703,0.018018018018018018,0.5135135135135135,0.009009009009008969,0.6701858108108109,0.3043967261431606,0.9888056975894812,0.01700643040075394,0.32981418918918914,0.30439672614316066,0.011194302410518674,0.017006430400753943,1.022359795559931
mlp,8,8,0.15,fixed horizon 148,0.6025219298245614,0.0,0.6416666666666666,0.14855268841245484,0.6907894736842105,0.1078358846767039,0.5245614035087719,0.033832475284031494,0.7168847228082091,0.10119802013845143,0.8033072546230441,0.07723897384004377,0.28311527719179086,0.10119802013845142,0.19669274537695594,0.07723897384004379,1.061473468697576
mlp,9,9,0.15,fixed horizon 148,0.6870659722222222,0.0,0.07777777777777778,0.11400551090089915,0.13125,0.09721602162766749,0.5267361111111111,0.011970916599055277,0.34418355855855853,0.22329486838270626,0.898141891891892,0.09885975320150436,0.6558164414414415,0.22329486838270626,0.10185810810810811,0.09885975320150436,1.1295982578775514
mlp,0,0,0.2,fixed horizon 148,0.7536780159730979,0.0,0.0,0.0,0.0,0.0,0.5,0.0,,,1.0,0.0,,,0.0,0.0,1.0344239466139264
mlp,1,1,0.2,fixed horizon 148,0.6133942161339422,0.0,0.0,0.0,0.007407407407407407,0.015616185976140144,0.5037037037037038,0.007808092988070074,0.20945945945945948,0.009555497043061464,0.9941441441441441,0.01234579173716899,0.7905405405405406,0.009555497043061394,0.0058558558558558516,0.01234579173716899,0.9886163552849808
mlp,2,2,0.2,fixed horizon 148,0.6170212765957447,0.0,0.7638297872340425,0.17152273695721834,0.8301886792452831,0.14936279354764675,0.5331794460056203,0.01939096455761091,0.2899885994727722,0.34694250152537615,0.3677970423253442,0.3613340370484129,0.7100114005272278,0.34694250152537615,0.6322029576746557,0.3613340370484129,1.1389093988592347
mlp,3,3,0.2,fixed horizon 148,0.7151442307692307,0.0,0.32916666666666666,0.1275964897539539,0.5423076923076924,0.12909944487358052,0.6065705128205128,0.02569660998035407,0.458864612748766,0.3023881570663746,0.6764812889812889,0.2518527510204527,0.541135387251234,0.3023881570663746,0.32351871101871105,0.2518527510204527,1.057371159247553
mlp,4,4,0.2,fixed horizon 148,0.6383701188455008,0.0,0.08157894736842106,0.08984272020399554,0.15483870967741936,0.05168006383095878,0.5366298811544992,0.028519249557200484,0.609311024936025,0.1888809926531032,0.93256320836966,0.04983353772024563,0.3906889750639751,0.18888099265310326,0.06743679163034001,0.04983353772024564,1.1148153276226533
mlp,5,5,0.2,fixed horizon 148,0.41318214032601,0.0,0.0,0.0,0.0,0.0,0.5,0.0,,,1.0,0.0,,,0.0,0.0,0.9001348028030669
mlp,6,6,0.2,fixed horizon 148,0.5998389694041868,0.0,0.0,0.0,0.008695652173913044,0.015200128234350022,0.5043478260869565,0.007600064117175019,0.16666666666666666,0.06492583470900709,0.992626321974148,0.013218798475019796,0.8333333333333334,0.06492583470900715,0.007373678025851949,0.013218798475019805,1.0068230761404415
mlp,7,7,0.2,fixed horizon 148,0.7932217932217932,0.0,0.0,0.0,0.032432432432432434,0.011395595171777944,0.5162162162162162,0.005697797585889019,0.5125,0.30078341862821895,0.9825054784514243,0.015794248666416034,0.4875,0.300783418628219,0.01749452154857558,0.01579424866641602,1.0485360913827253
mlp,8,8,0.2,fixed horizon 148,0.6025219298245614,0.0,0.8083333333333333,0.044790320823880826,0.8697368421052631,0.05597907206890173,0.5307017543859649,0.013045737059630675,0.643532271232811,0.10062130617513934,0.6878111664295875,0.09353180640157514,0.356467728767189,0.10062130617513931,0.3121888335704125,0.09353180640157514,1.084817299033252
mlp,9,9,0.2,fixed horizon 148,0.6870659722222222,0.0,0.16666666666666669,0.1163870841664494,0.3578125,0.12703422890111152,0.5955729166666667,0.04412867137647414,0.4843262585528011,0.21012094320523733,0.8028188344594595,0.12457922417649447,0.5156737414471989,0.21012094320523733,0.19718116554054055,0.12457922417649446,1.1781117947067539
mlp,0,0,0.3,fixed horizon 148,0.7536780159730979,0.0,0.001639344262295082,0.005184061737980949,0.007692307692307693,0.012385792090760203,0.5030264817150063,0.0053594633869885515,0.1711711711711712,0.2906452775809076,0.9936243936243937,0.01085018929227032,0.8288288288288288,0.2906452775809075,0.006375606375606369,0.010850189292270322,1.0507691148371336
mlp,1,1,0.3,fixed horizon 148,0.6133942161339422,0.0,0.036986301369863014,0.03930655564686273,0.0962962962962963,0.02589651476963337,0.5296549974632165,0.01389682452712154,0.343018018018018,0.09127443488680356,0.9357857857857856,0.022443973805643575,0.656981981981982,0.09127443488680358,0.06421421421421424,0.02244397380564359,0.920284235736139
mlp,2,2,0.3,fixed horizon 148,0.6170212765957447,0.0,1.0,0.0,0.9886792452830189,0.009743354330081546,0.49433962264150944,0.004871677165040773,0.0584579590475817,0.06600687533966182,0.06909739928607853,0.0662025618691966,0.9415420409524182,0.0660068753396618,0.9309026007139215,0.0662025618691966,1.0345455955147342
mlp,3,3,0.3,fixed horizon 148,0.7151442307692307,0.0,0.7229166666666667,0.06368475843394651,0.875,0.04276174379527673,0.5760416666666666,0.022424606692982157,0.12032978304007927,0.11516149239420626,0.22676715176715176,0.12646341183834536,0.8796702169599208,0.11516149239420624,0.7732328482328482,0.12646341183834536,1.0439469081259685
mlp,4,4,0.3,fixed horizon 148,0.6383701188455008,0.0,0.3894736842105263,0.12939711519007563,0.5,0.08082417407727371,0.5552631578947368,0.03425916227408464,0.45213599197700816,0.221033349263661,0.7150719267654753,0.1520313388566821,0.5478640080229918,0.221033349263661,0.28492807323452485,0.1520313388566821,1.0713404819010506
mlp,5,5,0.3,fixed horizon 148,0.41318214032601,0.0,0.0012048192771084338,0.003809973084540216,0.01764705882352941,0.028414464208214585,0.5082211197732105,0.013338410418519782,0.8288288288288288,0.07831233626447613,0.9969793322734499,0.005326507334737967,0.17117117117117117,0.07831233626447616,0.0030206677265500748,0.005326507334737964,0.8930370521846225
mlp,6,6,0.3,fixed horizon 148,0.5998389694041868,0.0,0.037037037037037035,0.035993530215094445,0.0782608695652174,0.06080051293740009,0.5206119162640902,0.0162475624139762,0.5218371943371943,0.25267407421944393,0.9620593419506462,0.03435905377076616,0.47816280566280567,0.25267407421944393,0.03794065804935368,0.034359053770766174,1.1163329066334606
mlp,7,7,0.3,fixed horizon 148,0.7932217932217932,0.0,0.0031746031746031746,0.00669265113263149,0.07027027027027027,0.022791190343555888,0.5335478335478335,0.008621141690524177,0.18795045045045045,0.23525374038026142,0.9428962746530314,0.028059013170651913,0.8120495495495496,0.23525374038026142,0.057103725346968594,0.028059013170651924,1.0202833079829898
mlp,8,8,0.3,fixed horizon 148,0.6025219298245614,0.0,0.9791666666666666,0.03540985773328324,0.9763157894736842,0.012091270835166836,0.49857456140350875,0.015105689494383031,0.35592063289345977,0.1693102933172172,0.37088371266002845,0.16653559267556145,0.6440793671065402,0.16931029331721717,0.6291162873399715,0.16653559267556142,1.0005227111813322
mlp,9,9,0.3,fixed horizon 148,0.6870659722222222,0.0,0.7861111111111112,0.04908280844703177,0.85625,0.036680868461789605,0.5350694444444445,0.017241097531813607,0.31240326487283887,0.13601252649040477,0.4099028716216216,0.12378267447363257,0.6875967351271611,0.1360125264904048,0.5900971283783785,0.12378267447363257,1.0178495094681073
mlp,0,0,0.01,fixed horizon 50,0.47498949138293406,0.0,0.0,0.0,0.0,0.0,0.5,0.0,,,1.0,0.0,,,0.0,0.0,0.9886214364485243
mlp,1,1,0.01,fixed horizon 50,0.5098934550989346,0.0,0.0,0.0,0.0,0.0,0.5,0.0,,,1.0,0.0,,,0.0,0.0,0.9851159610790458
mlp,2,2,0.01,fixed horizon 50,0.562424729024488,0.0,0.18723404255319148,0.1247904536052356,0.09811320754716982,0.04056481885936378,0.4554395824969892,0.050557131811667655,0.29636666666666667,0.19059221869520407,0.9249433962264151,0.047517028148693186,0.7036333333333333,0.19059221869520407,0.07505660377358489,0.04751702814869319,1.001621579121495
mlp,3,3,0.01,fixed horizon 50,0.5881410256410257,0.0,0.01875,0.02494206249453885,0.06346153846153847,0.020372113566757312,0.5223557692307692,0.01091137086667963,0.45500000000000007,0.3232560044986704,0.9698461538461538,0.012402413287675794,0.5449999999999999,0.3232560044986704,0.030153846153846132,0.012402413287675806,1.0018059868262907
mlp,4,4,0.01,fixed horizon 50,0.5178268251273345,0.0,0.0,0.0,0.0,0.0,0.5,0.0,,,1.0,0.0,,,0.0,0.0,0.9978576347466278
mlp,5,5,0.01,fixed horizon 50,0.44578313253012053,0.0,0.0,0.0,0.0,0.0,0.5,0.0,,,1.0,0.0,,,0.0,0.0,0.8102797850711614
mlp,6,6,0.01,fixed horizon 50,0.6195652173913043,0.0,0.0,0.0,0.0,0.0,0.5,0.0,,,1.0,0.0,,,0.0,0.0,1.000093666446641
mlp,7,7,0.01,fixed horizon 50,0.5701415701415702,0.0,0.0,0.0,0.0,0.0,0.5,0.0,,,1.0,0.0,,,0.0,0.0,0.9907802907995908
mlp,8,8,0.01,fixed horizon 50,0.5844298245614035,0.0,0.0,0.0,0.018421052631578946,0.02418254167033372,0.5092105263157894,0.01209127083516687,0.045,0.05744562646538028,0.9825263157894737,0.02274458391047627,0.955,0.05744562646538029,0.01747368421052632,0.022744583910476266,1.0011639919982769
mlp,9,9,0.01,fixed horizon 50,0.5750868055555556,0.0,0.0,0.0,0.0015625,0.004941058844013093,0.50078125,0.0024705294220065633,0.0,,0.9984375,0.004941058844013095,1.0,,0.0015625,0.004941058844013093,1.0009292005318025
mlp,0,0,0.025,fixed horizon 50,0.47498949138293406,0.0,0.0,0.0,0.0,0.0,0.5,0.0,,,1.0,0.0,,,0.0,0.0,0.9886086286175779
mlp,1,1,0.025,fixed horizon 50,0.5098934550989346,0.0,0.0,0.0,0.0,0.0,0.5,0.0,,,1.0,0.0,,,0.0,0.0,0.9850644620452268
mlp,2,2,0.025,fixed horizon 50,0.562424729024488,0.0,0.3148936170212766,0.15434292775870007,0.20943396226415095,0.13025094977211535,0.4472701726214372,0.04455308821468059,0.24610470085470088,0.2049518022289172,0.8256226415094339,0.13392587570864764,0.7538952991452991,0.2049518022289172,0.17437735849056604,0.13392587570864767,1.0014990437725462
mlp,3,3,0.025,fixed horizon 50,0.5881410256410257,0.0,0.05833333333333333,0.04025382429497066,0.10384615384615385,0.046402464284240656,0.5227564102564102,0.005938864149439025,0.3904761904761905,0.31438262094256747,0.9468461538461538,0.027775160954978274,0.6095238095238095,0.31438262094256747,0.05315384615384613,0.02777516095497827,1.0016389986345233
mlp,4,4,0.025,fixed horizon 50,0.5178268251273345,0.0,0.0,0.0,0.0,0.0,0.5,0.0,,,1.0,0.0,,,0.0,0.0,0.997820013000957
mlp,5,5,0.025,fixed horizon 50,0.44578313253012053,0.0,0.0,0.0,0.0,0.0,0.5,0.0,,,1.0,0.0,,,0.0,0.0,0.810263359280901
mlp,6,6,0.025,fixed horizon 50,0.6195652173913043,0.0,0.0,0.0,0.0,0.0,0.5,0.0,,,1.0,0.0,,,0.0,0.0,0.9999873185751866
mlp,7,7,0.025,fixed horizon 50,0.5701415701415702,0.0,0.0,0.0,0.0,0.0,0.5,0.0,,,1.0,0.0,,,0.0,0.0,0.9907393743022714
mlp,8,8,0.025,fixed horizon 50,0.5844298245614035,0.0,0.0125,0.03952847075210474,0.035526315789473684,0.031044453279274364,0.5115131578947368,0.018166712199321155,0.09133333333333334,0.0732102863793472,0.9666578947368422,0.029975379760944925,0.9086666666666666,0.07321028637934718,0.033342105263157895,0.029975379760944908,1.0008526714587211
mlp,9,9,0.025,fixed horizon 50,0.5750868055555556,0.0,0.0,0.0,0.0109375,0.014823176532039278,0.50546875,0.007411588266019641,0.01,0.008164965809277261,0.9891874999999999,0.014633247911671735,0.99,0.008164965809277268,0.010812500000000013,0.01463324791167173,1.0008281744499905
mlp,0,0,0.05,fixed horizon 50,0.47498949138293406,0.0,0.0,0.0,0.0,0.0,0.5,0.0,,,1.0,0.0,,,0.0,0.0,0.9906617102039998
mlp,1,1,0.05,fixed horizon 50,0.5098934550989346,0.0,0.0,0.0,0.0,0.0,0.5,0.0,,,1.0,0.0,,,0.0,0.0,0.9852825523007643
mlp,2,2,0.05,fixed horizon 50,0.562424729024488,0.0,0.4319148936170213,0.23672437274279615,0.3433962264150943,0.15349004740409158,0.45574066639903654,0.06857459187771298,0.270431746031746,0.24925451379668567,0.7198867924528302,0.1951530918107762,0.729568253968254,0.24925451379668567,0.28011320754716984,0.19515309181077622,1.0024466910533139
mlp,3,3,0.05,fixed horizon 50,0.5881410256410257,0.0,0.09375,0.010980130764473545,0.23461538461538461,0.04779833815976217,0.5704326923076923,0.020573002273545304,0.510999358974359,0.25445952070501016,0.8799615384615385,0.06533694843679354,0.489000641025641,0.25445952070501016,0.12003846153846154,0.06533694843679352,1.005318848532066
mlp,4,4,0.05,fixed horizon 50,0.5178268251273345,0.0,0.0,0.0,0.0,0.0,0.5,0.0,,,1.0,0.0,,,0.0,0.0,0.9976351470364572
mlp,5,5,0.05,fixed horizon 50,0.44578313253012053,0.0,0.0,0.0,0.0,0.0,0.5,0.0,,,1.0,0.0,,,0.0,0.0,0.8178990891822323
mlp,6,6,0.05,fixed horizon 50,0.6195652173913043,0.0,0.0,0.0,0.0,0.0,0.5,0.0,,,1.0,0.0,,,0.0,0.0,1.0000482655259915
mlp,7,7,0.05,fixed horizon 50,0.5701415701415702,0.0,0.0,0.0,0.0,0.0,0.5,0.0,,,1.0,0.0,,,0.0,0.0,0.9906819690755133
mlp,8,8,0.05,fixed horizon 50,0.5844298245614035,0.0,0.05416666666666666,0.04831257536368357,0.04868421052631579,0.024062924077798597,0.4972587719298246,0.027043079009762168,0.20177777777777778,0.14269158660863257,0.9593684210526316,0.0251328265818109,0.7982222222222223,0.14269158660863257,0.04063157894736848,0.025132826581810937,1.0016293857592284
mlp,9,9,0.05,fixed horizon 50,0.5750868055555556,0.0,0.016666666666666666,0.03513641844631532,0.040625,0.04179667218278933,0.5119791666666667,0.011529137302697227,0.23197916666666668,0.20774103303284974,0.9646250000000001,0.04060704731529571,0.7680208333333334,0.20774103303284974,0.03537500000000001,0.04060704731529574,1.0149428281998742
mlp,0,0,0.075,fixed horizon 50,0.47498949138293406,0.0,0.0,0.0,0.0,0.0,0.5,0.0,,,1.0,0.0,,,0.0,0.0,0.9927990953357423
mlp,1,1,0.075,fixed horizon 50,0.5098934550989346,0.0,0.0,0.0,0.0,0.0,0.5,0.0,,,1.0,0.0,,,0.0,0.0,0.9853710819272626
mlp,2,2,0.075,fixed horizon 50,0.562424729024488,0.0,0.4723404255319149,0.2069658606181109,0.42075471698113204,0.15636237108756224,0.47420714572460854,0.04425631178567904,0.2680022898154477,0.2022243290023597,0.6646415094339623,0.20471983497030227,0.7319977101845523,0.20222432900235973,0.3353584905660377,0.20471983497030222,1.0055634673039704
mlp,3,3,0.075,fixed horizon 50,0.5881410256410257,0.0,0.12083333333333332,0.025609845714702463,0.3,0.04550830602384321,0.5895833333333333,0.011961518613163464,0.5453128787878787,0.2751331296524815,0.8579615384615386,0.09766152183337763,0.45468712121212124,0.27513312965248143,0.1420384615384615,0.09766152183337763,1.0061390535330188
mlp,4,4,0.075,fixed horizon 50,0.5178268251273345,0.0,0.007894736842105263,0.02496534994869773,0.0032258064516129032,0.006800597118641676,0.49766553480475384,0.010525498048331161,0.44,0.11313708498984763,0.9981935483870968,0.0038566041757350494,0.56,0.11313708498984758,0.001806451612903237,0.003856604175735058,1.0049110761086777
mlp,5,5,0.075,fixed horizon 50,0.44578313253012053,0.0,0.0,0.0,0.0,0.0,0.5,0.0,,,1.0,0.0,,,0.0,0.0,0.8276965100187891
mlp,6,6,0.075,fixed horizon 50,0.6195652173913043,0.0,0.0,0.0,0.013043478260869565,0.011226038684659179,0.5065217391304347,0.005613019342329615,0.5333333333333333,0.0413118223595458,0.9939130434782608,0.005281410770518429,0.4666666666666666,0.041311822359545794,0.006086956521739151,0.00528141077051845,1.0004960427570184
mlp,7,7,0.075,fixed horizon 50,0.5701415701415702,0.0,0.0,0.0,0.0,0.0,0.5,0.0,,,1.0,0.0,,,0.0,0.0,0.9922199445200579
mlp,8,8,0.075,fixed horizon 50,0.5844298245614035,0.0,0.041666666666666664,0.04392052305789415,0.042105263157894736,0.023041974625550344,0.5002192982456141,0.02220706816323163,0.4481,0.34070087709649494,0.9705526315789473,0.025200168183055725,0.5519000000000001,0.340700877096495,0.029447368421052666,0.025200168183055743,1.0123801597407762
mlp,9,9,0.075,fixed horizon 50,0.5750868055555556,0.0,0.05555555555555556,0.048995394649344264,0.096875,0.05197906229114437,0.5206597222222222,0.00836422066474409,0.2966666666666667,0.2313574008186906,0.9238125,0.0592701559715249,0.7033333333333334,0.23135740081869058,0.07618750000000002,0.0592701559715249,1.0147803112924982
mlp,0,0,0.1,fixed horizon 50,0.47498949138293406,0.0,0.0,0.0,0.0,0.0,0.5,0.0,,,1.0,0.0,,,0.0,0.0,0.994759891271368
mlp,1,1,0.1,fixed horizon 50,0.5098934550989346,0.0,0.0,0.0,0.0,0.0,0.5,0.0,,,1.0,0.0,,,0.0,0.0,0.9842395006676842
mlp,2,2,0.1,fixed horizon 50,0.562424729024488,0.0,0.5297872340425532,0.25697845368369526,0.47547169811320755,0.18180343784500383,0.4728422320353272,0.06058025883610979,0.29455229035905667,0.28148123205487624,0.6235471698113207,0.25610632507782327,0.7054477096409434,0.2814812320548762,0.37645283018867925,0.25610632507782327,1.010490054126357
mlp,3,3,0.1,fixed horizon 50,0.5881410256410257,0.0,0.13333333333333336,0.02978834804101003,0.33461538461538465,0.04366509324596514,0.6006410256410256,0.010530416620008759,0.606255303030303,0.2501704233944901,0.858923076923077,0.10526223476186095,0.39374469696969705,0.25017042339449,0.14107692307692304,0.10526223476186095,1.0126492261655788
mlp,4,4,0.1,fixed horizon 50,0.5178268251273345,0.0,0.018421052631578946,0.039327213634140164,0.008064516129032258,0.011404948083653992,0.4948217317487266,0.015566702263862742,0.385,0.09983319421247959,0.9949999999999999,0.007234329970293647,0.615,0.09983319421247958,0.005000000000000016,0.007234329970293656,1.010011150161644
mlp,5,5,0.1,fixed horizon 50,0.44578313253012053,0.0,0.0,0.0,0.0,0.0,0.5,0.0,,,1.0,0.0,,,0.0,0.0,0.8391283183819187
mlp,6,6,0.1,fixed horizon 50,0.6195652173913043,0.0,0.0,0.0,0.019565217391304346,0.006874516652539954,0.5097826086956523,0.0034372583262700174,0.5177777777777778,0.10413666234542202,0.9905652173913044,0.003942721593033968,0.4822222222222222,0.10413666234542202,0.00943478260869567,0.003942721593033994,1.0003559889049065
mlp,7,7,0.1,fixed horizon 50,0.5701415701415702,0.0,0.0,0.0,0.008108108108108109,0.018241852911096028,0.504054054054054,0.009120926455548005,0.0,0.0,0.991891891891892,0.018241852911095993,1.0,0.0,0.008108108108108103,0.01824185291109602,0.993893630389635
mlp,8,8,0.1,fixed horizon 50,0.5844298245614035,0.0,0.07083333333333333,0.034303025097856855,0.06315789473684211,0.026894227573255953,0.4961622807017544,0.00986503623996039,0.4050595238095238,0.3284440231575947,0.9569210526315789,0.03338593495034194,0.5949404761904762,0.3284440231575947,0.043078947368421106,0.03338593495034195,1.0190362316471084
mlp,9,9,0.1,fixed horizon 50,0.5750868055555556,0.0,0.04722222222222222,0.03939268034478268,0.0984375,0.025568620226319953,0.525607638888889,0.012961218984042292,0.4507365079365079,0.17303612249833392,0.9428124999999999,0.028969197602319294,0.5492634920634921,0.17303612249833392,0.05718750000000004,0.028969197602319315,1.0267312239293893
mlp,0,0,0.15,fixed horizon 50,0.47498949138293406,0.0,0.0,0.0,0.0,0.0,0.5,0.0,,,1.0,0.0,,,0.0,0.0,1.0046813175792368
mlp,1,1,0.15,fixed horizon 50,0.5098934550989346,0.0,0.0,0.0,0.007407407407407407,0.015616185976140144,0.5037037037037038,0.007808092988070074,0.63,0.21213203435596428,0.9972592592592593,0.006343805266907345,0.37,0.21213203435596428,0.0027407407407407324,0.006343805266907328,0.9833346854829588
mlp,2,2,0.15,fixed horizon 50,0.562424729024488,0.0,0.6382978723404256,0.23285751999123408,0.6339622641509435,0.19121979315834012,0.49783219590525896,0.03049028510091104,0.23179038840698354,0.23699300506658352,0.47384905660377363,0.27871194180601705,0.7682096115930165,0.2369930050665835,0.5261509433962264,0.27871194180601705,1.013032159925365
mlp,3,3,0.15,fixed horizon 50,0.5881410256410257,0.0,0.25625,0.06878155841341324,0.45384615384615384,0.09814184209745967,0.598798076923077,0.02317123342077831,0.5148191801775415,0.2676492946696247,0.7566153846153846,0.18258236007813797,0.48518081982245853,0.2676492946696247,0.2433846153846154,0.18258236007813794,1.0148422128447279
mlp,4,4,0.15,fixed horizon 50,0.5178268251273345,0.0,0.05789473684210526,0.07318124075303231,0.0564516129032258,0.02550223919490628,0.49927843803056027,0.03172183733103222,0.5189999999999999,0.36101639783557316,0.9717096774193548,0.024714837983624886,0.48100000000000004,0.36101639783557316,0.028290322580645143,0.024714837983624883,1.0250246329443473
mlp,5,5,0.15,fixed horizon 50,0.44578313253012053,0.0,0.0,0.0,0.0,0.0,0.5,0.0,,,1.0,0.0,,,0.0,0.0,0.8624492051185106
mlp,6,6,0.15,fixed horizon 50,0.6195652173913043,0.0,0.0,0.0,0.021739130434782608,0.010247924365022427,0.5108695652173914,0.005123962182511241,0.5066666666666666,0.11832159566199228,0.9891739130434782,0.006050442586500874,0.4933333333333333,0.1183215956619923,0.010826086956521774,0.006050442586500868,1.0015739709118727
mlp,7,7,0.15,fixed horizon 50,0.5701415701415702,0.0,0.0,0.0,0.024324324324324326,0.019942291550611405,0.5121621621621621,0.009971145775305671,0.2,0.24331050121192882,0.9794594594594594,0.020263662586680435,0.7999999999999999,0.2433105012119288,0.020540540540540532,0.020263662586680435,0.9996736263418244
mlp,8,8,0.15,fixed horizon 50,0.5844298245614035,0.0,0.17916666666666664,0.0652925515196842,0.16710526315789473,0.056865519327589285,0.49396929824561403,0.0422595868773912,0.5308247252747254,0.24000897193955698,0.9229736842105263,0.050726190007962545,0.4691752747252747,0.240008971939557,0.07702631578947364,0.050726190007962545,1.0387489971199844
mlp,9,9,0.15,fixed horizon 50,0.5750868055555556,0.0,0.10555555555555556,0.09053264119689124,0.2015625,0.08698072603392597,0.5480034722222222,0.02283149301189992,0.4294465811965812,0.2606477873895296,0.86625,0.09409116165394543,0.5705534188034187,0.2606477873895296,0.13374999999999998,0.09409116165394545,1.0545704058445247
mlp,0,0,0.2,fixed horizon 50,0.47498949138293406,0.0,0.0,0.0,0.0,0.0,0.5,0.0,,,1.0,0.0,,,0.0,0.0,1.0197224301275525
mlp,1,1,0.2,fixed horizon 50,0.5098934550989346,0.0,0.0013698630136986301,0.004331887205710108,0.014814814814814814,0.019125843684974896,0.5067224759005581,0.008901061554571125,0.485,0.07549834435270751,0.9923703703703705,0.009981235252007684,0.515,0.07549834435270754,0.00762962962962962,0.009981235252007696,0.9793751832610009
mlp,2,2,0.2,fixed horizon 50,0.562424729024488,0.0,0.8191489361702129,0.10626470967213969,0.8584905660377359,0.11874973326100131,0.5196708149337615,0.012628342820718863,0.1712698839535814,0.2301834104580492,0.26418867924528305,0.2671056343107399,0.8287301160464186,0.2301834104580492,0.735811320754717,0.2671056343107399,1.1360947246917474
mlp,3,3,0.2,fixed horizon 50,0.5881410256410257,0.0,0.36458333333333337,0.09278048066588465,0.5384615384615385,0.12128774313092629,0.5869391025641025,0.016287260885055162,0.377321235341925,0.27715762204409894,0.6351153846153846,0.2201448218867532,0.6226787646580749,0.27715762204409894,0.36488461538461536,0.22014482188675324,1.0374986371305437
mlp,4,4,0.2,fixed horizon 50,0.5178268251273345,0.0,0.09473684210526315,0.10093438500801771,0.12580645161290321,0.06876678260352465,0.51553480475382,0.01998986384036373,0.48333076923076923,0.23439185769793985,0.921,0.06945062153126304,0.5166692307692308,0.23439185769793985,0.07899999999999999,0.06945062153126305,1.0797394028618816
mlp,5,5,0.2,fixed horizon 50,0.44578313253012053,0.0,0.0,0.0,0.0,0.0,0.5,0.0,,,1.0,0.0,,,0.0,0.0,0.8780344659301352
mlp,6,6,0.2,fixed horizon 50,0.6195652173913043,0.0,0.0018518518518518517,0.005856069741052554,0.017391304347826087,0.017148057342317728,0.5077697262479871,0.009998982162228392,0.57,0.18836135484753766,0.9917391304347826,0.01051299193236065,0.43,0.18836135484753763,0.008260869565217387,0.010512991932360652,1.0062086039113978
mlp,7,7,0.2,fixed horizon 50,0.5701415701415702,0.0,0.0,0.0,0.01891891891891892,0.025640089136500375,0.5094594594594595,0.01282004456825014,0.2375,0.2778938646318051,0.9850810810810812,0.022383281295462958,0.7625,0.2778938646318051,0.014918918918918911,0.02238328129546296,1.0267901643682327
mlp,8,8,0.2,fixed horizon 50,0.5844298245614035,0.0,0.3625,0.0652925515196842,0.3684210526315789,0.04962152850431911,0.5029605263157895,0.024183922669693565,0.6242087674904917,0.13010563695365507,0.8571052631578947,0.062327138606171104,0.37579123250950835,0.13010563695365507,0.14289473684210527,0.06232713860617112,1.0544967870867168
mlp,9,9,0.2,fixed horizon 50,0.5750868055555556,0.0,0.17777777777777776,0.13430714344050923,0.30625,0.11510298830467725,0.564236111111111,0.0137007414372126,0.34758840977862715,0.2629288263897551,0.77509375,0.1501568226807208,0.6524115902213729,0.2629288263897551,0.22490625,0.15015682268072084,1.1560281881896406
mlp,0,0,0.3,fixed horizon 50,0.47498949138293406,0.0,0.0049180327868852455,0.007918785107207345,0.007692307692307693,0.012385792090760203,0.5013871374527112,0.002233503491776397,0.12,0.20784609690826528,0.9932307692307691,0.011185288230661772,0.88,0.20784609690826528,0.006769230769230772,0.011185288230661767,1.0678108881919932
mlp,1,1,0.3,fixed horizon 50,0.5098934550989346,0.0,0.06712328767123288,0.03257727667897163,0.08888888888888888,0.031232371952280288,0.510882800608828,0.0068503067432841395,0.4716666666666667,0.10018809470684456,0.9541481481481482,0.017065462063112283,0.5283333333333333,0.10018809470684455,0.045851851851851845,0.017065462063112304,0.9485085321012836
mlp,2,2,0.3,fixed horizon 50,0.562424729024488,0.0,0.9936170212765957,0.010277572160418073,0.9792452830188679,0.016520661052281383,0.49281413087113607,0.008889793298795181,0.05562399328381571,0.054980452947044615,0.07524528301886793,0.05584911326417889,0.9443760067161844,0.054980452947044615,0.9247547169811321,0.05584911326417888,1.0317974767678972
mlp,3,3,0.3,fixed horizon 50,0.5881410256410257,0.0,0.7229166666666667,0.07220218739205574,0.8596153846153847,0.05737089957760115,0.5683493589743589,0.013692574200192341,0.16839373965711638,0.14851521863062558,0.2791153846153846,0.16464274574912388,0.8316062603428837,0.14851521863062558,0.7208846153846153,0.16464274574912385,1.038594134780377
mlp,4,4,0.3,fixed horizon 50,0.5178268251273345,0.0,0.49736842105263157,0.09320562427466311,0.4112903225806452,0.09803538993984122,0.4569609507640068,0.025463906006047865,0.36343247453146355,0.2137080434206172,0.7243548387096774,0.13775970858952827,0.6365675254685365,0.21370804342061722,0.27564516129032257,0.13775970858952824,1.010670719557065
mlp,5,5,0.3,fixed horizon 50,0.44578313253012053,0.0,0.008433734939759036,0.022753759797936216,0.011764705882352941,0.03720326659021623,0.501665485471297,0.007622234592441998,0.08,,0.9891764705882353,0.03422700526299895,0.92,,0.01082352941176471,0.03422700526299894,0.9464199358712149
mlp,6,6,0.3,fixed horizon 50,0.6195652173913043,0.0,0.02222222222222222,0.011712139482105107,0.05434782608695652,0.03280936644252687,0.5160628019323672,0.013841256509219602,0.6764666666666667,0.2164880289223094,0.9780434782608696,0.02599197685332034,0.32353333333333334,0.2164880289223094,0.02195652173913045,0.025991976853320324,1.0863257244384124
mlp,7,7,0.3,fixed horizon 50,0.5701415701415702,0.0,0.0047619047619047615,0.0076673951038039355,0.06756756756756757,0.022968556367535066,0.5314028314028313,0.007947901121566675,0.288,0.23578709794124775,0.9483243243243245,0.03321596087445868,0.712,0.23578709794124775,0.05167567567567568,0.033215960874458696,1.0460340088783684
mlp,8,8,0.3,fixed horizon 50,0.5844298245614035,0.0,0.7916666666666667,0.12108052620946318,0.9052631578947368,0.09920428261489078,0.5567982456140351,0.01998436942648174,0.41279010544238454,0.13091312611885025,0.46557894736842104,0.13844305297337864,0.5872098945576154,0.13091312611885028,0.5344210526315789,0.13844305297337864,1.0564715606787731
mlp,9,9,0.3,fixed horizon 50,0.5750868055555556,0.0,0.6166666666666667,0.16396995274947151,0.6203125,0.08654300572708219,0.5018229166666667,0.04331482214448381,0.11007729537363684,0.12128279208904442,0.43893750000000004,0.13227248876740097,0.8899227046263631,0.1212827920890444,0.5610625,0.132272488767401,1.0876351813904233
