model,fold,heldout_task,cp_seed,alpha,eval_time,n_validation_success,regression_calibration_count,modulation_calibration_count,band_width,realized_fpr,catch_rate,tnr,balanced_accuracy,caught_alarm_fraction,effective_alarm_fraction,caught_lead_fraction,effective_lead_fraction,success_false_alarm_fraction,any_alarm_rate,roc_auc_max_score
mlp,0,0,0,0.01,by final end,192,57,135,1.0011005262897936,0.0,0.0,1.0,0.5,,1.0,,0.0,,0.0,0.9920134510298444
mlp,0,0,0,0.01,by earliest stop,192,57,135,1.0011005262897936,0.0,0.0,1.0,0.5,,1.0,,0.0,,0.0,0.8171500630517025
mlp,0,0,0,0.01,fixed horizon 50,192,57,135,1.0000398539779072,0.0,0.0,1.0,0.5,,1.0,,0.0,,0.0,0.47498949138293406
mlp,0,0,0,0.01,fixed horizon 100,192,57,135,1.0000406755705435,0.0,0.0,1.0,0.5,,1.0,,0.0,,0.0,0.6233711643547709
mlp,0,0,0,0.01,fixed horizon 148,192,57,135,1.0000466377695776,0.0,0.0,1.0,0.5,,1.0,,0.0,,0.0,0.7536780159730979
mlp,0,0,0,0.025,by final end,192,57,135,1.0000406370937533,0.0,0.0,1.0,0.5,,1.0,,0.0,,0.0,0.9920134510298444
mlp,0,0,0,0.025,by earliest stop,192,57,135,1.0000406370937533,0.0,0.0,1.0,0.5,,1.0,,0.0,,0.0,0.8171500630517025
mlp,0,0,0,0.025,fixed horizon 50,192,57,135,1.0000270722174598,0.0,0.0,1.0,0.5,,1.0,,0.0,,0.0,0.47498949138293406
mlp,0,0,0,0.025,fixed horizon 100,192,57,135,1.0000270722174598,0.0,0.0,1.0,0.5,,1.0,,0.0,,0.0,0.6233711643547709
mlp,0,0,0,0.025,fixed horizon 148,192,57,135,1.0000373043247262,0.0,0.0,1.0,0.5,,1.0,,0.0,,0.0,0.7536780159730979
mlp,0,0,0,0.05,by final end,192,57,135,1.0000089692887444,0.0,0.0,1.0,0.5,,1.0,,0.0,,0.0,0.9920134510298444
mlp,0,0,0,0.05,by earliest stop,192,57,135,1.0000089692887444,0.0,0.0,1.0,0.5,,1.0,,0.0,,0.0,0.8171500630517025
mlp,0,0,0,0.05,fixed horizon 50,192,57,135,1.000068680046743,0.0,0.0,1.0,0.5,,1.0,,0.0,,0.0,0.47498949138293406
mlp,0,0,0,0.05,fixed horizon 100,192,57,135,1.000068680046743,0.0,0.0,1.0,0.5,,1.0,,0.0,,0.0,0.6233711643547709
mlp,0,0,0,0.05,fixed horizon 148,192,57,135,1.0000089692887444,0.0,0.0,1.0,0.5,,1.0,,0.0,,0.0,0.7536780159730979
mlp,0,0,0,0.075,by final end,192,57,135,1.0000372129857,0.0,0.3333333333333333,1.0,0.6666666666666666,0.9383136094674556,0.9794378698224853,0.06168639053254443,0.020562130177514737,,0.13,0.9920134510298444
mlp,0,0,0,0.075,by earliest stop,192,57,135,1.0000372129857,0.0,0.0,1.0,0.5,,1.0,,0.0,,0.0,0.8171500630517025
mlp,0,0,0,0.075,fixed horizon 50,192,57,135,1.0000124175381688,0.0,0.0,1.0,0.5,,1.0,,0.0,,0.0,0.47498949138293406
mlp,0,0,0,0.075,fixed horizon 100,192,57,135,1.0000543939728974,0.0,0.0,1.0,0.5,,1.0,,0.0,,0.0,0.6233711643547709
mlp,0,0,0,0.075,fixed horizon 148,192,57,135,1.0000361615077284,0.0,0.0,1.0,0.5,,1.0,,0.0,,0.0,0.7536780159730979
mlp,0,0,0,0.1,by final end,192,57,135,1.001132110467863,0.0,0.5897435897435898,1.0,0.7948717948717949,0.8984949832775919,0.9401380670611439,0.10150501672240808,0.05986193293885611,,0.23,0.9920134510298444
mlp,0,0,0,0.1,by earliest stop,192,57,135,1.001132110467863,0.0,0.0,1.0,0.5,,1.0,,0.0,,0.0,0.8171500630517025
mlp,0,0,0,0.1,fixed horizon 50,192,57,135,0.9999844528612698,0.0,0.0,1.0,0.5,,1.0,,0.0,,0.0,0.47498949138293406
mlp,0,0,0,0.1,fixed horizon 100,192,57,135,1.0000004298223772,0.0,0.0,1.0,0.5,,1.0,,0.0,,0.0,0.6233711643547709
mlp,0,0,0,0.1,fixed horizon 148,192,57,135,1.0000004298223772,0.0,0.0,1.0,0.5,,1.0,,0.0,,0.0,0.7536780159730979
mlp,0,0,0,0.15,by final end,192,57,135,1.0550152627222564,0.0,0.9487179487179487,1.0,0.9743589743589743,0.7923076923076924,0.8029585798816569,0.20769230769230762,0.19704142011834314,,0.37,0.9920134510298444
mlp,0,0,0,0.15,by earliest stop,192,57,135,1.0550152627222564,0.0,0.0,1.0,0.5,,1.0,,0.0,,0.0,0.8171500630517025
mlp,0,0,0,0.15,fixed horizon 50,192,57,135,1.0000162061757638,0.0,0.0,1.0,0.5,,1.0,,0.0,,0.0,0.47498949138293406
mlp,0,0,0,0.15,fixed horizon 100,192,57,135,1.001763192550941,0.0,0.0,1.0,0.5,,1.0,,0.0,,0.0,0.6233711643547709
mlp,0,0,0,0.15,fixed horizon 148,192,57,135,1.0158294511673447,0.0,0.0,1.0,0.5,,1.0,,0.0,,0.0,0.7536780159730979
mlp,0,0,0,0.2,by final end,192,57,135,1.0055297699100305,0.01639344262295082,0.9487179487179487,0.9836065573770492,0.9661622530474989,0.7340436590436591,0.7476824457593688,0.2659563409563409,0.2523175542406312,0.8442307692307692,0.38,0.9920134510298444
mlp,0,0,0,0.2,by earliest stop,192,57,135,1.0055297699100305,0.0,0.0,1.0,0.5,,1.0,,0.0,,0.0,0.8171500630517025
mlp,0,0,0,0.2,fixed horizon 50,192,57,135,1.000365694056173,0.0,0.0,1.0,0.5,,1.0,,0.0,,0.0,0.47498949138293406
mlp,0,0,0,0.2,fixed horizon 100,192,57,135,1.071088205620592,0.0,0.0,1.0,0.5,,1.0,,0.0,,0.0,0.6233711643547709
mlp,0,0,0,0.2,fixed horizon 148,192,57,135,1.0162077947313686,0.0,0.0,1.0,0.5,,1.0,,0.0,,0.0,0.7536780159730979
mlp,0,0,0,0.3,by final end,192,57,135,0.9989327788790585,0.01639344262295082,0.9743589743589743,0.9836065573770492,0.9789827658680117,0.6945344129554656,0.7023668639053254,0.3054655870445344,0.29763313609467457,0.7423076923076923,0.39,0.9920134510298444
mlp,0,0,0,0.3,by earliest stop,192,57,135,0.9989327788790585,0.0,0.0,1.0,0.5,,1.0,,0.0,,0.0,0.8171500630517025
mlp,0,0,0,0.3,fixed horizon 50,192,57,135,1.000304327670159,0.0,0.0,1.0,0.5,,1.0,,0.0,,0.0,0.47498949138293406
mlp,0,0,0,0.3,fixed horizon 100,192,57,135,1.0005578272485616,0.0,0.02564102564102564,1.0,0.5128205128205128,0.75,0.9935897435897436,0.25,0.0064102564102563875,,0.01,0.6233711643547709
mlp,0,0,0,0.3,fixed horizon 148,192,57,135,1.000914615874532,0.0,0.02564102564102564,1.0,0.5128205128205128,0.5067567567567568,0.9873527373527374,0.4932432432432432,0.01264726264726257,,0.01,0.7536780159730979
mlp,0,0,1,0.01,by final end,192,57,135,1.206494587597641,0.0,0.0,1.0,0.5,,1.0,,0.0,,0.0,0.9920134510298444
mlp,0,0,1,0.01,by earliest stop,192,57,135,1.206494587597641,0.0,0.0,1.0,0.5,,1.0,,0.0,,0.0,0.8171500630517025
mlp,0,0,1,0.01,fixed horizon 50,192,57,135,1.000429601808144,0.0,0.0,1.0,0.5,,1.0,,0.0,,0.0,0.47498949138293406
mlp,0,0,1,0.01,fixed horizon 100,192,57,135,1.0096896832502658,0.0,0.0,1.0,0.5,,1.0,,0.0,,0.0,0.6233711643547709
mlp,0,0,1,0.01,fixed horizon 148,192,57,135,1.041135352548393,0.0,0.0,1.0,0.5,,1.0,,0.0,,0.0,0.7536780159730979
mlp,0,0,1,0.025,by final end,192,57,135,1.1529965731246872,0.0,0.0,1.0,0.5,,1.0,,0.0,,0.0,0.9920134510298444
mlp,0,0,1,0.025,by earliest stop,192,57,135,1.1529965731246872,0.0,0.0,1.0,0.5,,1.0,,0.0,,0.0,0.8171500630517025
mlp,0,0,1,0.025,fixed horizon 50,192,57,135,1.0004220259857934,0.0,0.0,1.0,0.5,,1.0,,0.0,,0.0,0.47498949138293406
mlp,0,0,1,0.025,fixed horizon 100,192,57,135,1.0096325636267773,0.0,0.0,1.0,0.5,,1.0,,0.0,,0.0,0.6233711643547709
mlp,0,0,1,0.025,fixed horizon 148,192,57,135,1.0385247815757017,0.0,0.0,1.0,0.5,,1.0,,0.0,,0.0,0.7536780159730979
mlp,0,0,1,0.05,by final end,192,57,135,1.1987113740759106,0.0,0.28205128205128205,1.0,0.641025641025641,0.9447552447552447,0.9844181459566076,0.05524475524475525,0.015581854043392407,,0.11,0.9920134510298444
mlp,0,0,1,0.05,by earliest stop,192,57,135,1.1987113740759106,0.0,0.0,1.0,0.5,,1.0,,0.0,,0.0,0.8171500630517025
mlp,0,0,1,0.05,fixed horizon 50,192,57,135,1.0102432629105904,0.0,0.0,1.0,0.5,,1.0,,0.0,,0.0,0.47498949138293406
mlp,0,0,1,0.05,fixed horizon 100,192,57,135,1.0171757000974144,0.0,0.0,1.0,0.5,,1.0,,0.0,,0.0,0.6233711643547709
mlp,0,0,1,0.05,fixed horizon 148,192,57,135,1.0595145441718214,0.0,0.0,1.0,0.5,,1.0,,0.0,,0.0,0.7536780159730979
mlp,0,0,1,0.075,by final end,192,57,135,1.6425486813514012,0.0,0.6153846153846154,1.0,0.8076923076923077,0.8912660256410256,0.933086785009862,0.10873397435897436,0.06691321499013803,,0.24,0.9920134510298444
mlp,0,0,1,0.075,by earliest stop,192,57,135,1.6425486813514012,0.0,0.0,1.0,0.5,,1.0,,0.0,,0.0,0.8171500630517025
mlp,0,0,1,0.075,fixed horizon 50,192,57,135,1.0267098487447022,0.0,0.0,1.0,0.5,,1.0,,0.0,,0.0,0.47498949138293406
mlp,0,0,1,0.075,fixed horizon 100,192,57,135,1.0637866849193336,0.0,0.0,1.0,0.5,,1.0,,0.0,,0.0,0.6233711643547709
mlp,0,0,1,0.075,fixed horizon 148,192,57,135,1.0541529195948187,0.0,0.0,1.0,0.5,,1.0,,0.0,,0.0,0.7536780159730979
mlp,0,0,1,0.1,by final end,192,57,135,1.6864971175505896,0.0,0.7692307692307693,1.0,0.8846153846153846,0.8707692307692307,0.9005917159763314,0.12923076923076926,0.09940828402366864,,0.3,0.9920134510298444
mlp,0,0,1,0.1,by earliest stop,192,57,135,1.6864971175505896,0.0,0.0,1.0,0.5,,1.0,,0.0,,0.0,0.8171500630517025
mlp,0,0,1,0.1,fixed horizon 50,192,57,135,1.027542091412176,0.0,0.0,1.0,0.5,,1.0,,0.0,,0.0,0.47498949138293406
mlp,0,0,1,0.1,fixed horizon 100,192,57,135,1.0610704373711564,0.0,0.0,1.0,0.5,,1.0,,0.0,,0.0,0.6233711643547709
mlp,0,0,1,0.1,fixed horizon 148,192,57,135,1.0563077055787862,0.0,0.0,1.0,0.5,,1.0,,0.0,,0.0,0.7536780159730979
mlp,0,0,1,0.15,by final end,192,57,135,1.5536991293376226,0.0,0.9487179487179487,1.0,0.9743589743589743,0.8098232848232849,0.8195759368836293,0.19017671517671508,0.18042406311637071,,0.37,0.9920134510298444
mlp,0,0,1,0.15,by earliest stop,192,57,135,1.5536991293376226,0.0,0.0,1.0,0.5,,1.0,,0.0,,0.0,0.8171500630517025
mlp,0,0,1,0.15,fixed horizon 50,192,57,135,1.093189795193523,0.0,0.0,1.0,0.5,,1.0,,0.0,,0.0,0.47498949138293406
mlp,0,0,1,0.15,fixed horizon 100,192,57,135,1.1227122463431598,0.0,0.0,1.0,0.5,,1.0,,0.0,,0.0,0.6233711643547709
mlp,0,0,1,0.15,fixed horizon 148,192,57,135,1.137539380555162,0.0,0.0,1.0,0.5,,1.0,,0.0,,0.0,0.7536780159730979
mlp,0,0,1,0.2,by final end,192,57,135,1.3703595153391297,0.01639344262295082,0.9743589743589743,0.9836065573770492,0.9789827658680117,0.7314271255060728,0.7383136094674556,0.2685728744939272,0.2616863905325444,0.801923076923077,0.39,0.9920134510298444
mlp,0,0,1,0.2,by earliest stop,192,57,135,1.3703595153391297,0.0,0.0,1.0,0.5,,1.0,,0.0,,0.0,0.8171500630517025
mlp,0,0,1,0.2,fixed horizon 50,192,57,135,1.214055284259673,0.0,0.0,1.0,0.5,,1.0,,0.0,,0.0,0.47498949138293406
mlp,0,0,1,0.2,fixed horizon 100,192,57,135,1.2638514746994742,0.0,0.0,1.0,0.5,,1.0,,0.0,,0.0,0.6233711643547709
mlp,0,0,1,0.2,fixed horizon 148,192,57,135,1.2120259676047425,0.0,0.0,1.0,0.5,,1.0,,0.0,,0.0,0.7536780159730979
mlp,0,0,1,0.3,by final end,192,57,135,1.3259384481135337,0.04918032786885246,0.9743589743589743,0.9508196721311475,0.9625893232450609,0.682591093117409,0.6907297830374755,0.31740890688259105,0.30927021696252455,0.8262820512820513,0.41,0.9920134510298444
mlp,0,0,1,0.3,by earliest stop,192,57,135,1.3259384481135337,0.0,0.0,1.0,0.5,,1.0,,0.0,,0.0,0.8171500630517025
mlp,0,0,1,0.3,fixed horizon 50,192,57,135,1.2991947139945448,0.0,0.0,1.0,0.5,,1.0,,0.0,,0.0,0.47498949138293406
mlp,0,0,1,0.3,fixed horizon 100,192,57,135,1.1906525601841262,0.0,0.0,1.0,0.5,,1.0,,0.0,,0.0,0.6233711643547709
mlp,0,0,1,0.3,fixed horizon 148,192,57,135,1.27826585189066,0.0,0.0,1.0,0.5,,1.0,,0.0,,0.0,0.7536780159730979
mlp,0,0,2,0.01,by final end,192,57,135,1.1649558646072304,0.0,0.0,1.0,0.5,,1.0,,0.0,,0.0,0.9920134510298444
mlp,0,0,2,0.01,by earliest stop,192,57,135,1.1649558646072304,0.0,0.0,1.0,0.5,,1.0,,0.0,,0.0,0.8171500630517025
mlp,0,0,2,0.01,fixed horizon 50,192,57,135,1.0000183034977252,0.0,0.0,1.0,0.5,,1.0,,0.0,,0.0,0.47498949138293406
mlp,0,0,2,0.01,fixed horizon 100,192,57,135,1.0000303584205552,0.0,0.0,1.0,0.5,,1.0,,0.0,,0.0,0.6233711643547709
mlp,0,0,2,0.01,fixed horizon 148,192,57,135,1.0110753354140387,0.0,0.0,1.0,0.5,,1.0,,0.0,,0.0,0.7536780159730979
mlp,0,0,2,0.025,by final end,192,57,135,1.1133777403677227,0.0,0.0,1.0,0.5,,1.0,,0.0,,0.0,0.9920134510298444
mlp,0,0,2,0.025,by earliest stop,192,57,135,1.1133777403677227,0.0,0.0,1.0,0.5,,1.0,,0.0,,0.0,0.8171500630517025
mlp,0,0,2,0.025,fixed horizon 50,192,57,135,1.0000002551907206,0.0,0.0,1.0,0.5,,1.0,,0.0,,0.0,0.47498949138293406
mlp,0,0,2,0.025,fixed horizon 100,192,57,135,1.000018496914793,0.0,0.0,1.0,0.5,,1.0,,0.0,,0.0,0.6233711643547709
mlp,0,0,2,0.025,fixed horizon 148,192,57,135,1.008283044623477,0.0,0.0,1.0,0.5,,1.0,,0.0,,0.0,0.7536780159730979
mlp,0,0,2,0.05,by final end,192,57,135,1.167575891049226,0.0,0.0,1.0,0.5,,1.0,,0.0,,0.0,0.9920134510298444
mlp,0,0,2,0.05,by earliest stop,192,57,135,1.167575891049226,0.0,0.0,1.0,0.5,,1.0,,0.0,,0.0,0.8171500630517025
mlp,0,0,2,0.05,fixed horizon 50,192,57,135,1.0000128685055265,0.0,0.0,1.0,0.5,,1.0,,0.0,,0.0,0.47498949138293406
mlp,0,0,2,0.05,fixed horizon 100,192,57,135,1.000102248694483,0.0,0.0,1.0,0.5,,1.0,,0.0,,0.0,0.6233711643547709
mlp,0,0,2,0.05,fixed horizon 148,192,57,135,1.0141368864003182,0.0,0.0,1.0,0.5,,1.0,,0.0,,0.0,0.7536780159730979
mlp,0,0,2,0.075,by final end,192,57,135,1.0173434502532814,0.0,0.5897435897435898,1.0,0.7948717948717949,0.894983277591973,0.9380670611439842,0.10501672240802695,0.06193293885601581,,0.23,0.9920134510298444
mlp,0,0,2,0.075,by earliest stop,192,57,135,1.0173434502532814,0.0,0.0,1.0,0.5,,1.0,,0.0,,0.0,0.8171500630517025
mlp,0,0,2,0.075,fixed horizon 50,192,57,135,1.0002617836842116,0.0,0.0,1.0,0.5,,1.0,,0.0,,0.0,0.47498949138293406
mlp,0,0,2,0.075,fixed horizon 100,192,57,135,1.0124010475941372,0.0,0.0,1.0,0.5,,1.0,,0.0,,0.0,0.6233711643547709
mlp,0,0,2,0.075,fixed horizon 148,192,57,135,1.055362960692533,0.0,0.0,1.0,0.5,,1.0,,0.0,,0.0,0.7536780159730979
mlp,0,0,2,0.1,by final end,192,57,135,1.0412620980530258,0.0,0.6923076923076923,1.0,0.8461538461538461,0.8652421652421652,0.906706114398422,0.13475783475783476,0.09329388560157803,,0.27,0.9920134510298444
mlp,0,0,2,0.1,by earliest stop,192,57,135,1.0412620980530258,0.0,0.0,1.0,0.5,,1.0,,0.0,,0.0,0.8171500630517025
mlp,0,0,2,0.1,fixed horizon 50,192,57,135,1.0002646321321447,0.0,0.0,1.0,0.5,,1.0,,0.0,,0.0,0.47498949138293406
mlp,0,0,2,0.1,fixed horizon 100,192,57,135,1.0163976785870583,0.0,0.0,1.0,0.5,,1.0,,0.0,,0.0,0.6233711643547709
mlp,0,0,2,0.1,fixed horizon 148,192,57,135,1.0445716207175388,0.0,0.0,1.0,0.5,,1.0,,0.0,,0.0,0.7536780159730979
mlp,0,0,2,0.15,by final end,192,57,135,1.0851776617779065,0.0,0.9487179487179487,1.0,0.9743589743589743,0.8114345114345115,0.8211045364891518,0.1885654885654885,0.17889546351084817,,0.37,0.9920134510298444
mlp,0,0,2,0.15,by earliest stop,192,57,135,1.0851776617779065,0.0,0.0,1.0,0.5,,1.0,,0.0,,0.0,0.8171500630517025
mlp,0,0,2,0.15,fixed horizon 50,192,57,135,1.021244826472072,0.0,0.0,1.0,0.5,,1.0,,0.0,,0.0,0.47498949138293406
mlp,0,0,2,0.15,fixed horizon 100,192,57,135,1.0007876425690847,0.0,0.0,1.0,0.5,,1.0,,0.0,,0.0,0.6233711643547709
mlp,0,0,2,0.15,fixed horizon 148,192,57,135,1.0554384279887463,0.0,0.0,1.0,0.5,,1.0,,0.0,,0.0,0.7536780159730979
mlp,0,0,2,0.2,by final end,192,57,135,1.0839416149223358,0.01639344262295082,0.9743589743589743,0.9836065573770492,0.9789827658680117,0.7165991902834008,0.7238658777120316,0.2834008097165992,0.2761341222879684,0.7846153846153846,0.39,0.9920134510298444
mlp,0,0,2,0.2,by earliest stop,192,57,135,1.0839416149223358,0.0,0.0,1.0,0.5,,1.0,,0.0,,0.0,0.8171500630517025
mlp,0,0,2,0.2,fixed horizon 50,192,57,135,1.0256647107680015,0.0,0.0,1.0,0.5,,1.0,,0.0,,0.0,0.47498949138293406
mlp,0,0,2,0.2,fixed horizon 100,192,57,135,1.1176862021456069,0.0,0.0,1.0,0.5,,1.0,,0.0,,0.0,0.6233711643547709
mlp,0,0,2,0.2,fixed horizon 148,192,57,135,1.0516300235378067,0.0,0.0,1.0,0.5,,1.0,,0.0,,0.0,0.7536780159730979
mlp,0,0,2,0.3,by final end,192,57,135,1.018242768912808,0.06557377049180328,0.9743589743589743,0.9344262295081968,0.9543926019335855,0.6690283400809716,0.6775147928994082,0.33097165991902844,0.3224852071005918,0.7927884615384616,0.42,0.9920134510298444
mlp,0,0,2,0.3,by earliest stop,192,57,135,1.018242768912808,0.0,0.0,1.0,0.5,,1.0,,0.0,,0.0,0.8171500630517025
mlp,0,0,2,0.3,fixed horizon 50,192,57,135,1.191232947880601,0.0,0.0,1.0,0.5,,1.0,,0.0,,0.0,0.47498949138293406
mlp,0,0,2,0.3,fixed horizon 100,192,57,135,1.103828679682395,0.0,0.0,1.0,0.5,,1.0,,0.0,,0.0,0.6233711643547709
mlp,0,0,2,0.3,fixed horizon 148,192,57,135,1.1282963492124989,0.0,0.0,1.0,0.5,,1.0,,0.0,,0.0,0.7536780159730979
mlp,0,0,3,0.01,by final end,192,57,135,1.0540192719022585,0.0,0.0,1.0,0.5,,1.0,,0.0,,0.0,0.9920134510298444
mlp,0,0,3,0.01,by earliest stop,192,57,135,1.0540192719022585,0.0,0.0,1.0,0.5,,1.0,,0.0,,0.0,0.8171500630517025
mlp,0,0,3,0.01,fixed horizon 50,192,57,135,0.9999997686550502,0.0,0.0,1.0,0.5,,1.0,,0.0,,0.0,0.47498949138293406
mlp,0,0,3,0.01,fixed horizon 100,192,57,135,1.000029208243859,0.0,0.0,1.0,0.5,,1.0,,0.0,,0.0,0.6233711643547709
mlp,0,0,3,0.01,fixed horizon 148,192,57,135,1.0000677782143126,0.0,0.0,1.0,0.5,,1.0,,0.0,,0.0,0.7536780159730979
mlp,0,0,3,0.025,by final end,192,57,135,1.0030632425094974,0.0,0.0,1.0,0.5,,1.0,,0.0,,0.0,0.9920134510298444
mlp,0,0,3,0.025,by earliest stop,192,57,135,1.0030632425094974,0.0,0.0,1.0,0.5,,1.0,,0.0,,0.0,0.8171500630517025
mlp,0,0,3,0.025,fixed horizon 50,192,57,135,0.9999948331377524,0.0,0.0,1.0,0.5,,1.0,,0.0,,0.0,0.47498949138293406
mlp,0,0,3,0.025,fixed horizon 100,192,57,135,1.0000050773693365,0.0,0.0,1.0,0.5,,1.0,,0.0,,0.0,0.6233711643547709
mlp,0,0,3,0.025,fixed horizon 148,192,57,135,1.000016161197379,0.0,0.0,1.0,0.5,,1.0,,0.0,,0.0,0.7536780159730979
mlp,0,0,3,0.05,by final end,192,57,135,1.0001406979303047,0.0,0.2564102564102564,1.0,0.6282051282051282,0.9667307692307693,0.9914694280078896,0.03326923076923072,0.00853057199211038,,0.1,0.9920134510298444
mlp,0,0,3,0.05,by earliest stop,192,57,135,1.0001406979303047,0.0,0.0,1.0,0.5,,1.0,,0.0,,0.0,0.8171500630517025
mlp,0,0,3,0.05,fixed horizon 50,192,57,135,0.9999797272829505,0.0,0.0,1.0,0.5,,1.0,,0.0,,0.0,0.47498949138293406
mlp,0,0,3,0.05,fixed horizon 100,192,57,135,0.9999977312060762,0.0,0.0,1.0,0.5,,1.0,,0.0,,0.0,0.6233711643547709
mlp,0,0,3,0.05,fixed horizon 148,192,57,135,1.00003416582877,0.0,0.0,1.0,0.5,,1.0,,0.0,,0.0,0.7536780159730979
mlp,0,0,3,0.075,by final end,192,57,135,1.000096719723769,0.0,0.358974358974359,1.0,0.6794871794871795,0.932967032967033,0.9759368836291913,0.06703296703296702,0.024063116370808713,,0.14,0.9920134510298444
mlp,0,0,3,0.075,by earliest stop,192,57,135,1.000096719723769,0.0,0.0,1.0,0.5,,1.0,,0.0,,0.0,0.8171500630517025
mlp,0,0,3,0.075,fixed horizon 50,192,57,135,0.9998631304857697,0.0,0.0,1.0,0.5,,1.0,,0.0,,0.0,0.47498949138293406
mlp,0,0,3,0.075,fixed horizon 100,192,57,135,1.000003869201593,0.0,0.0,1.0,0.5,,1.0,,0.0,,0.0,0.6233711643547709
mlp,0,0,3,0.075,fixed horizon 148,192,57,135,1.0000027291838092,0.0,0.0,1.0,0.5,,1.0,,0.0,,0.0,0.7536780159730979
mlp,0,0,3,0.1,by final end,192,57,135,1.0703888737810907,0.0,0.6666666666666666,1.0,0.8333333333333333,0.8638313609467456,0.9092209072978303,0.13616863905325438,0.09077909270216966,,0.26,0.9920134510298444
mlp,0,0,3,0.1,by earliest stop,192,57,135,1.0703888737810907,0.0,0.0,1.0,0.5,,1.0,,0.0,,0.0,0.8171500630517025
mlp,0,0,3,0.1,fixed horizon 50,192,57,135,0.9997318438605477,0.0,0.0,1.0,0.5,,1.0,,0.0,,0.0,0.47498949138293406
mlp,0,0,3,0.1,fixed horizon 100,192,57,135,0.9997936819676018,0.0,0.0,1.0,0.5,,1.0,,0.0,,0.0,0.6233711643547709
mlp,0,0,3,0.1,fixed horizon 148,192,57,135,0.999942458034287,0.0,0.0,1.0,0.5,,1.0,,0.0,,0.0,0.7536780159730979
mlp,0,0,3,0.15,by final end,192,57,135,1.0606862047631143,0.0,0.9487179487179487,1.0,0.9743589743589743,0.8023388773388773,0.8124753451676529,0.19766112266112268,0.18752465483234715,,0.37,0.9920134510298444
mlp,0,0,3,0.15,by earliest stop,192,57,135,1.0606862047631143,0.0,0.0,1.0,0.5,,1.0,,0.0,,0.0,0.8171500630517025
mlp,0,0,3,0.15,fixed horizon 50,192,57,135,0.9992479917479904,0.0,0.0,1.0,0.5,,1.0,,0.0,,0.0,0.47498949138293406
mlp,0,0,3,0.15,fixed horizon 100,192,57,135,0.9993131027396273,0.0,0.0,1.0,0.5,,1.0,,0.0,,0.0,0.6233711643547709
mlp,0,0,3,0.15,fixed horizon 148,192,57,135,0.9991880050954676,0.0,0.0,1.0,0.5,,1.0,,0.0,,0.0,0.7536780159730979
mlp,0,0,3,0.2,by final end,192,57,135,1.0071880464787368,0.0,0.9487179487179487,1.0,0.9743589743589743,0.7524428274428276,0.7651380670611442,0.24755717255717236,0.23486193293885582,,0.37,0.9920134510298444
mlp,0,0,3,0.2,by earliest stop,192,57,135,1.0071880464787368,0.0,0.0,1.0,0.5,,1.0,,0.0,,0.0,0.8171500630517025
mlp,0,0,3,0.2,fixed horizon 50,192,57,135,0.9929035075966464,0.0,0.0,1.0,0.5,,1.0,,0.0,,0.0,0.47498949138293406
mlp,0,0,3,0.2,fixed horizon 100,192,57,135,0.9985530201980015,0.0,0.0,1.0,0.5,,1.0,,0.0,,0.0,0.6233711643547709
mlp,0,0,3,0.2,fixed horizon 148,192,57,135,0.997653357280218,0.0,0.0,1.0,0.5,,1.0,,0.0,,0.0,0.7536780159730979
mlp,0,0,3,0.3,by final end,192,57,135,0.9897213722292018,0.01639344262295082,0.9743589743589743,0.9836065573770492,0.9789827658680117,0.7117914979757085,0.7191814595660749,0.2882085020242915,0.28081854043392507,0.7826923076923077,0.39,0.9920134510298444
mlp,0,0,3,0.3,by earliest stop,192,57,135,0.9897213722292018,0.0,0.0,1.0,0.5,,1.0,,0.0,,0.0,0.8171500630517025
mlp,0,0,3,0.3,fixed horizon 50,192,57,135,0.9730607730572315,0.0,0.0,1.0,0.5,,1.0,,0.0,,0.0,0.47498949138293406
mlp,0,0,3,0.3,fixed horizon 100,192,57,135,0.9568894039242319,0.0,0.0,1.0,0.5,,1.0,,0.0,,0.0,0.6233711643547709
mlp,0,0,3,0.3,fixed horizon 148,192,57,135,0.9641714094140352,0.0,0.0,1.0,0.5,,1.0,,0.0,,0.0,0.7536780159730979
mlp,0,0,4,0.01,by final end,192,57,135,0.9973477814075025,0.0,0.0,1.0,0.5,,1.0,,0.0,,0.0,0.9920134510298444
mlp,0,0,4,0.01,by earliest stop,192,57,135,0.9973477814075025,0.0,0.0,1.0,0.5,,1.0,,0.0,,0.0,0.8171500630517025
mlp,0,0,4,0.01,fixed horizon 50,192,57,135,0.8855482140073507,0.0,0.0,1.0,0.5,,1.0,,0.0,,0.0,0.47498949138293406
mlp,0,0,4,0.01,fixed horizon 100,192,57,135,0.9076109756557246,0.0,0.0,1.0,0.5,,1.0,,0.0,,0.0,0.6233711643547709
mlp,0,0,4,0.01,fixed horizon 148,192,57,135,0.9331962441772845,0.0,0.0,1.0,0.5,,1.0,,0.0,,0.0,0.7536780159730979
mlp,0,0,4,0.025,by final end,192,57,135,0.9940830459251359,0.0,0.0,1.0,0.5,,1.0,,0.0,,0.0,0.9920134510298444
mlp,0,0,4,0.025,by earliest stop,192,57,135,0.9940830459251359,0.0,0.0,1.0,0.5,,1.0,,0.0,,0.0,0.8171500630517025
mlp,0,0,4,0.025,fixed horizon 50,192,57,135,0.8854943615627625,0.0,0.0,1.0,0.5,,1.0,,0.0,,0.0,0.47498949138293406
mlp,0,0,4,0.025,fixed horizon 100,192,57,135,0.90654538535179,0.0,0.0,1.0,0.5,,1.0,,0.0,,0.0,0.6233711643547709
mlp,0,0,4,0.025,fixed horizon 148,192,57,135,0.9312203141439312,0.0,0.0,1.0,0.5,,1.0,,0.0,,0.0,0.7536780159730979
mlp,0,0,4,0.05,by final end,192,57,135,0.9805584532153181,0.0,0.0,1.0,0.5,,1.0,,0.0,,0.0,0.9920134510298444
mlp,0,0,4,0.05,by earliest stop,192,57,135,0.9805584532153181,0.0,0.0,1.0,0.5,,1.0,,0.0,,0.0,0.8171500630517025
mlp,0,0,4,0.05,fixed horizon 50,192,57,135,0.8960204946525057,0.0,0.0,1.0,0.5,,1.0,,0.0,,0.0,0.47498949138293406
mlp,0,0,4,0.05,fixed horizon 100,192,57,135,0.9171941152082732,0.0,0.0,1.0,0.5,,1.0,,0.0,,0.0,0.6233711643547709
mlp,0,0,4,0.05,fixed horizon 148,192,57,135,0.9299888076140569,0.0,0.0,1.0,0.5,,1.0,,0.0,,0.0,0.7536780159730979
mlp,0,0,4,0.075,by final end,192,57,135,0.976780267609671,0.0,0.41025641025641024,1.0,0.7051282051282051,0.9306490384615385,0.9715483234714003,0.06935096153846154,0.0284516765285997,,0.16,0.9920134510298444
mlp,0,0,4,0.075,by earliest stop,192,57,135,0.976780267609671,0.0,0.0,1.0,0.5,,1.0,,0.0,,0.0,0.8171500630517025
mlp,0,0,4,0.075,fixed horizon 50,192,57,135,0.8980510017209085,0.0,0.0,1.0,0.5,,1.0,,0.0,,0.0,0.47498949138293406
mlp,0,0,4,0.075,fixed horizon 100,192,57,135,0.932222031783344,0.0,0.0,1.0,0.5,,1.0,,0.0,,0.0,0.6233711643547709
mlp,0,0,4,0.075,fixed horizon 148,192,57,135,0.9209520183595938,0.0,0.0,1.0,0.5,,1.0,,0.0,,0.0,0.7536780159730979
mlp,0,0,4,0.1,by final end,192,57,135,0.9711492261025448,0.0,0.7948717948717948,1.0,0.8974358974358974,0.8685483870967743,0.8955128205128204,0.1314516129032257,0.10448717948717956,,0.31,0.9920134510298444
mlp,0,0,4,0.1,by earliest stop,192,57,135,0.9711492261025448,0.0,0.0,1.0,0.5,,1.0,,0.0,,0.0,0.8171500630517025
mlp,0,0,4,0.1,fixed horizon 50,192,57,135,0.9090206737525066,0.0,0.0,1.0,0.5,,1.0,,0.0,,0.0,0.47498949138293406
mlp,0,0,4,0.1,fixed horizon 100,192,57,135,0.9294131359376684,0.0,0.0,1.0,0.5,,1.0,,0.0,,0.0,0.6233711643547709
mlp,0,0,4,0.1,fixed horizon 148,192,57,135,0.9074605216335946,0.0,0.0,1.0,0.5,,1.0,,0.0,,0.0,0.7536780159730979
mlp,0,0,4,0.15,by final end,192,57,135,0.8843698948763199,0.0,0.9230769230769231,1.0,0.9615384615384616,0.8260149572649573,0.8393984220907297,0.17398504273504267,0.16060157790927032,,0.36,0.9920134510298444
mlp,0,0,4,0.15,by earliest stop,192,57,135,0.8843698948763199,0.0,0.0,1.0,0.5,,1.0,,0.0,,0.0,0.8171500630517025
mlp,0,0,4,0.15,fixed horizon 50,192,57,135,0.9041461629817186,0.0,0.0,1.0,0.5,,1.0,,0.0,,0.0,0.47498949138293406
mlp,0,0,4,0.15,fixed horizon 100,192,57,135,0.8980701078859258,0.0,0.0,1.0,0.5,,1.0,,0.0,,0.0,0.6233711643547709
mlp,0,0,4,0.15,fixed horizon 148,192,57,135,0.8859218414065111,0.0,0.0,1.0,0.5,,1.0,,0.0,,0.0,0.7536780159730979
mlp,0,0,4,0.2,by final end,192,57,135,0.8645058418658905,0.0,0.9487179487179487,1.0,0.9743589743589743,0.7866424116424116,0.7975838264299802,0.21335758835758845,0.20241617357001984,,0.37,0.9920134510298444
mlp,0,0,4,0.2,by earliest stop,192,57,135,0.8645058418658905,0.0,0.0,1.0,0.5,,1.0,,0.0,,0.0,0.8171500630517025
mlp,0,0,4,0.2,fixed horizon 50,192,57,135,0.8789493714917002,0.0,0.0,1.0,0.5,,1.0,,0.0,,0.0,0.47498949138293406
mlp,0,0,4,0.2,fixed horizon 100,192,57,135,0.8674372717521304,0.0,0.0,1.0,0.5,,1.0,,0.0,,0.0,0.6233711643547709
mlp,0,0,4,0.2,fixed horizon 148,192,57,135,0.8664047456772129,0.0,0.0,1.0,0.5,,1.0,,0.0,,0.0,0.7536780159730979
mlp,0,0,4,0.3,by final end,192,57,135,0.8235438932434473,0.01639344262295082,0.9487179487179487,0.9836065573770492,0.9661622530474989,0.7241164241164242,0.7382642998027614,0.2758835758835758,0.2617357001972386,0.8288461538461539,0.38,0.9920134510298444
mlp,0,0,4,0.3,by earliest stop,192,57,135,0.8235438932434473,0.0,0.0,1.0,0.5,,1.0,,0.0,,0.0,0.8171500630517025
mlp,0,0,4,0.3,fixed horizon 50,192,57,135,0.8180739001117996,0.01639344262295082,0.02564102564102564,0.9836065573770492,0.5046237915090374,0.0,0.9743589743589743,1.0,0.02564102564102566,0.0,0.02,0.47498949138293406
mlp,0,0,4,0.3,fixed horizon 100,192,57,135,0.8180739001117996,0.01639344262295082,0.05128205128205128,0.9836065573770492,0.5174443043295502,0.385,0.9684615384615384,0.615,0.031538461538461626,0.0,0.03,0.6233711643547709
mlp,0,0,4,0.3,fixed horizon 148,192,57,135,0.817283814407867,0.01639344262295082,0.02564102564102564,0.9836065573770492,0.5046237915090374,0.0,0.9743589743589743,1.0,0.02564102564102566,0.0,0.02,0.7536780159730979
mlp,0,0,5,0.01,by final end,192,57,135,1.012623611289365,0.0,0.0,1.0,0.5,,1.0,,0.0,,0.0,0.9920134510298444
mlp,0,0,5,0.01,by earliest stop,192,57,135,1.012623611289365,0.0,0.0,1.0,0.5,,1.0,,0.0,,0.0,0.8171500630517025
mlp,0,0,5,0.01,fixed horizon 50,192,57,135,1.000001014902632,0.0,0.0,1.0,0.5,,1.0,,0.0,,0.0,0.47498949138293406
mlp,0,0,5,0.01,fixed horizon 100,192,57,135,1.0000110070126502,0.0,0.0,1.0,0.5,,1.0,,0.0,,0.0,0.6233711643547709
mlp,0,0,5,0.01,fixed horizon 148,192,57,135,1.000016579865059,0.0,0.0,1.0,0.5,,1.0,,0.0,,0.0,0.7536780159730979
mlp,0,0,5,0.025,by final end,192,57,135,1.0014673680902457,0.0,0.0,1.0,0.5,,1.0,,0.0,,0.0,0.9920134510298444
mlp,0,0,5,0.025,by earliest stop,192,57,135,1.0014673680902457,0.0,0.0,1.0,0.5,,1.0,,0.0,,0.0,0.8171500630517025
mlp,0,0,5,0.025,fixed horizon 50,192,57,135,0.9999987372213619,0.0,0.0,1.0,0.5,,1.0,,0.0,,0.0,0.47498949138293406
mlp,0,0,5,0.025,fixed horizon 100,192,57,135,1.0000016313580362,0.0,0.0,1.0,0.5,,1.0,,0.0,,0.0,0.6233711643547709
mlp,0,0,5,0.025,fixed horizon 148,192,57,135,1.0000035633359339,0.0,0.0,1.0,0.5,,1.0,,0.0,,0.0,0.7536780159730979
mlp,0,0,5,0.05,by final end,192,57,135,1.000026263603502,0.0,0.2564102564102564,1.0,0.6282051282051282,0.9667307692307693,0.9914694280078896,0.03326923076923072,0.00853057199211038,,0.1,0.9920134510298444
mlp,0,0,5,0.05,by earliest stop,192,57,135,1.000026263603502,0.0,0.0,1.0,0.5,,1.0,,0.0,,0.0,0.8171500630517025
mlp,0,0,5,0.05,fixed horizon 50,192,57,135,0.9999826461147654,0.0,0.0,1.0,0.5,,1.0,,0.0,,0.0,0.47498949138293406
mlp,0,0,5,0.05,fixed horizon 100,192,57,135,0.9999942260326647,0.0,0.0,1.0,0.5,,1.0,,0.0,,0.0,0.6233711643547709
mlp,0,0,5,0.05,fixed horizon 148,192,57,135,0.9999942260326647,0.0,0.0,1.0,0.5,,1.0,,0.0,,0.0,0.7536780159730979
mlp,0,0,5,0.075,by final end,192,57,135,1.000003702610413,0.0,0.3333333333333333,1.0,0.6666666666666666,0.9383136094674556,0.9794378698224853,0.06168639053254443,0.020562130177514737,,0.13,0.9920134510298444
mlp,0,0,5,0.075,by earliest stop,192,57,135,1.000003702610413,0.0,0.0,1.0,0.5,,1.0,,0.0,,0.0,0.8171500630517025
mlp,0,0,5,0.075,fixed horizon 50,192,57,135,0.9999996303629135,0.0,0.0,1.0,0.5,,1.0,,0.0,,0.0,0.47498949138293406
mlp,0,0,5,0.075,fixed horizon 100,192,57,135,0.9999935896644371,0.0,0.0,1.0,0.5,,1.0,,0.0,,0.0,0.6233711643547709
mlp,0,0,5,0.075,fixed horizon 148,192,57,135,0.9999935896644371,0.0,0.0,1.0,0.5,,1.0,,0.0,,0.0,0.7536780159730979
mlp,0,0,5,0.1,by final end,192,57,135,0.9999918303053247,0.0,0.358974358974359,1.0,0.6794871794871795,0.9328296703296702,0.975887573964497,0.06717032967032976,0.02411242603550301,,0.14,0.9920134510298444
mlp,0,0,5,0.1,by earliest stop,192,57,135,0.9999918303053247,0.0,0.0,1.0,0.5,,1.0,,0.0,,0.0,0.8171500630517025
mlp,0,0,5,0.1,fixed horizon 50,192,57,135,1.0003791126913084,0.0,0.0,1.0,0.5,,1.0,,0.0,,0.0,0.47498949138293406
mlp,0,0,5,0.1,fixed horizon 100,192,57,135,0.9998085675957715,0.0,0.0,1.0,0.5,,1.0,,0.0,,0.0,0.6233711643547709
mlp,0,0,5,0.1,fixed horizon 148,192,57,135,0.9999918303053247,0.0,0.0,1.0,0.5,,1.0,,0.0,,0.0,0.7536780159730979
mlp,0,0,5,0.15,by final end,192,57,135,0.9999680389598745,0.0,0.7948717948717948,1.0,0.8974358974358974,0.8639578163771711,0.8918639053254436,0.13604218362282894,0.10813609467455643,,0.31,0.9920134510298444
mlp,0,0,5,0.15,by earliest stop,192,57,135,0.9999680389598745,0.0,0.0,1.0,0.5,,1.0,,0.0,,0.0,0.8171500630517025
mlp,0,0,5,0.15,fixed horizon 50,192,57,135,0.9997225635035152,0.0,0.0,1.0,0.5,,1.0,,0.0,,0.0,0.47498949138293406
mlp,0,0,5,0.15,fixed horizon 100,192,57,135,1.0002270401619624,0.0,0.0,1.0,0.5,,1.0,,0.0,,0.0,0.6233711643547709
mlp,0,0,5,0.15,fixed horizon 148,192,57,135,1.0095126043154687,0.0,0.0,1.0,0.5,,1.0,,0.0,,0.0,0.7536780159730979
mlp,0,0,5,0.2,by final end,192,57,135,1.0047026608378535,0.0,0.9487179487179487,1.0,0.9743589743589743,0.7862785862785864,0.7972386587771204,0.21372141372141362,0.2027613412228796,,0.37,0.9920134510298444
mlp,0,0,5,0.2,by earliest stop,192,57,135,1.0047026608378535,0.0,0.0,1.0,0.5,,1.0,,0.0,,0.0,0.8171500630517025
mlp,0,0,5,0.2,fixed horizon 50,192,57,135,0.9995761741501336,0.0,0.0,1.0,0.5,,1.0,,0.0,,0.0,0.47498949138293406
mlp,0,0,5,0.2,fixed horizon 100,192,57,135,1.0056512232025965,0.0,0.0,1.0,0.5,,1.0,,0.0,,0.0,0.6233711643547709
mlp,0,0,5,0.2,fixed horizon 148,192,57,135,1.0244776441465613,0.0,0.0,1.0,0.5,,1.0,,0.0,,0.0,0.7536780159730979
mlp,0,0,5,0.3,by final end,192,57,135,0.9922397016484774,0.01639344262295082,0.9487179487179487,0.9836065573770492,0.9661622530474989,0.7214137214137214,0.7357001972386588,0.2785862785862786,0.26429980276134124,0.8403846153846154,0.38,0.9920134510298444
mlp,0,0,5,0.3,by earliest stop,192,57,135,0.9922397016484774,0.0,0.0,1.0,0.5,,1.0,,0.0,,0.0,0.8171500630517025
mlp,0,0,5,0.3,fixed horizon 50,192,57,135,1.0004815182587974,0.0,0.0,1.0,0.5,,1.0,,0.0,,0.0,0.47498949138293406
mlp,0,0,5,0.3,fixed horizon 100,192,57,135,0.9916210017125527,0.0,0.0,1.0,0.5,,1.0,,0.0,,0.0,0.6233711643547709
mlp,0,0,5,0.3,fixed horizon 148,192,57,135,0.9963375564673614,0.0,0.0,1.0,0.5,,1.0,,0.0,,0.0,0.7536780159730979
mlp,0,0,6,0.01,by final end,192,57,135,1.1932774252171865,0.0,0.0,1.0,0.5,,1.0,,0.0,,0.0,0.9920134510298444
mlp,0,0,6,0.01,by earliest stop,192,57,135,1.1932774252171865,0.0,0.0,1.0,0.5,,1.0,,0.0,,0.0,0.8171500630517025
mlp,0,0,6,0.01,fixed horizon 50,192,57,135,1.0000058629437503,0.0,0.0,1.0,0.5,,1.0,,0.0,,0.0,0.47498949138293406
mlp,0,0,6,0.01,fixed horizon 100,192,57,135,1.0000931529943493,0.0,0.0,1.0,0.5,,1.0,,0.0,,0.0,0.6233711643547709
mlp,0,0,6,0.01,fixed horizon 148,192,57,135,1.000166060406951,0.0,0.0,1.0,0.5,,1.0,,0.0,,0.0,0.7536780159730979
mlp,0,0,6,0.025,by final end,192,57,135,1.0987624877964839,0.0,0.02564102564102564,1.0,0.5128205128205128,0.9980769230769231,0.9999506903353057,0.0019230769230769162,4.9309664694296984e-05,,0.01,0.9920134510298444
mlp,0,0,6,0.025,by earliest stop,192,57,135,1.0987624877964839,0.0,0.0,1.0,0.5,,1.0,,0.0,,0.0,0.8171500630517025
mlp,0,0,6,0.025,fixed horizon 50,192,57,135,1.0000026478425694,0.0,0.0,1.0,0.5,,1.0,,0.0,,0.0,0.47498949138293406
mlp,0,0,6,0.025,fixed horizon 100,192,57,135,1.0000342078190199,0.0,0.0,1.0,0.5,,1.0,,0.0,,0.0,0.6233711643547709
mlp,0,0,6,0.025,fixed horizon 148,192,57,135,1.0000931469451746,0.0,0.0,1.0,0.5,,1.0,,0.0,,0.0,0.7536780159730979
mlp,0,0,6,0.05,by final end,192,57,135,1.0350858788237915,0.0,0.28205128205128205,1.0,0.641025641025641,0.947902097902098,0.9853057199211045,0.052097902097901994,0.014694280078895505,,0.11,0.9920134510298444
mlp,0,0,6,0.05,by earliest stop,192,57,135,1.0350858788237915,0.0,0.0,1.0,0.5,,1.0,,0.0,,0.0,0.8171500630517025
mlp,0,0,6,0.05,fixed horizon 50,192,57,135,1.000235387709746,0.0,0.0,1.0,0.5,,1.0,,0.0,,0.0,0.47498949138293406
mlp,0,0,6,0.05,fixed horizon 100,192,57,135,1.0023593342778,0.0,0.0,1.0,0.5,,1.0,,0.0,,0.0,0.6233711643547709
mlp,0,0,6,0.05,fixed horizon 148,192,57,135,1.002386320011879,0.0,0.0,1.0,0.5,,1.0,,0.0,,0.0,0.7536780159730979
mlp,0,0,6,0.075,by final end,192,57,135,1.1229682223794089,0.0,0.6153846153846154,1.0,0.8076923076923077,0.8787660256410256,0.9253944773175544,0.12123397435897443,0.07460552268244558,,0.24,0.9920134510298444
mlp,0,0,6,0.075,by earliest stop,192,57,135,1.1229682223794089,0.0,0.0,1.0,0.5,,1.0,,0.0,,0.0,0.8171500630517025
mlp,0,0,6,0.075,fixed horizon 50,192,57,135,1.0028720107485238,0.0,0.0,1.0,0.5,,1.0,,0.0,,0.0,0.47498949138293406
mlp,0,0,6,0.075,fixed horizon 100,192,57,135,1.0098967180570315,0.0,0.0,1.0,0.5,,1.0,,0.0,,0.0,0.6233711643547709
mlp,0,0,6,0.075,fixed horizon 148,192,57,135,1.0103120185212042,0.0,0.0,1.0,0.5,,1.0,,0.0,,0.0,0.7536780159730979
mlp,0,0,6,0.1,by final end,192,57,135,1.2193790378572085,0.0,0.5897435897435898,1.0,0.7948717948717949,0.905267558528428,0.9441321499013807,0.094732441471572,0.055867850098619276,,0.23,0.9920134510298444
mlp,0,0,6,0.1,by earliest stop,192,57,135,1.2193790378572085,0.0,0.0,1.0,0.5,,1.0,,0.0,,0.0,0.8171500630517025
mlp,0,0,6,0.1,fixed horizon 50,192,57,135,1.010585490603948,0.0,0.0,1.0,0.5,,1.0,,0.0,,0.0,0.47498949138293406
mlp,0,0,6,0.1,fixed horizon 100,192,57,135,1.0252245168822687,0.0,0.0,1.0,0.5,,1.0,,0.0,,0.0,0.6233711643547709
mlp,0,0,6,0.1,fixed horizon 148,192,57,135,1.0112708958752223,0.0,0.0,1.0,0.5,,1.0,,0.0,,0.0,0.7536780159730979
mlp,0,0,6,0.15,by final end,192,57,135,1.5160303154788608,0.0,0.9230769230769231,1.0,0.9615384615384616,0.8060897435897436,0.8210059171597635,0.1939102564102564,0.17899408284023655,,0.36,0.9920134510298444
mlp,0,0,6,0.15,by earliest stop,192,57,135,1.5160303154788608,0.0,0.0,1.0,0.5,,1.0,,0.0,,0.0,0.8171500630517025
mlp,0,0,6,0.15,fixed horizon 50,192,57,135,1.010510565272043,0.0,0.0,1.0,0.5,,1.0,,0.0,,0.0,0.47498949138293406
mlp,0,0,6,0.15,fixed horizon 100,192,57,135,1.0340760750080853,0.0,0.0,1.0,0.5,,1.0,,0.0,,0.0,0.6233711643547709
mlp,0,0,6,0.15,fixed horizon 148,192,57,135,1.0376309237351915,0.0,0.0,1.0,0.5,,1.0,,0.0,,0.0,0.7536780159730979
mlp,0,0,6,0.2,by final end,192,57,135,1.2032686804976371,0.03278688524590164,0.9743589743589743,0.9672131147540983,0.9707860445565364,0.7058198380566802,0.71336291913215,0.29418016194331975,0.28663708086785,0.8384615384615385,0.4,0.9920134510298444
mlp,0,0,6,0.2,by earliest stop,192,57,135,1.2032686804976371,0.0,0.0,1.0,0.5,,1.0,,0.0,,0.0,0.8171500630517025
mlp,0,0,6,0.2,fixed horizon 50,192,57,135,1.0074980933096132,0.0,0.0,1.0,0.5,,1.0,,0.0,,0.0,0.47498949138293406
mlp,0,0,6,0.2,fixed horizon 100,192,57,135,1.020500462218159,0.0,0.0,1.0,0.5,,1.0,,0.0,,0.0,0.6233711643547709
mlp,0,0,6,0.2,fixed horizon 148,192,57,135,1.065788622810475,0.0,0.0,1.0,0.5,,1.0,,0.0,,0.0,0.7536780159730979
mlp,0,0,6,0.3,by final end,192,57,135,1.2615903444902639,0.01639344262295082,0.9743589743589743,0.9836065573770492,0.9789827658680117,0.701821862348178,0.7094674556213016,0.298178137651822,0.29053254437869835,0.7634615384615384,0.39,0.9920134510298444
mlp,0,0,6,0.3,by earliest stop,192,57,135,1.2615903444902639,0.0,0.0,1.0,0.5,,1.0,,0.0,,0.0,0.8171500630517025
mlp,0,0,6,0.3,fixed horizon 50,192,57,135,1.056351631528541,0.0,0.0,1.0,0.5,,1.0,,0.0,,0.0,0.47498949138293406
mlp,0,0,6,0.3,fixed horizon 100,192,57,135,1.0779275071340262,0.0,0.02564102564102564,1.0,0.5128205128205128,0.72,0.9928205128205128,0.28,0.007179487179487243,,0.01,0.6233711643547709
mlp,0,0,6,0.3,fixed horizon 148,192,57,135,1.1118771415463327,0.0,0.0,1.0,0.5,,1.0,,0.0,,0.0,0.7536780159730979
mlp,0,0,7,0.01,by final end,192,57,135,1.0001320775026594,0.0,0.0,1.0,0.5,,1.0,,0.0,,0.0,0.9920134510298444
mlp,0,0,7,0.01,by earliest stop,192,57,135,1.0001320775026594,0.0,0.0,1.0,0.5,,1.0,,0.0,,0.0,0.8171500630517025
mlp,0,0,7,0.01,fixed horizon 50,192,57,135,1.0000007772684791,0.0,0.0,1.0,0.5,,1.0,,0.0,,0.0,0.47498949138293406
mlp,0,0,7,0.01,fixed horizon 100,192,57,135,1.0000190337803332,0.0,0.0,1.0,0.5,,1.0,,0.0,,0.0,0.6233711643547709
mlp,0,0,7,0.01,fixed horizon 148,192,57,135,1.0000816731726718,0.0,0.0,1.0,0.5,,1.0,,0.0,,0.0,0.7536780159730979
mlp,0,0,7,0.025,by final end,192,57,135,1.000053051396503,0.0,0.0,1.0,0.5,,1.0,,0.0,,0.0,0.9920134510298444
mlp,0,0,7,0.025,by earliest stop,192,57,135,1.000053051396503,0.0,0.0,1.0,0.5,,1.0,,0.0,,0.0,0.8171500630517025
mlp,0,0,7,0.025,fixed horizon 50,192,57,135,0.9999996377253333,0.0,0.0,1.0,0.5,,1.0,,0.0,,0.0,0.47498949138293406
mlp,0,0,7,0.025,fixed horizon 100,192,57,135,1.0000008229531347,0.0,0.0,1.0,0.5,,1.0,,0.0,,0.0,0.6233711643547709
mlp,0,0,7,0.025,fixed horizon 148,192,57,135,1.000009281362227,0.0,0.0,1.0,0.5,,1.0,,0.0,,0.0,0.7536780159730979
mlp,0,0,7,0.05,by final end,192,57,135,1.0163696263339919,0.0,0.2564102564102564,1.0,0.6282051282051282,0.946346153846154,0.9862426035502958,0.05365384615384605,0.013757396449704196,,0.1,0.9920134510298444
mlp,0,0,7,0.05,by earliest stop,192,57,135,1.0163696263339919,0.0,0.0,1.0,0.5,,1.0,,0.0,,0.0,0.8171500630517025
mlp,0,0,7,0.05,fixed horizon 50,192,57,135,0.9999967654352546,0.0,0.0,1.0,0.5,,1.0,,0.0,,0.0,0.47498949138293406
mlp,0,0,7,0.05,fixed horizon 100,192,57,135,0.999997627482097,0.0,0.0,1.0,0.5,,1.0,,0.0,,0.0,0.6233711643547709
mlp,0,0,7,0.05,fixed horizon 148,192,57,135,0.999997627482097,0.0,0.0,1.0,0.5,,1.0,,0.0,,0.0,0.7536780159730979
mlp,0,0,7,0.075,by final end,192,57,135,1.0127919829945546,0.0,0.5897435897435898,1.0,0.7948717948717949,0.8926421404682275,0.9366863905325443,0.10735785953177246,0.06331360946745568,,0.23,0.9920134510298444
mlp,0,0,7,0.075,by earliest stop,192,57,135,1.0127919829945546,0.0,0.0,1.0,0.5,,1.0,,0.0,,0.0,0.8171500630517025
mlp,0,0,7,0.075,fixed horizon 50,192,57,135,0.9999923214325506,0.0,0.0,1.0,0.5,,1.0,,0.0,,0.0,0.47498949138293406
mlp,0,0,7,0.075,fixed horizon 100,192,57,135,0.9999773054355053,0.0,0.0,1.0,0.5,,1.0,,0.0,,0.0,0.6233711643547709
mlp,0,0,7,0.075,fixed horizon 148,192,57,135,0.9999923214325506,0.0,0.0,1.0,0.5,,1.0,,0.0,,0.0,0.7536780159730979
mlp,0,0,7,0.1,by final end,192,57,135,1.0106334874083032,0.0,0.6923076923076923,1.0,0.8461538461538461,0.8686609686609686,0.9090729783037474,0.13133903133903135,0.09092702169625255,,0.27,0.9920134510298444
mlp,0,0,7,0.1,by earliest stop,192,57,135,1.0106334874083032,0.0,0.0,1.0,0.5,,1.0,,0.0,,0.0,0.8171500630517025
mlp,0,0,7,0.1,fixed horizon 50,192,57,135,0.999971456437943,0.0,0.0,1.0,0.5,,1.0,,0.0,,0.0,0.47498949138293406
mlp,0,0,7,0.1,fixed horizon 100,192,57,135,0.9999312094064237,0.0,0.0,1.0,0.5,,1.0,,0.0,,0.0,0.6233711643547709
mlp,0,0,7,0.1,fixed horizon 148,192,57,135,0.9999538882020419,0.0,0.0,1.0,0.5,,1.0,,0.0,,0.0,0.7536780159730979
mlp,0,0,7,0.15,by final end,192,57,135,1.0000004352193983,0.0,0.9487179487179487,1.0,0.9743589743589743,0.7961538461538461,0.8066074950690335,0.2038461538461539,0.1933925049309665,,0.37,0.9920134510298444
mlp,0,0,7,0.15,by earliest stop,192,57,135,1.0000004352193983,0.0,0.0,1.0,0.5,,1.0,,0.0,,0.0,0.8171500630517025
mlp,0,0,7,0.15,fixed horizon 50,192,57,135,0.9997156225440521,0.0,0.0,1.0,0.5,,1.0,,0.0,,0.0,0.47498949138293406
mlp,0,0,7,0.15,fixed horizon 100,192,57,135,0.9997332925024938,0.0,0.0,1.0,0.5,,1.0,,0.0,,0.0,0.6233711643547709
mlp,0,0,7,0.15,fixed horizon 148,192,57,135,0.9997519392208554,0.0,0.0,1.0,0.5,,1.0,,0.0,,0.0,0.7536780159730979
mlp,0,0,7,0.2,by final end,192,57,135,1.0044496944536971,0.01639344262295082,0.9487179487179487,0.9836065573770492,0.9661622530474989,0.7162162162162163,0.7307692307692308,0.28378378378378366,0.26923076923076916,0.8057692307692308,0.38,0.9920134510298444
mlp,0,0,7,0.2,by earliest stop,192,57,135,1.0044496944536971,0.0,0.0,1.0,0.5,,1.0,,0.0,,0.0,0.8171500630517025
mlp,0,0,7,0.2,fixed horizon 50,192,57,135,0.9987271842523249,0.0,0.0,1.0,0.5,,1.0,,0.0,,0.0,0.47498949138293406
mlp,0,0,7,0.2,fixed horizon 100,192,57,135,0.9996115463716418,0.0,0.0,1.0,0.5,,1.0,,0.0,,0.0,0.6233711643547709
mlp,0,0,7,0.2,fixed horizon 148,192,57,135,0.9992619408197092,0.0,0.0,1.0,0.5,,1.0,,0.0,,0.0,0.7536780159730979
mlp,0,0,7,0.3,by final end,192,57,135,0.9922195573117174,0.03278688524590164,0.9743589743589743,0.9672131147540983,0.9707860445565364,0.6782388663967611,0.6864891518737672,0.3217611336032389,0.31351084812623276,0.38076923076923075,0.4,0.9920134510298444
mlp,0,0,7,0.3,by earliest stop,192,57,135,0.9922195573117174,0.01639344262295082,0.02564102564102564,0.9836065573770492,0.5046237915090374,0.0,0.9743589743589743,1.0,0.02564102564102566,0.0,0.02,0.8171500630517025
mlp,0,0,7,0.3,fixed horizon 50,192,57,135,0.9894384452551418,0.01639344262295082,0.02564102564102564,0.9836065573770492,0.5046237915090374,0.0,0.9743589743589743,1.0,0.02564102564102566,0.0,0.02,0.47498949138293406
mlp,0,0,7,0.3,fixed horizon 100,192,57,135,0.9879247751180776,0.01639344262295082,0.02564102564102564,0.9836065573770492,0.5046237915090374,0.0,0.9743589743589743,1.0,0.02564102564102566,0.0,0.02,0.6233711643547709
mlp,0,0,7,0.3,fixed horizon 148,192,57,135,0.9937953086593846,0.0,0.02564102564102564,1.0,0.5128205128205128,0.006756756756756757,0.9745322245322245,0.9932432432432432,0.025467775467775455,,0.01,0.7536780159730979
mlp,0,0,8,0.01,by final end,192,57,135,1.162971784110247,0.0,0.0,1.0,0.5,,1.0,,0.0,,0.0,0.9920134510298444
mlp,0,0,8,0.01,by earliest stop,192,57,135,1.162971784110247,0.0,0.0,1.0,0.5,,1.0,,0.0,,0.0,0.8171500630517025
mlp,0,0,8,0.01,fixed horizon 50,192,57,135,1.000005938700847,0.0,0.0,1.0,0.5,,1.0,,0.0,,0.0,0.47498949138293406
mlp,0,0,8,0.01,fixed horizon 100,192,57,135,1.0000309106828214,0.0,0.0,1.0,0.5,,1.0,,0.0,,0.0,0.6233711643547709
mlp,0,0,8,0.01,fixed horizon 148,192,57,135,1.0038675392776795,0.0,0.0,1.0,0.5,,1.0,,0.0,,0.0,0.7536780159730979
mlp,0,0,8,0.025,by final end,192,57,135,1.0790446226578834,0.0,0.0,1.0,0.5,,1.0,,0.0,,0.0,0.9920134510298444
mlp,0,0,8,0.025,by earliest stop,192,57,135,1.0790446226578834,0.0,0.0,1.0,0.5,,1.0,,0.0,,0.0,0.8171500630517025
mlp,0,0,8,0.025,fixed horizon 50,192,57,135,0.9999956659550715,0.0,0.0,1.0,0.5,,1.0,,0.0,,0.0,0.47498949138293406
mlp,0,0,8,0.025,fixed horizon 100,192,57,135,1.000014918902291,0.0,0.0,1.0,0.5,,1.0,,0.0,,0.0,0.6233711643547709
mlp,0,0,8,0.025,fixed horizon 148,192,57,135,1.0012092274635918,0.0,0.0,1.0,0.5,,1.0,,0.0,,0.0,0.7536780159730979
mlp,0,0,8,0.05,by final end,192,57,135,1.000175578694874,0.0,0.2564102564102564,1.0,0.6282051282051282,0.9667307692307693,0.9914694280078896,0.03326923076923072,0.00853057199211038,,0.1,0.9920134510298444
mlp,0,0,8,0.05,by earliest stop,192,57,135,1.000175578694874,0.0,0.0,1.0,0.5,,1.0,,0.0,,0.0,0.8171500630517025
mlp,0,0,8,0.05,fixed horizon 50,192,57,135,0.999984567945302,0.0,0.0,1.0,0.5,,1.0,,0.0,,0.0,0.47498949138293406
mlp,0,0,8,0.05,fixed horizon 100,192,57,135,1.000013480349309,0.0,0.0,1.0,0.5,,1.0,,0.0,,0.0,0.6233711643547709
mlp,0,0,8,0.05,fixed horizon 148,192,57,135,1.000044425940318,0.0,0.0,1.0,0.5,,1.0,,0.0,,0.0,0.7536780159730979
mlp,0,0,8,0.075,by final end,192,57,135,1.0000432725076205,0.0,0.6153846153846154,1.0,0.8076923076923077,0.8915064102564103,0.9332347140039448,0.10849358974358969,0.06676528599605525,,0.24,0.9920134510298444
mlp,0,0,8,0.075,by earliest stop,192,57,135,1.0000432725076205,0.0,0.0,1.0,0.5,,1.0,,0.0,,0.0,0.8171500630517025
mlp,0,0,8,0.075,fixed horizon 50,192,57,135,1.000141373706499,0.0,0.0,1.0,0.5,,1.0,,0.0,,0.0,0.47498949138293406
mlp,0,0,8,0.075,fixed horizon 100,192,57,135,0.9999720961202582,0.0,0.0,1.0,0.5,,1.0,,0.0,,0.0,0.6233711643547709
mlp,0,0,8,0.075,fixed horizon 148,192,57,135,0.9999401464967212,0.0,0.0,1.0,0.5,,1.0,,0.0,,0.0,0.7536780159730979
mlp,0,0,8,0.1,by final end,192,57,135,1.0003385362988624,0.0,0.7948717948717948,1.0,0.8974358974358974,0.8640818858560794,0.8919625246548322,0.13591811414392063,0.10803747534516783,,0.31,0.9920134510298444
mlp,0,0,8,0.1,by earliest stop,192,57,135,1.0003385362988624,0.0,0.0,1.0,0.5,,1.0,,0.0,,0.0,0.8171500630517025
mlp,0,0,8,0.1,fixed horizon 50,192,57,135,1.0001086261903605,0.0,0.0,1.0,0.5,,1.0,,0.0,,0.0,0.47498949138293406
mlp,0,0,8,0.1,fixed horizon 100,192,57,135,0.999819580204516,0.0,0.0,1.0,0.5,,1.0,,0.0,,0.0,0.6233711643547709
mlp,0,0,8,0.1,fixed horizon 148,192,57,135,0.99977600944611,0.0,0.0,1.0,0.5,,1.0,,0.0,,0.0,0.7536780159730979
mlp,0,0,8,0.15,by final end,192,57,135,1.301035920583288,0.0,0.9487179487179487,1.0,0.9743589743589743,0.7891372141372142,0.7999506903353057,0.21086278586278584,0.20004930966469425,,0.37,0.9920134510298444
mlp,0,0,8,0.15,by earliest stop,192,57,135,1.301035920583288,0.0,0.0,1.0,0.5,,1.0,,0.0,,0.0,0.8171500630517025
mlp,0,0,8,0.15,fixed horizon 50,192,57,135,1.0171319900302183,0.0,0.0,1.0,0.5,,1.0,,0.0,,0.0,0.47498949138293406
mlp,0,0,8,0.15,fixed horizon 100,192,57,135,1.0026499873636303,0.0,0.0,1.0,0.5,,1.0,,0.0,,0.0,0.6233711643547709
mlp,0,0,8,0.15,fixed horizon 148,192,57,135,1.0109507297490306,0.0,0.0,1.0,0.5,,1.0,,0.0,,0.0,0.7536780159730979
mlp,0,0,8,0.2,by final end,192,57,135,1.1552026161363103,0.01639344262295082,0.9487179487179487,0.9836065573770492,0.9661622530474989,0.7284823284823285,0.7424063116370808,0.2715176715176715,0.2575936883629192,0.8307692307692308,0.38,0.9920134510298444
mlp,0,0,8,0.2,by earliest stop,192,57,135,1.1552026161363103,0.0,0.0,1.0,0.5,,1.0,,0.0,,0.0,0.8171500630517025
mlp,0,0,8,0.2,fixed horizon 50,192,57,135,1.0651890683630743,0.0,0.0,1.0,0.5,,1.0,,0.0,,0.0,0.47498949138293406
mlp,0,0,8,0.2,fixed horizon 100,192,57,135,1.0996320783695328,0.0,0.0,1.0,0.5,,1.0,,0.0,,0.0,0.6233711643547709
mlp,0,0,8,0.2,fixed horizon 148,192,57,135,1.0724151213726587,0.0,0.0,1.0,0.5,,1.0,,0.0,,0.0,0.7536780159730979
mlp,0,0,8,0.3,by final end,192,57,135,1.047382758832976,0.06557377049180328,0.9743589743589743,0.9344262295081968,0.9543926019335855,0.6704453441295547,0.6788954635108482,0.3295546558704453,0.3211045364891518,0.7769230769230769,0.42,0.9920134510298444
mlp,0,0,8,0.3,by earliest stop,192,57,135,1.047382758832976,0.0,0.0,1.0,0.5,,1.0,,0.0,,0.0,0.8171500630517025
mlp,0,0,8,0.3,fixed horizon 50,192,57,135,1.1139329089825125,0.0,0.0,1.0,0.5,,1.0,,0.0,,0.0,0.47498949138293406
mlp,0,0,8,0.3,fixed horizon 100,192,57,135,1.0761073008950344,0.0,0.0,1.0,0.5,,1.0,,0.0,,0.0,0.6233711643547709
mlp,0,0,8,0.3,fixed horizon 148,192,57,135,1.157123416825202,0.0,0.0,1.0,0.5,,1.0,,0.0,,0.0,0.7536780159730979
mlp,0,0,9,0.01,by final end,192,57,135,1.0067406301592514,0.0,0.0,1.0,0.5,,1.0,,0.0,,0.0,0.9920134510298444
mlp,0,0,9,0.01,by earliest stop,192,57,135,1.0067406301592514,0.0,0.0,1.0,0.5,,1.0,,0.0,,0.0,0.8171500630517025
mlp,0,0,9,0.01,fixed horizon 50,192,57,135,1.0001650287233566,0.0,0.0,1.0,0.5,,1.0,,0.0,,0.0,0.47498949138293406
mlp,0,0,9,0.01,fixed horizon 100,192,57,135,1.0001650287233566,0.0,0.0,1.0,0.5,,1.0,,0.0,,0.0,0.6233711643547709
mlp,0,0,9,0.01,fixed horizon 148,192,57,135,1.0001650287233566,0.0,0.0,1.0,0.5,,1.0,,0.0,,0.0,0.7536780159730979
mlp,0,0,9,0.025,by final end,192,57,135,1.000166647468827,0.0,0.0,1.0,0.5,,1.0,,0.0,,0.0,0.9920134510298444
mlp,0,0,9,0.025,by earliest stop,192,57,135,1.000166647468827,0.0,0.0,1.0,0.5,,1.0,,0.0,,0.0,0.8171500630517025
mlp,0,0,9,0.025,fixed horizon 50,192,57,135,1.0001510493369539,0.0,0.0,1.0,0.5,,1.0,,0.0,,0.0,0.47498949138293406
mlp,0,0,9,0.025,fixed horizon 100,192,57,135,1.0001510493369539,0.0,0.0,1.0,0.5,,1.0,,0.0,,0.0,0.6233711643547709
mlp,0,0,9,0.025,fixed horizon 148,192,57,135,1.0001578171516923,0.0,0.0,1.0,0.5,,1.0,,0.0,,0.0,0.7536780159730979
mlp,0,0,9,0.05,by final end,192,57,135,1.0001641333851803,0.0,0.0,1.0,0.5,,1.0,,0.0,,0.0,0.9920134510298444
mlp,0,0,9,0.05,by earliest stop,192,57,135,1.0001641333851803,0.0,0.0,1.0,0.5,,1.0,,0.0,,0.0,0.8171500630517025
mlp,0,0,9,0.05,fixed horizon 50,192,57,135,1.0000927014366146,0.0,0.0,1.0,0.5,,1.0,,0.0,,0.0,0.47498949138293406
mlp,0,0,9,0.05,fixed horizon 100,192,57,135,1.0000799413194847,0.0,0.0,1.0,0.5,,1.0,,0.0,,0.0,0.6233711643547709
mlp,0,0,9,0.05,fixed horizon 148,192,57,135,1.0000799413194847,0.0,0.0,1.0,0.5,,1.0,,0.0,,0.0,0.7536780159730979
mlp,0,0,9,0.075,by final end,192,57,135,1.000397198930726,0.0,0.3333333333333333,1.0,0.6666666666666666,0.9384615384615385,0.9794871794871796,0.06153846153846154,0.02051282051282044,,0.13,0.9920134510298444
mlp,0,0,9,0.075,by earliest stop,192,57,135,1.000397198930726,0.0,0.0,1.0,0.5,,1.0,,0.0,,0.0,0.8171500630517025
mlp,0,0,9,0.075,fixed horizon 50,192,57,135,1.000087434933175,0.0,0.0,1.0,0.5,,1.0,,0.0,,0.0,0.47498949138293406
mlp,0,0,9,0.075,fixed horizon 100,192,57,135,0.999998643745292,0.0,0.0,1.0,0.5,,1.0,,0.0,,0.0,0.6233711643547709
mlp,0,0,9,0.075,fixed horizon 148,192,57,135,0.999998643745292,0.0,0.0,1.0,0.5,,1.0,,0.0,,0.0,0.7536780159730979
mlp,0,0,9,0.1,by final end,192,57,135,1.0803270997440755,0.0,0.6153846153846154,1.0,0.8076923076923077,0.8854166666666666,0.9294871794871796,0.11458333333333337,0.07051282051282037,,0.24,0.9920134510298444
mlp,0,0,9,0.1,by earliest stop,192,57,135,1.0803270997440755,0.0,0.0,1.0,0.5,,1.0,,0.0,,0.0,0.8171500630517025
mlp,0,0,9,0.1,fixed horizon 50,192,57,135,1.0000105327714746,0.0,0.0,1.0,0.5,,1.0,,0.0,,0.0,0.47498949138293406
mlp,0,0,9,0.1,fixed horizon 100,192,57,135,0.9999973540240475,0.0,0.0,1.0,0.5,,1.0,,0.0,,0.0,0.6233711643547709
mlp,0,0,9,0.1,fixed horizon 148,192,57,135,0.9999973540240475,0.0,0.0,1.0,0.5,,1.0,,0.0,,0.0,0.7536780159730979
mlp,0,0,9,0.15,by final end,192,57,135,1.307835136951831,0.0,0.9487179487179487,1.0,0.9743589743589743,0.784927234927235,0.7959566074950691,0.21507276507276496,0.20404339250493086,,0.37,0.9920134510298444
mlp,0,0,9,0.15,by earliest stop,192,57,135,1.307835136951831,0.0,0.0,1.0,0.5,,1.0,,0.0,,0.0,0.8171500630517025
mlp,0,0,9,0.15,fixed horizon 50,192,57,135,1.0018874518714709,0.0,0.0,1.0,0.5,,1.0,,0.0,,0.0,0.47498949138293406
mlp,0,0,9,0.15,fixed horizon 100,192,57,135,1.027075127316095,0.0,0.0,1.0,0.5,,1.0,,0.0,,0.0,0.6233711643547709
mlp,0,0,9,0.15,fixed horizon 148,192,57,135,1.0484976066705172,0.0,0.0,1.0,0.5,,1.0,,0.0,,0.0,0.7536780159730979
mlp,0,0,9,0.2,by final end,192,57,135,1.0711344091956274,0.01639344262295082,0.9743589743589743,0.9836065573770492,0.9789827658680117,0.7116902834008096,0.7190828402366863,0.28830971659919036,0.28091715976331366,0.7576923076923077,0.39,0.9920134510298444
mlp,0,0,9,0.2,by earliest stop,192,57,135,1.0711344091956274,0.0,0.0,1.0,0.5,,1.0,,0.0,,0.0,0.8171500630517025
mlp,0,0,9,0.2,fixed horizon 50,192,57,135,1.0142952130281861,0.0,0.0,1.0,0.5,,1.0,,0.0,,0.0,0.47498949138293406
mlp,0,0,9,0.2,fixed horizon 100,192,57,135,1.0254854635746071,0.0,0.0,1.0,0.5,,1.0,,0.0,,0.0,0.6233711643547709
mlp,0,0,9,0.2,fixed horizon 148,192,57,135,1.0383742481585105,0.0,0.0,1.0,0.5,,1.0,,0.0,,0.0,0.7536780159730979
mlp,0,0,9,0.3,by final end,192,57,135,1.0453206047741828,0.06557377049180328,0.9743589743589743,0.9344262295081968,0.9543926019335855,0.673076923076923,0.6814595660749507,0.326923076923077,0.31854043392504927,0.8139423076923077,0.42,0.9920134510298444
mlp,0,0,9,0.3,by earliest stop,192,57,135,1.0453206047741828,0.0,0.0,1.0,0.5,,1.0,,0.0,,0.0,0.8171500630517025
mlp,0,0,9,0.3,fixed horizon 50,192,57,135,1.236037715180605,0.01639344262295082,0.02564102564102564,0.9836065573770492,0.5046237915090374,0.36,0.9835897435897436,0.64,0.016410256410256396,0.28,0.02,0.47498949138293406
mlp,0,0,9,0.3,fixed horizon 100,192,57,135,1.1841432435614925,0.0,0.0,1.0,0.5,,1.0,,0.0,,0.0,0.6233711643547709
mlp,0,0,9,0.3,fixed horizon 148,192,57,135,1.0596256840734628,0.0,0.0,1.0,0.5,,1.0,,0.0,,0.0,0.7536780159730979
mlp,1,1,0,0.01,by final end,188,56,132,1.005596999499106,0.0,0.037037037037037035,1.0,0.5185185185185185,0.9923076923076923,0.9997150997150996,0.007692307692307665,0.0002849002849003579,,0.01,0.9959411466260781
mlp,1,1,0,0.01,by earliest stop,188,56,132,1.005596999499106,0.0,0.0,1.0,0.5,,1.0,,0.0,,0.0,0.6732623033992897
mlp,1,1,0,0.01,fixed horizon 50,188,56,132,0.9792562561256267,0.0,0.0,1.0,0.5,,1.0,,0.0,,0.0,0.5098934550989346
mlp,1,1,0,0.01,fixed horizon 100,188,56,132,0.9792562561256267,0.0,0.0,1.0,0.5,,1.0,,0.0,,0.0,0.5905631659056316
mlp,1,1,0,0.01,fixed horizon 148,188,56,132,0.9792562561256267,0.0,0.0,1.0,0.5,,1.0,,0.0,,0.0,0.6133942161339422
mlp,1,1,0,0.025,by final end,188,56,132,0.9993159358708662,0.0,0.037037037037037035,1.0,0.5185185185185185,0.9884615384615385,0.9995726495726496,0.011538461538461497,0.00042735042735042583,,0.01,0.9959411466260781
mlp,1,1,0,0.025,by earliest stop,188,56,132,0.9993159358708662,0.0,0.0,1.0,0.5,,1.0,,0.0,,0.0,0.6732623033992897
mlp,1,1,0,0.025,fixed horizon 50,188,56,132,0.9792263192184053,0.0,0.0,1.0,0.5,,1.0,,0.0,,0.0,0.5098934550989346
mlp,1,1,0,0.025,fixed horizon 100,188,56,132,0.9792263192184053,0.0,0.0,1.0,0.5,,1.0,,0.0,,0.0,0.5905631659056316
mlp,1,1,0,0.025,fixed horizon 148,188,56,132,0.9792263192184053,0.0,0.0,1.0,0.5,,1.0,,0.0,,0.0,0.6133942161339422
mlp,1,1,0,0.05,by final end,188,56,132,0.9996153713200885,0.0,0.037037037037037035,1.0,0.5185185185185185,0.9519230769230769,0.9982193732193733,0.04807692307692313,0.0017806267806267373,,0.01,0.9959411466260781
mlp,1,1,0,0.05,by earliest stop,188,56,132,0.9996153713200885,0.0,0.0,1.0,0.5,,1.0,,0.0,,0.0,0.6732623033992897
mlp,1,1,0,0.05,fixed horizon 50,188,56,132,0.979764363158272,0.0,0.0,1.0,0.5,,1.0,,0.0,,0.0,0.5098934550989346
mlp,1,1,0,0.05,fixed horizon 100,188,56,132,0.9790213396151886,0.0,0.0,1.0,0.5,,1.0,,0.0,,0.0,0.5905631659056316
mlp,1,1,0,0.05,fixed horizon 148,188,56,132,0.9790213396151886,0.0,0.0,1.0,0.5,,1.0,,0.0,,0.0,0.6133942161339422
mlp,1,1,0,0.075,by final end,188,56,132,1.0051908764125086,0.0,0.2222222222222222,1.0,0.6111111111111112,0.8746794871794873,0.9721509971509973,0.1253205128205127,0.027849002849002713,,0.06,0.9959411466260781
mlp,1,1,0,0.075,by earliest stop,188,56,132,1.0051908764125086,0.0,0.0,1.0,0.5,,1.0,,0.0,,0.0,0.6732623033992897
mlp,1,1,0,0.075,fixed horizon 50,188,56,132,0.9794772329632077,0.0,0.0,1.0,0.5,,1.0,,0.0,,0.0,0.5098934550989346
mlp,1,1,0,0.075,fixed horizon 100,188,56,132,0.9774866126138989,0.0,0.0,1.0,0.5,,1.0,,0.0,,0.0,0.5905631659056316
mlp,1,1,0,0.075,fixed horizon 148,188,56,132,0.983290607639165,0.0,0.0,1.0,0.5,,1.0,,0.0,,0.0,0.6133942161339422
mlp,1,1,0,0.1,by final end,188,56,132,0.9898381993444179,0.0,0.2962962962962963,1.0,0.6481481481481481,0.8778846153846154,0.9638176638176638,0.12211538461538463,0.03618233618233624,,0.08,0.9959411466260781
mlp,1,1,0,0.1,by earliest stop,188,56,132,0.9898381993444179,0.0,0.0,1.0,0.5,,1.0,,0.0,,0.0,0.6732623033992897
mlp,1,1,0,0.1,fixed horizon 50,188,56,132,0.9791139012401827,0.0,0.0,1.0,0.5,,1.0,,0.0,,0.0,0.5098934550989346
mlp,1,1,0,0.1,fixed horizon 100,188,56,132,0.9751960981515145,0.0,0.0,1.0,0.5,,1.0,,0.0,,0.0,0.5905631659056316
mlp,1,1,0,0.1,fixed horizon 148,188,56,132,0.9792851839236159,0.0,0.0,1.0,0.5,,1.0,,0.0,,0.0,0.6133942161339422
mlp,1,1,0,0.15,by final end,188,56,132,0.9634349152907247,0.0,0.7407407407407407,1.0,0.8703703703703703,0.8362499999999999,0.8787037037037038,0.16375000000000006,0.12129629629629624,,0.2,0.9959411466260781
mlp,1,1,0,0.15,by earliest stop,188,56,132,0.9634349152907247,0.0,0.0,1.0,0.5,,1.0,,0.0,,0.0,0.6732623033992897
mlp,1,1,0,0.15,fixed horizon 50,188,56,132,0.9826275321194123,0.0,0.037037037037037035,1.0,0.5185185185185185,0.48,0.9807407407407408,0.52,0.019259259259259198,,0.01,0.5098934550989346
mlp,1,1,0,0.15,fixed horizon 100,188,56,132,0.9775548423502535,0.0,0.0,1.0,0.5,,1.0,,0.0,,0.0,0.5905631659056316
mlp,1,1,0,0.15,fixed horizon 148,188,56,132,0.9764241761920237,0.0,0.0,1.0,0.5,,1.0,,0.0,,0.0,0.6133942161339422
mlp,1,1,0,0.2,by final end,188,56,132,0.9476155896762661,0.0,0.7777777777777778,1.0,0.8888888888888888,0.7669413919413919,0.8187321937321937,0.23305860805860812,0.18126780626780625,,0.21,0.9959411466260781
mlp,1,1,0,0.2,by earliest stop,188,56,132,0.9476155896762661,0.0,0.037037037037037035,1.0,0.5185185185185185,0.13761467889908258,0.9680598029221883,0.8623853211009174,0.031940197077811705,,0.01,0.6732623033992897
mlp,1,1,0,0.2,fixed horizon 50,188,56,132,0.9507268091446108,0.0136986301369863,0.037037037037037035,0.9863013698630136,0.5116692034500253,0.38,0.977037037037037,0.62,0.022962962962962963,0.42,0.02,0.5098934550989346
mlp,1,1,0,0.2,fixed horizon 100,188,56,132,0.9486883599210556,0.0,0.037037037037037035,1.0,0.5185185185185185,0.3,0.9740740740740741,0.7,0.025925925925925908,,0.01,0.5905631659056316
mlp,1,1,0,0.2,fixed horizon 148,188,56,132,0.9522640477168683,0.0,0.037037037037037035,1.0,0.5185185185185185,0.21621621621621623,0.9709709709709711,0.7837837837837838,0.02902902902902893,,0.01,0.6133942161339422
mlp,1,1,0,0.3,by final end,188,56,132,0.844874336694759,0.0410958904109589,0.8148148148148148,0.958904109589041,0.8868594622019279,0.6940559440559441,0.7507122507122506,0.30594405594405594,0.24928774928774944,0.0358974358974359,0.25,0.9959411466260781
mlp,1,1,0,0.3,by earliest stop,188,56,132,0.844874336694759,0.0410958904109589,0.07407407407407407,0.958904109589041,0.5164890918315576,0.39908256880733944,0.9554875976894325,0.6009174311926606,0.04451240231056752,0.08562691131498472,0.05,0.6732623033992897
mlp,1,1,0,0.3,fixed horizon 50,188,56,132,0.7798174993176965,0.0958904109589041,0.1111111111111111,0.9041095890410958,0.5076103500761034,0.36000000000000004,0.928888888888889,0.6399999999999999,0.07111111111111101,0.2771428571428572,0.1,0.5098934550989346
mlp,1,1,0,0.3,fixed horizon 100,188,56,132,0.7769962793627256,0.0958904109589041,0.1111111111111111,0.9041095890410958,0.5076103500761034,0.20666666666666667,0.9118518518518518,0.7933333333333333,0.0881481481481482,0.16999999999999998,0.1,0.5905631659056316
mlp,1,1,0,0.3,fixed horizon 148,188,56,132,0.7766983967158143,0.0958904109589041,0.1111111111111111,0.9041095890410958,0.5076103500761034,0.1418918918918919,0.9046546546546547,0.8581081081081081,0.09534534534534533,0.12451737451737453,0.1,0.6133942161339422
mlp,1,1,1,0.01,by final end,188,56,132,1.187792725830347,0.0,0.037037037037037035,1.0,0.5185185185185185,0.9884615384615385,0.9995726495726496,0.011538461538461497,0.00042735042735042583,,0.01,0.9959411466260781
mlp,1,1,1,0.01,by earliest stop,188,56,132,1.187792725830347,0.0,0.0,1.0,0.5,,1.0,,0.0,,0.0,0.6732623033992897
mlp,1,1,1,0.01,fixed horizon 50,188,56,132,1.000106764352964,0.0,0.0,1.0,0.5,,1.0,,0.0,,0.0,0.5098934550989346
mlp,1,1,1,0.01,fixed horizon 100,188,56,132,1.0003202539291012,0.0,0.0,1.0,0.5,,1.0,,0.0,,0.0,0.5905631659056316
mlp,1,1,1,0.01,fixed horizon 148,188,56,132,1.0003202539291012,0.0,0.0,1.0,0.5,,1.0,,0.0,,0.0,0.6133942161339422
mlp,1,1,1,0.025,by final end,188,56,132,1.1293866255337262,0.0,0.037037037037037035,1.0,0.5185185185185185,0.9538461538461539,0.9982905982905983,0.0461538461538461,0.0017094017094017033,,0.01,0.9959411466260781
mlp,1,1,1,0.025,by earliest stop,188,56,132,1.1293866255337262,0.0,0.0,1.0,0.5,,1.0,,0.0,,0.0,0.6732623033992897
mlp,1,1,1,0.025,fixed horizon 50,188,56,132,1.0000662931609954,0.0,0.0,1.0,0.5,,1.0,,0.0,,0.0,0.5098934550989346
mlp,1,1,1,0.025,fixed horizon 100,188,56,132,1.0001950235978219,0.0,0.0,1.0,0.5,,1.0,,0.0,,0.0,0.5905631659056316
mlp,1,1,1,0.025,fixed horizon 148,188,56,132,1.0001950235978219,0.0,0.0,1.0,0.5,,1.0,,0.0,,0.0,0.6133942161339422
mlp,1,1,1,0.05,by final end,188,56,132,1.023693775774116,0.0,0.2222222222222222,1.0,0.6111111111111112,0.8967948717948717,0.977065527065527,0.10320512820512828,0.022934472934473038,,0.06,0.9959411466260781
mlp,1,1,1,0.05,by earliest stop,188,56,132,1.023693775774116,0.0,0.0,1.0,0.5,,1.0,,0.0,,0.0,0.6732623033992897
mlp,1,1,1,0.05,fixed horizon 50,188,56,132,1.0000682924095483,0.0,0.0,1.0,0.5,,1.0,,0.0,,0.0,0.5098934550989346
mlp,1,1,1,0.05,fixed horizon 100,188,56,132,1.0000945804389423,0.0,0.0,1.0,0.5,,1.0,,0.0,,0.0,0.5905631659056316
mlp,1,1,1,0.05,fixed horizon 148,188,56,132,1.0001916203104355,0.0,0.0,1.0,0.5,,1.0,,0.0,,0.0,0.6133942161339422
mlp,1,1,1,0.075,by final end,188,56,132,1.2127862847552808,0.0,0.4074074074074074,1.0,0.7037037037037037,0.8952797202797202,0.9573361823361823,0.10472027972027975,0.04266381766381766,,0.11,0.9959411466260781
mlp,1,1,1,0.075,by earliest stop,188,56,132,1.2127862847552808,0.0,0.0,1.0,0.5,,1.0,,0.0,,0.0,0.6732623033992897
mlp,1,1,1,0.075,fixed horizon 50,188,56,132,1.0001764914512115,0.0,0.0,1.0,0.5,,1.0,,0.0,,0.0,0.5098934550989346
mlp,1,1,1,0.075,fixed horizon 100,188,56,132,0.9999521263661199,0.0,0.0,1.0,0.5,,1.0,,0.0,,0.0,0.5905631659056316
mlp,1,1,1,0.075,fixed horizon 148,188,56,132,1.0000036699385144,0.0,0.0,1.0,0.5,,1.0,,0.0,,0.0,0.6133942161339422
mlp,1,1,1,0.1,by final end,188,56,132,1.262783643245604,0.0,0.6296296296296297,1.0,0.8148148148148149,0.8880090497737557,0.9294871794871795,0.11199095022624428,0.07051282051282048,,0.17,0.9959411466260781
mlp,1,1,1,0.1,by earliest stop,188,56,132,1.262783643245604,0.0,0.0,1.0,0.5,,1.0,,0.0,,0.0,0.6732623033992897
mlp,1,1,1,0.1,fixed horizon 50,188,56,132,0.9998408568209232,0.0,0.0,1.0,0.5,,1.0,,0.0,,0.0,0.5098934550989346
mlp,1,1,1,0.1,fixed horizon 100,188,56,132,0.9995689915481897,0.0,0.0,1.0,0.5,,1.0,,0.0,,0.0,0.5905631659056316
mlp,1,1,1,0.1,fixed horizon 148,188,56,132,1.0000779322951148,0.0,0.0,1.0,0.5,,1.0,,0.0,,0.0,0.6133942161339422
mlp,1,1,1,0.15,by final end,188,56,132,1.2175727390346618,0.0,0.8148148148148148,1.0,0.9074074074074074,0.8325174825174826,0.8635327635327635,0.1674825174825174,0.13646723646723646,,0.22,0.9959411466260781
mlp,1,1,1,0.15,by earliest stop,188,56,132,1.2175727390346618,0.0,0.0,1.0,0.5,,1.0,,0.0,,0.0,0.6732623033992897
mlp,1,1,1,0.15,fixed horizon 50,188,56,132,1.0000066766394007,0.0,0.0,1.0,0.5,,1.0,,0.0,,0.0,0.5098934550989346
mlp,1,1,1,0.15,fixed horizon 100,188,56,132,1.0361744157284558,0.0,0.0,1.0,0.5,,1.0,,0.0,,0.0,0.5905631659056316
mlp,1,1,1,0.15,fixed horizon 148,188,56,132,1.0242186773385198,0.0,0.0,1.0,0.5,,1.0,,0.0,,0.0,0.6133942161339422
mlp,1,1,1,0.2,by final end,188,56,132,1.069880970382534,0.0,0.8148148148148148,1.0,0.9074074074074074,0.7549825174825173,0.8003561253561254,0.24501748251748268,0.19964387464387456,,0.22,0.9959411466260781
mlp,1,1,1,0.2,by earliest stop,188,56,132,1.069880970382534,0.0,0.0,1.0,0.5,,1.0,,0.0,,0.0,0.6732623033992897
mlp,1,1,1,0.2,fixed horizon 50,188,56,132,1.0358525815595272,0.0,0.0,1.0,0.5,,1.0,,0.0,,0.0,0.5098934550989346
mlp,1,1,1,0.2,fixed horizon 100,188,56,132,1.0765564046651588,0.0,0.0,1.0,0.5,,1.0,,0.0,,0.0,0.5905631659056316
mlp,1,1,1,0.2,fixed horizon 148,188,56,132,1.0932776280377035,0.0,0.0,1.0,0.5,,1.0,,0.0,,0.0,0.6133942161339422
mlp,1,1,1,0.3,by final end,188,56,132,0.9997436729238258,0.0,0.9629629629629629,1.0,0.9814814814814814,0.7331360946745562,0.7430199430199429,0.2668639053254438,0.2569800569800571,,0.26,0.9959411466260781
mlp,1,1,1,0.3,by earliest stop,188,56,132,0.9997436729238258,0.0,0.0,1.0,0.5,,1.0,,0.0,,0.0,0.6732623033992897
mlp,1,1,1,0.3,fixed horizon 50,188,56,132,0.9990601868668064,0.0821917808219178,0.1111111111111111,0.9178082191780822,0.5144596651445966,0.5666666666666668,0.951851851851852,0.43333333333333324,0.04814814814814805,0.5666666666666668,0.09,0.5098934550989346
mlp,1,1,1,0.3,fixed horizon 100,188,56,132,0.960708074411075,0.0136986301369863,0.1111111111111111,0.9863013698630136,0.5487062404870624,0.6133333333333334,0.957037037037037,0.3866666666666666,0.04296296296296298,0.11,0.04,0.5905631659056316
mlp,1,1,1,0.3,fixed horizon 148,188,56,132,0.960708074411075,0.0136986301369863,0.07407407407407407,0.9863013698630136,0.5301877219685438,0.37162162162162166,0.9534534534534534,0.6283783783783783,0.04654654654654655,0.07432432432432433,0.03,0.6133942161339422
mlp,1,1,2,0.01,by final end,188,56,132,1.0154608192215822,0.0,0.0,1.0,0.5,,1.0,,0.0,,0.0,0.9959411466260781
mlp,1,1,2,0.01,by earliest stop,188,56,132,1.0154608192215822,0.0,0.0,1.0,0.5,,1.0,,0.0,,0.0,0.6732623033992897
mlp,1,1,2,0.01,fixed horizon 50,188,56,132,1.0000697297824406,0.0,0.0,1.0,0.5,,1.0,,0.0,,0.0,0.5098934550989346
mlp,1,1,2,0.01,fixed horizon 100,188,56,132,1.0000697297824406,0.0,0.0,1.0,0.5,,1.0,,0.0,,0.0,0.5905631659056316
mlp,1,1,2,0.01,fixed horizon 148,188,56,132,1.0003920817567018,0.0,0.0,1.0,0.5,,1.0,,0.0,,0.0,0.6133942161339422
mlp,1,1,2,0.025,by final end,188,56,132,1.012050801094335,0.0,0.0,1.0,0.5,,1.0,,0.0,,0.0,0.9959411466260781
mlp,1,1,2,0.025,by earliest stop,188,56,132,1.012050801094335,0.0,0.0,1.0,0.5,,1.0,,0.0,,0.0,0.6732623033992897
mlp,1,1,2,0.025,fixed horizon 50,188,56,132,1.000048152312634,0.0,0.0,1.0,0.5,,1.0,,0.0,,0.0,0.5098934550989346
mlp,1,1,2,0.025,fixed horizon 100,188,56,132,1.000048152312634,0.0,0.0,1.0,0.5,,1.0,,0.0,,0.0,0.5905631659056316
mlp,1,1,2,0.025,fixed horizon 148,188,56,132,1.0002231488511546,0.0,0.0,1.0,0.5,,1.0,,0.0,,0.0,0.6133942161339422
mlp,1,1,2,0.05,by final end,188,56,132,1.1206586918397168,0.0,0.2222222222222222,1.0,0.6111111111111112,0.8939102564102562,0.9764245014245014,0.10608974358974377,0.023575498575498566,,0.06,0.9959411466260781
mlp,1,1,2,0.05,by earliest stop,188,56,132,1.1206586918397168,0.0,0.0,1.0,0.5,,1.0,,0.0,,0.0,0.6732623033992897
mlp,1,1,2,0.05,fixed horizon 50,188,56,132,1.0000074495179232,0.0,0.0,1.0,0.5,,1.0,,0.0,,0.0,0.5098934550989346
mlp,1,1,2,0.05,fixed horizon 100,188,56,132,1.0064401653013113,0.0,0.0,1.0,0.5,,1.0,,0.0,,0.0,0.5905631659056316
mlp,1,1,2,0.05,fixed horizon 148,188,56,132,1.0064401653013113,0.0,0.0,1.0,0.5,,1.0,,0.0,,0.0,0.6133942161339422
mlp,1,1,2,0.075,by final end,188,56,132,1.018100240094611,0.0,0.4074074074074074,1.0,0.7037037037037037,0.898951048951049,0.9588319088319088,0.10104895104895095,0.04116809116809117,,0.11,0.9959411466260781
mlp,1,1,2,0.075,by earliest stop,188,56,132,1.018100240094611,0.0,0.0,1.0,0.5,,1.0,,0.0,,0.0,0.6732623033992897
mlp,1,1,2,0.075,fixed horizon 50,188,56,132,1.0018800344326864,0.0,0.0,1.0,0.5,,1.0,,0.0,,0.0,0.5098934550989346
mlp,1,1,2,0.075,fixed horizon 100,188,56,132,1.0053063227671333,0.0,0.0,1.0,0.5,,1.0,,0.0,,0.0,0.5905631659056316
mlp,1,1,2,0.075,fixed horizon 148,188,56,132,1.0101666517387724,0.0,0.0,1.0,0.5,,1.0,,0.0,,0.0,0.6133942161339422
mlp,1,1,2,0.1,by final end,188,56,132,1.0207233640835074,0.0,0.6296296296296297,1.0,0.8148148148148149,0.8976244343891402,0.9355413105413106,0.10237556561085981,0.06445868945868938,,0.17,0.9959411466260781
mlp,1,1,2,0.1,by earliest stop,188,56,132,1.0207233640835074,0.0,0.0,1.0,0.5,,1.0,,0.0,,0.0,0.6732623033992897
mlp,1,1,2,0.1,fixed horizon 50,188,56,132,1.0007779507452272,0.0,0.0,1.0,0.5,,1.0,,0.0,,0.0,0.5098934550989346
mlp,1,1,2,0.1,fixed horizon 100,188,56,132,1.0052399469851094,0.0,0.0,1.0,0.5,,1.0,,0.0,,0.0,0.5905631659056316
mlp,1,1,2,0.1,fixed horizon 148,188,56,132,1.012376916313509,0.0,0.0,1.0,0.5,,1.0,,0.0,,0.0,0.6133942161339422
mlp,1,1,2,0.15,by final end,188,56,132,1.0090644737171106,0.0,0.8148148148148148,1.0,0.9074074074074074,0.8175699300699301,0.8513532763532764,0.18243006993006994,0.1486467236467236,,0.22,0.9959411466260781
mlp,1,1,2,0.15,by earliest stop,188,56,132,1.0090644737171106,0.0,0.0,1.0,0.5,,1.0,,0.0,,0.0,0.6732623033992897
mlp,1,1,2,0.15,fixed horizon 50,188,56,132,1.0044622606392635,0.0,0.0,1.0,0.5,,1.0,,0.0,,0.0,0.5098934550989346
mlp,1,1,2,0.15,fixed horizon 100,188,56,132,1.0169567106122201,0.0,0.0,1.0,0.5,,1.0,,0.0,,0.0,0.5905631659056316
mlp,1,1,2,0.15,fixed horizon 148,188,56,132,1.0161281495418235,0.0,0.0,1.0,0.5,,1.0,,0.0,,0.0,0.6133942161339422
mlp,1,1,2,0.2,by final end,188,56,132,1.0055622779515976,0.0,0.8148148148148148,1.0,0.9074074074074074,0.7883741258741259,0.8275641025641026,0.21162587412587408,0.17243589743589738,,0.22,0.9959411466260781
mlp,1,1,2,0.2,by earliest stop,188,56,132,1.0055622779515976,0.0,0.0,1.0,0.5,,1.0,,0.0,,0.0,0.6732623033992897
mlp,1,1,2,0.2,fixed horizon 50,188,56,132,1.0220304948797585,0.0,0.0,1.0,0.5,,1.0,,0.0,,0.0,0.5098934550989346
mlp,1,1,2,0.2,fixed horizon 100,188,56,132,1.0384113330157594,0.0,0.0,1.0,0.5,,1.0,,0.0,,0.0,0.5905631659056316
mlp,1,1,2,0.2,fixed horizon 148,188,56,132,1.00920671364214,0.0,0.0,1.0,0.5,,1.0,,0.0,,0.0,0.6133942161339422
mlp,1,1,2,0.3,by final end,188,56,132,0.9996617819954894,0.0136986301369863,0.8148148148148148,0.9863013698630136,0.9005580923389143,0.7314685314685314,0.7811965811965813,0.2685314685314686,0.2188034188034187,0.0,0.23,0.9959411466260781
mlp,1,1,2,0.3,by earliest stop,188,56,132,0.9996617819954894,0.0136986301369863,0.0,0.9863013698630136,0.4931506849315068,,1.0,,0.0,0.0,0.01,0.6732623033992897
mlp,1,1,2,0.3,fixed horizon 50,188,56,132,1.1324020868138351,0.0273972602739726,0.07407407407407407,0.9726027397260274,0.5233384069000507,0.61,0.971111111111111,0.39,0.028888888888888964,0.5,0.04,0.5098934550989346
mlp,1,1,2,0.3,fixed horizon 100,188,56,132,1.1324020868138351,0.0273972602739726,0.07407407407407407,0.9726027397260274,0.5233384069000507,0.305,0.9485185185185185,0.6950000000000001,0.05148148148148146,0.25,0.04,0.5905631659056316
mlp,1,1,2,0.3,fixed horizon 148,188,56,132,1.1324020868138351,0.0273972602739726,0.1111111111111111,0.9726027397260274,0.5418569254185692,0.39414414414414417,0.9326826826826826,0.6058558558558558,0.06731731731731738,0.16891891891891891,0.05,0.6133942161339422
mlp,1,1,3,0.01,by final end,188,56,132,1.0023388751289695,0.0,0.0,1.0,0.5,,1.0,,0.0,,0.0,0.9959411466260781
mlp,1,1,3,0.01,by earliest stop,188,56,132,1.0023388751289695,0.0,0.0,1.0,0.5,,1.0,,0.0,,0.0,0.6732623033992897
mlp,1,1,3,0.01,fixed horizon 50,188,56,132,0.99994728018558,0.0,0.0,1.0,0.5,,1.0,,0.0,,0.0,0.5098934550989346
mlp,1,1,3,0.01,fixed horizon 100,188,56,132,1.000077578684985,0.0,0.0,1.0,0.5,,1.0,,0.0,,0.0,0.5905631659056316
mlp,1,1,3,0.01,fixed horizon 148,188,56,132,1.0002515761326136,0.0,0.0,1.0,0.5,,1.0,,0.0,,0.0,0.6133942161339422
mlp,1,1,3,0.025,by final end,188,56,132,1.000636245102591,0.0,0.037037037037037035,1.0,0.5185185185185185,0.9980769230769231,0.999928774928775,0.0019230769230769162,7.122507122503396e-05,,0.01,0.9959411466260781
mlp,1,1,3,0.025,by earliest stop,188,56,132,1.000636245102591,0.0,0.0,1.0,0.5,,1.0,,0.0,,0.0,0.6732623033992897
mlp,1,1,3,0.025,fixed horizon 50,188,56,132,0.9998882298637203,0.0,0.0,1.0,0.5,,1.0,,0.0,,0.0,0.5098934550989346
mlp,1,1,3,0.025,fixed horizon 100,188,56,132,0.9999007317952593,0.0,0.0,1.0,0.5,,1.0,,0.0,,0.0,0.5905631659056316
mlp,1,1,3,0.025,fixed horizon 148,188,56,132,1.0001368630257685,0.0,0.0,1.0,0.5,,1.0,,0.0,,0.0,0.6133942161339422
mlp,1,1,3,0.05,by final end,188,56,132,1.000195987552917,0.0,0.037037037037037035,1.0,0.5185185185185185,0.9884615384615385,0.9995726495726496,0.011538461538461497,0.00042735042735042583,,0.01,0.9959411466260781
mlp,1,1,3,0.05,by earliest stop,188,56,132,1.000195987552917,0.0,0.0,1.0,0.5,,1.0,,0.0,,0.0,0.6732623033992897
mlp,1,1,3,0.05,fixed horizon 50,188,56,132,0.9991111869349465,0.0,0.0,1.0,0.5,,1.0,,0.0,,0.0,0.5098934550989346
mlp,1,1,3,0.05,fixed horizon 100,188,56,132,1.0000672395049544,0.0,0.0,1.0,0.5,,1.0,,0.0,,0.0,0.5905631659056316
mlp,1,1,3,0.05,fixed horizon 148,188,56,132,0.9999387537058765,0.0,0.0,1.0,0.5,,1.0,,0.0,,0.0,0.6133942161339422
mlp,1,1,3,0.075,by final end,188,56,132,0.9992423078647446,0.0,0.2222222222222222,1.0,0.6111111111111112,0.9375,0.9861111111111113,0.0625,0.013888888888888729,,0.06,0.9959411466260781
mlp,1,1,3,0.075,by earliest stop,188,56,132,0.9992423078647446,0.0,0.0,1.0,0.5,,1.0,,0.0,,0.0,0.6732623033992897
mlp,1,1,3,0.075,fixed horizon 50,188,56,132,0.9969277457070643,0.0,0.0,1.0,0.5,,1.0,,0.0,,0.0,0.5098934550989346
mlp,1,1,3,0.075,fixed horizon 100,188,56,132,1.0009521640483554,0.0,0.0,1.0,0.5,,1.0,,0.0,,0.0,0.5905631659056316
mlp,1,1,3,0.075,fixed horizon 148,188,56,132,1.0013140814198331,0.0,0.0,1.0,0.5,,1.0,,0.0,,0.0,0.6133942161339422
mlp,1,1,3,0.1,by final end,188,56,132,0.9969197944786768,0.0,0.2222222222222222,1.0,0.6111111111111112,0.9102564102564102,0.9800569800569799,0.08974358974358976,0.019943019943020057,,0.06,0.9959411466260781
mlp,1,1,3,0.1,by earliest stop,188,56,132,0.9969197944786768,0.0,0.0,1.0,0.5,,1.0,,0.0,,0.0,0.6732623033992897
mlp,1,1,3,0.1,fixed horizon 50,188,56,132,0.9946749241735253,0.0,0.0,1.0,0.5,,1.0,,0.0,,0.0,0.5098934550989346
mlp,1,1,3,0.1,fixed horizon 100,188,56,132,1.0006642559257246,0.0,0.0,1.0,0.5,,1.0,,0.0,,0.0,0.5905631659056316
mlp,1,1,3,0.1,fixed horizon 148,188,56,132,1.0006642559257246,0.0,0.0,1.0,0.5,,1.0,,0.0,,0.0,0.6133942161339422
mlp,1,1,3,0.15,by final end,188,56,132,0.9950303140221037,0.0,0.7407407407407407,1.0,0.8703703703703703,0.8162499999999999,0.8638888888888888,0.18375000000000008,0.13611111111111118,,0.2,0.9959411466260781
mlp,1,1,3,0.15,by earliest stop,188,56,132,0.9950303140221037,0.0,0.0,1.0,0.5,,1.0,,0.0,,0.0,0.6732623033992897
mlp,1,1,3,0.15,fixed horizon 50,188,56,132,0.9816195147889022,0.0,0.0,1.0,0.5,,1.0,,0.0,,0.0,0.5098934550989346
mlp,1,1,3,0.15,fixed horizon 100,188,56,132,0.9950216717424292,0.0,0.0,1.0,0.5,,1.0,,0.0,,0.0,0.5905631659056316
mlp,1,1,3,0.15,fixed horizon 148,188,56,132,0.995232149061744,0.0,0.0,1.0,0.5,,1.0,,0.0,,0.0,0.6133942161339422
mlp,1,1,3,0.2,by final end,188,56,132,0.984108152469839,0.0,0.8148148148148148,1.0,0.9074074074074074,0.8076923076923079,0.8433048433048433,0.19230769230769207,0.15669515669515666,,0.22,0.9959411466260781
mlp,1,1,3,0.2,by earliest stop,188,56,132,0.984108152469839,0.0,0.0,1.0,0.5,,1.0,,0.0,,0.0,0.6732623033992897
mlp,1,1,3,0.2,fixed horizon 50,188,56,132,0.9551268793326019,0.0,0.037037037037037035,1.0,0.5185185185185185,0.56,0.9837037037037037,0.43999999999999995,0.016296296296296253,,0.01,0.5098934550989346
mlp,1,1,3,0.2,fixed horizon 100,188,56,132,0.9841921610023385,0.0,0.0,1.0,0.5,,1.0,,0.0,,0.0,0.5905631659056316
mlp,1,1,3,0.2,fixed horizon 148,188,56,132,0.9904795277199726,0.0,0.0,1.0,0.5,,1.0,,0.0,,0.0,0.6133942161339422
mlp,1,1,3,0.3,by final end,188,56,132,0.917013691774245,0.0,0.8148148148148148,1.0,0.9074074074074074,0.6895104895104895,0.747008547008547,0.31048951048951046,0.252991452991453,,0.22,0.9959411466260781
mlp,1,1,3,0.3,by earliest stop,188,56,132,0.917013691774245,0.0,0.07407407407407407,1.0,0.537037037037037,0.5022935779816513,0.9631328576282705,0.4977064220183487,0.0368671423717295,,0.02,0.6732623033992897
mlp,1,1,3,0.3,fixed horizon 50,188,56,132,0.7924112148816759,0.0958904109589041,0.1111111111111111,0.9041095890410958,0.5076103500761034,0.44,0.9377777777777778,0.56,0.06222222222222218,0.39999999999999997,0.1,0.5098934550989346
mlp,1,1,3,0.3,fixed horizon 100,188,56,132,0.7730781212592834,0.0958904109589041,0.1111111111111111,0.9041095890410958,0.5076103500761034,0.21333333333333335,0.9125925925925926,0.7866666666666666,0.08740740740740738,0.1957142857142857,0.1,0.5905631659056316
mlp,1,1,3,0.3,fixed horizon 148,188,56,132,0.8186957140669249,0.0547945205479452,0.1111111111111111,0.9452054794520548,0.528158295281583,0.222972972972973,0.9136636636636637,0.777027027027027,0.0863363363363363,0.14358108108108109,0.07,0.6133942161339422
mlp,1,1,4,0.01,by final end,188,56,132,1.0131779096093583,0.0,0.0,1.0,0.5,,1.0,,0.0,,0.0,0.9959411466260781
mlp,1,1,4,0.01,by earliest stop,188,56,132,1.0131779096093583,0.0,0.0,1.0,0.5,,1.0,,0.0,,0.0,0.6732623033992897
mlp,1,1,4,0.01,fixed horizon 50,188,56,132,1.000060884885496,0.0,0.0,1.0,0.5,,1.0,,0.0,,0.0,0.5098934550989346
mlp,1,1,4,0.01,fixed horizon 100,188,56,132,1.001512549485626,0.0,0.0,1.0,0.5,,1.0,,0.0,,0.0,0.5905631659056316
mlp,1,1,4,0.01,fixed horizon 148,188,56,132,1.0062005711180622,0.0,0.0,1.0,0.5,,1.0,,0.0,,0.0,0.6133942161339422
mlp,1,1,4,0.025,by final end,188,56,132,1.0100650904897823,0.0,0.0,1.0,0.5,,1.0,,0.0,,0.0,0.9959411466260781
mlp,1,1,4,0.025,by earliest stop,188,56,132,1.0100650904897823,0.0,0.0,1.0,0.5,,1.0,,0.0,,0.0,0.6732623033992897
mlp,1,1,4,0.025,fixed horizon 50,188,56,132,1.0000343239653893,0.0,0.0,1.0,0.5,,1.0,,0.0,,0.0,0.5098934550989346
mlp,1,1,4,0.025,fixed horizon 100,188,56,132,1.0012617887195758,0.0,0.0,1.0,0.5,,1.0,,0.0,,0.0,0.5905631659056316
mlp,1,1,4,0.025,fixed horizon 148,188,56,132,1.006013168204379,0.0,0.0,1.0,0.5,,1.0,,0.0,,0.0,0.6133942161339422
mlp,1,1,4,0.05,by final end,188,56,132,1.0119257403146507,0.0,0.2222222222222222,1.0,0.6111111111111112,0.8814102564102564,0.9736467236467237,0.11858974358974361,0.026353276353276334,,0.06,0.9959411466260781
mlp,1,1,4,0.05,by earliest stop,188,56,132,1.0119257403146507,0.0,0.0,1.0,0.5,,1.0,,0.0,,0.0,0.6732623033992897
mlp,1,1,4,0.05,fixed horizon 50,188,56,132,1.0041473085329593,0.0,0.0,1.0,0.5,,1.0,,0.0,,0.0,0.5098934550989346
mlp,1,1,4,0.05,fixed horizon 100,188,56,132,1.0079752356067853,0.0,0.0,1.0,0.5,,1.0,,0.0,,0.0,0.5905631659056316
mlp,1,1,4,0.05,fixed horizon 148,188,56,132,1.0057976301947618,0.0,0.0,1.0,0.5,,1.0,,0.0,,0.0,0.6133942161339422
mlp,1,1,4,0.075,by final end,188,56,132,1.059240212784508,0.0,0.4074074074074074,1.0,0.7037037037037037,0.8963286713286713,0.9577635327635329,0.10367132867132867,0.04223646723646712,,0.11,0.9959411466260781
mlp,1,1,4,0.075,by earliest stop,188,56,132,1.059240212784508,0.0,0.0,1.0,0.5,,1.0,,0.0,,0.0,0.6732623033992897
mlp,1,1,4,0.075,fixed horizon 50,188,56,132,1.0069952839572063,0.0,0.0,1.0,0.5,,1.0,,0.0,,0.0,0.5098934550989346
mlp,1,1,4,0.075,fixed horizon 100,188,56,132,1.0132933441524616,0.0,0.0,1.0,0.5,,1.0,,0.0,,0.0,0.5905631659056316
mlp,1,1,4,0.075,fixed horizon 148,188,56,132,1.0154934841585912,0.0,0.0,1.0,0.5,,1.0,,0.0,,0.0,0.6133942161339422
mlp,1,1,4,0.1,by final end,188,56,132,1.0207502030332913,0.0,0.6296296296296297,1.0,0.8148148148148149,0.8977375565610859,0.9356125356125357,0.10226244343891411,0.06438746438746434,,0.17,0.9959411466260781
mlp,1,1,4,0.1,by earliest stop,188,56,132,1.0207502030332913,0.0,0.0,1.0,0.5,,1.0,,0.0,,0.0,0.6732623033992897
mlp,1,1,4,0.1,fixed horizon 50,188,56,132,1.0057089726732045,0.0,0.0,1.0,0.5,,1.0,,0.0,,0.0,0.5098934550989346
mlp,1,1,4,0.1,fixed horizon 100,188,56,132,1.0137584808436513,0.0,0.0,1.0,0.5,,1.0,,0.0,,0.0,0.5905631659056316
mlp,1,1,4,0.1,fixed horizon 148,188,56,132,1.01455192216197,0.0,0.0,1.0,0.5,,1.0,,0.0,,0.0,0.6133942161339422
mlp,1,1,4,0.15,by final end,188,56,132,1.127669241890873,0.0,0.8148148148148148,1.0,0.9074074074074074,0.8099650349650349,0.8451566951566952,0.1900349650349651,0.15484330484330477,,0.22,0.9959411466260781
mlp,1,1,4,0.15,by earliest stop,188,56,132,1.127669241890873,0.0,0.0,1.0,0.5,,1.0,,0.0,,0.0,0.6732623033992897
mlp,1,1,4,0.15,fixed horizon 50,188,56,132,1.0137598177782796,0.0,0.0,1.0,0.5,,1.0,,0.0,,0.0,0.5098934550989346
mlp,1,1,4,0.15,fixed horizon 100,188,56,132,1.013743608207696,0.0,0.0,1.0,0.5,,1.0,,0.0,,0.0,0.5905631659056316
mlp,1,1,4,0.15,fixed horizon 148,188,56,132,1.0173552393399679,0.0,0.0,1.0,0.5,,1.0,,0.0,,0.0,0.6133942161339422
mlp,1,1,4,0.2,by final end,188,56,132,1.0160369709965946,0.0,0.8148148148148148,1.0,0.9074074074074074,0.755506993006993,0.8007834757834758,0.24449300699300702,0.19921652421652425,,0.22,0.9959411466260781
mlp,1,1,4,0.2,by earliest stop,188,56,132,1.0160369709965946,0.0,0.0,1.0,0.5,,1.0,,0.0,,0.0,0.6732623033992897
mlp,1,1,4,0.2,fixed horizon 50,188,56,132,1.018901809863143,0.0,0.0,1.0,0.5,,1.0,,0.0,,0.0,0.5098934550989346
mlp,1,1,4,0.2,fixed horizon 100,188,56,132,1.010042983434149,0.0,0.0,1.0,0.5,,1.0,,0.0,,0.0,0.5905631659056316
mlp,1,1,4,0.2,fixed horizon 148,188,56,132,1.0157863050862106,0.0,0.0,1.0,0.5,,1.0,,0.0,,0.0,0.6133942161339422
mlp,1,1,4,0.3,by final end,188,56,132,1.0073823708117724,0.0,0.8888888888888888,1.0,0.9444444444444444,0.7229166666666668,0.7537037037037037,0.27708333333333324,0.24629629629629635,,0.24,0.9959411466260781
mlp,1,1,4,0.3,by earliest stop,188,56,132,1.0073823708117724,0.0,0.0,1.0,0.5,,1.0,,0.0,,0.0,0.6732623033992897
mlp,1,1,4,0.3,fixed horizon 50,188,56,132,1.00767990111186,0.0958904109589041,0.1111111111111111,0.9041095890410958,0.5076103500761034,0.5066666666666667,0.9451851851851851,0.4933333333333333,0.05481481481481487,0.4428571428571428,0.1,0.5098934550989346
mlp,1,1,4,0.3,fixed horizon 100,188,56,132,1.00767990111186,0.0958904109589041,0.1111111111111111,0.9041095890410958,0.5076103500761034,0.25333333333333335,0.917037037037037,0.7466666666666666,0.08296296296296302,0.2214285714285714,0.1,0.5905631659056316
mlp,1,1,4,0.3,fixed horizon 148,188,56,132,0.99925402476144,0.0273972602739726,0.07407407407407407,0.9726027397260274,0.5233384069000507,0.44932432432432434,0.9592092092092093,0.5506756756756757,0.04079079079079073,0.125,0.04,0.6133942161339422
mlp,1,1,5,0.01,by final end,188,56,132,1.008007814048196,0.0,0.037037037037037035,1.0,0.5185185185185185,0.9884615384615385,0.9995726495726496,0.011538461538461497,0.00042735042735042583,,0.01,0.9959411466260781
mlp,1,1,5,0.01,by earliest stop,188,56,132,1.008007814048196,0.0,0.0,1.0,0.5,,1.0,,0.0,,0.0,0.6732623033992897
mlp,1,1,5,0.01,fixed horizon 50,188,56,132,1.0000276257010083,0.0,0.0,1.0,0.5,,1.0,,0.0,,0.0,0.5098934550989346
mlp,1,1,5,0.01,fixed horizon 100,188,56,132,1.000098020036916,0.0,0.0,1.0,0.5,,1.0,,0.0,,0.0,0.5905631659056316
mlp,1,1,5,0.01,fixed horizon 148,188,56,132,1.000098020036916,0.0,0.0,1.0,0.5,,1.0,,0.0,,0.0,0.6133942161339422
mlp,1,1,5,0.025,by final end,188,56,132,1.0043594614022109,0.0,0.037037037037037035,1.0,0.5185185185185185,0.9865384615384616,0.9995014245014245,0.013461538461538414,0.0004985754985754598,,0.01,0.9959411466260781
mlp,1,1,5,0.025,by earliest stop,188,56,132,1.0043594614022109,0.0,0.0,1.0,0.5,,1.0,,0.0,,0.0,0.6732623033992897
mlp,1,1,5,0.025,fixed horizon 50,188,56,132,0.999994750141711,0.0,0.0,1.0,0.5,,1.0,,0.0,,0.0,0.5098934550989346
mlp,1,1,5,0.025,fixed horizon 100,188,56,132,1.000011844095142,0.0,0.0,1.0,0.5,,1.0,,0.0,,0.0,0.5905631659056316
mlp,1,1,5,0.025,fixed horizon 148,188,56,132,1.0000190390038903,0.0,0.0,1.0,0.5,,1.0,,0.0,,0.0,0.6133942161339422
mlp,1,1,5,0.05,by final end,188,56,132,1.0054365780019454,0.0,0.2222222222222222,1.0,0.6111111111111112,0.9413461538461538,0.9869658119658119,0.05865384615384617,0.013034188034188099,,0.06,0.9959411466260781
mlp,1,1,5,0.05,by earliest stop,188,56,132,1.0054365780019454,0.0,0.0,1.0,0.5,,1.0,,0.0,,0.0,0.6732623033992897
mlp,1,1,5,0.05,fixed horizon 50,188,56,132,0.9999784609267065,0.0,0.0,1.0,0.5,,1.0,,0.0,,0.0,0.5098934550989346
mlp,1,1,5,0.05,fixed horizon 100,188,56,132,0.9999807239780615,0.0,0.0,1.0,0.5,,1.0,,0.0,,0.0,0.5905631659056316
mlp,1,1,5,0.05,fixed horizon 148,188,56,132,1.0000061775012947,0.0,0.0,1.0,0.5,,1.0,,0.0,,0.0,0.6133942161339422
mlp,1,1,5,0.075,by final end,188,56,132,1.0037290437961355,0.0,0.2222222222222222,1.0,0.6111111111111112,0.8855769230769232,0.9745726495726496,0.11442307692307685,0.025427350427350448,,0.06,0.9959411466260781
mlp,1,1,5,0.075,by earliest stop,188,56,132,1.0037290437961355,0.0,0.0,1.0,0.5,,1.0,,0.0,,0.0,0.6732623033992897
mlp,1,1,5,0.075,fixed horizon 50,188,56,132,0.9999531305166384,0.0,0.0,1.0,0.5,,1.0,,0.0,,0.0,0.5098934550989346
mlp,1,1,5,0.075,fixed horizon 100,188,56,132,0.999982413087943,0.0,0.0,1.0,0.5,,1.0,,0.0,,0.0,0.5905631659056316
mlp,1,1,5,0.075,fixed horizon 148,188,56,132,0.999982413087943,0.0,0.0,1.0,0.5,,1.0,,0.0,,0.0,0.6133942161339422
mlp,1,1,5,0.1,by final end,188,56,132,1.0033839949063577,0.0,0.2222222222222222,1.0,0.6111111111111112,0.8743589743589744,0.9720797720797721,0.12564102564102564,0.027920227920227858,,0.06,0.9959411466260781
mlp,1,1,5,0.1,by earliest stop,188,56,132,1.0033839949063577,0.0,0.0,1.0,0.5,,1.0,,0.0,,0.0,0.6732623033992897
mlp,1,1,5,0.1,fixed horizon 50,188,56,132,0.999988262603551,0.0,0.0,1.0,0.5,,1.0,,0.0,,0.0,0.5098934550989346
mlp,1,1,5,0.1,fixed horizon 100,188,56,132,0.9999809507435655,0.0,0.0,1.0,0.5,,1.0,,0.0,,0.0,0.5905631659056316
mlp,1,1,5,0.1,fixed horizon 148,188,56,132,1.0001214561949763,0.0,0.0,1.0,0.5,,1.0,,0.0,,0.0,0.6133942161339422
mlp,1,1,5,0.15,by final end,188,56,132,1.0000686125866982,0.0,0.5185185185185185,1.0,0.7592592592592593,0.8938186813186813,0.9449430199430199,0.10618131868131875,0.05505698005698012,,0.14,0.9959411466260781
mlp,1,1,5,0.15,by earliest stop,188,56,132,1.0000686125866982,0.0,0.0,1.0,0.5,,1.0,,0.0,,0.0,0.6732623033992897
mlp,1,1,5,0.15,fixed horizon 50,188,56,132,0.9999782670660852,0.0,0.0,1.0,0.5,,1.0,,0.0,,0.0,0.5098934550989346
mlp,1,1,5,0.15,fixed horizon 100,188,56,132,1.0000016552294935,0.0,0.0,1.0,0.5,,1.0,,0.0,,0.0,0.5905631659056316
mlp,1,1,5,0.15,fixed horizon 148,188,56,132,1.0135436651376377,0.0,0.0,1.0,0.5,,1.0,,0.0,,0.0,0.6133942161339422
mlp,1,1,5,0.2,by final end,188,56,132,1.0011371164085772,0.0,0.7407407407407407,1.0,0.8703703703703703,0.8452884615384615,0.8853988603988603,0.1547115384615385,0.11460113960113971,,0.2,0.9959411466260781
mlp,1,1,5,0.2,by earliest stop,188,56,132,1.0011371164085772,0.0,0.0,1.0,0.5,,1.0,,0.0,,0.0,0.6732623033992897
mlp,1,1,5,0.2,fixed horizon 50,188,56,132,1.0000537499877797,0.0,0.0,1.0,0.5,,1.0,,0.0,,0.0,0.5098934550989346
mlp,1,1,5,0.2,fixed horizon 100,188,56,132,1.0000595951007547,0.0,0.0,1.0,0.5,,1.0,,0.0,,0.0,0.5905631659056316
mlp,1,1,5,0.2,fixed horizon 148,188,56,132,1.0009981881803731,0.0,0.0,1.0,0.5,,1.0,,0.0,,0.0,0.6133942161339422
mlp,1,1,5,0.3,by final end,188,56,132,1.0000901411224452,0.0,0.8148148148148148,1.0,0.9074074074074074,0.7375,0.7861111111111112,0.26249999999999996,0.2138888888888888,,0.22,0.9959411466260781
mlp,1,1,5,0.3,by earliest stop,188,56,132,1.0000901411224452,0.0,0.037037037037037035,1.0,0.5185185185185185,0.14678899082568808,0.9683995922528033,0.8532110091743119,0.031600407747196746,,0.01,0.6732623033992897
mlp,1,1,5,0.3,fixed horizon 50,188,56,132,1.0004021467608384,0.0410958904109589,0.07407407407407407,0.958904109589041,0.5164890918315576,0.56,0.9674074074074075,0.43999999999999995,0.032592592592592506,0.5800000000000001,0.05,0.5098934550989346
mlp,1,1,5,0.3,fixed horizon 100,188,56,132,0.9997646038437654,0.0,0.07407407407407407,1.0,0.537037037037037,0.575,0.9685185185185184,0.42500000000000004,0.031481481481481555,,0.02,0.5905631659056316
mlp,1,1,5,0.3,fixed horizon 148,188,56,132,0.9997646038437654,0.0,0.07407407407407407,1.0,0.537037037037037,0.38851351351351354,0.9547047047047046,0.6114864864864864,0.04529529529529541,,0.02,0.6133942161339422
mlp,1,1,6,0.01,by final end,188,56,132,1.004392004134702,0.0,0.0,1.0,0.5,,1.0,,0.0,,0.0,0.9959411466260781
mlp,1,1,6,0.01,by earliest stop,188,56,132,1.004392004134702,0.0,0.0,1.0,0.5,,1.0,,0.0,,0.0,0.6732623033992897
mlp,1,1,6,0.01,fixed horizon 50,188,56,132,1.0000461190890146,0.0,0.0,1.0,0.5,,1.0,,0.0,,0.0,0.5098934550989346
mlp,1,1,6,0.01,fixed horizon 100,188,56,132,1.0003085485489351,0.0,0.0,1.0,0.5,,1.0,,0.0,,0.0,0.5905631659056316
mlp,1,1,6,0.01,fixed horizon 148,188,56,132,1.0018100099434673,0.0,0.0,1.0,0.5,,1.0,,0.0,,0.0,0.6133942161339422
mlp,1,1,6,0.025,by final end,188,56,132,1.0026479395267074,0.0,0.0,1.0,0.5,,1.0,,0.0,,0.0,0.9959411466260781
mlp,1,1,6,0.025,by earliest stop,188,56,132,1.0026479395267074,0.0,0.0,1.0,0.5,,1.0,,0.0,,0.0,0.6732623033992897
mlp,1,1,6,0.025,fixed horizon 50,188,56,132,1.0000410134412396,0.0,0.0,1.0,0.5,,1.0,,0.0,,0.0,0.5098934550989346
mlp,1,1,6,0.025,fixed horizon 100,188,56,132,1.0001037355862128,0.0,0.0,1.0,0.5,,1.0,,0.0,,0.0,0.5905631659056316
mlp,1,1,6,0.025,fixed horizon 148,188,56,132,1.0017528373255338,0.0,0.0,1.0,0.5,,1.0,,0.0,,0.0,0.6133942161339422
mlp,1,1,6,0.05,by final end,188,56,132,1.000239076130059,0.0,0.037037037037037035,1.0,0.5185185185185185,0.9884615384615385,0.9995726495726496,0.011538461538461497,0.00042735042735042583,,0.01,0.9959411466260781
mlp,1,1,6,0.05,by earliest stop,188,56,132,1.000239076130059,0.0,0.0,1.0,0.5,,1.0,,0.0,,0.0,0.6732623033992897
mlp,1,1,6,0.05,fixed horizon 50,188,56,132,0.9999946566494964,0.0,0.0,1.0,0.5,,1.0,,0.0,,0.0,0.5098934550989346
mlp,1,1,6,0.05,fixed horizon 100,188,56,132,1.0000442837542844,0.0,0.0,1.0,0.5,,1.0,,0.0,,0.0,0.5905631659056316
mlp,1,1,6,0.05,fixed horizon 148,188,56,132,1.0003827603760311,0.0,0.0,1.0,0.5,,1.0,,0.0,,0.0,0.6133942161339422
mlp,1,1,6,0.075,by final end,188,56,132,1.0000472407370484,0.0,0.2222222222222222,1.0,0.6111111111111112,0.8756410256410257,0.9723646723646724,0.12435897435897425,0.02763532763532761,,0.06,0.9959411466260781
mlp,1,1,6,0.075,by earliest stop,188,56,132,1.0000472407370484,0.0,0.0,1.0,0.5,,1.0,,0.0,,0.0,0.6732623033992897
mlp,1,1,6,0.075,fixed horizon 50,188,56,132,1.000196728545781,0.0,0.0,1.0,0.5,,1.0,,0.0,,0.0,0.5098934550989346
mlp,1,1,6,0.075,fixed horizon 100,188,56,132,1.0000391468090046,0.0,0.0,1.0,0.5,,1.0,,0.0,,0.0,0.5905631659056316
mlp,1,1,6,0.075,fixed horizon 148,188,56,132,1.0002325156079834,0.0,0.0,1.0,0.5,,1.0,,0.0,,0.0,0.6133942161339422
mlp,1,1,6,0.1,by final end,188,56,132,1.0078240307315618,0.0,0.48148148148148145,1.0,0.7407407407407407,0.8914201183431953,0.9477207977207978,0.10857988165680466,0.05227920227920224,,0.13,0.9959411466260781
mlp,1,1,6,0.1,by earliest stop,188,56,132,1.0078240307315618,0.0,0.0,1.0,0.5,,1.0,,0.0,,0.0,0.6732623033992897
mlp,1,1,6,0.1,fixed horizon 50,188,56,132,1.0004295770199265,0.0,0.0,1.0,0.5,,1.0,,0.0,,0.0,0.5098934550989346
mlp,1,1,6,0.1,fixed horizon 100,188,56,132,1.0000341455986148,0.0,0.0,1.0,0.5,,1.0,,0.0,,0.0,0.5905631659056316
mlp,1,1,6,0.1,fixed horizon 148,188,56,132,1.0000295994412112,0.0,0.0,1.0,0.5,,1.0,,0.0,,0.0,0.6133942161339422
mlp,1,1,6,0.15,by final end,188,56,132,0.9999310579546189,0.0,0.8148148148148148,1.0,0.9074074074074074,0.8218531468531467,0.8548433048433047,0.1781468531468533,0.14515669515669527,,0.22,0.9959411466260781
mlp,1,1,6,0.15,by earliest stop,188,56,132,0.9999310579546189,0.0,0.0,1.0,0.5,,1.0,,0.0,,0.0,0.6732623033992897
mlp,1,1,6,0.15,fixed horizon 50,188,56,132,1.0017561887015631,0.0,0.0,1.0,0.5,,1.0,,0.0,,0.0,0.5098934550989346
mlp,1,1,6,0.15,fixed horizon 100,188,56,132,0.9998829540947596,0.0,0.0,1.0,0.5,,1.0,,0.0,,0.0,0.5905631659056316
mlp,1,1,6,0.15,fixed horizon 148,188,56,132,0.9998489237727027,0.0,0.0,1.0,0.5,,1.0,,0.0,,0.0,0.6133942161339422
mlp,1,1,6,0.2,by final end,188,56,132,1.0004398005690744,0.0,0.8148148148148148,1.0,0.9074074074074074,0.8106643356643356,0.8457264957264956,0.1893356643356644,0.1542735042735044,,0.22,0.9959411466260781
mlp,1,1,6,0.2,by earliest stop,188,56,132,1.0004398005690744,0.0,0.0,1.0,0.5,,1.0,,0.0,,0.0,0.6732623033992897
mlp,1,1,6,0.2,fixed horizon 50,188,56,132,1.0006131114604564,0.0,0.0,1.0,0.5,,1.0,,0.0,,0.0,0.5098934550989346
mlp,1,1,6,0.2,fixed horizon 100,188,56,132,0.9991790956351441,0.0,0.0,1.0,0.5,,1.0,,0.0,,0.0,0.5905631659056316
mlp,1,1,6,0.2,fixed horizon 148,188,56,132,0.9996315200461826,0.0,0.0,1.0,0.5,,1.0,,0.0,,0.0,0.6133942161339422
mlp,1,1,6,0.3,by final end,188,56,132,0.9919057206979925,0.0,0.8148148148148148,1.0,0.9074074074074074,0.7194055944055944,0.7713675213675214,0.2805944055944056,0.2286324786324786,,0.22,0.9959411466260781
mlp,1,1,6,0.3,by earliest stop,188,56,132,0.9919057206979925,0.0,0.037037037037037035,1.0,0.5185185185185185,0.12385321100917432,0.9675501189262656,0.8761467889908257,0.032449881073734366,,0.01,0.6732623033992897
mlp,1,1,6,0.3,fixed horizon 50,188,56,132,0.9811583082082863,0.0136986301369863,0.037037037037037035,0.9863013698630136,0.5116692034500253,0.34,0.9755555555555555,0.6599999999999999,0.02444444444444449,0.56,0.02,0.5098934550989346
mlp,1,1,6,0.3,fixed horizon 100,188,56,132,0.9843236295067123,0.0,0.07407407407407407,1.0,0.537037037037037,0.535,0.9655555555555556,0.46499999999999997,0.03444444444444439,,0.02,0.5905631659056316
mlp,1,1,6,0.3,fixed horizon 148,188,56,132,0.9937439505011452,0.0,0.07407407407407407,1.0,0.537037037037037,0.3885135135135135,0.9547047047047047,0.6114864864864865,0.0452952952952953,,0.02,0.6133942161339422
mlp,1,1,7,0.01,by final end,188,56,132,1.0577513115962287,0.0,0.037037037037037035,1.0,0.5185185185185185,0.9884615384615385,0.9995726495726496,0.011538461538461497,0.00042735042735042583,,0.01,0.9959411466260781
mlp,1,1,7,0.01,by earliest stop,188,56,132,1.0577513115962287,0.0,0.0,1.0,0.5,,1.0,,0.0,,0.0,0.6732623033992897
mlp,1,1,7,0.01,fixed horizon 50,188,56,132,0.8714633106382694,0.0,0.0,1.0,0.5,,1.0,,0.0,,0.0,0.5098934550989346
mlp,1,1,7,0.01,fixed horizon 100,188,56,132,0.8714633106382694,0.0,0.0,1.0,0.5,,1.0,,0.0,,0.0,0.5905631659056316
mlp,1,1,7,0.01,fixed horizon 148,188,56,132,0.8714633106382694,0.0,0.0,1.0,0.5,,1.0,,0.0,,0.0,0.6133942161339422
mlp,1,1,7,0.025,by final end,188,56,132,1.0119001705350517,0.0,0.037037037037037035,1.0,0.5185185185185185,0.9596153846153846,0.9985042735042734,0.04038461538461535,0.0014957264957266014,,0.01,0.9959411466260781
mlp,1,1,7,0.025,by earliest stop,188,56,132,1.0119001705350517,0.0,0.0,1.0,0.5,,1.0,,0.0,,0.0,0.6732623033992897
mlp,1,1,7,0.025,fixed horizon 50,188,56,132,0.8712956457707728,0.0,0.0,1.0,0.5,,1.0,,0.0,,0.0,0.5098934550989346
mlp,1,1,7,0.025,fixed horizon 100,188,56,132,0.8712956457707728,0.0,0.0,1.0,0.5,,1.0,,0.0,,0.0,0.5905631659056316
mlp,1,1,7,0.025,fixed horizon 148,188,56,132,0.8712956457707728,0.0,0.0,1.0,0.5,,1.0,,0.0,,0.0,0.6133942161339422
mlp,1,1,7,0.05,by final end,188,56,132,0.987483458747706,0.0,0.2222222222222222,1.0,0.6111111111111112,0.9060897435897436,0.9791310541310543,0.09391025641025641,0.02086894586894572,,0.06,0.9959411466260781
mlp,1,1,7,0.05,by earliest stop,188,56,132,0.987483458747706,0.0,0.0,1.0,0.5,,1.0,,0.0,,0.0,0.6732623033992897
mlp,1,1,7,0.05,fixed horizon 50,188,56,132,0.8700343225123591,0.0,0.0,1.0,0.5,,1.0,,0.0,,0.0,0.5098934550989346
mlp,1,1,7,0.05,fixed horizon 100,188,56,132,0.8696376838027913,0.0,0.0,1.0,0.5,,1.0,,0.0,,0.0,0.5905631659056316
mlp,1,1,7,0.05,fixed horizon 148,188,56,132,0.8696376838027913,0.0,0.0,1.0,0.5,,1.0,,0.0,,0.0,0.6133942161339422
mlp,1,1,7,0.075,by final end,188,56,132,0.9740601326077869,0.0,0.2222222222222222,1.0,0.6111111111111112,0.8637820512820514,0.9697293447293447,0.13621794871794857,0.03027065527065531,,0.06,0.9959411466260781
mlp,1,1,7,0.075,by earliest stop,188,56,132,0.9740601326077869,0.0,0.0,1.0,0.5,,1.0,,0.0,,0.0,0.6732623033992897
mlp,1,1,7,0.075,fixed horizon 50,188,56,132,0.8684121497822068,0.0,0.0,1.0,0.5,,1.0,,0.0,,0.0,0.5098934550989346
mlp,1,1,7,0.075,fixed horizon 100,188,56,132,0.8680162506026572,0.0,0.0,1.0,0.5,,1.0,,0.0,,0.0,0.5905631659056316
mlp,1,1,7,0.075,fixed horizon 148,188,56,132,0.8680162506026572,0.0,0.0,1.0,0.5,,1.0,,0.0,,0.0,0.6133942161339422
mlp,1,1,7,0.1,by final end,188,56,132,0.9326327721962854,0.0,0.37037037037037035,1.0,0.6851851851851851,0.8799999999999999,0.9555555555555556,0.1200000000000001,0.0444444444444444,,0.1,0.9959411466260781
mlp,1,1,7,0.1,by earliest stop,188,56,132,0.9326327721962854,0.0,0.0,1.0,0.5,,1.0,,0.0,,0.0,0.6732623033992897
mlp,1,1,7,0.1,fixed horizon 50,188,56,132,0.8635214393021385,0.0,0.0,1.0,0.5,,1.0,,0.0,,0.0,0.5098934550989346
mlp,1,1,7,0.1,fixed horizon 100,188,56,132,0.8635214393021385,0.0,0.0,1.0,0.5,,1.0,,0.0,,0.0,0.5905631659056316
mlp,1,1,7,0.1,fixed horizon 148,188,56,132,0.8631277697416322,0.0,0.0,1.0,0.5,,1.0,,0.0,,0.0,0.6133942161339422
mlp,1,1,7,0.15,by final end,188,56,132,0.8711239562080441,0.0,0.7777777777777778,1.0,0.8888888888888888,0.8223443223443224,0.8618233618233618,0.17765567765567758,0.13817663817663817,,0.21,0.9959411466260781
mlp,1,1,7,0.15,by earliest stop,188,56,132,0.8711239562080441,0.0,0.0,1.0,0.5,,1.0,,0.0,,0.0,0.6732623033992897
mlp,1,1,7,0.15,fixed horizon 50,188,56,132,0.8516306367154955,0.0,0.037037037037037035,1.0,0.5185185185185185,0.78,0.9918518518518519,0.21999999999999997,0.008148148148148127,,0.01,0.5098934550989346
mlp,1,1,7,0.15,fixed horizon 100,188,56,132,0.8486874737111153,0.0,0.037037037037037035,1.0,0.5185185185185185,0.39,0.9774074074074074,0.61,0.02259259259259261,,0.01,0.5905631659056316
mlp,1,1,7,0.15,fixed horizon 148,188,56,132,0.8532036654405389,0.0,0.0,1.0,0.5,,1.0,,0.0,,0.0,0.6133942161339422
mlp,1,1,7,0.2,by final end,188,56,132,0.825644447284218,0.0,0.8148148148148148,1.0,0.9074074074074074,0.7634615384615384,0.8072649572649573,0.2365384615384616,0.19273504273504272,,0.22,0.9959411466260781
mlp,1,1,7,0.2,by earliest stop,188,56,132,0.825644447284218,0.0,0.037037037037037035,1.0,0.5185185185185185,0.13761467889908258,0.9680598029221883,0.8623853211009174,0.031940197077811705,,0.01,0.6732623033992897
mlp,1,1,7,0.2,fixed horizon 50,188,56,132,0.820480039810927,0.0,0.037037037037037035,1.0,0.5185185185185185,0.5,0.9814814814814815,0.5,0.01851851851851849,,0.01,0.5098934550989346
mlp,1,1,7,0.2,fixed horizon 100,188,56,132,0.8211323417872101,0.0,0.037037037037037035,1.0,0.5185185185185185,0.29,0.9737037037037036,0.71,0.026296296296296373,,0.01,0.5905631659056316
mlp,1,1,7,0.2,fixed horizon 148,188,56,132,0.825644447284218,0.0,0.037037037037037035,1.0,0.5185185185185185,0.20270270270270271,0.9704704704704704,0.7972972972972973,0.029529529529529586,,0.01,0.6133942161339422
mlp,1,1,7,0.3,by final end,188,56,132,0.6615319629477445,0.0821917808219178,0.8888888888888888,0.9178082191780822,0.9033485540334856,0.6568108974358974,0.6949430199430199,0.3431891025641026,0.3050569800569801,0.037820512820512825,0.3,0.9959411466260781
mlp,1,1,7,0.3,by earliest stop,188,56,132,0.6615319629477445,0.0821917808219178,0.1111111111111111,0.9178082191780822,0.5144596651445966,0.10091743119266056,0.9001019367991845,0.8990825688073394,0.09989806320081551,0.09021406727828747,0.09,0.6732623033992897
mlp,1,1,7,0.3,fixed horizon 50,188,56,132,0.7941408226405041,0.0958904109589041,0.1111111111111111,0.9041095890410958,0.5076103500761034,0.45333333333333337,0.9392592592592592,0.5466666666666666,0.06074074074074076,0.3171428571428571,0.1,0.5098934550989346
mlp,1,1,7,0.3,fixed horizon 100,188,56,132,0.7979303924165136,0.0684931506849315,0.1111111111111111,0.9315068493150684,0.5213089802130898,0.2366666666666667,0.9151851851851852,0.7633333333333333,0.08481481481481479,0.14,0.08,0.5905631659056316
mlp,1,1,7,0.3,fixed horizon 148,188,56,132,0.622198792701202,0.1095890410958904,0.14814814814814814,0.8904109589041096,0.5192795535261289,0.33783783783783783,0.9019019019019019,0.6621621621621622,0.09809809809809811,0.19256756756756757,0.12,0.6133942161339422
mlp,1,1,8,0.01,by final end,188,56,132,1.0080210726999435,0.0,0.037037037037037035,1.0,0.5185185185185185,0.9884615384615385,0.9995726495726496,0.011538461538461497,0.00042735042735042583,,0.01,0.9959411466260781
mlp,1,1,8,0.01,by earliest stop,188,56,132,1.0080210726999435,0.0,0.0,1.0,0.5,,1.0,,0.0,,0.0,0.6732623033992897
mlp,1,1,8,0.01,fixed horizon 50,188,56,132,1.000112309676943,0.0,0.0,1.0,0.5,,1.0,,0.0,,0.0,0.5098934550989346
mlp,1,1,8,0.01,fixed horizon 100,188,56,132,1.000112309676943,0.0,0.0,1.0,0.5,,1.0,,0.0,,0.0,0.5905631659056316
mlp,1,1,8,0.01,fixed horizon 148,188,56,132,1.000112309676943,0.0,0.0,1.0,0.5,,1.0,,0.0,,0.0,0.6133942161339422
mlp,1,1,8,0.025,by final end,188,56,132,1.003538026917613,0.0,0.037037037037037035,1.0,0.5185185185185185,0.9865384615384616,0.9995014245014245,0.013461538461538414,0.0004985754985754598,,0.01,0.9959411466260781
mlp,1,1,8,0.025,by earliest stop,188,56,132,1.003538026917613,0.0,0.0,1.0,0.5,,1.0,,0.0,,0.0,0.6732623033992897
mlp,1,1,8,0.025,fixed horizon 50,188,56,132,1.0000309968924639,0.0,0.0,1.0,0.5,,1.0,,0.0,,0.0,0.5098934550989346
mlp,1,1,8,0.025,fixed horizon 100,188,56,132,1.0000558555036134,0.0,0.0,1.0,0.5,,1.0,,0.0,,0.0,0.5905631659056316
mlp,1,1,8,0.025,fixed horizon 148,188,56,132,1.0000644708318638,0.0,0.0,1.0,0.5,,1.0,,0.0,,0.0,0.6133942161339422
mlp,1,1,8,0.05,by final end,188,56,132,1.0001249307117792,0.0,0.2222222222222222,1.0,0.6111111111111112,0.9384615384615383,0.9863247863247864,0.06153846153846165,0.013675213675213627,,0.06,0.9959411466260781
mlp,1,1,8,0.05,by earliest stop,188,56,132,1.0001249307117792,0.0,0.0,1.0,0.5,,1.0,,0.0,,0.0,0.6732623033992897
mlp,1,1,8,0.05,fixed horizon 50,188,56,132,0.9997108702936726,0.0,0.0,1.0,0.5,,1.0,,0.0,,0.0,0.5098934550989346
mlp,1,1,8,0.05,fixed horizon 100,188,56,132,0.9998145581758845,0.0,0.0,1.0,0.5,,1.0,,0.0,,0.0,0.5905631659056316
mlp,1,1,8,0.05,fixed horizon 148,188,56,132,1.000030603072483,0.0,0.0,1.0,0.5,,1.0,,0.0,,0.0,0.6133942161339422
mlp,1,1,8,0.075,by final end,188,56,132,1.0007306718688727,0.0,0.2222222222222222,1.0,0.6111111111111112,0.8560897435897438,0.9680199430199431,0.14391025641025623,0.0319800569800569,,0.06,0.9959411466260781
mlp,1,1,8,0.075,by earliest stop,188,56,132,1.0007306718688727,0.0,0.0,1.0,0.5,,1.0,,0.0,,0.0,0.6732623033992897
mlp,1,1,8,0.075,fixed horizon 50,188,56,132,0.9993048593103218,0.0,0.0,1.0,0.5,,1.0,,0.0,,0.0,0.5098934550989346
mlp,1,1,8,0.075,fixed horizon 100,188,56,132,0.9994044613659848,0.0,0.0,1.0,0.5,,1.0,,0.0,,0.0,0.5905631659056316
mlp,1,1,8,0.075,fixed horizon 148,188,56,132,1.000005566949354,0.0,0.0,1.0,0.5,,1.0,,0.0,,0.0,0.6133942161339422
mlp,1,1,8,0.1,by final end,188,56,132,1.0001562601525542,0.0,0.2962962962962963,1.0,0.6481481481481481,0.8646634615384616,0.9599002849002849,0.13533653846153837,0.040099715099715105,,0.08,0.9959411466260781
mlp,1,1,8,0.1,by earliest stop,188,56,132,1.0001562601525542,0.0,0.0,1.0,0.5,,1.0,,0.0,,0.0,0.6732623033992897
mlp,1,1,8,0.1,fixed horizon 50,188,56,132,0.9983312918441206,0.0,0.0,1.0,0.5,,1.0,,0.0,,0.0,0.5098934550989346
mlp,1,1,8,0.1,fixed horizon 100,188,56,132,0.9990857833485021,0.0,0.0,1.0,0.5,,1.0,,0.0,,0.0,0.5905631659056316
mlp,1,1,8,0.1,fixed horizon 148,188,56,132,0.9992310478810715,0.0,0.0,1.0,0.5,,1.0,,0.0,,0.0,0.6133942161339422
mlp,1,1,8,0.15,by final end,188,56,132,0.9995496407501805,0.0,0.7407407407407407,1.0,0.8703703703703703,0.8442307692307691,0.8846153846153846,0.15576923076923088,0.11538461538461542,,0.2,0.9959411466260781
mlp,1,1,8,0.15,by earliest stop,188,56,132,0.9995496407501805,0.0,0.0,1.0,0.5,,1.0,,0.0,,0.0,0.6732623033992897
mlp,1,1,8,0.15,fixed horizon 50,188,56,132,0.9976544408292268,0.0,0.0,1.0,0.5,,1.0,,0.0,,0.0,0.5098934550989346
mlp,1,1,8,0.15,fixed horizon 100,188,56,132,0.9995281225453112,0.0,0.0,1.0,0.5,,1.0,,0.0,,0.0,0.5905631659056316
mlp,1,1,8,0.15,fixed horizon 148,188,56,132,0.9996551476653364,0.0,0.0,1.0,0.5,,1.0,,0.0,,0.0,0.6133942161339422
mlp,1,1,8,0.2,by final end,188,56,132,0.9984728904633201,0.0,0.8148148148148148,1.0,0.9074074074074074,0.8041958041958043,0.8404558404558403,0.19580419580419572,0.15954415954415968,,0.22,0.9959411466260781
mlp,1,1,8,0.2,by earliest stop,188,56,132,0.9984728904633201,0.0,0.0,1.0,0.5,,1.0,,0.0,,0.0,0.6732623033992897
mlp,1,1,8,0.2,fixed horizon 50,188,56,132,0.9904547553338341,0.0,0.037037037037037035,1.0,0.5185185185185185,0.5,0.9814814814814815,0.5,0.01851851851851849,,0.01,0.5098934550989346
mlp,1,1,8,0.2,fixed horizon 100,188,56,132,0.9989351379588299,0.0,0.0,1.0,0.5,,1.0,,0.0,,0.0,0.5905631659056316
mlp,1,1,8,0.2,fixed horizon 148,188,56,132,0.9992708477247529,0.0,0.0,1.0,0.5,,1.0,,0.0,,0.0,0.6133942161339422
mlp,1,1,8,0.3,by final end,188,56,132,0.9321967723504169,0.0273972602739726,0.8148148148148148,0.9726027397260274,0.8937087772704211,0.7147727272727272,0.7675925925925926,0.2852272727272728,0.2324074074074074,0.02980769230769231,0.24,0.9959411466260781
mlp,1,1,8,0.3,by earliest stop,188,56,132,0.9321967723504169,0.0273972602739726,0.037037037037037035,0.9726027397260274,0.5048198883815322,0.06880733944954129,0.9655113829425757,0.9311926605504587,0.03448861705742434,0.07110091743119266,0.03,0.6732623033992897
mlp,1,1,8,0.3,fixed horizon 50,188,56,132,0.8998711078527885,0.0821917808219178,0.1111111111111111,0.9178082191780822,0.5144596651445966,0.54,0.9488888888888889,0.45999999999999996,0.05111111111111111,0.4266666666666667,0.09,0.5098934550989346
mlp,1,1,8,0.3,fixed horizon 100,188,56,132,0.9118716209701011,0.0684931506849315,0.1111111111111111,0.9315068493150684,0.5213089802130898,0.43,0.9366666666666666,0.5700000000000001,0.06333333333333335,0.20600000000000002,0.08,0.5905631659056316
mlp,1,1,8,0.3,fixed horizon 148,188,56,132,0.8999021687022658,0.0410958904109589,0.07407407407407407,0.958904109589041,0.5164890918315576,0.36824324324324326,0.9532032032032031,0.6317567567567568,0.046796796796796936,0.1036036036036036,0.05,0.6133942161339422
mlp,1,1,9,0.01,by final end,188,56,132,1.0051997534100907,0.0,0.037037037037037035,1.0,0.5185185185185185,0.9923076923076923,0.9997150997150996,0.007692307692307665,0.0002849002849003579,,0.01,0.9959411466260781
mlp,1,1,9,0.01,by earliest stop,188,56,132,1.0051997534100907,0.0,0.0,1.0,0.5,,1.0,,0.0,,0.0,0.6732623033992897
mlp,1,1,9,0.01,fixed horizon 50,188,56,132,1.0000693303531139,0.0,0.0,1.0,0.5,,1.0,,0.0,,0.0,0.5098934550989346
mlp,1,1,9,0.01,fixed horizon 100,188,56,132,1.0003533069656978,0.0,0.0,1.0,0.5,,1.0,,0.0,,0.0,0.5905631659056316
mlp,1,1,9,0.01,fixed horizon 148,188,56,132,1.0016250077741315,0.0,0.0,1.0,0.5,,1.0,,0.0,,0.0,0.6133942161339422
mlp,1,1,9,0.025,by final end,188,56,132,1.0030634355678383,0.0,0.037037037037037035,1.0,0.5185185185185185,0.9903846153846154,0.9996438746438746,0.009615384615384581,0.00035612535612539187,,0.01,0.9959411466260781
mlp,1,1,9,0.025,by earliest stop,188,56,132,1.0030634355678383,0.0,0.0,1.0,0.5,,1.0,,0.0,,0.0,0.6732623033992897
mlp,1,1,9,0.025,fixed horizon 50,188,56,132,1.0000188956849374,0.0,0.0,1.0,0.5,,1.0,,0.0,,0.0,0.5098934550989346
mlp,1,1,9,0.025,fixed horizon 100,188,56,132,1.0002108635643412,0.0,0.0,1.0,0.5,,1.0,,0.0,,0.0,0.5905631659056316
mlp,1,1,9,0.025,fixed horizon 148,188,56,132,1.0014684204520612,0.0,0.0,1.0,0.5,,1.0,,0.0,,0.0,0.6133942161339422
mlp,1,1,9,0.05,by final end,188,56,132,1.0059154121258829,0.0,0.037037037037037035,1.0,0.5185185185185185,0.9576923076923077,0.9984330484330485,0.04230769230769227,0.0015669515669515244,,0.01,0.9959411466260781
mlp,1,1,9,0.05,by earliest stop,188,56,132,1.0059154121258829,0.0,0.0,1.0,0.5,,1.0,,0.0,,0.0,0.6732623033992897
mlp,1,1,9,0.05,fixed horizon 50,188,56,132,1.000008612071759,0.0,0.0,1.0,0.5,,1.0,,0.0,,0.0,0.5098934550989346
mlp,1,1,9,0.05,fixed horizon 100,188,56,132,1.0001011865104779,0.0,0.0,1.0,0.5,,1.0,,0.0,,0.0,0.5905631659056316
mlp,1,1,9,0.05,fixed horizon 148,188,56,132,1.0004297628809855,0.0,0.0,1.0,0.5,,1.0,,0.0,,0.0,0.6133942161339422
mlp,1,1,9,0.075,by final end,188,56,132,1.1633768872628418,0.0,0.2962962962962963,1.0,0.6481481481481481,0.885576923076923,0.9660968660968662,0.11442307692307696,0.03390313390313382,,0.08,0.9959411466260781
mlp,1,1,9,0.075,by earliest stop,188,56,132,1.1633768872628418,0.0,0.0,1.0,0.5,,1.0,,0.0,,0.0,0.6732623033992897
mlp,1,1,9,0.075,fixed horizon 50,188,56,132,1.000387162606302,0.0,0.0,1.0,0.5,,1.0,,0.0,,0.0,0.5098934550989346
mlp,1,1,9,0.075,fixed horizon 100,188,56,132,1.0017281703362502,0.0,0.0,1.0,0.5,,1.0,,0.0,,0.0,0.5905631659056316
mlp,1,1,9,0.075,fixed horizon 148,188,56,132,1.0000851338284724,0.0,0.0,1.0,0.5,,1.0,,0.0,,0.0,0.6133942161339422
mlp,1,1,9,0.1,by final end,188,56,132,1.017074801001783,0.0,0.6666666666666666,1.0,0.8333333333333333,0.8564102564102564,0.9042735042735044,0.14358974358974363,0.09572649572649561,,0.18,0.9959411466260781
mlp,1,1,9,0.1,by earliest stop,188,56,132,1.017074801001783,0.0,0.0,1.0,0.5,,1.0,,0.0,,0.0,0.6732623033992897
mlp,1,1,9,0.1,fixed horizon 50,188,56,132,1.0000078302540432,0.0,0.0,1.0,0.5,,1.0,,0.0,,0.0,0.5098934550989346
mlp,1,1,9,0.1,fixed horizon 100,188,56,132,0.9999560228674003,0.0,0.0,1.0,0.5,,1.0,,0.0,,0.0,0.5905631659056316
mlp,1,1,9,0.1,fixed horizon 148,188,56,132,0.9999570691339036,0.0,0.0,1.0,0.5,,1.0,,0.0,,0.0,0.6133942161339422
mlp,1,1,9,0.15,by final end,188,56,132,1.0054938717372521,0.0,0.7777777777777778,1.0,0.8888888888888888,0.8152014652014652,0.8562678062678062,0.1847985347985348,0.1437321937321938,,0.21,0.9959411466260781
mlp,1,1,9,0.15,by earliest stop,188,56,132,1.0054938717372521,0.0,0.0,1.0,0.5,,1.0,,0.0,,0.0,0.6732623033992897
mlp,1,1,9,0.15,fixed horizon 50,188,56,132,0.9998515195519581,0.0,0.0,1.0,0.5,,1.0,,0.0,,0.0,0.5098934550989346
mlp,1,1,9,0.15,fixed horizon 100,188,56,132,0.9998515195519581,0.0,0.0,1.0,0.5,,1.0,,0.0,,0.0,0.5905631659056316
mlp,1,1,9,0.15,fixed horizon 148,188,56,132,0.9998515195519581,0.0,0.0,1.0,0.5,,1.0,,0.0,,0.0,0.6133942161339422
mlp,1,1,9,0.2,by final end,188,56,132,1.024351202523422,0.0,0.8148148148148148,1.0,0.9074074074074074,0.75743006993007,0.8023504273504274,0.24256993006993,0.1976495726495726,,0.22,0.9959411466260781
mlp,1,1,9,0.2,by earliest stop,188,56,132,1.024351202523422,0.0,0.0,1.0,0.5,,1.0,,0.0,,0.0,0.6732623033992897
mlp,1,1,9,0.2,fixed horizon 50,188,56,132,0.9995116012373705,0.0,0.0,1.0,0.5,,1.0,,0.0,,0.0,0.5098934550989346
mlp,1,1,9,0.2,fixed horizon 100,188,56,132,1.0011020030454416,0.0,0.0,1.0,0.5,,1.0,,0.0,,0.0,0.5905631659056316
mlp,1,1,9,0.2,fixed horizon 148,188,56,132,0.9996043274113872,0.0,0.0,1.0,0.5,,1.0,,0.0,,0.0,0.6133942161339422
mlp,1,1,9,0.3,by final end,188,56,132,0.9983741965464771,0.0,0.8888888888888888,1.0,0.9444444444444444,0.7384615384615385,0.7675213675213675,0.2615384615384615,0.23247863247863254,,0.24,0.9959411466260781
mlp,1,1,9,0.3,by earliest stop,188,56,132,0.9983741965464771,0.0,0.0,1.0,0.5,,1.0,,0.0,,0.0,0.6732623033992897
mlp,1,1,9,0.3,fixed horizon 50,188,56,132,1.0981420465585445,0.0410958904109589,0.037037037037037035,0.958904109589041,0.49797057331303907,0.34,0.9755555555555555,0.6599999999999999,0.02444444444444449,0.3733333333333333,0.04,0.5098934550989346
mlp,1,1,9,0.3,fixed horizon 100,188,56,132,0.9994745448439232,0.0,0.1111111111111111,1.0,0.5555555555555556,0.5433333333333333,0.9492592592592594,0.45666666666666667,0.05074074074074064,,0.03,0.5905631659056316
mlp,1,1,9,0.3,fixed horizon 148,188,56,132,0.9994745448439232,0.0,0.1111111111111111,1.0,0.5555555555555556,0.3671171171171171,0.9296796796796797,0.632882882882883,0.07032032032032032,,0.03,0.6133942161339422
mlp,2,2,0,0.01,by final end,186,55,131,1.003896752997937,0.0,0.07547169811320754,1.0,0.5377358490566038,0.7947115384615384,0.9845065312046444,0.2052884615384616,0.015493468795355625,,0.04,0.967482938578884
mlp,2,2,0,0.01,by earliest stop,186,55,131,1.003896752997937,0.0,0.018867924528301886,1.0,0.5094339622641509,0.995260663507109,0.9999105785567379,0.004739336492891044,8.942144326207213e-05,,0.01,0.6274588518667201
mlp,2,2,0,0.01,fixed horizon 50,186,55,131,1.0000156823031097,0.3191489361702128,0.11320754716981132,0.6808510638297872,0.39702930549979926,0.13333333333333333,0.9018867924528301,0.8666666666666667,0.0981132075471699,0.136,0.21,0.562424729024488
mlp,2,2,0,0.01,fixed horizon 100,186,55,131,1.0000156823031097,0.3191489361702128,0.11320754716981132,0.6808510638297872,0.39702930549979926,0.06666666666666667,0.8943396226415095,0.9333333333333333,0.10566037735849054,0.068,0.21,0.551184263348053
mlp,2,2,0,0.01,fixed horizon 148,186,55,131,1.0000156823031097,0.3191489361702128,0.11320754716981132,0.6808510638297872,0.39702930549979926,0.04504504504504505,0.891891891891892,0.954954954954955,0.108108108108108,0.04594594594594595,0.21,0.6170212765957447
mlp,2,2,0,0.025,by final end,186,55,131,1.0016673515643844,0.0,0.09433962264150944,1.0,0.5471698113207547,0.655,0.9674528301886792,0.345,0.032547169811320775,,0.05,0.967482938578884
mlp,2,2,0,0.025,by earliest stop,186,55,131,1.0016673515643844,0.0,0.03773584905660377,1.0,0.5188679245283019,0.943127962085308,0.9978538853617097,0.056872037914691975,0.0021461146382902863,,0.02,0.6274588518667201
mlp,2,2,0,0.025,fixed horizon 50,186,55,131,0.9999963204533803,0.40425531914893614,0.24528301886792453,0.5957446808510638,0.42051384985949414,0.06153846153846154,0.769811320754717,0.9384615384615385,0.23018867924528297,0.05473684210526316,0.32,0.562424729024488
mlp,2,2,0,0.025,fixed horizon 100,186,55,131,0.9999963204533803,0.40425531914893614,0.24528301886792453,0.5957446808510638,0.42051384985949414,0.03076923076923077,0.7622641509433962,0.9692307692307692,0.23773584905660383,0.02736842105263158,0.32,0.551184263348053
mlp,2,2,0,0.025,fixed horizon 148,186,55,131,0.9999963204533803,0.40425531914893614,0.24528301886792453,0.5957446808510638,0.42051384985949414,0.02079002079002079,0.7598164201937787,0.9792099792099792,0.2401835798062213,0.01849217638691323,0.32,0.6170212765957447
mlp,2,2,0,0.05,by final end,186,55,131,0.9999941393179788,0.44680851063829785,0.7924528301886793,0.5531914893617021,0.6728221597751907,0.5695512820512821,0.6588896952104498,0.43044871794871786,0.3411103047895502,0.022527472527472527,0.63,0.967482938578884
mlp,2,2,0,0.05,by earliest stop,186,55,131,0.9999941393179788,0.44680851063829785,0.32075471698113206,0.5531914893617021,0.43697310317141713,0.175076665737385,0.7354019493874632,0.824923334262615,0.26459805061253683,0.055517941773865945,0.38,0.6274588518667201
mlp,2,2,0,0.05,fixed horizon 50,186,55,131,0.9999554439520406,0.6595744680851063,0.5283018867924528,0.3404255319148936,0.4343637093536732,0.03214285714285715,0.4886792452830189,0.9678571428571429,0.5113207547169811,0.041935483870967745,0.59,0.562424729024488
mlp,2,2,0,0.05,fixed horizon 100,186,55,131,0.9999630407254316,0.5531914893617021,0.4716981132075472,0.44680851063829785,0.4592533119229225,0.0132,0.5345283018867925,0.9868,0.46547169811320754,0.006153846153846154,0.51,0.551184263348053
mlp,2,2,0,0.05,fixed horizon 148,186,55,131,0.999977099311443,0.5106382978723404,0.4528301886792453,0.48936170212765956,0.47109594540345245,0.012105855855855857,0.5526517083120857,0.9878941441441441,0.44734829168791435,0.036880630630630636,0.48,0.6170212765957447
mlp,2,2,0,0.075,by final end,186,55,131,0.9999592977028189,0.6170212765957447,0.9622641509433962,0.3829787234042553,0.6726214371738257,0.3791478129713424,0.40257619738751815,0.6208521870286576,0.5974238026124818,0.06889920424403183,0.8,0.967482938578884
mlp,2,2,0,0.075,by earliest stop,186,55,131,0.9999592977028189,0.574468085106383,0.5283018867924528,0.425531914893617,0.47691690084303495,0.040961408259986454,0.493338102476974,0.9590385917400135,0.5066618975230259,0.037739160961909775,0.55,0.6274588518667201
mlp,2,2,0,0.075,fixed horizon 50,186,55,131,1.0000183606926116,0.6595744680851063,0.5660377358490566,0.3404255319148936,0.45323163388197507,0.06533333333333334,0.47094339622641507,0.9346666666666666,0.5290566037735849,0.04645161290322582,0.61,0.562424729024488
mlp,2,2,0,0.075,fixed horizon 100,186,55,131,1.000082359758821,0.6595744680851063,0.5094339622641509,0.3404255319148936,0.42492974708952225,0.025925925925925932,0.5037735849056604,0.9740740740740741,0.4962264150943396,0.05967741935483871,0.58,0.551184263348053
mlp,2,2,0,0.075,fixed horizon 148,186,55,131,1.000071775312576,0.6595744680851063,0.5283018867924528,0.3404255319148936,0.4343637093536732,0.08301158301158304,0.5155532891381949,0.9169884169884169,0.48444671086180513,0.048169136878814314,0.59,0.6170212765957447
mlp,2,2,0,0.1,by final end,186,55,131,0.999883973280413,0.7021276595744681,0.9622641509433962,0.2978723404255319,0.6300682456844641,0.3091628959276018,0.33523222060957913,0.6908371040723982,0.6647677793904209,0.03682983682983683,0.84,0.967482938578884
mlp,2,2,0,0.1,by earliest stop,186,55,131,0.999883973280413,0.6808510638297872,0.6037735849056604,0.3191489361702128,0.46146126053793657,0.03287914691943128,0.4160779754985245,0.9671208530805687,0.5839220245014756,0.032286729857819906,0.64,0.6274588518667201
mlp,2,2,0,0.1,fixed horizon 50,186,55,131,1.0001012715277942,0.6595744680851063,0.5094339622641509,0.3404255319148936,0.42492974708952225,0.1385185185185185,0.5611320754716982,0.8614814814814815,0.4388679245283018,0.08774193548387096,0.58,0.562424729024488
mlp,2,2,0,0.1,fixed horizon 100,186,55,131,1.0001012715277942,0.6595744680851063,0.5094339622641509,0.3404255319148936,0.42492974708952225,0.06925925925925926,0.5258490566037736,0.9307407407407408,0.47415094339622643,0.04387096774193548,0.58,0.551184263348053
mlp,2,2,0,0.1,fixed horizon 148,186,55,131,0.9998773358018042,0.7021276595744681,0.6415094339622641,0.2978723404255319,0.469690887193898,0.009538950715421303,0.36460989291177975,0.9904610492845787,0.6353901070882202,0.026003276003276003,0.67,0.6170212765957447
mlp,2,2,0,0.15,by final end,186,55,131,1.000599879250506,0.8085106382978723,0.9622641509433962,0.19148936170212766,0.5768767563227619,0.15573152337858218,0.18759071117561682,0.8442684766214178,0.8124092888243832,0.03881578947368421,0.89,0.967482938578884
mlp,2,2,0,0.15,by earliest stop,186,55,131,1.000599879250506,0.7659574468085106,0.7358490566037735,0.23404255319148937,0.48494580489763145,0.006562158220925993,0.2689797013323795,0.993437841779074,0.7310202986676205,0.010005265929436548,0.75,0.6274588518667201
mlp,2,2,0,0.15,fixed horizon 50,186,55,131,0.999325856516041,0.8085106382978723,0.7924528301886793,0.19148936170212766,0.49197109594540345,0.029047619047619048,0.23056603773584902,0.9709523809523809,0.769433962264151,0.04,0.8,0.562424729024488
mlp,2,2,0,0.15,fixed horizon 100,186,55,131,1.0024933128821945,0.2765957446808511,0.33962264150943394,0.723404255319149,0.5315134484142915,0.3627777777777778,0.7835849056603775,0.6372222222222221,0.21641509433962247,0.2853846153846154,0.31,0.551184263348053
mlp,2,2,0,0.15,fixed horizon 148,186,55,131,1.0042845911120721,0.23404255319148937,0.32075471698113206,0.7659574468085106,0.5433560818948213,0.23807631160572337,0.7556093829678735,0.7619236883942766,0.2443906170321265,0.22235872235872237,0.28,0.6170212765957447
mlp,2,2,0,0.2,by final end,186,55,131,0.9974258990933967,0.8936170212765957,0.9811320754716981,0.10638297872340426,0.5437575270975512,0.02093195266272189,0.03940493468795355,0.9790680473372781,0.9605950653120464,0.013049450549450548,0.94,0.967482938578884
mlp,2,2,0,0.2,by earliest stop,186,55,131,0.9974258990933967,0.8723404255319149,0.9433962264150944,0.1276595744680851,0.5355279004415897,0.0030331753554502373,0.05946525976929267,0.9969668246445498,0.9405347402307074,0.0024274650329441684,0.91,0.6274588518667201
mlp,2,2,0,0.2,fixed horizon 50,186,55,131,1.0054624155298661,0.8936170212765957,0.9056603773584906,0.10638297872340426,0.5060216780409474,0.1466666666666667,0.22716981132075467,0.8533333333333333,0.7728301886792454,0.11666666666666667,0.9,0.562424729024488
mlp,2,2,0,0.2,fixed horizon 100,186,55,131,1.000054186908476,0.851063829787234,0.7924528301886793,0.14893617021276595,0.4706945002007226,0.008333333333333333,0.2141509433962264,0.9916666666666667,0.7858490566037736,0.014750000000000003,0.82,0.551184263348053
mlp,2,2,0,0.2,fixed horizon 148,186,55,131,0.9997676564132159,0.9148936170212766,0.9245283018867925,0.0851063829787234,0.5048173424327579,0.00441257584114727,0.0795512493625701,0.9955874241588527,0.9204487506374299,0.0339409176618479,0.92,0.6170212765957447
mlp,2,2,0,0.3,by final end,186,55,131,0.9658226839421217,0.9148936170212766,1.0,0.0851063829787234,0.5425531914893617,0.017779390420899856,0.017779390420899856,0.9822206095791002,0.9822206095791002,0.010778175313059035,0.96,0.967482938578884
mlp,2,2,0,0.3,by earliest stop,186,55,131,0.9658226839421217,0.8936170212765957,0.9622641509433962,0.10638297872340426,0.5343235648334003,0.00027878449958182325,0.03800411338639006,0.9997212155004181,0.9619958866136099,0.0,0.93,0.6274588518667201
mlp,2,2,0,0.3,fixed horizon 50,186,55,131,0.9693627269162903,0.9787234042553191,0.9811320754716981,0.02127659574468085,0.5012043356081894,0.007307692307692308,0.026037735849056606,0.9926923076923077,0.9739622641509434,0.03217391304347826,0.98,0.562424729024488
mlp,2,2,0,0.3,fixed horizon 100,186,55,131,0.9865174204644196,1.0,0.9811320754716981,0.0,0.49056603773584906,0.005,0.023773584905660377,0.995,0.9762264150943396,0.05425531914893618,0.99,0.551184263348053
mlp,2,2,0,0.3,fixed horizon 148,186,55,131,0.9865174204644196,1.0,0.9811320754716981,0.0,0.49056603773584906,0.0033783783783783786,0.022182559918408975,0.9966216216216216,0.977817440081591,0.038527889591719384,0.99,0.6170212765957447
mlp,2,2,1,0.01,by final end,186,55,131,1.0116948233534466,0.0,0.05660377358490566,1.0,0.5283018867924528,0.8442307692307693,0.9911828737300435,0.15576923076923066,0.008817126269956455,,0.03,0.967482938578884
mlp,2,2,1,0.01,by earliest stop,186,55,131,1.0116948233534466,0.0,0.0,1.0,0.5,,1.0,,0.0,,0.0,0.6274588518667201
mlp,2,2,1,0.01,fixed horizon 50,186,55,131,1.0062777133306802,0.02127659574468085,0.03773584905660377,0.9787234042553191,0.5082296266559615,0.7,0.9886792452830189,0.30000000000000004,0.01132075471698113,0.7,0.03,0.562424729024488
mlp,2,2,1,0.01,fixed horizon 100,186,55,131,1.0062777133306802,0.02127659574468085,0.03773584905660377,0.9787234042553191,0.5082296266559615,0.35,0.9754716981132076,0.65,0.024528301886792447,0.35,0.03,0.551184263348053
mlp,2,2,1,0.01,fixed horizon 148,186,55,131,1.0062777133306802,0.02127659574468085,0.03773584905660377,0.9787234042553191,0.5082296266559615,0.23648648648648649,0.9711881693013767,0.7635135135135135,0.028811830698623253,0.23648648648648649,0.03,0.6170212765957447
mlp,2,2,1,0.025,by final end,186,55,131,1.0106786530444811,0.0,0.07547169811320754,1.0,0.5377358490566038,0.820673076923077,0.9864658925979681,0.179326923076923,0.01353410740203187,,0.04,0.967482938578884
mlp,2,2,1,0.025,by earliest stop,186,55,131,1.0106786530444811,0.0,0.018867924528301886,1.0,0.5094339622641509,0.7867298578199052,0.9959760350532058,0.21327014218009477,0.004023964946794245,,0.01,0.6274588518667201
mlp,2,2,1,0.025,fixed horizon 50,186,55,131,1.006128374563284,0.02127659574468085,0.03773584905660377,0.9787234042553191,0.5082296266559615,0.7,0.9886792452830189,0.30000000000000004,0.01132075471698113,0.7,0.03,0.562424729024488
mlp,2,2,1,0.025,fixed horizon 100,186,55,131,1.006128374563284,0.02127659574468085,0.03773584905660377,0.9787234042553191,0.5082296266559615,0.35,0.9754716981132076,0.65,0.024528301886792447,0.35,0.03,0.551184263348053
mlp,2,2,1,0.025,fixed horizon 148,186,55,131,1.006128374563284,0.02127659574468085,0.03773584905660377,0.9787234042553191,0.5082296266559615,0.23648648648648649,0.9711881693013767,0.7635135135135135,0.028811830698623253,0.23648648648648649,0.03,0.6170212765957447
mlp,2,2,1,0.05,by final end,186,55,131,1.070038417771754,0.02127659574468085,0.8867924528301887,0.9787234042553191,0.9327579285427539,0.8482815057283141,0.8654571843251089,0.15171849427168593,0.13454281567489113,0.8307692307692308,0.48,0.967482938578884
mlp,2,2,1,0.05,by earliest stop,186,55,131,1.070038417771754,0.0,0.0,1.0,0.5,,1.0,,0.0,,0.0,0.6274588518667201
mlp,2,2,1,0.05,fixed horizon 50,186,55,131,1.0072146470911383,0.10638297872340426,0.1509433962264151,0.8936170212765957,0.5222802087515054,0.7,0.9547169811320756,0.30000000000000004,0.04528301886792441,0.7,0.13,0.562424729024488
mlp,2,2,1,0.05,fixed horizon 100,186,55,131,1.0138963132505179,0.0,0.05660377358490566,1.0,0.5283018867924528,0.86,0.9920754716981132,0.14,0.007924528301886835,,0.03,0.551184263348053
mlp,2,2,1,0.05,fixed horizon 148,186,55,131,1.0209395317485632,0.02127659574468085,0.05660377358490566,0.9787234042553191,0.5176635889201124,0.786036036036036,0.9878888322284548,0.213963963963964,0.012111167771545195,0.8716216216216216,0.04,0.6170212765957447
mlp,2,2,1,0.075,by final end,186,55,131,1.6825765971320037,0.06382978723404255,0.9433962264150944,0.9361702127659575,0.9397832195905259,0.7729615384615385,0.785812772133527,0.22703846153846152,0.21418722786647304,0.7544871794871795,0.53,0.967482938578884
mlp,2,2,1,0.075,by earliest stop,186,55,131,1.6825765971320037,0.0,0.0,1.0,0.5,,1.0,,0.0,,0.0,0.6274588518667201
mlp,2,2,1,0.075,fixed horizon 50,186,55,131,1.003080714719592,0.2553191489361702,0.2641509433962264,0.7446808510638298,0.5044158972300281,0.4757142857142857,0.8615094339622642,0.5242857142857142,0.1384905660377358,0.49666666666666665,0.26,0.562424729024488
mlp,2,2,1,0.075,fixed horizon 100,186,55,131,1.0343557315009766,0.02127659574468085,0.09433962264150944,0.9787234042553191,0.5365315134484143,0.8779999999999999,0.9884905660377359,0.12200000000000011,0.011509433962264115,0.87,0.06,0.551184263348053
mlp,2,2,1,0.075,fixed horizon 148,186,55,131,1.0394331235833107,0.02127659574468085,0.07547169811320754,0.9787234042553191,0.5270975511842634,0.7432432432432432,0.9806221315655277,0.2567567567567568,0.019377868434472312,0.7432432432432432,0.05,0.6170212765957447
mlp,2,2,1,0.1,by final end,186,55,131,1.6280902119236806,0.06382978723404255,0.9433962264150944,0.9361702127659575,0.9397832195905259,0.7253846153846153,0.7409288824383164,0.2746153846153847,0.25907111756168355,0.7057692307692308,0.53,0.967482938578884
mlp,2,2,1,0.1,by earliest stop,186,55,131,1.6280902119236806,0.0,0.0,1.0,0.5,,1.0,,0.0,,0.0,0.6274588518667201
mlp,2,2,1,0.1,fixed horizon 50,186,55,131,1.012343407571654,0.14893617021276595,0.24528301886792453,0.851063829787234,0.5481734243275793,0.7553846153846154,0.9399999999999998,0.24461538461538457,0.060000000000000164,0.7542857142857142,0.2,0.562424729024488
mlp,2,2,1,0.1,fixed horizon 100,186,55,131,1.0321086299733269,0.02127659574468085,0.09433962264150944,0.9787234042553191,0.5365315134484143,0.8720000000000001,0.9879245283018868,0.1279999999999999,0.012075471698113183,0.86,0.06,0.551184263348053
mlp,2,2,1,0.1,fixed horizon 148,186,55,131,1.0374606782514797,0.02127659574468085,0.09433962264150944,0.9787234042553191,0.5365315134484143,0.758108108108108,0.977180010198878,0.24189189189189197,0.022819989801121987,0.7432432432432432,0.06,0.6170212765957447
mlp,2,2,1,0.15,by final end,186,55,131,1.0949669873058894,0.48936170212765956,0.9811320754716981,0.5106382978723404,0.7458851866720193,0.5199704142011834,0.5290275761973875,0.4800295857988166,0.4709724238026125,0.5100334448160535,0.75,0.967482938578884
mlp,2,2,1,0.15,by earliest stop,186,55,131,1.0949669873058894,0.0,0.0,1.0,0.5,,1.0,,0.0,,0.0,0.6274588518667201
mlp,2,2,1,0.15,fixed horizon 50,186,55,131,1.0001399581108248,0.6382978723404256,0.5471698113207547,0.3617021276595745,0.4544359694901646,0.2227586206896552,0.5747169811320756,0.7772413793103448,0.4252830188679244,0.11066666666666666,0.59,0.562424729024488
mlp,2,2,1,0.15,fixed horizon 100,186,55,131,1.024718206990669,0.0851063829787234,0.18867924528301888,0.9148936170212766,0.5517864311521478,0.6220000000000001,0.9286792452830188,0.3779999999999999,0.07132075471698118,0.625,0.14,0.551184263348053
mlp,2,2,1,0.15,fixed horizon 148,186,55,131,1.0421989909091844,0.44680851063829785,0.37735849056603776,0.5531914893617021,0.46527498996386996,0.17533783783783782,0.6888067312595614,0.8246621621621621,0.3111932687404386,0.10328185328185328,0.41,0.6170212765957447
mlp,2,2,1,0.2,by final end,186,55,131,1.5167310890445203,0.6170212765957447,0.9622641509433962,0.3829787234042553,0.6726214371738257,0.46304675716440413,0.48330914368650213,0.5369532428355959,0.5166908563134979,0.45218832891246685,0.8,0.967482938578884
mlp,2,2,1,0.2,by earliest stop,186,55,131,1.5167310890445203,0.02127659574468085,0.07547169811320754,0.9787234042553191,0.5270975511842634,0.9774881516587678,0.9983009925780203,0.02251184834123221,0.0016990074219797036,0.9715639810426541,0.05,0.6274588518667201
mlp,2,2,1,0.2,fixed horizon 50,186,55,131,1.2061103191772318,0.851063829787234,0.8867924528301887,0.14893617021276595,0.5178643115214774,0.060000000000000005,0.16641509433962265,0.94,0.8335849056603774,0.06,0.87,0.562424729024488
mlp,2,2,1,0.2,fixed horizon 100,186,55,131,1.1781198070916707,0.5531914893617021,0.5660377358490566,0.44680851063829785,0.5064231232436772,0.9299999999999998,0.9603773584905658,0.07000000000000017,0.039622641509434176,0.9523076923076924,0.56,0.551184263348053
mlp,2,2,1,0.2,fixed horizon 148,186,55,131,1.3238056940761194,0.5531914893617021,0.660377358490566,0.44680851063829785,0.5535929345644319,0.6882239382239383,0.7941101478837329,0.31177606177606165,0.2058898521162671,0.6995841995841996,0.61,0.6170212765957447
mlp,2,2,1,0.3,by final end,186,55,131,1.1376784370556827,1.0,1.0,0.0,0.5,0.08033381712626997,0.08033381712626997,0.91966618287373,0.91966618287373,0.07262684124386251,1.0,0.967482938578884
mlp,2,2,1,0.3,by earliest stop,186,55,131,1.1376784370556827,1.0,0.9811320754716981,0.0,0.49056603773584906,0.16469194312796206,0.1804524725029062,0.8353080568720379,0.8195475274970938,0.178985580316628,0.99,0.6274588518667201
mlp,2,2,1,0.3,fixed horizon 50,186,55,131,1.2583281861865385,1.0,0.9622641509433962,0.0,0.4811320754716981,0.0407843137254902,0.07698113207547168,0.9592156862745098,0.9230188679245284,0.07404255319148936,0.98,0.562424729024488
mlp,2,2,1,0.3,fixed horizon 100,186,55,131,1.2748773146446803,1.0,0.9811320754716981,0.0,0.49056603773584906,0.056730769230769224,0.07452830188679244,0.9432692307692307,0.9254716981132076,0.07617021276595742,0.99,0.551184263348053
mlp,2,2,1,0.3,fixed horizon 148,186,55,131,1.0706034053404756,1.0,0.9811320754716981,0.0,0.49056603773584906,0.16437110187110188,0.180137684854666,0.8356288981288982,0.819862315145334,0.1861702127659575,0.99,0.6170212765957447
mlp,2,2,2,0.01,by final end,186,55,131,1.3220043250742015,0.0,0.11320754716981132,1.0,0.5566037735849056,0.9833333333333334,0.9981132075471698,0.016666666666666607,0.0018867924528301883,,0.06,0.967482938578884
mlp,2,2,2,0.01,by earliest stop,186,55,131,1.3220043250742015,0.0,0.0,1.0,0.5,,1.0,,0.0,,0.0,0.6274588518667201
mlp,2,2,2,0.01,fixed horizon 50,186,55,131,1.0086956075960927,0.0851063829787234,0.05660377358490566,0.9148936170212766,0.4857486953030911,0.44,0.9683018867924529,0.56,0.03169811320754712,0.44,0.07,0.562424729024488
mlp,2,2,2,0.01,fixed horizon 100,186,55,131,1.009038048647983,0.0,0.0,1.0,0.5,,1.0,,0.0,,0.0,0.551184263348053
mlp,2,2,2,0.01,fixed horizon 148,186,55,131,1.0125658826228328,0.0,0.0,1.0,0.5,,1.0,,0.0,,0.0,0.6170212765957447
mlp,2,2,2,0.025,by final end,186,55,131,1.1122538567005982,0.0,0.7735849056603774,1.0,0.8867924528301887,0.8963414634146342,0.9198113207547168,0.10365853658536583,0.08018867924528317,,0.41,0.967482938578884
mlp,2,2,2,0.025,by earliest stop,186,55,131,1.1122538567005982,0.0,0.0,1.0,0.5,,1.0,,0.0,,0.0,0.6274588518667201
mlp,2,2,2,0.025,fixed horizon 50,186,55,131,1.0084333536663974,0.1276595744680851,0.11320754716981132,0.8723404255319149,0.4927739863508631,0.44,0.9366037735849057,0.56,0.06339622641509435,0.44,0.12,0.562424729024488
mlp,2,2,2,0.025,fixed horizon 100,186,55,131,1.0089277184380616,0.0,0.0,1.0,0.5,,1.0,,0.0,,0.0,0.551184263348053
mlp,2,2,2,0.025,fixed horizon 148,186,55,131,1.012089684137888,0.0,0.018867924528301886,1.0,0.5094339622641509,0.6891891891891891,0.9941356450790414,0.31081081081081086,0.005864354920958603,,0.01,0.6170212765957447
mlp,2,2,2,0.05,by final end,186,55,131,1.0480041636375501,0.06382978723404255,0.9245283018867925,0.9361702127659575,0.930349257326375,0.8311224489795918,0.8438679245283017,0.16887755102040825,0.15613207547169827,0.817948717948718,0.52,0.967482938578884
mlp,2,2,2,0.05,by earliest stop,186,55,131,1.0480041636375501,0.0,0.0,1.0,0.5,,1.0,,0.0,,0.0,0.6274588518667201
mlp,2,2,2,0.05,fixed horizon 50,186,55,131,1.0083036155076837,0.1702127659574468,0.22641509433962265,0.8297872340425532,0.5281011641910879,0.4400000000000001,0.8732075471698112,0.5599999999999998,0.1267924528301888,0.44,0.2,0.562424729024488
mlp,2,2,2,0.05,fixed horizon 100,186,55,131,1.0141081145047957,0.0,0.05660377358490566,1.0,0.5283018867924528,0.86,0.9920754716981132,0.14,0.007924528301886835,,0.03,0.551184263348053
mlp,2,2,2,0.05,fixed horizon 148,186,55,131,1.0117935114750116,0.02127659574468085,0.05660377358490566,0.9787234042553191,0.5176635889201124,0.6936936936936937,0.9826619071902091,0.3063063063063063,0.017338092809790928,0.7027027027027027,0.04,0.6170212765957447
mlp,2,2,2,0.075,by final end,186,55,131,1.7046500514234992,0.06382978723404255,0.9433962264150944,0.9361702127659575,0.9397832195905259,0.7703846153846154,0.7833817126269957,0.22961538461538455,0.21661828737300426,0.7512820512820513,0.53,0.967482938578884
mlp,2,2,2,0.075,by earliest stop,186,55,131,1.7046500514234992,0.0,0.0,1.0,0.5,,1.0,,0.0,,0.0,0.6274588518667201
mlp,2,2,2,0.075,fixed horizon 50,186,55,131,1.0267313439844286,0.2553191489361702,0.2641509433962264,0.7446808510638298,0.5044158972300281,0.42,0.8467924528301888,0.5800000000000001,0.15320754716981122,0.42,0.26,0.562424729024488
mlp,2,2,2,0.075,fixed horizon 100,186,55,131,1.0344912731228846,0.0425531914893617,0.1509433962264151,0.9574468085106383,0.5541951023685268,0.63,0.9441509433962264,0.37,0.055849056603773595,0.63,0.1,0.551184263348053
mlp,2,2,2,0.075,fixed horizon 148,186,55,131,1.037383831942729,0.02127659574468085,0.07547169811320754,0.9787234042553191,0.5270975511842634,0.7432432432432432,0.9806221315655277,0.2567567567567568,0.019377868434472312,0.7432432432432432,0.05,0.6170212765957447
mlp,2,2,2,0.1,by final end,186,55,131,1.7275384237921765,0.0851063829787234,0.9433962264150944,0.9148936170212766,0.9291449217181855,0.7158076923076923,0.7318940493468793,0.28419230769230774,0.2681059506531207,0.7201923076923076,0.54,0.967482938578884
mlp,2,2,2,0.1,by earliest stop,186,55,131,1.7275384237921765,0.0,0.0,1.0,0.5,,1.0,,0.0,,0.0,0.6274588518667201
mlp,2,2,2,0.1,fixed horizon 50,186,55,131,1.0501402148318706,0.3191489361702128,0.37735849056603776,0.6808510638297872,0.5291047771979125,0.42000000000000004,0.7811320754716983,0.58,0.21886792452830173,0.42,0.35,0.562424729024488
mlp,2,2,2,0.1,fixed horizon 100,186,55,131,1.0535356140155983,0.06382978723404255,0.18867924528301888,0.9361702127659575,0.5624247290244881,0.6529999999999999,0.9345283018867925,0.3470000000000001,0.06547169811320752,0.6533333333333333,0.13,0.551184263348053
mlp,2,2,2,0.1,fixed horizon 148,186,55,131,1.0336714933402633,0.02127659574468085,0.09433962264150944,0.9787234042553191,0.5365315134484143,0.75,0.9764150943396225,0.25,0.02358490566037752,0.7432432432432432,0.06,0.6170212765957447
mlp,2,2,2,0.15,by final end,186,55,131,1.2167558552983946,0.46808510638297873,0.9433962264150944,0.5319148936170213,0.7376555600160578,0.5165384615384616,0.5439042089985486,0.4834615384615384,0.45609579100145137,0.5253496503496503,0.72,0.967482938578884
mlp,2,2,2,0.15,by earliest stop,186,55,131,1.2167558552983946,0.0,0.0,1.0,0.5,,1.0,,0.0,,0.0,0.6274588518667201
mlp,2,2,2,0.15,fixed horizon 50,186,55,131,1.085657973680155,0.5957446808510638,0.6226415094339622,0.40425531914893614,0.5134484142914492,0.3636363636363636,0.6037735849056604,0.6363636363636365,0.39622641509433965,0.36357142857142855,0.61,0.562424729024488
mlp,2,2,2,0.15,fixed horizon 100,186,55,131,1.1100162591607523,0.0851063829787234,0.20754716981132076,0.9148936170212766,0.5612203934162987,0.6827272727272727,0.9341509433962264,0.31727272727272726,0.0658490566037736,0.6875,0.15,0.551184263348053
mlp,2,2,2,0.15,fixed horizon 148,186,55,131,1.1100162591607523,0.0851063829787234,0.20754716981132076,0.9148936170212766,0.5612203934162987,0.46130221130221133,0.888194798572157,0.5386977886977886,0.111805201427843,0.46452702702702703,0.15,0.6170212765957447
mlp,2,2,2,0.2,by final end,186,55,131,1.3945625208010834,0.574468085106383,0.9622641509433962,0.425531914893617,0.6938980329185066,0.2924962292609352,0.31919448476052253,0.7075037707390648,0.6808055152394774,0.144017094017094,0.78,0.967482938578884
mlp,2,2,2,0.2,by earliest stop,186,55,131,1.3945625208010834,0.46808510638297873,0.5283018867924528,0.5319148936170213,0.530108390204737,0.13947190250507788,0.5453813824555128,0.8605280974949221,0.4546186175444872,0.12516156828953043,0.5,0.6274588518667201
mlp,2,2,2,0.2,fixed horizon 50,186,55,131,1.4723638561479242,0.6170212765957447,0.6415094339622641,0.3829787234042553,0.5122440786832597,0.5894117647058821,0.7366037735849057,0.4105882352941179,0.2633962264150943,0.5903448275862068,0.63,0.562424729024488
mlp,2,2,2,0.2,fixed horizon 100,186,55,131,1.3151063628538915,0.2127659574468085,0.37735849056603776,0.7872340425531915,0.5822962665596146,0.6639999999999999,0.8732075471698111,0.3360000000000001,0.12679245283018892,0.6990000000000001,0.3,0.551184263348053
mlp,2,2,2,0.2,fixed horizon 148,186,55,131,1.3672504680175248,0.46808510638297873,0.6037735849056604,0.5319148936170213,0.5678442392613408,0.9041385135135135,0.9421213666496685,0.09586148648648651,0.0578786333503315,0.9296683046683046,0.54,0.6170212765957447
mlp,2,2,2,0.3,by final end,186,55,131,1.1114614447694742,1.0,1.0,0.0,0.5,0.046371552975326545,0.046371552975326545,0.9536284470246734,0.9536284470246734,0.0452127659574468,1.0,0.967482938578884
mlp,2,2,2,0.3,by earliest stop,186,55,131,1.1114614447694742,1.0,1.0,0.0,0.5,0.11428060448895645,0.11428060448895645,0.8857193955110435,0.8857193955110435,0.11142482605626701,1.0,0.6274588518667201
mlp,2,2,2,0.3,fixed horizon 50,186,55,131,1.0500194657998396,1.0,0.9622641509433962,0.0,0.4811320754716981,0.1411764705882353,0.17358490566037746,0.8588235294117648,0.8264150943396226,0.15234042553191487,0.98,0.562424729024488
mlp,2,2,2,0.3,fixed horizon 100,186,55,131,1.0500194657998396,1.0,0.9433962264150944,0.0,0.4716981132075472,0.1096,0.16,0.8904,0.84,0.15063829787234045,0.97,0.551184263348053
mlp,2,2,2,0.3,fixed horizon 148,186,55,131,1.0500194657998396,1.0,0.9811320754716981,0.0,0.49056603773584906,0.11434511434511435,0.13105558388577257,0.8856548856548856,0.8689444161142275,0.11342725704427833,0.99,0.6170212765957447
mlp,2,2,3,0.01,by final end,186,55,131,1.001685328449963,0.0,0.09433962264150944,1.0,0.5471698113207547,0.836923076923077,0.9846153846153846,0.163076923076923,0.015384615384615441,,0.05,0.967482938578884
mlp,2,2,3,0.01,by earliest stop,186,55,131,1.001685328449963,0.0,0.0,1.0,0.5,,1.0,,0.0,,0.0,0.6274588518667201
mlp,2,2,3,0.01,fixed horizon 50,186,55,131,1.00001620457179,0.3191489361702128,0.11320754716981132,0.6808510638297872,0.39702930549979926,0.13333333333333333,0.9018867924528301,0.8666666666666667,0.0981132075471699,0.13066666666666668,0.21,0.562424729024488
mlp,2,2,3,0.01,fixed horizon 100,186,55,131,1.0000458506197885,0.06382978723404255,0.018867924528301886,0.9361702127659575,0.4775190686471297,0.12,0.9833962264150944,0.88,0.016603773584905612,0.12,0.04,0.551184263348053
mlp,2,2,3,0.01,fixed horizon 148,186,55,131,1.001685328449963,0.0,0.0,1.0,0.5,,1.0,,0.0,,0.0,0.6170212765957447
mlp,2,2,3,0.025,by final end,186,55,131,1.000945897255743,0.0,0.11320754716981132,1.0,0.5566037735849056,0.671474358974359,0.9628084179970973,0.32852564102564097,0.037191582002902734,,0.06,0.967482938578884
mlp,2,2,3,0.025,by earliest stop,186,55,131,1.000945897255743,0.0,0.03773584905660377,1.0,0.5188679245283019,0.5308056872037915,0.9822945542341054,0.4691943127962085,0.017705445765894612,,0.02,0.6274588518667201
mlp,2,2,3,0.025,fixed horizon 50,186,55,131,1.0000075664291745,0.3617021276595745,0.1509433962264151,0.6382978723404256,0.3946206342834203,0.13,0.8686792452830189,0.87,0.13132075471698113,0.1035294117647059,0.25,0.562424729024488
mlp,2,2,3,0.025,fixed horizon 100,186,55,131,1.0000112655253008,0.3404255319148936,0.1320754716981132,0.6595744680851063,0.39582496989160976,0.06285714285714286,0.8762264150943396,0.9371428571428572,0.12377358490566037,0.052500000000000005,0.23,0.551184263348053
mlp,2,2,3,0.025,fixed horizon 148,186,55,131,1.0000311925868028,0.19148936170212766,0.11320754716981132,0.8085106382978723,0.4608590927338418,0.43468468468468474,0.9360020397756248,0.5653153153153152,0.0639979602243752,0.15090090090090091,0.15,0.6170212765957447
mlp,2,2,3,0.05,by final end,186,55,131,0.9999970970423853,0.44680851063829785,0.3584905660377358,0.5531914893617021,0.455841027699719,0.1298582995951417,0.6880624092888243,0.8701417004048583,0.31193759071117566,0.013095238095238096,0.4,0.967482938578884
mlp,2,2,3,0.05,by earliest stop,186,55,131,0.9999970970423853,0.44680851063829785,0.32075471698113206,0.5531914893617021,0.43697310317141713,0.0959018678561472,0.7100062595010284,0.9040981321438528,0.28999374049897164,0.0322726246896863,0.38,0.6274588518667201
mlp,2,2,3,0.05,fixed horizon 50,186,55,131,1.0000202858149865,0.5319148936170213,0.33962264150943394,0.46808510638297873,0.4038538739462063,0.17888888888888893,0.721132075471698,0.8211111111111111,0.278867924528302,0.11920000000000001,0.43,0.562424729024488
mlp,2,2,3,0.05,fixed horizon 100,186,55,131,0.999978919624126,0.46808510638297873,0.4339622641509434,0.5319148936170213,0.48293857888398234,0.01608695652173913,0.5730188679245283,0.9839130434782609,0.4269811320754717,0.00681818181818182,0.45,0.551184263348053
mlp,2,2,3,0.05,fixed horizon 148,186,55,131,0.999978919624126,0.48936170212765956,0.4528301886792453,0.5106382978723404,0.48173424327579284,0.0419481981981982,0.5661652218255991,0.9580518018018018,0.43383477817440086,0.0373090481786134,0.47,0.6170212765957447
mlp,2,2,3,0.075,by final end,186,55,131,0.999961080840033,0.6170212765957447,0.9622641509433962,0.3829787234042553,0.6726214371738257,0.39690799396681753,0.4196661828737301,0.6030920060331825,0.58033381712627,0.03687002652519894,0.8,0.967482938578884
mlp,2,2,3,0.075,by earliest stop,186,55,131,0.999961080840033,0.5957446808510638,0.5283018867924528,0.40425531914893614,0.46627860297069446,0.0404536222071767,0.4930698381471877,0.9595463777928233,0.5069301618528124,0.021327014218009477,0.56,0.6274588518667201
mlp,2,2,3,0.075,fixed horizon 50,186,55,131,1.0000133806977756,0.6170212765957447,0.4528301886792453,0.3829787234042553,0.4179044560417503,0.17250000000000001,0.6252830188679244,0.8275,0.37471698113207563,0.12413793103448277,0.53,0.562424729024488
mlp,2,2,3,0.075,fixed horizon 100,186,55,131,1.0049070544202987,0.0851063829787234,0.16981132075471697,0.9148936170212766,0.5423524688879968,0.37,0.8930188679245284,0.63,0.10698113207547155,0.44000000000000006,0.13,0.551184263348053
mlp,2,2,3,0.075,fixed horizon 148,186,55,131,1.007158965263347,0.02127659574468085,0.09433962264150944,0.9787234042553191,0.5365315134484143,0.5216216216216217,0.9548699643039267,0.47837837837837827,0.04513003569607332,0.5472972972972973,0.06,0.6170212765957447
mlp,2,2,3,0.1,by final end,186,55,131,0.9998253758410779,0.7446808510638298,0.9622641509433962,0.2553191489361702,0.6087916499397832,0.2657239819004525,0.2934325108853411,0.7342760180995476,0.7065674891146589,0.029945054945054946,0.86,0.967482938578884
mlp,2,2,3,0.1,by earliest stop,186,55,131,0.9998253758410779,0.723404255319149,0.660377358490566,0.2765957446808511,0.4684865515857085,0.02992552471225457,0.35938478047035677,0.9700744752877455,0.6406152195296433,0.017424031223863955,0.69,0.6274588518667201
mlp,2,2,3,0.1,fixed horizon 50,186,55,131,0.9999707061978435,0.723404255319149,0.5849056603773585,0.2765957446808511,0.43075070252910475,0.04967741935483871,0.4441509433962264,0.9503225806451613,0.5558490566037736,0.05764705882352941,0.65,0.562424729024488
mlp,2,2,3,0.1,fixed horizon 100,186,55,131,1.0171678836894364,0.0851063829787234,0.18867924528301888,0.9148936170212766,0.5517864311521478,0.6130000000000001,0.9269811320754717,0.3869999999999999,0.07301886792452827,0.615,0.14,0.551184263348053
mlp,2,2,3,0.1,fixed horizon 148,186,55,131,1.000174939621107,0.574468085106383,0.4339622641509434,0.425531914893617,0.42974708952228025,0.13307873090481784,0.6237888832228454,0.8669212690951822,0.3762111167771546,0.05455455455455455,0.5,0.6170212765957447
mlp,2,2,3,0.15,by final end,186,55,131,1.0287962699605733,0.3191489361702128,0.9622641509433962,0.6808510638297872,0.8215576073865918,0.46398944193061836,0.48421625544267044,0.5360105580693817,0.5157837445573296,0.4249999999999999,0.66,0.967482938578884
mlp,2,2,3,0.15,by earliest stop,186,55,131,1.0287962699605733,0.0851063829787234,0.20754716981132076,0.9148936170212766,0.5612203934162987,0.2977165015079707,0.8542430474827863,0.7022834984920293,0.14575695251721366,0.2962085308056872,0.15,0.6274588518667201
mlp,2,2,3,0.15,fixed horizon 50,186,55,131,1.000519590984174,0.2978723404255319,0.41509433962264153,0.7021276595744681,0.5586109995985549,0.5127272727272728,0.7977358490566037,0.4872727272727272,0.20226415094339634,0.4171428571428572,0.36,0.562424729024488
mlp,2,2,3,0.15,fixed horizon 100,186,55,131,1.017039892009414,0.0851063829787234,0.20754716981132076,0.9148936170212766,0.5612203934162987,0.6145454545454546,0.9199999999999999,0.3854545454545454,0.08000000000000007,0.615,0.15,0.551184263348053
mlp,2,2,3,0.15,fixed horizon 148,186,55,131,1.0253057696289576,0.10638297872340426,0.22641509433962265,0.8936170212765957,0.5600160578081091,0.4498873873873874,0.8754462009178992,0.5501126126126126,0.12455379908210085,0.48918918918918913,0.17,0.6170212765957447
mlp,2,2,3,0.2,by final end,186,55,131,1.0375502199143996,0.6808510638297872,0.9622641509433962,0.3191489361702128,0.6407065435568045,0.4019607843137255,0.42452830188679247,0.5980392156862745,0.5754716981132075,0.41634615384615387,0.83,0.967482938578884
mlp,2,2,3,0.2,by earliest stop,186,55,131,1.0375502199143996,0.10638297872340426,0.20754716981132076,0.8936170212765957,0.5505820955439582,0.26238690219732874,0.8469104891352945,0.7376130978026713,0.15308951086470546,0.2625592417061612,0.16,0.6274588518667201
mlp,2,2,3,0.2,fixed horizon 50,186,55,131,0.9976850881869548,0.9148936170212766,0.9433962264150944,0.0851063829787234,0.5142513046969088,0.0204,0.07584905660377357,0.9796,0.9241509433962264,0.02790697674418605,0.93,0.562424729024488
mlp,2,2,3,0.2,fixed horizon 100,186,55,131,1.0016028723306878,0.8723404255319149,0.8301886792452831,0.1276595744680851,0.47892412685668406,0.229090909090909,0.36000000000000004,0.770909090909091,0.6399999999999999,0.23048780487804876,0.85,0.551184263348053
mlp,2,2,3,0.2,fixed horizon 148,186,55,131,1.048332217790711,0.8723404255319149,0.9056603773584906,0.1276595744680851,0.5166599759132878,0.3125,0.3773584905660378,0.6875,0.6226415094339621,0.3614040870138431,0.89,0.6170212765957447
mlp,2,2,3,0.3,by final end,186,55,131,0.9953187503895715,1.0,1.0,0.0,0.5,0.01335268505079826,0.01335268505079826,0.9866473149492018,0.9866473149492018,0.01837152209492635,1.0,0.967482938578884
mlp,2,2,3,0.3,by earliest stop,186,55,131,0.9953187503895715,1.0,0.9811320754716981,0.0,0.49056603773584906,0.013397739701057235,0.03201287668782974,0.9866022602989427,0.9679871233121703,0.04527578904910759,0.99,0.6274588518667201
mlp,2,2,3,0.3,fixed horizon 50,186,55,131,1.0193669063341957,1.0,0.9622641509433962,0.0,0.4811320754716981,0.06549019607843137,0.10075471698113206,0.9345098039215687,0.899245283018868,0.06765957446808511,0.98,0.562424729024488
mlp,2,2,3,0.3,fixed horizon 100,186,55,131,0.9953187503895715,1.0,0.9811320754716981,0.0,0.49056603773584906,0.02423076923076923,0.04264150943396226,0.9757692307692307,0.9573584905660377,0.06446808510638298,0.99,0.551184263348053
mlp,2,2,3,0.3,fixed horizon 148,186,55,131,0.9953187503895715,1.0,1.0,0.0,0.5,0.03531361550229475,0.03531361550229475,0.9646863844977053,0.9646863844977053,0.04815986198964923,1.0,0.6170212765957447
mlp,2,2,4,0.01,by final end,186,55,131,1.34453007694274,0.0,0.11320754716981132,1.0,0.5566037735849056,0.9833333333333334,0.9981132075471698,0.016666666666666607,0.0018867924528301883,,0.06,0.967482938578884
mlp,2,2,4,0.01,by earliest stop,186,55,131,1.34453007694274,0.0,0.0,1.0,0.5,,1.0,,0.0,,0.0,0.6274588518667201
mlp,2,2,4,0.01,fixed horizon 50,186,55,131,1.000357448119496,0.0851063829787234,0.09433962264150944,0.9148936170212766,0.504616619831393,0.34,0.9377358490566038,0.6599999999999999,0.06226415094339621,0.34,0.09,0.562424729024488
mlp,2,2,4,0.01,fixed horizon 100,186,55,131,1.000357448119496,0.0851063829787234,0.09433962264150944,0.9148936170212766,0.504616619831393,0.17,0.9216981132075472,0.83,0.07830188679245276,0.17,0.09,0.551184263348053
mlp,2,2,4,0.01,fixed horizon 148,186,55,131,1.000357448119496,0.0851063829787234,0.09433962264150944,0.9148936170212766,0.504616619831393,0.11486486486486487,0.9164966853646098,0.8851351351351351,0.08350331463539018,0.11486486486486487,0.09,0.6170212765957447
mlp,2,2,4,0.025,by final end,186,55,131,1.1201065540882544,0.0,0.7735849056603774,1.0,0.8867924528301887,0.8963414634146342,0.9198113207547168,0.10365853658536583,0.08018867924528317,,0.41,0.967482938578884
mlp,2,2,4,0.025,by earliest stop,186,55,131,1.1201065540882544,0.0,0.0,1.0,0.5,,1.0,,0.0,,0.0,0.6274588518667201
mlp,2,2,4,0.025,fixed horizon 50,186,55,131,1.0000437972590104,0.2765957446808511,0.22641509433962265,0.723404255319149,0.47490967482938584,0.3050000000000001,0.8426415094339622,0.6949999999999998,0.1573584905660378,0.28153846153846157,0.25,0.562424729024488
mlp,2,2,4,0.025,fixed horizon 100,186,55,131,1.0000437972590104,0.2765957446808511,0.22641509433962265,0.723404255319149,0.47490967482938584,0.15250000000000005,0.8081132075471698,0.8474999999999999,0.19188679245283025,0.14076923076923079,0.25,0.551184263348053
mlp,2,2,4,0.025,fixed horizon 148,186,55,131,1.0000437972590104,0.2765957446808511,0.22641509433962265,0.723404255319149,0.47490967482938584,0.10304054054054053,0.7969148393676696,0.8969594594594594,0.2030851606323304,0.09511434511434512,0.25,0.6170212765957447
mlp,2,2,4,0.05,by final end,186,55,131,1.1734872430579908,0.06382978723404255,0.9245283018867925,0.9361702127659575,0.930349257326375,0.8310439560439561,0.8437953555878083,0.1689560439560439,0.15620464441219173,0.8173076923076922,0.52,0.967482938578884
mlp,2,2,4,0.05,by earliest stop,186,55,131,1.1734872430579908,0.0,0.0,1.0,0.5,,1.0,,0.0,,0.0,0.6274588518667201
mlp,2,2,4,0.05,fixed horizon 50,186,55,131,1.0064153129359998,0.14893617021276595,0.22641509433962265,0.851063829787234,0.5387394620634284,0.58,0.9049056603773585,0.42000000000000004,0.09509433962264147,0.58,0.19,0.562424729024488
mlp,2,2,4,0.05,fixed horizon 100,186,55,131,1.0139586654953023,0.02127659574468085,0.07547169811320754,0.9787234042553191,0.5270975511842634,0.86,0.9894339622641509,0.14,0.010566037735849076,0.86,0.05,0.551184263348053
mlp,2,2,4,0.05,fixed horizon 148,186,55,131,1.0292114892010407,0.02127659574468085,0.07547169811320754,0.9787234042553191,0.5270975511842634,0.7364864864864865,0.9801121876593575,0.2635135135135135,0.01988781234064252,0.7364864864864865,0.05,0.6170212765957447
mlp,2,2,4,0.075,by final end,186,55,131,1.9364565222688013,0.06382978723404255,0.9433962264150944,0.9361702127659575,0.9397832195905259,0.8113846153846153,0.8220609579100145,0.18861538461538474,0.17793904208998546,0.7961538461538461,0.53,0.967482938578884
mlp,2,2,4,0.075,by earliest stop,186,55,131,1.9364565222688013,0.0,0.0,1.0,0.5,,1.0,,0.0,,0.0,0.6274588518667201
mlp,2,2,4,0.075,fixed horizon 50,186,55,131,1.0243219893666002,0.1702127659574468,0.24528301886792453,0.8297872340425532,0.5375351264552388,0.5999999999999999,0.9018867924528301,0.40000000000000013,0.0981132075471699,0.6,0.21,0.562424729024488
mlp,2,2,4,0.075,fixed horizon 100,186,55,131,1.0298630299399925,0.02127659574468085,0.09433962264150944,0.9787234042553191,0.5365315134484143,0.8219999999999998,0.9832075471698113,0.17800000000000016,0.01679245283018871,0.82,0.06,0.551184263348053
mlp,2,2,4,0.075,fixed horizon 148,186,55,131,1.0559126942846464,0.02127659574468085,0.07547169811320754,0.9787234042553191,0.5270975511842634,0.7702702702702703,0.9826619071902091,0.22972972972972971,0.017338092809790928,0.7702702702702703,0.05,0.6170212765957447
mlp,2,2,4,0.1,by final end,186,55,131,1.6262736598261656,0.06382978723404255,0.9433962264150944,0.9361702127659575,0.9397832195905259,0.7219615384615383,0.7376995645863569,0.2780384615384617,0.2623004354136431,0.6993589743589744,0.53,0.967482938578884
mlp,2,2,4,0.1,by earliest stop,186,55,131,1.6262736598261656,0.0,0.0,1.0,0.5,,1.0,,0.0,,0.0,0.6274588518667201
mlp,2,2,4,0.1,fixed horizon 50,186,55,131,1.0224647312766857,0.2127659574468085,0.2830188679245283,0.7872340425531915,0.5351264552388599,0.6213333333333331,0.8928301886792452,0.37866666666666693,0.10716981132075476,0.6319999999999999,0.25,0.562424729024488
mlp,2,2,4,0.1,fixed horizon 100,186,55,131,1.0361798260522341,0.0425531914893617,0.11320754716981132,0.9574468085106383,0.5353271778402249,0.8316666666666667,0.980943396226415,0.16833333333333333,0.01905660377358498,0.835,0.08,0.551184263348053
mlp,2,2,4,0.1,fixed horizon 148,186,55,131,1.0707160516263863,0.02127659574468085,0.07547169811320754,0.9787234042553191,0.5270975511842634,0.75,0.9811320754716981,0.25,0.018867924528301883,0.75,0.05,0.6170212765957447
mlp,2,2,4,0.15,by final end,186,55,131,1.0267886138586437,0.3829787234042553,0.9622641509433962,0.6170212765957447,0.7896427137695705,0.4255656108597285,0.44724238026124813,0.5744343891402715,0.5527576197387518,0.34091880341880343,0.69,0.967482938578884
mlp,2,2,4,0.15,by earliest stop,186,55,131,1.0267886138586437,0.14893617021276595,0.24528301886792453,0.851063829787234,0.5481734243275793,0.19467736055413778,0.8024680318340339,0.8053226394458622,0.19753196816596608,0.14759647935003387,0.2,0.6274588518667201
mlp,2,2,4,0.15,fixed horizon 50,186,55,131,1.0016465766467197,0.3404255319148936,0.39622641509433965,0.6595744680851063,0.527900441589723,0.4457142857142858,0.7803773584905661,0.5542857142857143,0.2196226415094339,0.42375,0.37,0.562424729024488
mlp,2,2,4,0.15,fixed horizon 100,186,55,131,1.0296713965652577,0.0851063829787234,0.18867924528301888,0.9148936170212766,0.5517864311521478,0.6220000000000001,0.9286792452830188,0.3779999999999999,0.07132075471698118,0.625,0.14,0.551184263348053
mlp,2,2,4,0.15,fixed horizon 148,186,55,131,1.0608100960373426,0.0425531914893617,0.11320754716981132,0.9574468085106383,0.5353271778402249,0.7713963963963965,0.9741203467618562,0.22860360360360354,0.025879653238143785,0.8513513513513513,0.08,0.6170212765957447
mlp,2,2,4,0.2,by final end,186,55,131,0.997403065436146,0.9148936170212766,1.0,0.0851063829787234,0.5425531914893617,0.053592162554426705,0.053592162554426705,0.9464078374455733,0.9464078374455733,0.022629695885509837,0.96,0.967482938578884
mlp,2,2,4,0.2,by earliest stop,186,55,131,0.997403065436146,0.8723404255319149,0.9056603773584906,0.1276595744680851,0.5166599759132878,0.0030608214849921008,0.09711168738263434,0.9969391785150079,0.9028883126173657,0.004392555773898971,0.89,0.6274588518667201
mlp,2,2,4,0.2,fixed horizon 50,186,55,131,0.9969348998218056,0.8723404255319149,0.9245283018867925,0.1276595744680851,0.5260939381774388,0.01673469387755102,0.0909433962264151,0.983265306122449,0.9090566037735849,0.014146341463414633,0.9,0.562424729024488
mlp,2,2,4,0.2,fixed horizon 100,186,55,131,0.9976965767926399,0.9574468085106383,0.9245283018867925,0.0425531914893617,0.48354074668807706,0.016734693877551023,0.0909433962264151,0.983265306122449,0.9090566037735849,0.05644444444444444,0.94,0.551184263348053
mlp,2,2,4,0.2,fixed horizon 148,186,55,131,0.9969348998218056,0.8936170212765957,0.9622641509433962,0.10638297872340426,0.5343235648334003,0.041202967673555906,0.07738398776134624,0.9587970323264441,0.9226160122386537,0.024935649935649937,0.93,0.6170212765957447
mlp,2,2,4,0.3,by final end,186,55,131,0.9775457927999692,0.9574468085106383,1.0,0.0425531914893617,0.5212765957446809,0.014949201741654572,0.014949201741654572,0.9850507982583454,0.9850507982583454,0.02867521367521367,0.98,0.967482938578884
mlp,2,2,4,0.3,by earliest stop,186,55,131,0.9775457927999692,0.9574468085106383,0.9811320754716981,0.0425531914893617,0.5118426334805299,0.014126868392271234,0.03272824823392649,0.9858731316077287,0.9672717517660735,0.07066877303844128,0.97,0.6274588518667201
mlp,2,2,4,0.3,fixed horizon 50,186,55,131,0.9588064840608058,0.9787234042553191,0.9811320754716981,0.02127659574468085,0.5012043356081894,0.009230769230769232,0.02792452830188679,0.9907692307692307,0.9720754716981133,0.051739130434782614,0.98,0.562424729024488
mlp,2,2,4,0.3,fixed horizon 100,186,55,131,0.9639997209175014,1.0,0.9811320754716981,0.0,0.49056603773584906,0.004615384615384616,0.02339622641509434,0.9953846153846154,0.9766037735849057,0.06297872340425532,0.99,0.551184263348053
mlp,2,2,4,0.3,fixed horizon 148,186,55,131,0.9775457927999692,1.0,0.9811320754716981,0.0,0.49056603773584906,0.0033783783783783786,0.022182559918408975,0.9966216216216216,0.977817440081591,0.055347901092581954,0.99,0.6170212765957447
mlp,2,2,5,0.01,by final end,186,55,131,1.0040412763479178,0.0,0.09433962264150944,1.0,0.5471698113207547,0.8707692307692309,0.9878084179970972,0.12923076923076915,0.012191582002902823,,0.05,0.967482938578884
mlp,2,2,5,0.01,by earliest stop,186,55,131,1.0040412763479178,0.0,0.0,1.0,0.5,,1.0,,0.0,,0.0,0.6274588518667201
mlp,2,2,5,0.01,fixed horizon 50,186,55,131,1.0000349353613884,0.2978723404255319,0.07547169811320754,0.7021276595744681,0.3887996788438378,0.245,0.9430188679245284,0.755,0.05698113207547162,0.1457142857142857,0.18,0.562424729024488
mlp,2,2,5,0.01,fixed horizon 100,186,55,131,1.0000541081386882,0.02127659574468085,0.018867924528301886,0.9787234042553191,0.4987956643918105,0.12,0.9833962264150944,0.88,0.016603773584905612,0.12,0.02,0.551184263348053
mlp,2,2,5,0.01,fixed horizon 148,186,55,131,1.0019708047532,0.0,0.0,1.0,0.5,,1.0,,0.0,,0.0,0.6170212765957447
mlp,2,2,5,0.025,by final end,186,55,131,1.001983182204669,0.0,0.11320754716981132,1.0,0.5566037735849056,0.7560897435897437,0.972387518142235,0.24391025641025632,0.027612481857764992,,0.06,0.967482938578884
mlp,2,2,5,0.025,by earliest stop,186,55,131,1.001983182204669,0.0,0.0,1.0,0.5,,1.0,,0.0,,0.0,0.6274588518667201
mlp,2,2,5,0.025,fixed horizon 50,186,55,131,1.0000223253346674,0.3617021276595745,0.11320754716981132,0.6382978723404256,0.37575270975511843,0.14666666666666667,0.9033962264150942,0.8533333333333333,0.0966037735849058,0.1223529411764706,0.23,0.562424729024488
mlp,2,2,5,0.025,fixed horizon 100,186,55,131,1.0000223253346674,0.3617021276595745,0.11320754716981132,0.6382978723404256,0.37575270975511843,0.07333333333333333,0.8950943396226415,0.9266666666666666,0.10490566037735849,0.0611764705882353,0.23,0.551184263348053
mlp,2,2,5,0.025,fixed horizon 148,186,55,131,1.0012858841408683,0.0,0.03773584905660377,1.0,0.5188679245283019,0.8040540540540541,0.9926058133605303,0.19594594594594594,0.007394186639469669,,0.02,0.6170212765957447
mlp,2,2,5,0.05,by final end,186,55,131,0.999990341751833,0.44680851063829785,0.7924528301886793,0.5531914893617021,0.6728221597751907,0.5423076923076924,0.6373004354136428,0.4576923076923076,0.3626995645863572,0.012179487179487178,0.63,0.967482938578884
mlp,2,2,5,0.05,by earliest stop,186,55,131,0.999990341751833,0.44680851063829785,0.32075471698113206,0.5531914893617021,0.43697310317141713,0.06690827989963757,0.7007064294017706,0.9330917201003625,0.29929357059822936,0.03001579778830964,0.38,0.6274588518667201
mlp,2,2,5,0.05,fixed horizon 50,186,55,131,1.0003870459763702,0.574468085106383,0.2641509433962264,0.425531914893617,0.3448414291449217,0.1342857142857143,0.771320754716981,0.8657142857142857,0.22867924528301897,0.13629629629629633,0.41,0.562424729024488
mlp,2,2,5,0.05,fixed horizon 100,186,55,131,0.999960567854129,0.5531914893617021,0.5094339622641509,0.44680851063829785,0.4781212364512244,0.011111111111111113,0.49622641509433957,0.9888888888888889,0.5037735849056604,0.00576923076923077,0.53,0.551184263348053
mlp,2,2,5,0.05,fixed horizon 148,186,55,131,0.999990341751833,0.44680851063829785,0.32075471698113206,0.5531914893617021,0.43697310317141713,0.0945945945945946,0.709586945436002,0.9054054054054054,0.290413054563998,0.04150579150579151,0.38,0.6170212765957447
mlp,2,2,5,0.075,by final end,186,55,131,0.999959192105303,0.6382978723404256,0.9622641509433962,0.3617021276595745,0.6619831393014853,0.3783559577677224,0.4018142235123367,0.6216440422322775,0.5981857764876632,0.0608974358974359,0.81,0.967482938578884
mlp,2,2,5,0.075,by earliest stop,186,55,131,0.999959192105303,0.5957446808510638,0.5094339622641509,0.40425531914893614,0.4568446407065435,0.0050903984553273655,0.4931592595904498,0.9949096015446727,0.5068407404095502,0.02166553825321598,0.55,0.6274588518667201
mlp,2,2,5,0.075,fixed horizon 50,186,55,131,1.0005388164505018,0.6382978723404256,0.41509433962264153,0.3617021276595745,0.38839823364110804,0.20545454545454547,0.6701886792452829,0.7945454545454546,0.3298113207547171,0.1446666666666667,0.52,0.562424729024488
mlp,2,2,5,0.075,fixed horizon 100,186,55,131,1.0008239148268832,0.574468085106383,0.41509433962264153,0.425531914893617,0.4203131272581293,0.12909090909090912,0.6384905660377359,0.8709090909090909,0.3615094339622641,0.08851851851851852,0.49,0.551184263348053
mlp,2,2,5,0.075,fixed horizon 148,186,55,131,1.0009096806935474,0.46808510638297873,0.33962264150943394,0.5319148936170213,0.4357687675632276,0.11599099099099101,0.6997705252422233,0.884009009009009,0.3002294747577767,0.0816953316953317,0.4,0.6170212765957447
mlp,2,2,5,0.1,by final end,186,55,131,0.9998103544623207,0.7446808510638298,0.9622641509433962,0.2553191489361702,0.6087916499397832,0.26221719457013576,0.2900580551523948,0.7377828054298643,0.7099419448476052,0.029615384615384613,0.86,0.967482938578884
mlp,2,2,5,0.1,by earliest stop,186,55,131,0.9998103544623207,0.723404255319149,0.660377358490566,0.2765957446808511,0.4684865515857085,0.029790115098171966,0.3592953590270947,0.970209884901828,0.6407046409729054,0.017424031223863955,0.69,0.6274588518667201
mlp,2,2,5,0.1,fixed horizon 50,186,55,131,1.000569405189413,0.6382978723404256,0.41509433962264153,0.3617021276595745,0.38839823364110804,0.20545454545454547,0.6701886792452829,0.7945454545454546,0.3298113207547171,0.138,0.52,0.562424729024488
mlp,2,2,5,0.1,fixed horizon 100,186,55,131,1.0004989412393674,0.6595744680851063,0.41509433962264153,0.3404255319148936,0.37775993576876754,0.10227272727272728,0.6273584905660378,0.8977272727272727,0.37264150943396224,0.07322580645161292,0.53,0.551184263348053
mlp,2,2,5,0.1,fixed horizon 148,186,55,131,1.000784804139142,0.5957446808510638,0.4339622641509434,0.40425531914893614,0.41910879164993975,0.11809635722679201,0.617287098419174,0.881903642773208,0.38271290158082605,0.05670849420849421,0.51,0.6170212765957447
mlp,2,2,5,0.15,by final end,186,55,131,0.9996620720315209,0.851063829787234,0.9622641509433962,0.14893617021276595,0.5556001605780811,0.1708521870286576,0.2021407837445573,0.8291478129713424,0.7978592162554428,0.022836538461538457,0.91,0.967482938578884
mlp,2,2,5,0.15,by earliest stop,186,55,131,0.9996620720315209,0.8297872340425532,0.7358490566037735,0.1702127659574468,0.4530309112806102,0.010086280228460321,0.27157292318698023,0.9899137197715396,0.7284270768130198,0.013488880787458987,0.78,0.6274588518667201
mlp,2,2,5,0.15,fixed horizon 50,186,55,131,0.9996620720315209,0.8297872340425532,0.7735849056603774,0.1702127659574468,0.4718988358089121,0.041951219512195125,0.2588679245283019,0.9580487804878048,0.7411320754716981,0.03641025641025641,0.8,0.562424729024488
mlp,2,2,5,0.15,fixed horizon 100,186,55,131,1.0018588381649143,0.574468085106383,0.5283018867924528,0.425531914893617,0.47691690084303495,0.15714285714285717,0.5547169811320755,0.8428571428571429,0.44528301886792454,0.14,0.55,0.551184263348053
mlp,2,2,5,0.15,fixed horizon 148,186,55,131,1.0059477130877517,0.3404255319148936,0.41509433962264153,0.6595744680851063,0.5373344038538739,0.19871007371007374,0.6673890872004079,0.8012899262899262,0.3326109127995921,0.19932432432432434,0.38,0.6170212765957447
mlp,2,2,5,0.2,by final end,186,55,131,0.9979654493355546,0.8936170212765957,1.0,0.10638297872340426,0.5531914893617021,0.05711175616835994,0.05711175616835994,0.94288824383164,0.94288824383164,0.012728937728937729,0.95,0.967482938578884
mlp,2,2,5,0.2,by earliest stop,186,55,131,0.9979654493355546,0.8723404255319149,0.9056603773584906,0.1276595744680851,0.5166599759132878,0.004838072669826224,0.09872127336135207,0.9951619273301737,0.9012787266386479,0.003583400762917582,0.89,0.6274588518667201
mlp,2,2,5,0.2,fixed horizon 50,186,55,131,0.9958902524886852,0.8723404255319149,0.9433962264150944,0.1276595744680851,0.5355279004415897,0.0144,0.07018867924528302,0.9856,0.929811320754717,0.013658536585365855,0.91,0.562424729024488
mlp,2,2,5,0.2,fixed horizon 100,186,55,131,0.9958902524886852,0.8723404255319149,0.9433962264150944,0.1276595744680851,0.5355279004415897,0.0072,0.06339622641509435,0.9928,0.9366037735849057,0.006829268292682928,0.91,0.551184263348053
mlp,2,2,5,0.2,fixed horizon 148,186,55,131,0.9989840013571577,0.9148936170212766,0.9811320754716981,0.0851063829787234,0.5331192292252107,0.005197505197505198,0.0239673635900051,0.9948024948024948,0.9760326364099949,0.0251414204902577,0.95,0.6170212765957447
mlp,2,2,5,0.3,by final end,186,55,131,0.9686064532112049,0.9574468085106383,1.0,0.0425531914893617,0.5212765957446809,0.009361393323657473,0.009361393323657473,0.9906386066763425,0.9906386066763425,0.010726495726495727,0.98,0.967482938578884
mlp,2,2,5,0.3,by earliest stop,186,55,131,0.9686064532112049,0.9361702127659575,0.9811320754716981,0.06382978723404255,0.5224809313528703,0.0012759752096244985,0.020119824733971208,0.9987240247903755,0.9798801752660288,0.002800517018526497,0.96,0.6274588518667201
mlp,2,2,5,0.3,fixed horizon 50,186,55,131,0.9847954921056412,1.0,1.0,0.0,0.5,0.012452830188679246,0.012452830188679246,0.9875471698113207,0.9875471698113207,0.04042553191489362,1.0,0.562424729024488
mlp,2,2,5,0.3,fixed horizon 100,186,55,131,0.9806095019128951,1.0,0.9811320754716981,0.0,0.49056603773584906,0.003076923076923077,0.021886792452830192,0.9969230769230769,0.9781132075471698,0.06127659574468085,0.99,0.551184263348053
mlp,2,2,5,0.3,fixed horizon 148,186,55,131,0.9847954921056412,1.0,0.9811320754716981,0.0,0.49056603773584906,0.002208939708939709,0.021035186129525752,0.9977910602910602,0.9789648138704743,0.04729729729729729,0.99,0.6170212765957447
mlp,2,2,6,0.01,by final end,186,55,131,1.005161770424192,0.0,0.07547169811320754,1.0,0.5377358490566038,0.8403846153846154,0.9879535558780841,0.1596153846153846,0.012046444121915911,,0.04,0.967482938578884
mlp,2,2,6,0.01,by earliest stop,186,55,131,1.005161770424192,0.0,0.018867924528301886,1.0,0.5094339622641509,0.981042654028436,0.9996423142269516,0.018957345971563955,0.00035768577304839955,,0.01,0.6274588518667201
mlp,2,2,6,0.01,fixed horizon 50,186,55,131,1.0004284539077442,0.1276595744680851,0.11320754716981132,0.8723404255319149,0.4927739863508631,0.32,0.9230188679245284,0.6799999999999999,0.07698113207547164,0.32,0.12,0.562424729024488
mlp,2,2,6,0.01,fixed horizon 100,186,55,131,1.0004284539077442,0.1276595744680851,0.11320754716981132,0.8723404255319149,0.4927739863508631,0.16,0.9049056603773584,0.84,0.09509433962264158,0.16,0.12,0.551184263348053
mlp,2,2,6,0.01,fixed horizon 148,186,55,131,1.0029089427046542,0.0,0.0,1.0,0.5,,1.0,,0.0,,0.0,0.6170212765957447
mlp,2,2,6,0.025,by final end,186,55,131,1.0041761786474406,0.0,0.07547169811320754,1.0,0.5377358490566038,0.8,0.9849056603773585,0.19999999999999996,0.015094339622641506,,0.04,0.967482938578884
mlp,2,2,6,0.025,by earliest stop,186,55,131,1.0041761786474406,0.0,0.018867924528301886,1.0,0.5094339622641509,0.8720379146919431,0.9975856210319235,0.12796208530805686,0.0024143789680765027,,0.01,0.6274588518667201
mlp,2,2,6,0.025,fixed horizon 50,186,55,131,1.0003796561623912,0.2978723404255319,0.1509433962264151,0.7021276595744681,0.4265355279004416,0.2525,0.8871698113207548,0.7475,0.11283018867924521,0.1785714285714286,0.22,0.562424729024488
mlp,2,2,6,0.025,fixed horizon 100,186,55,131,1.0003796561623912,0.2978723404255319,0.1509433962264151,0.7021276595744681,0.4265355279004416,0.12625,0.8681132075471698,0.87375,0.1318867924528302,0.0892857142857143,0.22,0.551184263348053
mlp,2,2,6,0.025,fixed horizon 148,186,55,131,1.0013672965415896,0.0,0.05660377358490566,1.0,0.5283018867924528,0.8063063063063063,0.9890362060173381,0.1936936936936937,0.010963793982661896,,0.03,0.6170212765957447
mlp,2,2,6,0.05,by final end,186,55,131,1.0002747845843807,0.5106382978723404,0.32075471698113206,0.48936170212765956,0.4050582095543958,0.10893665158371038,0.7141872278664732,0.8910633484162896,0.28581277213352685,0.021394230769230773,0.41,0.967482938578884
mlp,2,2,6,0.05,by earliest stop,186,55,131,1.0002747845843807,0.5106382978723404,0.3018867924528302,0.48936170212765956,0.39562424729024487,0.13151658767772512,0.7378163283555398,0.8684834123222749,0.2621836716444602,0.052725118483412325,0.4,0.6274588518667201
mlp,2,2,6,0.05,fixed horizon 50,186,55,131,1.0001476554667135,0.5531914893617021,0.3018867924528302,0.44680851063829785,0.37434765154556404,0.185,0.7539622641509436,0.815,0.24603773584905642,0.15384615384615385,0.42,0.562424729024488
mlp,2,2,6,0.05,fixed horizon 100,186,55,131,1.0001828712250194,0.574468085106383,0.32075471698113206,0.425531914893617,0.37314331593737454,0.19176470588235295,0.7407547169811322,0.808235294117647,0.25924528301886784,0.10999999999999999,0.44,0.551184263348053
mlp,2,2,6,0.05,fixed horizon 148,186,55,131,1.0004362178490038,0.2765957446808511,0.3018867924528302,0.723404255319149,0.5126455238859896,0.2791385135135135,0.7823814380418155,0.7208614864864865,0.21761856195818452,0.1585239085239085,0.29,0.6170212765957447
mlp,2,2,6,0.075,by final end,186,55,131,1.0868509933057413,0.0425531914893617,0.7924528301886793,0.9574468085106383,0.8749498193496588,0.8009615384615385,0.8422714078374455,0.1990384615384615,0.15772859216255453,0.6576923076923077,0.44,0.967482938578884
mlp,2,2,6,0.075,by earliest stop,186,55,131,1.0868509933057413,0.0,0.0,1.0,0.5,,1.0,,0.0,,0.0,0.6274588518667201
mlp,2,2,6,0.075,fixed horizon 50,186,55,131,1.0004414142620166,0.3829787234042553,0.33962264150943394,0.6170212765957447,0.47832195905258934,0.3566666666666667,0.7815094339622641,0.6433333333333333,0.21849056603773587,0.3622222222222222,0.36,0.562424729024488
mlp,2,2,6,0.075,fixed horizon 100,186,55,131,1.0022412368294484,0.10638297872340426,0.22641509433962265,0.8936170212765957,0.5600160578081091,0.33,0.8483018867924529,0.6699999999999999,0.15169811320754711,0.33,0.17,0.551184263348053
mlp,2,2,6,0.075,fixed horizon 148,186,55,131,1.0056003078742641,0.0425531914893617,0.16981132075471697,0.9574468085106383,0.5636290646326777,0.3896396396396396,0.8963539010708821,0.6103603603603605,0.10364609892911791,0.40878378378378377,0.11,0.6170212765957447
mlp,2,2,6,0.1,by final end,186,55,131,1.0051338255918576,0.3617021276595745,0.9433962264150944,0.6382978723404256,0.79084704937776,0.48442307692307685,0.5136066763425253,0.5155769230769232,0.4863933236574747,0.18766968325791855,0.67,0.967482938578884
mlp,2,2,6,0.1,by earliest stop,186,55,131,1.0051338255918576,0.2765957446808511,0.2641509433962264,0.723404255319149,0.4937775993576877,0.10426540284360188,0.7633908611284986,0.8957345971563981,0.23660913887150137,0.10426540284360188,0.27,0.6274588518667201
mlp,2,2,6,0.1,fixed horizon 50,186,55,131,0.9999997987423999,0.6595744680851063,0.4528301886792453,0.3404255319148936,0.3966278602970694,0.15416666666666665,0.6169811320754717,0.8458333333333333,0.38301886792452833,0.07935483870967744,0.55,0.562424729024488
mlp,2,2,6,0.1,fixed horizon 100,186,55,131,1.0006398882314593,0.3404255319148936,0.3584905660377358,0.6595744680851063,0.509032517061421,0.2142105263157895,0.7183018867924527,0.7857894736842105,0.28169811320754734,0.19187500000000002,0.35,0.551184263348053
mlp,2,2,6,0.1,fixed horizon 148,186,55,131,1.0134640100735015,0.02127659574468085,0.09433962264150944,0.9787234042553191,0.5365315134484143,0.6418918918918919,0.9662162162162162,0.3581081081081081,0.03378378378378377,0.581081081081081,0.06,0.6170212765957447
mlp,2,2,6,0.15,by final end,186,55,131,1.0343239892676634,0.3617021276595745,0.9622641509433962,0.6382978723404256,0.8002810116419109,0.4569758672699849,0.4774673439767779,0.5430241327300152,0.5225326560232221,0.4597285067873303,0.68,0.967482938578884
mlp,2,2,6,0.15,by earliest stop,186,55,131,1.0343239892676634,0.06382978723404255,0.20754716981132076,0.9361702127659575,0.5718586912886391,0.3054717794054287,0.855852633461504,0.6945282205945713,0.14414736653849602,0.30173775671406,0.14,0.6274588518667201
mlp,2,2,6,0.15,fixed horizon 50,186,55,131,0.9995109826219358,0.8297872340425532,0.7735849056603774,0.1702127659574468,0.4718988358089121,0.02682926829268293,0.24716981132075475,0.973170731707317,0.7528301886792452,0.033846153846153845,0.8,0.562424729024488
mlp,2,2,6,0.15,fixed horizon 100,186,55,131,1.015279943773139,0.0851063829787234,0.22641509433962265,0.9148936170212766,0.5706543556804496,0.6166666666666667,0.9132075471698113,0.3833333333333333,0.08679245283018866,0.6125,0.16,0.551184263348053
mlp,2,2,6,0.15,fixed horizon 148,186,55,131,1.0005058114672194,0.5957446808510638,0.5660377358490566,0.40425531914893614,0.48514652749899634,0.0472972972972973,0.4607343192248853,0.9527027027027027,0.5392656807751147,0.03161196911196911,0.58,0.6170212765957447
mlp,2,2,6,0.2,by final end,186,55,131,1.0218546479764548,0.7021276595744681,0.9622641509433962,0.2978723404255319,0.6300682456844641,0.31583710407239823,0.3416545718432512,0.6841628959276018,0.6583454281567488,0.2896270396270397,0.84,0.967482938578884
mlp,2,2,6,0.2,by earliest stop,186,55,131,1.0218546479764548,0.2978723404255319,0.3584905660377358,0.7021276595744681,0.5303091128061019,0.13419805437765026,0.6896181704372708,0.8658019456223498,0.3103818295627292,0.1364251861882193,0.33,0.6274588518667201
mlp,2,2,6,0.2,fixed horizon 50,186,55,131,1.3442643046496272,0.6382978723404256,0.660377358490566,0.3617021276595745,0.5110397430750703,0.5674285714285713,0.7143396226415095,0.4325714285714287,0.2856603773584905,0.5713333333333332,0.65,0.562424729024488
mlp,2,2,6,0.2,fixed horizon 100,186,55,131,1.3526862983549226,0.6170212765957447,0.6792452830188679,0.3829787234042553,0.5311120032115616,0.3038888888888888,0.5271698113207548,0.6961111111111111,0.4728301886792452,0.2851724137931035,0.65,0.551184263348053
mlp,2,2,6,0.2,fixed horizon 148,186,55,131,1.3834777676376604,0.6808510638297872,0.6981132075471698,0.3191489361702128,0.5086310718586913,0.2532870708546385,0.47870984191738913,0.7467129291453616,0.5212901580826108,0.28610641891891897,0.69,0.6170212765957447
mlp,2,2,6,0.3,by final end,186,55,131,1.1745954226410174,1.0,1.0,0.0,0.5,0.05399129172714077,0.05399129172714077,0.9460087082728592,0.9460087082728592,0.04382160392798691,1.0,0.967482938578884
mlp,2,2,6,0.3,by earliest stop,186,55,131,1.1745954226410174,1.0,1.0,0.0,0.5,0.13305910757399625,0.13305910757399625,0.8669408924260038,0.8669408924260038,0.10799636986992034,1.0,0.6274588518667201
mlp,2,2,6,0.3,fixed horizon 50,186,55,131,1.0054825635127675,1.0,1.0,0.0,0.5,0.07471698113207548,0.07471698113207548,0.9252830188679245,0.9252830188679245,0.06425531914893617,1.0,0.562424729024488
mlp,2,2,6,0.3,fixed horizon 100,186,55,131,1.1401459128115718,1.0,0.9622641509433962,0.0,0.4811320754716981,0.19352941176470587,0.22396226415094342,0.8064705882352942,0.7760377358490566,0.21042553191489363,0.98,0.551184263348053
mlp,2,2,6,0.3,fixed horizon 148,186,55,131,1.1401459128115718,1.0,1.0,0.0,0.5,0.16177970423253446,0.16177970423253446,0.8382202957674656,0.8382202957674656,0.1490799309948246,1.0,0.6170212765957447
mlp,2,2,7,0.01,by final end,186,55,131,1.0038496760068618,0.0,0.07547169811320754,1.0,0.5377358490566038,0.7951923076923076,0.9845428156748911,0.20480769230769236,0.015457184325108897,,0.04,0.967482938578884
mlp,2,2,7,0.01,by earliest stop,186,55,131,1.0038496760068618,0.0,0.018867924528301886,1.0,0.5094339622641509,0.995260663507109,0.9999105785567379,0.004739336492891044,8.942144326207213e-05,,0.01,0.6274588518667201
mlp,2,2,7,0.01,fixed horizon 50,186,55,131,1.0000814983904958,0.1702127659574468,0.09433962264150944,0.8297872340425532,0.4620634283420313,0.30400000000000005,0.9343396226415095,0.696,0.06566037735849051,0.28750000000000003,0.13,0.562424729024488
mlp,2,2,7,0.01,fixed horizon 100,186,55,131,1.0000814983904958,0.1702127659574468,0.09433962264150944,0.8297872340425532,0.4620634283420313,0.15200000000000002,0.9200000000000002,0.848,0.07999999999999985,0.14375000000000002,0.13,0.551184263348053
mlp,2,2,7,0.01,fixed horizon 148,186,55,131,1.0000814983904958,0.1702127659574468,0.09433962264150944,0.8297872340425532,0.4620634283420313,0.10270270270270272,0.9153493115757267,0.8972972972972972,0.08465068842427326,0.09712837837837839,0.13,0.6170212765957447
mlp,2,2,7,0.025,by final end,186,55,131,1.0002377584164226,0.02127659574468085,0.09433962264150944,0.9787234042553191,0.5365315134484143,0.6315384615384615,0.9652394775036284,0.3684615384615385,0.034760522496371626,0.3942307692307692,0.06,0.967482938578884
mlp,2,2,7,0.025,by earliest stop,186,55,131,1.0002377584164226,0.02127659574468085,0.05660377358490566,0.9787234042553191,0.5176635889201124,0.9699842022116903,0.9983009925780203,0.03001579778830965,0.0016990074219797036,0.9715639810426541,0.04,0.6274588518667201
mlp,2,2,7,0.025,fixed horizon 50,186,55,131,0.9999811188365245,0.48936170212765956,0.33962264150943394,0.5106382978723404,0.4251304696908872,0.08111111111111112,0.6879245283018868,0.9188888888888889,0.3120754716981132,0.026956521739130435,0.41,0.562424729024488
mlp,2,2,7,0.025,fixed horizon 100,186,55,131,0.9999811188365245,0.48936170212765956,0.33962264150943394,0.5106382978723404,0.4251304696908872,0.04055555555555556,0.6741509433962264,0.9594444444444444,0.3258490566037736,0.013478260869565217,0.41,0.551184263348053
mlp,2,2,7,0.025,fixed horizon 148,186,55,131,0.9999811188365245,0.48936170212765956,0.33962264150943394,0.5106382978723404,0.4251304696908872,0.0274024024024024,0.6696838347781744,0.9725975975975976,0.3303161652218256,0.009106933019976499,0.41,0.6170212765957447
mlp,2,2,7,0.05,by final end,186,55,131,0.9999439727960899,0.6382978723404256,0.5660377358490566,0.3617021276595745,0.46386993175431557,0.016602564102564103,0.4433599419448476,0.9833974358974359,0.5566400580551524,0.01576923076923077,0.6,0.967482938578884
mlp,2,2,7,0.05,by earliest stop,186,55,131,0.9999439727960899,0.6382978723404256,0.5660377358490566,0.3617021276595745,0.46386993175431557,0.04091627172195892,0.4571224179558258,0.9590837282780411,0.5428775820441742,0.03886255924170616,0.6,0.6274588518667201
mlp,2,2,7,0.05,fixed horizon 50,186,55,131,0.9998957177318117,0.6808510638297872,0.5660377358490566,0.3191489361702128,0.4425933360096347,0.013333333333333334,0.44150943396226416,0.9866666666666667,0.5584905660377358,0.035,0.62,0.562424729024488
mlp,2,2,7,0.05,fixed horizon 100,186,55,131,0.999928163690679,0.6595744680851063,0.5660377358490566,0.3404255319148936,0.45323163388197507,0.01,0.439622641509434,0.99,0.560377358490566,0.018709677419354837,0.61,0.551184263348053
mlp,2,2,7,0.05,fixed horizon 148,186,55,131,0.999928163690679,0.6595744680851063,0.5660377358490566,0.3404255319148936,0.45323163388197507,0.006756756756756758,0.4377868434472208,0.9932432432432432,0.5622131565527793,0.012641673931996512,0.61,0.6170212765957447
mlp,2,2,7,0.075,by final end,186,55,131,0.9998781267511957,0.7021276595744681,0.9433962264150944,0.2978723404255319,0.6206342834203131,0.3243846153846154,0.36262699564586365,0.6756153846153846,0.6373730043541364,0.01486013986013986,0.83,0.967482938578884
mlp,2,2,7,0.075,by earliest stop,186,55,131,0.9998781267511957,0.7021276595744681,0.6037735849056604,0.2978723404255319,0.4508229626655961,0.03376777251184834,0.4166145041580971,0.9662322274881516,0.5833854958419029,0.03662214562688496,0.65,0.6274588518667201
mlp,2,2,7,0.075,fixed horizon 50,186,55,131,0.9998581379626212,0.6808510638297872,0.6226415094339622,0.3191489361702128,0.4708952228020875,0.029090909090909094,0.39547169811320754,0.9709090909090909,0.6045283018867924,0.018125000000000002,0.65,0.562424729024488
mlp,2,2,7,0.075,fixed horizon 100,186,55,131,0.999881877730882,0.7021276595744681,0.6037735849056604,0.2978723404255319,0.4508229626655961,0.035,0.4173584905660378,0.965,0.5826415094339622,0.04242424242424243,0.65,0.551184263348053
mlp,2,2,7,0.075,fixed horizon 148,186,55,131,0.9999124427877825,0.7021276595744681,0.6037735849056604,0.2978723404255319,0.4508229626655961,0.03125,0.41509433962264153,0.96875,0.5849056603773585,0.033579033579033586,0.65,0.6170212765957447
mlp,2,2,7,0.1,by final end,186,55,131,0.9995397673518623,0.7659574468085106,0.9622641509433962,0.23404255319148937,0.5981533520674428,0.23778280542986427,0.26654571843251085,0.7622171945701357,0.7334542815674892,0.010737179487179487,0.87,0.967482938578884
mlp,2,2,7,0.1,by earliest stop,186,55,131,0.9995397673518623,0.7659574468085106,0.6981132075471698,0.23404255319148937,0.46607788036932957,0.002305623158703728,0.30349637843154786,0.9976943768412962,0.6965036215684521,0.02646129541864139,0.73,0.6274588518667201
mlp,2,2,7,0.1,fixed horizon 50,186,55,131,0.9989928266715817,0.8297872340425532,0.7735849056603774,0.1702127659574468,0.4718988358089121,0.0004878048780487805,0.22679245283018867,0.9995121951219512,0.7732075471698113,0.0158974358974359,0.8,0.562424729024488
mlp,2,2,7,0.1,fixed horizon 100,186,55,131,0.9999326074274623,0.723404255319149,0.6037735849056604,0.2765957446808511,0.4401846647932557,0.019687499999999997,0.4081132075471698,0.9803125,0.5918867924528302,0.028235294117647056,0.66,0.551184263348053
mlp,2,2,7,0.1,fixed horizon 148,186,55,131,0.9999326074274623,0.723404255319149,0.6037735849056604,0.2765957446808511,0.4401846647932557,0.013302364864864864,0.40425803161652213,0.9866976351351351,0.5957419683834779,0.01907790143084261,0.66,0.6170212765957447
mlp,2,2,7,0.15,by final end,186,55,131,0.9989528581426601,0.8297872340425532,0.9811320754716981,0.1702127659574468,0.5756724207145725,0.14031065088757394,0.1565312046444122,0.859689349112426,0.8434687953555878,0.001282051282051282,0.91,0.967482938578884
mlp,2,2,7,0.15,by earliest stop,186,55,131,0.9989528581426601,0.8297872340425532,0.7924528301886793,0.1702127659574468,0.48133279807306306,0.007898894154818325,0.21380667083966737,0.9921011058451816,0.7861933291603327,0.00315955766192733,0.81,0.6274588518667201
mlp,2,2,7,0.15,fixed horizon 50,186,55,131,0.9987288747795287,0.851063829787234,0.8301886792452831,0.14893617021276595,0.4895624247290245,0.026818181818181817,0.1920754716981132,0.9731818181818181,0.8079245283018868,0.028000000000000004,0.84,0.562424729024488
mlp,2,2,7,0.15,fixed horizon 100,186,55,131,0.9988946986230529,0.851063829787234,0.8301886792452831,0.14893617021276595,0.4895624247290245,0.013409090909090909,0.1809433962264151,0.9865909090909091,0.8190566037735849,0.014750000000000003,0.84,0.551184263348053
mlp,2,2,7,0.15,fixed horizon 148,186,55,131,0.9987489514620584,0.851063829787234,0.8301886792452831,0.14893617021276595,0.4895624247290245,0.00906019656019656,0.17733299337072922,0.9909398034398035,0.8226670066292707,0.00945945945945946,0.84,0.6170212765957447
mlp,2,2,7,0.2,by final end,186,55,131,0.9962795104602896,0.8936170212765957,0.9811320754716981,0.10638297872340426,0.5437575270975512,0.019970414201183433,0.03846153846153846,0.9800295857988166,0.9615384615384616,0.012179487179487178,0.94,0.967482938578884
mlp,2,2,7,0.2,by earliest stop,186,55,131,0.9962795104602896,0.8723404255319149,0.9433962264150944,0.1276595744680851,0.5355279004415897,0.003412322274881516,0.059822945542341056,0.9965876777251185,0.940177054457659,0.0024274650329441684,0.91,0.6274588518667201
mlp,2,2,7,0.2,fixed horizon 50,186,55,131,0.9957784204696667,0.8723404255319149,0.9433962264150944,0.1276595744680851,0.5355279004415897,0.016800000000000002,0.07245283018867925,0.9832,0.9275471698113208,0.016585365853658537,0.91,0.562424729024488
mlp,2,2,7,0.2,fixed horizon 100,186,55,131,0.9956645375004175,0.8723404255319149,0.9433962264150944,0.1276595744680851,0.5355279004415897,0.008400000000000001,0.06452830188679246,0.9916,0.9354716981132075,0.008292682926829269,0.91,0.551184263348053
mlp,2,2,7,0.2,fixed horizon 148,186,55,131,0.9961165923199577,0.8723404255319149,0.9433962264150944,0.1276595744680851,0.5355279004415897,0.001891891891891892,0.05838857725650178,0.9981081081081081,0.9416114227434982,0.0014831905075807516,0.91,0.6170212765957447
mlp,2,2,7,0.3,by final end,186,55,131,0.9754178668049185,0.9361702127659575,1.0,0.06382978723404255,0.5319148936170213,0.016981132075471698,0.016981132075471698,0.9830188679245283,0.9830188679245283,0.020673076923076926,0.97,0.967482938578884
mlp,2,2,7,0.3,by earliest stop,186,55,131,0.9754178668049185,0.8936170212765957,0.9622641509433962,0.10638297872340426,0.5343235648334003,0.00046464083263637206,0.038182956272914244,0.9995353591673636,0.9618170437270858,0.0,0.93,0.6274588518667201
mlp,2,2,7,0.3,fixed horizon 50,186,55,131,0.965660719783409,1.0,0.9811320754716981,0.0,0.49056603773584906,0.006923076923076922,0.02566037735849057,0.9930769230769231,0.9743396226415094,0.05063829787234042,0.99,0.562424729024488
mlp,2,2,7,0.3,fixed horizon 100,186,55,131,0.9806338469158067,1.0,0.9811320754716981,0.0,0.49056603773584906,0.004230769230769231,0.023018867924528303,0.9957692307692307,0.9769811320754717,0.03468085106382979,0.99,0.551184263348053
mlp,2,2,7,0.3,fixed horizon 148,186,55,131,0.9889458350491013,1.0,1.0,0.0,0.5,0.020525242223355434,0.020525242223355434,0.9794747577766446,0.9794747577766446,0.03220241518113858,1.0,0.6170212765957447
mlp,2,2,8,0.01,by final end,186,55,131,1.0033713919279994,0.0,0.09433962264150944,1.0,0.5471698113207547,0.8838461538461537,0.9890420899854862,0.11615384615384627,0.01095791001451385,,0.05,0.967482938578884
mlp,2,2,8,0.01,by earliest stop,186,55,131,1.0033713919279994,0.0,0.0,1.0,0.5,,1.0,,0.0,,0.0,0.6274588518667201
mlp,2,2,8,0.01,fixed horizon 50,186,55,131,1.0003195640453064,0.0851063829787234,0.09433962264150944,0.9148936170212766,0.504616619831393,0.34,0.9377358490566038,0.6599999999999999,0.06226415094339621,0.34,0.09,0.562424729024488
mlp,2,2,8,0.01,fixed horizon 100,186,55,131,1.0003195640453064,0.0851063829787234,0.09433962264150944,0.9148936170212766,0.504616619831393,0.17,0.9216981132075472,0.83,0.07830188679245276,0.17,0.09,0.551184263348053
mlp,2,2,8,0.01,fixed horizon 148,186,55,131,1.0003195640453064,0.0851063829787234,0.09433962264150944,0.9148936170212766,0.504616619831393,0.11486486486486487,0.9164966853646098,0.8851351351351351,0.08350331463539018,0.11486486486486487,0.09,0.6170212765957447
mlp,2,2,8,0.025,by final end,186,55,131,1.0012761942918187,0.0,0.09433962264150944,1.0,0.5471698113207547,0.8346153846153845,0.9843976777939042,0.16538461538461546,0.015602322206095809,,0.05,0.967482938578884
mlp,2,2,8,0.025,by earliest stop,186,55,131,1.0012761942918187,0.0,0.0,1.0,0.5,,1.0,,0.0,,0.0,0.6274588518667201
mlp,2,2,8,0.025,fixed horizon 50,186,55,131,1.0000390734536981,0.2765957446808511,0.22641509433962265,0.723404255319149,0.47490967482938584,0.3050000000000001,0.8426415094339622,0.6949999999999998,0.1573584905660378,0.28153846153846157,0.25,0.562424729024488
mlp,2,2,8,0.025,fixed horizon 100,186,55,131,1.0000390734536981,0.2765957446808511,0.22641509433962265,0.723404255319149,0.47490967482938584,0.15250000000000005,0.8081132075471698,0.8474999999999999,0.19188679245283025,0.14076923076923079,0.25,0.551184263348053
mlp,2,2,8,0.025,fixed horizon 148,186,55,131,1.0000390734536981,0.2765957446808511,0.22641509433962265,0.723404255319149,0.47490967482938584,0.10304054054054053,0.7969148393676696,0.8969594594594594,0.2030851606323304,0.09511434511434512,0.25,0.6170212765957447
mlp,2,2,8,0.05,by final end,186,55,131,1.003000649166823,0.02127659574468085,0.7924528301886793,0.9787234042553191,0.8855881172219993,0.8125,0.8514150943396225,0.1875,0.14858490566037752,0.8269230769230769,0.43,0.967482938578884
mlp,2,2,8,0.05,by earliest stop,186,55,131,1.003000649166823,0.0,0.03773584905660377,1.0,0.5188679245283019,0.90521327014218,0.9964231422695162,0.09478672985782,0.0035768577304837734,,0.02,0.6274588518667201
mlp,2,2,8,0.05,fixed horizon 50,186,55,131,1.0022308393733286,0.23404255319148937,0.2641509433962264,0.7659574468085106,0.5150541951023685,0.43,0.8494339622641509,0.5700000000000001,0.1505660377358491,0.4327272727272727,0.25,0.562424729024488
mlp,2,2,8,0.05,fixed horizon 100,186,55,131,1.0022308393733286,0.23404255319148937,0.2641509433962264,0.7659574468085106,0.5150541951023685,0.215,0.7926415094339624,0.785,0.2073584905660376,0.21636363636363634,0.25,0.551184263348053
mlp,2,2,8,0.05,fixed horizon 148,186,55,131,1.0022308393733286,0.23404255319148937,0.2641509433962264,0.7659574468085106,0.5150541951023685,0.14527027027027026,0.7742223355430904,0.8547297297297297,0.2257776644569096,0.14619164619164618,0.25,0.6170212765957447
mlp,2,2,8,0.075,by final end,186,55,131,1.001241603720432,0.06382978723404255,0.9245283018867925,0.9361702127659575,0.930349257326375,0.7797880690737835,0.7964078374455734,0.2202119309262165,0.20359216255442658,0.6461538461538461,0.52,0.967482938578884
mlp,2,2,8,0.075,by earliest stop,186,55,131,1.001241603720432,0.02127659574468085,0.05660377358490566,0.9787234042553191,0.5176635889201124,0.9020537124802527,0.9944558705177502,0.09794628751974732,0.005544129482249804,0.9004739336492891,0.04,0.6274588518667201
mlp,2,2,8,0.075,fixed horizon 50,186,55,131,1.0009474297428724,0.3617021276595745,0.3584905660377358,0.6382978723404256,0.49839421918908067,0.3452631578947369,0.7652830188679246,0.6547368421052631,0.2347169811320754,0.34352941176470586,0.36,0.562424729024488
mlp,2,2,8,0.075,fixed horizon 100,186,55,131,1.004664465441989,0.1702127659574468,0.24528301886792453,0.8297872340425532,0.5375351264552388,0.28384615384615386,0.8243396226415094,0.7161538461538461,0.1756603773584906,0.28,0.21,0.551184263348053
mlp,2,2,8,0.075,fixed horizon 148,186,55,131,1.011656610519171,0.02127659574468085,0.07547169811320754,0.9787234042553191,0.5270975511842634,0.581081081081081,0.96838347781744,0.41891891891891897,0.03161652218255995,0.581081081081081,0.05,0.6170212765957447
mlp,2,2,8,0.1,by final end,186,55,131,0.9999632681489646,0.6595744680851063,0.9622641509433962,0.3404255319148936,0.651344841429145,0.38634992458521866,0.40950653120464436,0.6136500754147813,0.5904934687953556,0.04131513647642679,0.82,0.967482938578884
mlp,2,2,8,0.1,by earliest stop,186,55,131,0.9999632681489646,0.6382978723404256,0.5094339622641509,0.3617021276595745,0.43556804496186274,0.041951904511146214,0.5119377626754896,0.9580480954888538,0.4880622373245104,0.039968404423380725,0.57,0.6274588518667201
mlp,2,2,8,0.1,fixed horizon 50,186,55,131,1.021099003351614,0.2978723404255319,0.3584905660377358,0.7021276595744681,0.5303091128061019,0.6,0.8566037735849058,0.4,0.1433962264150942,0.5999999999999999,0.33,0.562424729024488
mlp,2,2,8,0.1,fixed horizon 100,186,55,131,1.0221453547391448,0.10638297872340426,0.20754716981132076,0.8936170212765957,0.5505820955439582,0.5499999999999999,0.9066037735849056,0.45000000000000007,0.09339622641509437,0.55,0.16,0.551184263348053
mlp,2,2,8,0.1,fixed horizon 148,186,55,131,1.0216716717750554,0.02127659574468085,0.09433962264150944,0.9787234042553191,0.5365315134484143,0.7243243243243244,0.9739928607853134,0.27567567567567564,0.02600713921468656,0.7027027027027027,0.06,0.6170212765957447
mlp,2,2,8,0.15,by final end,186,55,131,1.034628953972303,0.3404255319148936,0.9622641509433962,0.6595744680851063,0.8109193095142513,0.4703242835595776,0.4903120464441219,0.5296757164404224,0.509687953555878,0.42848557692307687,0.67,0.967482938578884
mlp,2,2,8,0.15,by earliest stop,186,55,131,1.034628953972303,0.0851063829787234,0.18867924528301888,0.9148936170212766,0.5517864311521478,0.27203791469194316,0.8626486631494232,0.7279620853080568,0.13735133685057677,0.2890995260663507,0.14,0.6274588518667201
mlp,2,2,8,0.15,fixed horizon 50,186,55,131,1.0460679493399985,0.3404255319148936,0.3584905660377358,0.6595744680851063,0.509032517061421,0.6284210526315789,0.8667924528301887,0.3715789473684211,0.1332075471698113,0.64125,0.35,0.562424729024488
mlp,2,2,8,0.15,fixed horizon 100,186,55,131,1.1388263422819833,0.0425531914893617,0.16981132075471697,0.9574468085106383,0.5636290646326777,0.841111111111111,0.9730188679245283,0.15888888888888897,0.026981132075471703,0.84,0.11,0.551184263348053
mlp,2,2,8,0.15,fixed horizon 148,186,55,131,1.151716275171207,0.0425531914893617,0.16981132075471697,0.9574468085106383,0.5636290646326777,0.5728228228228228,0.9274604793472717,0.4271771771771772,0.07253952065272828,0.5709459459459459,0.11,0.6170212765957447
mlp,2,2,8,0.2,by final end,186,55,131,1.0212771546399138,0.7446808510638298,0.9622641509433962,0.2553191489361702,0.6087916499397832,0.31621417797888385,0.34201741654571843,0.6837858220211162,0.6579825834542816,0.15302197802197806,0.86,0.967482938578884
mlp,2,2,8,0.2,by earliest stop,186,55,131,1.0212771546399138,0.5319148936170213,0.3584905660377358,0.46808510638297873,0.41328783621035725,0.11149912696433029,0.6814808191004204,0.8885008730356697,0.31851918089957965,0.06881516587677726,0.44,0.6274588518667201
mlp,2,2,8,0.2,fixed horizon 50,186,55,131,1.3494749596425633,0.7872340425531915,0.7924528301886793,0.2127659574468085,0.5026093938177439,0.27285714285714285,0.42377358490566047,0.7271428571428571,0.5762264150943395,0.2643243243243243,0.79,0.562424729024488
mlp,2,2,8,0.2,fixed horizon 100,186,55,131,1.2639464814238914,0.2553191489361702,0.37735849056603776,0.7446808510638298,0.5610196708149338,0.9400000000000001,0.9773584905660376,0.05999999999999994,0.02264150943396237,0.9591666666666665,0.32,0.551184263348053
mlp,2,2,8,0.2,fixed horizon 148,186,55,131,1.2769102795444278,0.5957446808510638,0.6792452830188679,0.40425531914893614,0.541750301083902,0.6852477477477477,0.7862060173380927,0.31475225225225234,0.2137939826619073,0.6986003861003861,0.64,0.6170212765957447
mlp,2,2,8,0.3,by final end,186,55,131,1.0518023082682504,1.0,0.9811320754716981,0.0,0.49056603773584906,0.06161242603550295,0.07931785195936139,0.938387573964497,0.9206821480406386,0.05028641571194762,0.99,0.967482938578884
mlp,2,2,8,0.3,by earliest stop,186,55,131,1.0518023082682504,1.0,0.9811320754716981,0.0,0.49056603773584906,0.15184104994531533,0.1678440490029509,0.8481589500546847,0.8321559509970491,0.12392860744176667,0.99,0.6274588518667201
mlp,2,2,8,0.3,fixed horizon 50,186,55,131,1.0441773278163977,1.0,1.0,0.0,0.5,0.15698113207547174,0.15698113207547174,0.8430188679245283,0.8430188679245283,0.1561702127659574,1.0,0.562424729024488
mlp,2,2,8,0.3,fixed horizon 100,186,55,131,1.0519762965188935,1.0,1.0,0.0,0.5,0.0950943396226415,0.0950943396226415,0.9049056603773585,0.9049056603773585,0.10978723404255318,1.0,0.551184263348053
mlp,2,2,8,0.3,fixed horizon 148,186,55,131,1.0006628237996689,1.0,1.0,0.0,0.5,0.005864354920958694,0.005864354920958694,0.9941356450790413,0.9941356450790413,0.04341575618171362,1.0,0.6170212765957447
mlp,2,2,9,0.01,by final end,186,55,131,1.1859767307989912,0.0,0.11320754716981132,1.0,0.5566037735849056,0.9836538461538461,0.9981494920174164,0.0163461538461539,0.0018505079825835713,,0.06,0.967482938578884
mlp,2,2,9,0.01,by earliest stop,186,55,131,1.1859767307989912,0.0,0.0,1.0,0.5,,1.0,,0.0,,0.0,0.6274588518667201
mlp,2,2,9,0.01,fixed horizon 50,186,55,131,0.9999886835888472,0.3617021276595745,0.18867924528301888,0.6382978723404256,0.4134885588117222,0.008,0.8128301886792453,0.992,0.18716981132075472,0.0023529411764705885,0.27,0.562424729024488
mlp,2,2,9,0.01,fixed horizon 100,186,55,131,0.9999886835888472,0.3617021276595745,0.18867924528301888,0.6382978723404256,0.4134885588117222,0.004,0.8120754716981132,0.996,0.18792452830188677,0.0011764705882352942,0.27,0.551184263348053
mlp,2,2,9,0.01,fixed horizon 148,186,55,131,0.9999886835888472,0.3617021276595745,0.18867924528301888,0.6382978723404256,0.4134885588117222,0.002702702702702703,0.8118306986231515,0.9972972972972973,0.1881693013768485,0.000794912559618442,0.27,0.6170212765957447
mlp,2,2,9,0.025,by final end,186,55,131,1.0018538792683351,0.0,0.7735849056603774,1.0,0.8867924528301887,0.874859287054409,0.9031930333817126,0.12514071294559104,0.09680696661828736,,0.41,0.967482938578884
mlp,2,2,9,0.025,by earliest stop,186,55,131,1.0018538792683351,0.0,0.0,1.0,0.5,,1.0,,0.0,,0.0,0.6274588518667201
mlp,2,2,9,0.025,fixed horizon 50,186,55,131,0.9999588515669351,0.5319148936170213,0.49056603773584906,0.46808510638297873,0.4793255720594139,0.03923076923076923,0.5286792452830189,0.9607692307692308,0.4713207547169811,0.0152,0.51,0.562424729024488
mlp,2,2,9,0.025,fixed horizon 100,186,55,131,0.9999588515669351,0.5319148936170213,0.49056603773584906,0.46808510638297873,0.4793255720594139,0.019615384615384614,0.519056603773585,0.9803846153846154,0.480943396226415,0.0076,0.51,0.551184263348053
mlp,2,2,9,0.025,fixed horizon 148,186,55,131,0.9999588515669351,0.5319148936170213,0.49056603773584906,0.46808510638297873,0.4793255720594139,0.013253638253638254,0.5159357470678225,0.9867463617463618,0.4840642529321775,0.005135135135135136,0.51,0.6170212765957447
mlp,2,2,9,0.05,by final end,186,55,131,0.9999944987753218,0.2978723404255319,0.8867924528301887,0.7021276595744681,0.7944600562023284,0.682037643207856,0.718033381712627,0.317962356792144,0.281966618287373,0.0009615384615384616,0.61,0.967482938578884
mlp,2,2,9,0.05,by earliest stop,186,55,131,0.9999944987753218,0.2978723404255319,0.16981132075471697,0.7021276595744681,0.4359694901645925,0.002632964718272775,0.8306357864615934,0.9973670352817272,0.16936421353840658,0.002369668246445498,0.23,0.6274588518667201
mlp,2,2,9,0.05,fixed horizon 50,186,55,131,0.9998963466830666,0.6595744680851063,0.5660377358490566,0.3404255319148936,0.45323163388197507,0.010666666666666668,0.44,0.9893333333333333,0.56,0.019354838709677424,0.61,0.562424729024488
mlp,2,2,9,0.05,fixed horizon 100,186,55,131,0.9999137310793351,0.6382978723404256,0.5660377358490566,0.3617021276595745,0.46386993175431557,0.006000000000000001,0.4373584905660377,0.994,0.5626415094339623,0.009000000000000001,0.6,0.551184263348053
mlp,2,2,9,0.05,fixed horizon 148,186,55,131,0.9999137310793351,0.6382978723404256,0.5660377358490566,0.3617021276595745,0.46386993175431557,0.004054054054054054,0.4362570117287099,0.995945945945946,0.5637429882712901,0.006081081081081082,0.6,0.6170212765957447
mlp,2,2,9,0.075,by final end,186,55,131,0.9999485322521096,0.6382978723404256,0.9622641509433962,0.3617021276595745,0.6619831393014853,0.36025641025641025,0.3843976777939042,0.6397435897435897,0.6156023222060958,0.08025641025641025,0.81,0.967482938578884
mlp,2,2,9,0.075,by earliest stop,186,55,131,0.9999485322521096,0.574468085106383,0.5283018867924528,0.425531914893617,0.47691690084303495,0.007616790792146243,0.47572207815434137,0.9923832092078537,0.5242779218456586,0.0026329647182727757,0.55,0.6274588518667201
mlp,2,2,9,0.075,fixed horizon 50,186,55,131,0.9996830851606828,0.7021276595744681,0.6792452830188679,0.2978723404255319,0.4885588117221999,0.010000000000000002,0.32754716981132076,0.99,0.6724528301886792,0.006666666666666668,0.69,0.562424729024488
mlp,2,2,9,0.075,fixed horizon 100,186,55,131,0.9996882152412637,0.7021276595744681,0.660377358490566,0.2978723404255319,0.47912484945804895,0.00028571428571428574,0.33981132075471693,0.9997142857142857,0.6601886792452831,0.0030303030303030303,0.68,0.551184263348053
mlp,2,2,9,0.075,fixed horizon 148,186,55,131,0.9998263277275662,0.7021276595744681,0.6415094339622641,0.2978723404255319,0.469690887193898,0.002782193958664547,0.360275369709332,0.9972178060413355,0.6397246302906681,0.022727272727272728,0.67,0.6170212765957447
mlp,2,2,9,0.1,by final end,186,55,131,0.9999438399195226,0.6382978723404256,0.9622641509433962,0.3617021276595745,0.6619831393014853,0.3362745098039216,0.36132075471698116,0.6637254901960784,0.6386792452830188,0.07423076923076924,0.81,0.967482938578884
mlp,2,2,9,0.1,by earliest stop,186,55,131,0.9999438399195226,0.574468085106383,0.5283018867924528,0.425531914893617,0.47691690084303495,0.003893026404874746,0.4737548064025754,0.9961069735951252,0.5262451935974246,0.00245743373705459,0.55,0.6274588518667201
mlp,2,2,9,0.1,fixed horizon 50,186,55,131,0.9992191759027159,0.8085106382978723,0.7547169811320755,0.19148936170212766,0.47310317141710156,0.0005,0.24566037735849056,0.9995,0.7543396226415094,0.012631578947368423,0.78,0.562424729024488
mlp,2,2,9,0.1,fixed horizon 100,186,55,131,0.9993180648625436,0.7872340425531915,0.7547169811320755,0.2127659574468085,0.483741469289442,0.001,0.24603773584905658,0.999,0.7539622641509434,0.00891891891891892,0.77,0.551184263348053
mlp,2,2,9,0.1,fixed horizon 148,186,55,131,0.999487345380513,0.7872340425531915,0.7169811320754716,0.2127659574468085,0.46487354476114007,0.0,0.2830188679245283,1.0,0.7169811320754718,0.007852447041636231,0.75,0.6170212765957447
mlp,2,2,9,0.15,by final end,186,55,131,1.0091259005869704,0.5319148936170213,0.9622641509433962,0.46808510638297873,0.7151746286631875,0.362028657616893,0.38610304789550076,0.637971342383107,0.6138969521044992,0.19707692307692312,0.76,0.967482938578884
mlp,2,2,9,0.15,by earliest stop,186,55,131,1.0091259005869704,0.3617021276595745,0.33962264150943394,0.6382978723404256,0.4889602569249297,0.114797261716693,0.6993651077528392,0.885202738283307,0.3006348922471608,0.10649567884025649,0.35,0.6274588518667201
mlp,2,2,9,0.15,fixed horizon 50,186,55,131,0.9990617645427524,0.851063829787234,0.8301886792452831,0.14893617021276595,0.4895624247290245,0.020000000000000004,0.18641509433962267,0.98,0.8135849056603773,0.02,0.84,0.562424729024488
mlp,2,2,9,0.15,fixed horizon 100,186,55,131,0.9991758192255171,0.851063829787234,0.8301886792452831,0.14893617021276595,0.4895624247290245,0.018181818181818184,0.1849056603773585,0.9818181818181818,0.8150943396226416,0.01025,0.84,0.551184263348053
mlp,2,2,9,0.15,fixed horizon 148,186,55,131,0.9990617645427524,0.851063829787234,0.8301886792452831,0.14893617021276595,0.4895624247290245,0.012285012285012286,0.1800101988781234,0.9877149877149877,0.8199898011218766,0.006756756756756757,0.84,0.6170212765957447
mlp,2,2,9,0.2,by final end,186,55,131,0.9991510668025577,0.9148936170212766,1.0,0.0851063829787234,0.5425531914893617,0.08849782293178521,0.08849782293178521,0.9115021770682148,0.9115021770682148,0.033497316636851515,0.96,0.967482938578884
mlp,2,2,9,0.2,by earliest stop,186,55,131,0.9991510668025577,0.851063829787234,0.8301886792452831,0.14893617021276595,0.4895624247290245,0.007539853511417492,0.1760708217830636,0.9924601464885825,0.8239291782169365,0.004620853080568721,0.84,0.6274588518667201
mlp,2,2,9,0.2,fixed horizon 50,186,55,131,0.9969827308031489,0.8723404255319149,0.9433962264150944,0.1276595744680851,0.5355279004415897,0.008,0.06415094339622643,0.992,0.9358490566037736,0.005365853658536586,0.91,0.562424729024488
mlp,2,2,9,0.2,fixed horizon 100,186,55,131,0.9975144116137669,0.8723404255319149,0.9433962264150944,0.1276595744680851,0.5355279004415897,0.014199999999999999,0.06999999999999999,0.9858,0.93,0.004146341463414634,0.91,0.551184263348053
mlp,2,2,9,0.2,fixed horizon 148,186,55,131,0.9975144116137669,0.8723404255319149,0.9433962264150944,0.1276595744680851,0.5355279004415897,0.003783783783783784,0.060173380928097916,0.9962162162162163,0.9398266190719021,0.002801582069874753,0.91,0.6170212765957447
mlp,2,2,9,0.3,by final end,186,55,131,1.1374826457982463,0.9574468085106383,1.0,0.0425531914893617,0.5212765957446809,0.04256168359941945,0.04256168359941945,0.9574383164005805,0.9574383164005805,0.03427350427350427,0.98,0.967482938578884
mlp,2,2,9,0.3,by earliest stop,186,55,131,1.1374826457982463,0.9148936170212766,0.9433962264150944,0.0851063829787234,0.5142513046969088,0.04540284360189574,0.09943664490744884,0.9545971563981043,0.9005633550925511,0.03681252066571146,0.93,0.6274588518667201
mlp,2,2,9,0.3,fixed horizon 50,186,55,131,1.0619748951630876,0.9787234042553191,0.9622641509433962,0.02127659574468085,0.49177037334403856,0.041176470588235294,0.07735849056603773,0.9588235294117647,0.9226415094339623,0.08217391304347826,0.97,0.562424729024488
mlp,2,2,9,0.3,fixed horizon 100,186,55,131,1.1315547716953636,0.9787234042553191,0.9433962264150944,0.02127659574468085,0.4823364110798876,0.0528,0.10641509433962262,0.9472,0.8935849056603774,0.07217391304347827,0.96,0.551184263348053
mlp,2,2,9,0.3,fixed horizon 148,186,55,131,1.150901056587083,1.0,0.9811320754716981,0.0,0.49056603773584906,0.07341476091476093,0.09089750127485975,0.926585239085239,0.9091024987251403,0.06929269695227143,0.99,0.6170212765957447
mlp,3,3,0,0.01,by final end,200,60,140,1.0007472573600917,0.0625,0.40384615384615385,0.9375,0.6706730769230769,0.7919413919413918,0.9159763313609468,0.2080586080586082,0.0840236686390532,0.29935897435897435,0.24,0.9759615384615384
mlp,3,3,0,0.01,by earliest stop,200,60,140,1.0007472573600917,0.020833333333333332,0.07692307692307693,0.9791666666666666,0.5280448717948718,0.4344919786096257,0.9564993829699712,0.5655080213903743,0.04350061703002883,0.48663101604278075,0.05,0.7255608974358975
mlp,3,3,0,0.01,fixed horizon 50,200,60,140,1.0004358699219618,0.0,0.07692307692307693,1.0,0.5384615384615384,0.4,0.9538461538461539,0.6,0.0461538461538461,,0.04,0.5881410256410257
mlp,3,3,0,0.01,fixed horizon 100,200,60,140,1.0007472573600917,0.020833333333333332,0.057692307692307696,0.9791666666666666,0.5184294871794871,0.75,0.9855769230769231,0.25,0.014423076923076872,0.91,0.04,0.6157852564102564
mlp,3,3,0,0.01,fixed horizon 148,200,60,140,1.0007472573600917,0.020833333333333332,0.07692307692307693,0.9791666666666666,0.5280448717948718,0.5489864864864865,0.965306652806653,0.4510135135135135,0.034693347193347046,0.6148648648648649,0.05,0.7151442307692307
mlp,3,3,0,0.025,by final end,200,60,140,1.000255249255767,0.08333333333333333,0.40384615384615385,0.9166666666666666,0.6602564102564102,0.6003663003663003,0.8386094674556213,0.39963369963369966,0.16139053254437874,0.06490384615384615,0.25,0.9759615384615384
mlp,3,3,0,0.025,by earliest stop,200,60,140,1.000255249255767,0.08333333333333333,0.15384615384615385,0.9166666666666666,0.5352564102564102,0.1804812834224599,0.8739201974496092,0.8195187165775402,0.12607980255039075,0.1804812834224599,0.12,0.7255608974358975
mlp,3,3,0,0.025,fixed horizon 50,200,60,140,1.0001645459050226,0.08333333333333333,0.1346153846153846,0.9166666666666666,0.5256410256410257,0.31428571428571433,0.9076923076923078,0.6857142857142857,0.0923076923076922,0.4,0.11,0.5881410256410257
mlp,3,3,0,0.025,fixed horizon 100,200,60,140,1.000255249255767,0.08333333333333333,0.15384615384615385,0.9166666666666666,0.5352564102564102,0.3375,0.8980769230769231,0.6625,0.1019230769230769,0.3375,0.12,0.6157852564102564
mlp,3,3,0,0.025,fixed horizon 148,200,60,140,1.000255249255767,0.08333333333333333,0.15384615384615385,0.9166666666666666,0.5352564102564102,0.22804054054054054,0.8812370062370062,0.7719594594594594,0.11876299376299382,0.22804054054054057,0.12,0.7151442307692307
mlp,3,3,0,0.05,by final end,200,60,140,1.0001111397876883,0.08333333333333333,0.6538461538461539,0.9166666666666666,0.7852564102564102,0.652262443438914,0.7726331360946745,0.34773755656108596,0.22736686390532546,0.038461538461538464,0.38,0.9759615384615384
mlp,3,3,0,0.05,by earliest stop,200,60,140,1.0001111397876883,0.08333333333333333,0.19230769230769232,0.9166666666666666,0.5544871794871795,0.10641711229946524,0.8281571369806664,0.8935828877005347,0.1718428630193336,0.10695187165775401,0.14,0.7255608974358975
mlp,3,3,0,0.05,fixed horizon 50,200,60,140,1.000077373169303,0.10416666666666667,0.3076923076923077,0.8958333333333334,0.6017628205128205,0.29125,0.7819230769230769,0.70875,0.21807692307692306,0.41200000000000003,0.21,0.5881410256410257
mlp,3,3,0,0.05,fixed horizon 100,200,60,140,1.0001377766375519,0.10416666666666667,0.2692307692307692,0.8958333333333334,0.5825320512820513,0.35214285714285715,0.8255769230769231,0.6478571428571429,0.1744230769230769,0.22999999999999998,0.19,0.6157852564102564
mlp,3,3,0,0.05,fixed horizon 148,200,60,140,1.000158059065126,0.08333333333333333,0.23076923076923078,0.9166666666666666,0.5737179487179487,0.3153153153153153,0.841995841995842,0.6846846846846847,0.158004158004158,0.13513513513513514,0.16,0.7151442307692307
mlp,3,3,0,0.075,by final end,200,60,140,1.0000423491870145,0.10416666666666667,0.6730769230769231,0.8958333333333334,0.7844551282051282,0.5684065934065935,0.7095044378698224,0.4315934065934065,0.2904955621301776,0.032692307692307694,0.4,0.9759615384615384
mlp,3,3,0,0.075,by earliest stop,200,60,140,1.0000423491870145,0.10416666666666667,0.25,0.8958333333333334,0.5729166666666667,0.07239819004524886,0.7680995475113122,0.9276018099547512,0.23190045248868785,0.09090909090909091,0.18,0.7255608974358975
mlp,3,3,0,0.075,fixed horizon 50,200,60,140,1.001132336653229,0.125,0.3076923076923077,0.875,0.5913461538461539,0.53375,0.8565384615384617,0.46625000000000005,0.1434615384615383,0.5566666666666666,0.22,0.5881410256410257
mlp,3,3,0,0.075,fixed horizon 100,200,60,140,1.0000710295500508,0.10416666666666667,0.3269230769230769,0.8958333333333334,0.6113782051282052,0.2776470588235294,0.763846153846154,0.7223529411764706,0.23615384615384605,0.22999999999999998,0.22,0.6157852564102564
mlp,3,3,0,0.075,fixed horizon 148,200,60,140,1.0001097867504338,0.08333333333333333,0.25,0.9166666666666666,0.5833333333333333,0.25467775467775466,0.8136694386694386,0.7453222453222453,0.18633056133056136,0.13513513513513514,0.17,0.7151442307692307
mlp,3,3,0,0.1,by final end,200,60,140,1.0000719425972895,0.16666666666666666,0.9807692307692307,0.8333333333333334,0.907051282051282,0.5788084464555052,0.5869082840236686,0.4211915535444948,0.41309171597633143,0.41875,0.59,0.9759615384615384
mlp,3,3,0,0.1,by earliest stop,200,60,140,1.0000719425972895,0.08333333333333333,0.28846153846153844,0.9166666666666666,0.6025641025641025,0.1718360071301248,0.7611065405183053,0.8281639928698752,0.23889345948169471,0.10695187165775401,0.19,0.7255608974358975
mlp,3,3,0,0.1,fixed horizon 50,200,60,140,1.0186443469260658,0.125,0.3076923076923077,0.875,0.5913461538461539,0.7475,0.9223076923076925,0.25249999999999995,0.0776923076923075,0.7600000000000001,0.22,0.5881410256410257
mlp,3,3,0,0.1,fixed horizon 100,200,60,140,1.041833633102461,0.10416666666666667,0.28846153846153844,0.8958333333333334,0.5921474358974359,0.5406666666666666,0.8674999999999999,0.45933333333333337,0.13250000000000006,0.54,0.2,0.6157852564102564
mlp,3,3,0,0.1,fixed horizon 148,200,60,140,1.041833633102461,0.10416666666666667,0.28846153846153844,0.8958333333333334,0.5921474358974359,0.3653153153153153,0.8169178794178793,0.6346846846846848,0.1830821205821207,0.36486486486486486,0.2,0.7151442307692307
mlp,3,3,0,0.15,by final end,200,60,140,1.026489033131741,0.22916666666666666,1.0,0.7708333333333334,0.8854166666666667,0.5388313609467456,0.5388313609467456,0.46116863905325445,0.46116863905325445,0.3818181818181818,0.63,0.9759615384615384
mlp,3,3,0,0.15,by earliest stop,200,60,140,1.026489033131741,0.125,0.3076923076923077,0.875,0.5913461538461539,0.2894385026737968,0.781365693130399,0.7105614973262032,0.21863430686960095,0.2896613190730838,0.22,0.7255608974358975
mlp,3,3,0,0.15,fixed horizon 50,200,60,140,1.0349018612997731,0.1875,0.3269230769230769,0.8125,0.5697115384615384,0.8647058823529411,0.9557692307692308,0.1352941176470589,0.044230769230769185,0.8733333333333334,0.26,0.5881410256410257
mlp,3,3,0,0.15,fixed horizon 100,200,60,140,1.0488551110040483,0.1875,0.34615384615384615,0.8125,0.5793269230769231,0.5727777777777777,0.8521153846153845,0.4272222222222223,0.1478846153846155,0.6122222222222223,0.27,0.6157852564102564
mlp,3,3,0,0.15,fixed horizon 148,200,60,140,1.0620350685435227,0.16666666666666666,0.34615384615384615,0.8333333333333334,0.5897435897435898,0.49774774774774777,0.8261434511434511,0.5022522522522522,0.1738565488565489,0.4755067567567568,0.26,0.7151442307692307
mlp,3,3,0,0.2,by final end,200,60,140,1.0472959310327756,0.4166666666666667,1.0,0.5833333333333334,0.7916666666666667,0.41042899408284017,0.41042899408284017,0.5895710059171598,0.5895710059171598,0.4001923076923076,0.72,0.9759615384615384
mlp,3,3,0,0.2,by earliest stop,200,60,140,1.0472959310327756,0.14583333333333334,0.3269230769230769,0.8541666666666666,0.5905448717948718,0.3073293488518402,0.7735499794323324,0.6926706511481597,0.2264500205676676,0.2979373567608862,0.24,0.7255608974358975
mlp,3,3,0,0.2,fixed horizon 50,200,60,140,1.0719028398355783,0.25,0.40384615384615385,0.75,0.5769230769230769,0.6209523809523809,0.8469230769230769,0.3790476190476191,0.1530769230769231,0.6833333333333335,0.33,0.5881410256410257
mlp,3,3,0,0.2,fixed horizon 100,200,60,140,1.0857239924407385,0.3333333333333333,0.4230769230769231,0.6666666666666666,0.5448717948717948,0.5609090909090908,0.814230769230769,0.4390909090909092,0.18576923076923102,0.628125,0.38,0.6157852564102564
mlp,3,3,0,0.2,fixed horizon 148,200,60,140,1.0874976575412318,0.25,0.46153846153846156,0.75,0.6057692307692308,0.5717905405405405,0.8023648648648648,0.42820945945945954,0.1976351351351352,0.518018018018018,0.36,0.7151442307692307
mlp,3,3,0,0.3,by final end,200,60,140,0.9979620674587861,0.75,1.0,0.25,0.625,0.13095414201183433,0.13095414201183433,0.8690458579881657,0.8690458579881657,0.1170940170940171,0.88,0.9759615384615384
mlp,3,3,0,0.3,by earliest stop,200,60,140,0.9979620674587861,0.6041666666666666,0.75,0.3958333333333333,0.5729166666666666,0.016865487453722745,0.2626491155902921,0.9831345125462773,0.7373508844097079,0.04517794578646505,0.68,0.7255608974358975
mlp,3,3,0,0.3,fixed horizon 50,200,60,140,0.9877577763942487,0.7708333333333334,0.8653846153846154,0.22916666666666666,0.5472756410256411,0.03866666666666667,0.16807692307692304,0.9613333333333334,0.831923076923077,0.1108108108108108,0.82,0.5881410256410257
mlp,3,3,0,0.3,fixed horizon 100,200,60,140,0.998026550787616,0.75,0.9038461538461539,0.25,0.5769230769230769,0.11191489361702127,0.1973076923076923,0.8880851063829788,0.8026923076923077,0.1677777777777778,0.83,0.6157852564102564
mlp,3,3,0,0.3,fixed horizon 148,200,60,140,0.998026550787616,0.7291666666666666,0.8653846153846154,0.2708333333333333,0.5681089743589743,0.1033033033033033,0.224012474012474,0.8966966966966967,0.775987525987526,0.17335907335907333,0.8,0.7151442307692307
mlp,3,3,1,0.01,by final end,200,60,140,1.0595467843177502,0.0,0.46153846153846156,1.0,0.7307692307692308,0.9736378205128204,0.9878328402366865,0.02636217948717956,0.012167159763313506,,0.24,0.9759615384615384
mlp,3,3,1,0.01,by earliest stop,200,60,140,1.0595467843177502,0.0,0.0,1.0,0.5,,1.0,,0.0,,0.0,0.7255608974358975
mlp,3,3,1,0.01,fixed horizon 50,200,60,140,1.0005644146922525,0.020833333333333332,0.07692307692307693,0.9791666666666666,0.5280448717948718,0.5900000000000001,0.9684615384615385,0.4099999999999999,0.031538461538461515,0.98,0.05,0.5881410256410257
mlp,3,3,1,0.01,fixed horizon 100,200,60,140,1.001111558663465,0.020833333333333332,0.057692307692307696,0.9791666666666666,0.5184294871794871,0.7833333333333333,0.9875,0.21666666666666667,0.012499999999999956,0.91,0.04,0.6157852564102564
mlp,3,3,1,0.01,fixed horizon 148,200,60,140,1.001111558663465,0.020833333333333332,0.057692307692307696,0.9791666666666666,0.5184294871794871,0.5292792792792793,0.9728430353430354,0.4707207207207207,0.0271569646569646,0.6148648648648649,0.04,0.7151442307692307
mlp,3,3,1,0.025,by final end,200,60,140,1.0215353534288891,0.020833333333333332,0.5769230769230769,0.9791666666666666,0.7780448717948718,0.8569871794871795,0.9174926035502958,0.1430128205128205,0.08250739644970417,0.6634615384615384,0.31,0.9759615384615384
mlp,3,3,1,0.025,by earliest stop,200,60,140,1.0215353534288891,0.0,0.0,1.0,0.5,,1.0,,0.0,,0.0,0.7255608974358975
mlp,3,3,1,0.025,fixed horizon 50,200,60,140,1.0002978007539163,0.08333333333333333,0.1346153846153846,0.9166666666666666,0.5256410256410257,0.5171428571428571,0.935,0.4828571428571429,0.06499999999999995,0.45,0.11,0.5881410256410257
mlp,3,3,1,0.025,fixed horizon 100,200,60,140,1.0006424795360562,0.08333333333333333,0.1346153846153846,0.9166666666666666,0.5256410256410257,0.4657142857142857,0.9280769230769231,0.5342857142857143,0.07192307692307687,0.5075000000000001,0.11,0.6157852564102564
mlp,3,3,1,0.025,fixed horizon 148,200,60,140,1.0006424795360562,0.08333333333333333,0.1346153846153846,0.9166666666666666,0.5256410256410257,0.3146718146718146,0.9077442827442828,0.6853281853281854,0.09225571725571724,0.3429054054054054,0.11,0.7151442307692307
mlp,3,3,1,0.05,by final end,200,60,140,1.2003002714088196,0.08333333333333333,0.8846153846153846,0.9166666666666666,0.9006410256410255,0.8662625418060201,0.8816937869822485,0.13373745819397986,0.11830621301775146,0.8860576923076924,0.5,0.9759615384615384
mlp,3,3,1,0.05,by earliest stop,200,60,140,1.2003002714088196,0.0,0.0,1.0,0.5,,1.0,,0.0,,0.0,0.7255608974358975
mlp,3,3,1,0.05,fixed horizon 50,200,60,140,1.0000616117884675,0.10416666666666667,0.25,0.8958333333333334,0.5729166666666667,0.44307692307692315,0.8607692307692306,0.5569230769230769,0.13923076923076938,0.46799999999999997,0.18,0.5881410256410257
mlp,3,3,1,0.05,fixed horizon 100,200,60,140,1.0065748005403892,0.0625,0.19230769230769232,0.9375,0.5649038461538461,0.921,0.9848076923076923,0.07899999999999996,0.015192307692307727,0.92,0.13,0.6157852564102564
mlp,3,3,1,0.05,fixed horizon 148,200,60,140,1.0271698134785057,0.0625,0.1346153846153846,0.9375,0.5360576923076923,0.9333976833976834,0.9910343035343036,0.06660231660231664,0.008965696465696449,0.9256756756756758,0.1,0.7151442307692307
mlp,3,3,1,0.075,by final end,200,60,140,1.0888074355330308,0.1875,0.9807692307692307,0.8125,0.8966346153846154,0.7475867269984918,0.752440828402367,0.2524132730015082,0.24755917159763297,0.7418803418803419,0.6,0.9759615384615384
mlp,3,3,1,0.075,by earliest stop,200,60,140,1.0888074355330308,0.0,0.0,1.0,0.5,,1.0,,0.0,,0.0,0.7255608974358975
mlp,3,3,1,0.075,fixed horizon 50,200,60,140,1.000138954597462,0.125,0.3076923076923077,0.875,0.5913461538461539,0.4575,0.8330769230769233,0.5425,0.16692307692307673,0.43,0.22,0.5881410256410257
mlp,3,3,1,0.075,fixed horizon 100,200,60,140,1.0175761276970856,0.0625,0.19230769230769232,0.9375,0.5649038461538461,0.7889999999999999,0.9594230769230769,0.21100000000000008,0.040576923076923066,0.69,0.13,0.6157852564102564
mlp,3,3,1,0.075,fixed horizon 148,200,60,140,1.0185165355641441,0.0625,0.21153846153846154,0.9375,0.5745192307692307,0.7248157248157248,0.9417879417879417,0.27518427518427524,0.058212058212058326,0.6756756756756758,0.14,0.7151442307692307
mlp,3,3,1,0.1,by final end,200,60,140,1.584256776629971,0.1875,0.9807692307692307,0.8125,0.8966346153846154,0.6984917043740572,0.7042899408284022,0.30150829562594283,0.29571005917159776,0.6884615384615385,0.6,0.9759615384615384
mlp,3,3,1,0.1,by earliest stop,200,60,140,1.584256776629971,0.0,0.0,1.0,0.5,,1.0,,0.0,,0.0,0.7255608974358975
mlp,3,3,1,0.1,fixed horizon 50,200,60,140,1.0368655343838757,0.125,0.3076923076923077,0.875,0.5913461538461539,0.66,0.8953846153846153,0.33999999999999997,0.10461538461538467,0.66,0.22,0.5881410256410257
mlp,3,3,1,0.1,fixed horizon 100,200,60,140,1.0141793985810672,0.10416666666666667,0.23076923076923078,0.8958333333333334,0.563301282051282,0.7249999999999998,0.9365384615384614,0.27500000000000024,0.06346153846153857,0.69,0.17,0.6157852564102564
mlp,3,3,1,0.1,fixed horizon 148,200,60,140,1.0389746313610597,0.125,0.3269230769230769,0.875,0.6009615384615384,0.212241653418124,0.7424636174636176,0.787758346581876,0.25753638253638245,0.17567567567567569,0.23,0.7151442307692307
mlp,3,3,1,0.15,by final end,200,60,140,1.5002306344588172,0.3125,1.0,0.6875,0.84375,0.6114275147928994,0.6114275147928994,0.38857248520710064,0.38857248520710064,0.6185897435897435,0.67,0.9759615384615384
mlp,3,3,1,0.15,by earliest stop,200,60,140,1.5002306344588172,0.0,0.0,1.0,0.5,,1.0,,0.0,,0.0,0.7255608974358975
mlp,3,3,1,0.15,fixed horizon 50,200,60,140,1.0321518316345728,0.16666666666666666,0.40384615384615385,0.8333333333333334,0.6185897435897436,0.6714285714285715,0.8673076923076922,0.3285714285714285,0.13269230769230778,0.66,0.29,0.5881410256410257
mlp,3,3,1,0.15,fixed horizon 100,200,60,140,1.0311829838063693,0.16666666666666666,0.38461538461538464,0.8333333333333334,0.608974358974359,0.353,0.7511538461538462,0.647,0.24884615384615383,0.425,0.28,0.6157852564102564
mlp,3,3,1,0.15,fixed horizon 148,200,60,140,1.0431562815800919,0.1875,0.40384615384615385,0.8125,0.6081730769230769,0.3346203346203347,0.7312889812889813,0.6653796653796653,0.26871101871101866,0.44894894894894904,0.3,0.7151442307692307
mlp,3,3,1,0.2,by final end,200,60,140,1.1949434352318298,0.4166666666666667,1.0,0.5833333333333334,0.7916666666666667,0.5058062130177515,0.5058062130177515,0.4941937869822485,0.4941937869822485,0.5109615384615385,0.72,0.9759615384615384
mlp,3,3,1,0.2,by earliest stop,200,60,140,1.1949434352318298,0.0,0.0,1.0,0.5,,1.0,,0.0,,0.0,0.7255608974358975
mlp,3,3,1,0.2,fixed horizon 50,200,60,140,0.9999784169877013,0.3958333333333333,0.5576923076923077,0.6041666666666666,0.5809294871794872,0.2917241379310345,0.605,0.7082758620689655,0.395,0.3600000000000001,0.48,0.5881410256410257
mlp,3,3,1,0.2,fixed horizon 100,200,60,140,1.0427568243551868,0.4583333333333333,0.5576923076923077,0.5416666666666666,0.5496794871794872,0.36275862068965514,0.6446153846153847,0.6372413793103449,0.3553846153846153,0.4463636363636363,0.51,0.6157852564102564
mlp,3,3,1,0.2,fixed horizon 148,200,60,140,1.068262890876122,0.22916666666666666,0.4807692307692308,0.7708333333333334,0.625801282051282,0.7129729729729729,0.8620062370062371,0.2870270270270271,0.13799376299376287,0.6769041769041769,0.36,0.7151442307692307
mlp,3,3,1,0.3,by final end,200,60,140,1.146561753140358,0.75,1.0,0.25,0.625,0.13428254437869824,0.13428254437869824,0.8657174556213018,0.8657174556213018,0.1625,0.88,0.9759615384615384
mlp,3,3,1,0.3,by earliest stop,200,60,140,1.146561753140358,0.5,0.7307692307692307,0.5,0.6153846153846154,0.016042780748663096,0.2809543397778692,0.983957219251337,0.7190456602221308,0.016042780748663103,0.62,0.7255608974358975
mlp,3,3,1,0.3,fixed horizon 50,200,60,140,0.9997511963200829,0.6875,0.8461538461538461,0.3125,0.5793269230769231,0.23136363636363635,0.34961538461538455,0.7686363636363637,0.6503846153846154,0.34181818181818185,0.77,0.5881410256410257
mlp,3,3,1,0.3,fixed horizon 100,200,60,140,1.0475734863389068,0.6875,0.8461538461538461,0.3125,0.5793269230769231,0.22454545454545458,0.34384615384615375,0.7754545454545454,0.6561538461538463,0.28030303030303033,0.77,0.6157852564102564
mlp,3,3,1,0.3,fixed horizon 148,200,60,140,1.1178717607908637,0.6875,0.8846153846153846,0.3125,0.5985576923076923,0.11075205640423032,0.21335758835758833,0.8892479435957696,0.7866424116424117,0.1723996723996724,0.79,0.7151442307692307
mlp,3,3,2,0.01,by final end,200,60,140,1.018857608451637,0.0,0.3076923076923077,1.0,0.6538461538461539,0.8453125,0.9524038461538462,0.15468749999999998,0.04759615384615379,,0.16,0.9759615384615384
mlp,3,3,2,0.01,by earliest stop,200,60,140,1.018857608451637,0.0,0.038461538461538464,1.0,0.5192307692307693,0.41711229946524064,0.9775812422871246,0.5828877005347594,0.02241875771287538,,0.02,0.7255608974358975
mlp,3,3,2,0.01,fixed horizon 50,200,60,140,1.0078137276885537,0.0625,0.057692307692307696,0.9375,0.49759615384615385,0.96,0.9976923076923078,0.040000000000000036,0.002307692307692233,0.96,0.06,0.5881410256410257
mlp,3,3,2,0.01,fixed horizon 100,200,60,140,1.0185603324905268,0.041666666666666664,0.057692307692307696,0.9583333333333334,0.5080128205128205,0.7799999999999999,0.9873076923076923,0.22000000000000008,0.01269230769230767,0.78,0.05,0.6157852564102564
mlp,3,3,2,0.01,fixed horizon 148,200,60,140,1.0185603324905268,0.041666666666666664,0.057692307692307696,0.9583333333333334,0.5080128205128205,0.527027027027027,0.9727130977130977,0.472972972972973,0.027286902286902337,0.527027027027027,0.05,0.7151442307692307
mlp,3,3,2,0.025,by final end,200,60,140,1.0180957696359079,0.0625,0.3269230769230769,0.9375,0.6322115384615384,0.7195701357466063,0.9083210059171598,0.28042986425339367,0.09167899408284019,0.15,0.2,0.9759615384615384
mlp,3,3,2,0.025,by earliest stop,200,60,140,1.0180957696359079,0.0625,0.09615384615384616,0.9375,0.5168269230769231,0.41711229946524064,0.9439531057178117,0.5828877005347594,0.05604689428218834,0.4171122994652407,0.08,0.7255608974358975
mlp,3,3,2,0.025,fixed horizon 50,200,60,140,1.0076171218266383,0.08333333333333333,0.11538461538461539,0.9166666666666666,0.516025641025641,0.91,0.9896153846153847,0.08999999999999997,0.010384615384615326,0.9099999999999999,0.1,0.5881410256410257
mlp,3,3,2,0.025,fixed horizon 100,200,60,140,1.017955216366786,0.0625,0.09615384615384616,0.9375,0.5168269230769231,0.78,0.9788461538461539,0.21999999999999997,0.02115384615384608,0.7799999999999999,0.08,0.6157852564102564
mlp,3,3,2,0.025,fixed horizon 148,200,60,140,1.017955216366786,0.0625,0.09615384615384616,0.9375,0.5168269230769231,0.527027027027027,0.9545218295218295,0.472972972972973,0.04547817047817049,0.527027027027027,0.08,0.7151442307692307
mlp,3,3,2,0.05,by final end,200,60,140,1.264457578182824,0.10416666666666667,0.8846153846153846,0.8958333333333334,0.890224358974359,0.8506688963210705,0.8678994082840237,0.14933110367892954,0.13210059171597632,0.8903846153846153,0.51,0.9759615384615384
mlp,3,3,2,0.05,by earliest stop,200,60,140,1.264457578182824,0.0,0.0,1.0,0.5,,1.0,,0.0,,0.0,0.7255608974358975
mlp,3,3,2,0.05,fixed horizon 50,200,60,140,1.016279947182293,0.08333333333333333,0.1346153846153846,0.9166666666666666,0.5256410256410257,0.9800000000000002,0.9973076923076923,0.019999999999999796,0.0026923076923076605,0.98,0.11,0.5881410256410257
mlp,3,3,2,0.05,fixed horizon 100,200,60,140,1.0396634112837748,0.0625,0.15384615384615385,0.9375,0.5456730769230769,0.84,0.9753846153846154,0.16000000000000003,0.024615384615384595,0.84,0.11,0.6157852564102564
mlp,3,3,2,0.05,fixed horizon 148,200,60,140,1.0608963783747394,0.0625,0.1346153846153846,0.9375,0.5360576923076923,0.9247104247104249,0.9898648648648648,0.07528957528957514,0.010135135135135198,0.918918918918919,0.1,0.7151442307692307
mlp,3,3,2,0.075,by final end,200,60,140,1.0973214464875698,0.16666666666666666,0.9615384615384616,0.8333333333333334,0.8974358974358975,0.7556538461538463,0.7650517751479291,0.24434615384615366,0.2349482248520709,0.7692307692307693,0.58,0.9759615384615384
mlp,3,3,2,0.075,by earliest stop,200,60,140,1.0973214464875698,0.0,0.0,1.0,0.5,,1.0,,0.0,,0.0,0.7255608974358975
mlp,3,3,2,0.075,fixed horizon 50,200,60,140,1.0241528107240523,0.10416666666666667,0.2692307692307692,0.8958333333333334,0.5825320512820513,0.9600000000000003,0.9892307692307691,0.0399999999999997,0.010769230769230864,0.96,0.19,0.5881410256410257
mlp,3,3,2,0.075,fixed horizon 100,200,60,140,1.0559999649753573,0.0625,0.19230769230769232,0.9375,0.5649038461538461,0.873,0.975576923076923,0.127,0.024423076923076992,0.86,0.13,0.6157852564102564
mlp,3,3,2,0.075,fixed horizon 148,200,60,140,1.0427590146157932,0.0625,0.23076923076923078,0.9375,0.5841346153846154,0.7719594594594593,0.94737525987526,0.22804054054054068,0.052624740124740055,0.5675675675675675,0.15,0.7151442307692307
mlp,3,3,2,0.1,by final end,200,60,140,1.0160418626420233,0.20833333333333334,0.9807692307692307,0.7916666666666666,0.8862179487179487,0.5722850678733031,0.5805103550295858,0.42771493212669687,0.4194896449704142,0.4549999999999999,0.61,0.9759615384615384
mlp,3,3,2,0.1,by earliest stop,200,60,140,1.0160418626420233,0.08333333333333333,0.21153846153846154,0.9166666666666666,0.5641025641025641,0.43947496353913473,0.8814273961332785,0.5605250364608653,0.11857260386672153,0.39037433155080214,0.15,0.7255608974358975
mlp,3,3,2,0.1,fixed horizon 50,200,60,140,1.0214915728257976,0.10416666666666667,0.28846153846153844,0.8958333333333334,0.5921474358974359,0.9466666666666665,0.9846153846153846,0.053333333333333455,0.015384615384615441,0.944,0.2,0.5881410256410257
mlp,3,3,2,0.1,fixed horizon 100,200,60,140,1.0617992466907726,0.0625,0.21153846153846154,0.9375,0.5745192307692307,0.8636363636363636,0.9711538461538461,0.13636363636363635,0.028846153846153855,0.86,0.14,0.6157852564102564
mlp,3,3,2,0.1,fixed horizon 148,200,60,140,1.08651412916133,0.08333333333333333,0.25,0.9166666666666666,0.5833333333333333,0.7115384615384616,0.9278846153846154,0.28846153846153844,0.07211538461538458,0.7111486486486487,0.17,0.7151442307692307
mlp,3,3,2,0.15,by final end,200,60,140,1.1018630291605815,0.3333333333333333,1.0,0.6666666666666666,0.8333333333333333,0.5894230769230769,0.5894230769230769,0.41057692307692306,0.41057692307692306,0.5980769230769231,0.68,0.9759615384615384
mlp,3,3,2,0.15,by earliest stop,200,60,140,1.1018630291605815,0.0,0.0,1.0,0.5,,1.0,,0.0,,0.0,0.7255608974358975
mlp,3,3,2,0.15,fixed horizon 50,200,60,140,1.0220870483718276,0.1875,0.36538461538461536,0.8125,0.5889423076923077,0.7810526315789474,0.92,0.21894736842105256,0.07999999999999996,0.8022222222222223,0.28,0.5881410256410257
mlp,3,3,2,0.15,fixed horizon 100,200,60,140,1.1205108138475985,0.16666666666666666,0.3076923076923077,0.8333333333333334,0.5705128205128205,0.646875,0.8913461538461539,0.353125,0.1086538461538461,0.6637500000000001,0.24,0.6157852564102564
mlp,3,3,2,0.15,fixed horizon 148,200,60,140,1.0882785940125375,0.20833333333333334,0.34615384615384615,0.7916666666666666,0.5689102564102564,0.7271021021021021,0.905535343035343,0.27289789789789787,0.094464656964657,0.7398648648648648,0.28,0.7151442307692307
mlp,3,3,2,0.2,by final end,200,60,140,1.068774871950866,0.4791666666666667,1.0,0.5208333333333334,0.7604166666666667,0.4168269230769231,0.4168269230769231,0.583173076923077,0.583173076923077,0.39966555183946495,0.75,0.9759615384615384
mlp,3,3,2,0.2,by earliest stop,200,60,140,1.068774871950866,0.16666666666666666,0.3076923076923077,0.8333333333333334,0.5705128205128205,0.36764705882352944,0.8054298642533937,0.6323529411764706,0.1945701357466063,0.38636363636363635,0.24,0.7255608974358975
mlp,3,3,2,0.2,fixed horizon 50,200,60,140,1.005198211217512,0.25,0.40384615384615385,0.75,0.5769230769230769,0.7723809523809523,0.9080769230769232,0.22761904761904772,0.09192307692307677,0.8100000000000002,0.33,0.5881410256410257
mlp,3,3,2,0.2,fixed horizon 100,200,60,140,1.1203562907187492,0.4375,0.5192307692307693,0.5625,0.5408653846153846,0.6233333333333334,0.804423076923077,0.3766666666666666,0.19557692307692298,0.6380952380952382,0.48,0.6157852564102564
mlp,3,3,2,0.2,fixed horizon 148,200,60,140,1.1541890474413836,0.16666666666666666,0.4423076923076923,0.8333333333333334,0.6378205128205128,0.8158049353701528,0.9185291060291061,0.18419506462984725,0.08147089397089391,0.8150337837837838,0.31,0.7151442307692307
mlp,3,3,2,0.3,by final end,200,60,140,0.9995251112535823,0.6875,1.0,0.3125,0.65625,0.1669748520710059,0.1669748520710059,0.8330251479289941,0.8330251479289941,0.15541958041958043,0.85,0.9759615384615384
mlp,3,3,2,0.3,by earliest stop,200,60,140,0.9995251112535823,0.5208333333333334,0.7115384615384616,0.4791666666666667,0.5953525641025641,0.06258129787541553,0.3329905388728919,0.9374187021245844,0.6670094611271081,0.1116577540106952,0.62,0.7255608974358975
mlp,3,3,2,0.3,fixed horizon 50,200,60,140,0.9999163114390643,0.6666666666666666,0.8269230769230769,0.3333333333333333,0.5801282051282051,0.3027906976744186,0.4234615384615384,0.6972093023255814,0.5765384615384617,0.40937500000000004,0.75,0.5881410256410257
mlp,3,3,2,0.3,fixed horizon 100,200,60,140,1.011932594229897,0.7083333333333334,0.8076923076923077,0.2916666666666667,0.5496794871794872,0.5133333333333334,0.6069230769230769,0.4866666666666666,0.3930769230769231,0.5514705882352943,0.76,0.6157852564102564
mlp,3,3,2,0.3,fixed horizon 148,200,60,140,1.0583706661549819,0.6458333333333334,0.7884615384615384,0.3541666666666667,0.5713141025641025,0.40013183915622946,0.5270270270270271,0.5998681608437706,0.4729729729729729,0.4030078465562337,0.72,0.7151442307692307
mlp,3,3,3,0.01,by final end,200,60,140,1.0075955067003242,0.0625,0.3076923076923077,0.9375,0.6225961538461539,0.6943509615384615,0.9059541420118344,0.30564903846153846,0.09404585798816556,0.08076923076923077,0.19,0.9759615384615384
mlp,3,3,3,0.01,by earliest stop,200,60,140,1.0075955067003242,0.0625,0.09615384615384616,0.9375,0.5168269230769231,0.22459893048128343,0.9254422048539696,0.7754010695187166,0.07455779514603045,0.22459893048128343,0.08,0.7255608974358975
mlp,3,3,3,0.01,fixed horizon 50,200,60,140,1.0075955067003242,0.0625,0.09615384615384616,0.9375,0.5168269230769231,0.8400000000000001,0.9846153846153847,0.15999999999999992,0.01538461538461533,0.84,0.08,0.5881410256410257
mlp,3,3,3,0.01,fixed horizon 100,200,60,140,1.0075955067003242,0.0625,0.09615384615384616,0.9375,0.5168269230769231,0.42000000000000004,0.9442307692307691,0.58,0.055769230769230904,0.42,0.08,0.6157852564102564
mlp,3,3,3,0.01,fixed horizon 148,200,60,140,1.0075955067003242,0.0625,0.09615384615384616,0.9375,0.5168269230769231,0.28378378378378377,0.9311330561330562,0.7162162162162162,0.06886694386694381,0.28378378378378377,0.08,0.7151442307692307
mlp,3,3,3,0.025,by final end,200,60,140,1.0073913550156228,0.08333333333333333,0.34615384615384615,0.9166666666666666,0.6314102564102564,0.5787393162393162,0.8541789940828403,0.4212606837606838,0.14582100591715974,0.08076923076923077,0.22,0.9759615384615384
mlp,3,3,3,0.025,by earliest stop,200,60,140,1.0073913550156228,0.08333333333333333,0.15384615384615385,0.9166666666666666,0.5352564102564102,0.22459893048128343,0.8807075277663513,0.7754010695187166,0.1192924722336487,0.22459893048128343,0.12,0.7255608974358975
mlp,3,3,3,0.025,fixed horizon 50,200,60,140,1.0073913550156228,0.08333333333333333,0.15384615384615385,0.9166666666666666,0.5352564102564102,0.84,0.9753846153846154,0.16000000000000003,0.024615384615384595,0.84,0.12,0.5881410256410257
mlp,3,3,3,0.025,fixed horizon 100,200,60,140,1.0073913550156228,0.08333333333333333,0.15384615384615385,0.9166666666666666,0.5352564102564102,0.42,0.9107692307692308,0.5800000000000001,0.08923076923076922,0.42,0.12,0.6157852564102564
mlp,3,3,3,0.025,fixed horizon 148,200,60,140,1.0073913550156228,0.08333333333333333,0.15384615384615385,0.9166666666666666,0.5352564102564102,0.28378378378378377,0.8898128898128899,0.7162162162162162,0.11018711018711014,0.28378378378378377,0.12,0.7151442307692307
mlp,3,3,3,0.05,by final end,200,60,140,1.1354294271640448,0.041666666666666664,0.8076923076923077,0.9583333333333334,0.8830128205128205,0.8436355311355311,0.8737056213017751,0.15636446886446886,0.1262943786982249,0.8163461538461538,0.44,0.9759615384615384
mlp,3,3,3,0.05,by earliest stop,200,60,140,1.1354294271640448,0.0,0.0,1.0,0.5,,1.0,,0.0,,0.0,0.7255608974358975
mlp,3,3,3,0.05,fixed horizon 50,200,60,140,1.022259393217129,0.08333333333333333,0.23076923076923078,0.9166666666666666,0.5737179487179487,0.8000000000000002,0.9538461538461538,0.19999999999999984,0.04615384615384621,0.8,0.16,0.5881410256410257
mlp,3,3,3,0.05,fixed horizon 100,200,60,140,1.0146822092822187,0.0625,0.15384615384615385,0.9375,0.5456730769230769,0.74875,0.9613461538461539,0.25125,0.03865384615384615,0.73,0.11,0.6157852564102564
mlp,3,3,3,0.05,fixed horizon 148,200,60,140,1.010211375354299,0.10416666666666667,0.19230769230769232,0.8958333333333334,0.5440705128205129,0.4391891891891892,0.8921517671517672,0.5608108108108107,0.10784823284823275,0.44189189189189193,0.15,0.7151442307692307
mlp,3,3,3,0.075,by final end,200,60,140,1.1122405901169574,0.125,0.9423076923076923,0.875,0.9086538461538461,0.7585557299843013,0.7724852071005917,0.24144427001569868,0.22751479289940835,0.6913461538461538,0.55,0.9759615384615384
mlp,3,3,3,0.075,by earliest stop,200,60,140,1.1122405901169574,0.0,0.0,1.0,0.5,,1.0,,0.0,,0.0,0.7255608974358975
mlp,3,3,3,0.075,fixed horizon 50,200,60,140,1.0224255920955165,0.10416666666666667,0.28846153846153844,0.8958333333333334,0.5921474358974359,0.8000000000000003,0.9423076923076922,0.19999999999999973,0.05769230769230782,0.8,0.2,0.5881410256410257
mlp,3,3,3,0.075,fixed horizon 100,200,60,140,1.026475373959047,0.0625,0.19230769230769232,0.9375,0.5649038461538461,0.9289999999999999,0.9863461538461539,0.07100000000000006,0.013653846153846128,0.9,0.13,0.6157852564102564
mlp,3,3,3,0.075,fixed horizon 148,200,60,140,1.0301176419068085,0.0625,0.19230769230769232,0.9375,0.5649038461538461,0.6466216216216216,0.9320426195426196,0.3533783783783784,0.06795738045738042,0.6418918918918919,0.13,0.7151442307692307
mlp,3,3,3,0.1,by final end,200,60,140,1.0701364269414728,0.1875,0.9615384615384616,0.8125,0.8870192307692308,0.6633076923076924,0.6762573964497042,0.3366923076923076,0.3237426035502958,0.6074786324786324,0.59,0.9759615384615384
mlp,3,3,3,0.1,by earliest stop,200,60,140,1.0701364269414728,0.0,0.0,1.0,0.5,,1.0,,0.0,,0.0,0.7255608974358975
mlp,3,3,3,0.1,fixed horizon 50,200,60,140,1.0217368022750875,0.125,0.3076923076923077,0.875,0.5913461538461539,0.6637500000000001,0.8965384615384614,0.33624999999999994,0.1034615384615386,0.67,0.22,0.5881410256410257
mlp,3,3,3,0.1,fixed horizon 100,200,60,140,1.0352099624058269,0.0625,0.23076923076923078,0.9375,0.5841346153846154,0.9100000000000001,0.9792307692307692,0.08999999999999986,0.020769230769230762,0.9,0.15,0.6157852564102564
mlp,3,3,3,0.1,fixed horizon 148,200,60,140,1.051929655963391,0.08333333333333333,0.25,0.9166666666666666,0.5833333333333333,0.6704781704781706,0.9176195426195426,0.3295218295218294,0.0823804573804574,0.6773648648648649,0.17,0.7151442307692307
mlp,3,3,3,0.15,by final end,200,60,140,1.0179174871747512,0.3958333333333333,1.0,0.6041666666666666,0.8020833333333333,0.4229289940828402,0.4229289940828402,0.5770710059171598,0.5770710059171598,0.44382591093117413,0.71,0.9759615384615384
mlp,3,3,3,0.15,by earliest stop,200,60,140,1.0179174871747512,0.10416666666666667,0.3269230769230769,0.8958333333333334,0.6113782051282052,0.2897137464611513,0.7677910324969148,0.7102862535388488,0.23220896750308517,0.21390374331550804,0.22,0.7255608974358975
mlp,3,3,3,0.15,fixed horizon 50,200,60,140,1.023188661389053,0.22916666666666666,0.40384615384615385,0.7708333333333334,0.5873397435897436,0.6695238095238096,0.8665384615384615,0.33047619047619037,0.13346153846153852,0.68,0.32,0.5881410256410257
mlp,3,3,3,0.15,fixed horizon 100,200,60,140,1.031300031944436,0.16666666666666666,0.38461538461538464,0.8333333333333334,0.608974358974359,0.353,0.7511538461538462,0.647,0.24884615384615383,0.425,0.28,0.6157852564102564
mlp,3,3,3,0.15,fixed horizon 148,200,60,140,1.0453502006077857,0.25,0.38461538461538464,0.75,0.5673076923076923,0.6929054054054055,0.8818866943866944,0.30709459459459454,0.11811330561330557,0.7072072072072072,0.32,0.7151442307692307
mlp,3,3,3,0.2,by final end,200,60,140,1.0194012886297141,0.4375,1.0,0.5625,0.78125,0.38783284023668635,0.38783284023668635,0.6121671597633136,0.6121671597633136,0.4186813186813187,0.73,0.9759615384615384
mlp,3,3,3,0.2,by earliest stop,200,60,140,1.0194012886297141,0.10416666666666667,0.3076923076923077,0.8958333333333334,0.6017628205128205,0.25534759358288767,0.7708761826408884,0.7446524064171123,0.22912381735911158,0.21390374331550804,0.21,0.7255608974358975
mlp,3,3,3,0.2,fixed horizon 50,200,60,140,1.0227899060992158,0.375,0.5192307692307693,0.625,0.5721153846153846,0.322962962962963,0.6484615384615384,0.677037037037037,0.3515384615384616,0.35777777777777775,0.45,0.5881410256410257
mlp,3,3,3,0.2,fixed horizon 100,200,60,140,1.1026702344735908,0.2916666666666667,0.46153846153846156,0.7083333333333334,0.5849358974358975,0.2891666666666667,0.6719230769230767,0.7108333333333333,0.32807692307692327,0.5,0.38,0.6157852564102564
mlp,3,3,3,0.2,fixed horizon 148,200,60,140,1.044916154507473,0.2708333333333333,0.4807692307692308,0.7291666666666666,0.6049679487179487,0.7208108108108108,0.8657744282744282,0.2791891891891892,0.1342255717255718,0.7104989604989604,0.38,0.7151442307692307
mlp,3,3,3,0.3,by final end,200,60,140,0.9914075467021114,0.7708333333333334,1.0,0.22916666666666666,0.6145833333333334,0.09900147928994082,0.09900147928994082,0.9009985207100591,0.9009985207100591,0.09007276507276507,0.89,0.9759615384615384
mlp,3,3,3,0.3,by earliest stop,200,60,140,0.9914075467021114,0.625,0.8076923076923077,0.375,0.5913461538461539,0.021899668958492487,0.2099958864664747,0.9781003310415075,0.7900041135335253,0.00588235294117647,0.72,0.7255608974358975
mlp,3,3,3,0.3,fixed horizon 50,200,60,140,1.086285601244389,0.6666666666666666,0.8076923076923077,0.3333333333333333,0.5705128205128205,0.41666666666666674,0.5288461538461539,0.5833333333333333,0.47115384615384615,0.431875,0.74,0.5881410256410257
mlp,3,3,3,0.3,fixed horizon 100,200,60,140,0.9955921893157541,0.8333333333333334,0.9038461538461539,0.16666666666666666,0.5352564102564102,0.062340425531914885,0.1525,0.9376595744680851,0.8475,0.156,0.87,0.6157852564102564
mlp,3,3,3,0.3,fixed horizon 148,200,60,140,0.9986313739977983,0.75,0.9230769230769231,0.25,0.5865384615384616,0.11542792792792793,0.18347193347193347,0.8845720720720721,0.8165280665280665,0.15015015015015012,0.84,0.7151442307692307
mlp,3,3,4,0.01,by final end,200,60,140,1.060725879828136,0.0,0.46153846153846156,1.0,0.7307692307692308,0.9736378205128204,0.9878328402366865,0.02636217948717956,0.012167159763313506,,0.24,0.9759615384615384
mlp,3,3,4,0.01,by earliest stop,200,60,140,1.060725879828136,0.0,0.0,1.0,0.5,,1.0,,0.0,,0.0,0.7255608974358975
mlp,3,3,4,0.01,fixed horizon 50,200,60,140,1.0006247386648461,0.020833333333333332,0.07692307692307693,0.9791666666666666,0.5280448717948718,0.5900000000000001,0.9684615384615385,0.4099999999999999,0.031538461538461515,0.98,0.05,0.5881410256410257
mlp,3,3,4,0.01,fixed horizon 100,200,60,140,1.0178154991362827,0.0625,0.07692307692307693,0.9375,0.5072115384615384,0.9375000000000001,0.9951923076923077,0.06249999999999989,0.004807692307692291,0.9633333333333333,0.07,0.6157852564102564
mlp,3,3,4,0.01,fixed horizon 148,200,60,140,1.0261151705012654,0.0625,0.09615384615384616,0.9375,0.5168269230769231,0.9459459459459459,0.9948024948024947,0.05405405405405406,0.005197505197505281,0.9459459459459459,0.08,0.7151442307692307
mlp,3,3,4,0.025,by final end,200,60,140,1.0271411253323959,0.0625,0.5769230769230769,0.9375,0.7572115384615384,0.8357692307692308,0.9052514792899409,0.16423076923076918,0.09474852071005913,0.2692307692307692,0.33,0.9759615384615384
mlp,3,3,4,0.025,by earliest stop,200,60,140,1.0271411253323959,0.0625,0.09615384615384616,0.9375,0.5168269230769231,0.7486631016042781,0.9758329905388728,0.25133689839572193,0.024167009461127154,0.7486631016042781,0.08,0.7255608974358975
mlp,3,3,4,0.025,fixed horizon 50,200,60,140,1.000329596483771,0.08333333333333333,0.1346153846153846,0.9166666666666666,0.5256410256410257,0.5171428571428571,0.935,0.4828571428571429,0.06499999999999995,0.45,0.11,0.5881410256410257
mlp,3,3,4,0.025,fixed horizon 100,200,60,140,1.0166881567819357,0.0625,0.11538461538461539,0.9375,0.5264423076923077,0.9383333333333334,0.9928846153846153,0.06166666666666665,0.0071153846153847455,0.93,0.09,0.6157852564102564
mlp,3,3,4,0.025,fixed horizon 148,200,60,140,1.0222853708882944,0.0625,0.09615384615384616,0.9375,0.5168269230769231,0.9459459459459459,0.9948024948024947,0.05405405405405406,0.005197505197505281,0.9459459459459459,0.08,0.7151442307692307
mlp,3,3,4,0.05,by final end,200,60,140,1.0462987514295745,0.10416666666666667,0.8846153846153846,0.8958333333333334,0.890224358974359,0.7986204013377928,0.8218565088757397,0.20137959866220723,0.1781434911242603,0.6311538461538462,0.51,0.9759615384615384
mlp,3,3,4,0.05,by earliest stop,200,60,140,1.0462987514295745,0.041666666666666664,0.09615384615384616,0.9583333333333334,0.5272435897435898,0.7486631016042781,0.9758329905388728,0.25133689839572193,0.024167009461127154,0.7486631016042781,0.07,0.7255608974358975
mlp,3,3,4,0.05,fixed horizon 50,200,60,140,1.0042801068194789,0.10416666666666667,0.25,0.8958333333333334,0.5729166666666667,0.5199999999999998,0.8800000000000001,0.4800000000000002,0.11999999999999988,0.52,0.18,0.5881410256410257
mlp,3,3,4,0.05,fixed horizon 100,200,60,140,1.0219625437789648,0.0625,0.17307692307692307,0.9375,0.5552884615384616,0.78,0.961923076923077,0.21999999999999997,0.03807692307692301,0.7799999999999999,0.12,0.6157852564102564
mlp,3,3,4,0.05,fixed horizon 148,200,60,140,1.0364705027245602,0.0625,0.11538461538461539,0.9375,0.5264423076923077,0.9369369369369368,0.9927234927234927,0.0630630630630632,0.007276507276507305,0.9459459459459459,0.09,0.7151442307692307
mlp,3,3,4,0.075,by final end,200,60,140,1.041893180611444,0.1875,0.9807692307692307,0.8125,0.8966346153846154,0.6652714932126697,0.6717085798816568,0.33472850678733035,0.3282914201183432,0.5668803418803419,0.6,0.9759615384615384
mlp,3,3,4,0.075,by earliest stop,200,60,140,1.041893180611444,0.0625,0.15384615384615385,0.9375,0.5456730769230769,0.5882352941176471,0.9366515837104072,0.4117647058823529,0.06334841628959276,0.5882352941176471,0.11,0.7255608974358975
mlp,3,3,4,0.075,fixed horizon 50,200,60,140,1.003103301091223,0.10416666666666667,0.28846153846153844,0.8958333333333334,0.5921474358974359,0.5199999999999998,0.8615384615384616,0.4800000000000002,0.1384615384615384,0.52,0.2,0.5881410256410257
mlp,3,3,4,0.075,fixed horizon 100,200,60,140,1.0225229601638448,0.0625,0.21153846153846154,0.9375,0.5745192307692307,0.7954545454545454,0.9567307692307693,0.20454545454545459,0.043269230769230727,0.7799999999999999,0.14,0.6157852564102564
mlp,3,3,4,0.075,fixed horizon 148,200,60,140,1.0293775181079678,0.0625,0.19230769230769232,0.9375,0.5649038461538461,0.731081081081081,0.9482848232848232,0.26891891891891895,0.05171517671517678,0.7297297297297297,0.13,0.7151442307692307
mlp,3,3,4,0.1,by final end,200,60,140,1.0312090344514622,0.1875,0.9807692307692307,0.8125,0.8966346153846154,0.6284690799396683,0.6356139053254439,0.3715309200603317,0.36438609467455607,0.5461538461538462,0.6,0.9759615384615384
mlp,3,3,4,0.1,by earliest stop,200,60,140,1.0312090344514622,0.0625,0.19230769230769232,0.9375,0.5649038461538461,0.5786096256684491,0.9189633895516249,0.4213903743315509,0.08103661044837507,0.5775401069518716,0.13,0.7255608974358975
mlp,3,3,4,0.1,fixed horizon 50,200,60,140,1.00086806773152,0.14583333333333334,0.34615384615384615,0.8541666666666666,0.6001602564102564,0.5533333333333332,0.8453846153846155,0.44666666666666677,0.1546153846153845,0.5514285714285714,0.25,0.5881410256410257
mlp,3,3,4,0.1,fixed horizon 100,200,60,140,1.0094365284763962,0.10416666666666667,0.25,0.8958333333333334,0.5729166666666667,0.7107692307692308,0.9276923076923077,0.2892307692307692,0.0723076923076923,0.67,0.18,0.6157852564102564
mlp,3,3,4,0.1,fixed horizon 148,200,60,140,1.016524787404855,0.10416666666666667,0.3269230769230769,0.8958333333333334,0.6113782051282052,0.6077106518282988,0.8717515592515592,0.39228934817170125,0.12824844074844077,0.6216216216216217,0.22,0.7151442307692307
mlp,3,3,4,0.15,by final end,200,60,140,1.0306943643678688,0.3125,1.0,0.6875,0.84375,0.5143491124260355,0.5143491124260355,0.48565088757396446,0.48565088757396446,0.53,0.67,0.9759615384615384
mlp,3,3,4,0.15,by earliest stop,200,60,140,1.0306943643678688,0.0625,0.21153846153846154,0.9375,0.5745192307692307,0.6008750607681088,0.9155697243932538,0.3991249392318912,0.08443027560674621,0.5775401069518716,0.14,0.7255608974358975
mlp,3,3,4,0.15,fixed horizon 50,200,60,140,0.9999204092902926,0.3333333333333333,0.5,0.6666666666666666,0.5833333333333333,0.2653846153846154,0.6326923076923077,0.7346153846153847,0.36730769230769234,0.26,0.42,0.5881410256410257
mlp,3,3,4,0.15,fixed horizon 100,200,60,140,1.0000803503574107,0.1875,0.4423076923076923,0.8125,0.6274038461538461,0.2769565217391304,0.6801923076923077,0.7230434782608697,0.31980769230769235,0.43,0.32,0.6157852564102564
mlp,3,3,4,0.15,fixed horizon 148,200,60,140,1.0005230402416596,0.20833333333333334,0.4230769230769231,0.7916666666666666,0.6073717948717948,0.3488943488943489,0.7245322245322245,0.6511056511056511,0.27546777546777546,0.41486486486486485,0.32,0.7151442307692307
mlp,3,3,4,0.2,by final end,200,60,140,1.0000836575926961,0.4583333333333333,1.0,0.5416666666666666,0.7708333333333333,0.3348372781065089,0.3348372781065089,0.6651627218934911,0.6651627218934911,0.39396853146853145,0.74,0.9759615384615384
mlp,3,3,4,0.2,by earliest stop,200,60,140,1.0000836575926961,0.14583333333333334,0.4423076923076923,0.8541666666666666,0.6482371794871795,0.16554289700069755,0.6309132044426163,0.8344571029993024,0.36908679555738366,0.18105423987776928,0.3,0.7255608974358975
mlp,3,3,4,0.2,fixed horizon 50,200,60,140,0.9997212771838395,0.4375,0.6346153846153846,0.5625,0.5985576923076923,0.1606060606060606,0.4673076923076923,0.8393939393939394,0.5326923076923077,0.23809523809523808,0.54,0.5881410256410257
mlp,3,3,4,0.2,fixed horizon 100,200,60,140,0.9996972409498185,0.5208333333333334,0.6730769230769231,0.4791666666666667,0.5761217948717949,0.098,0.3928846153846154,0.902,0.6071153846153846,0.2304,0.6,0.6157852564102564
mlp,3,3,4,0.2,fixed horizon 148,200,60,140,0.9988820970936212,0.5416666666666666,0.7307692307692307,0.4583333333333333,0.594551282051282,0.042674253200568994,0.30041580041580035,0.957325746799431,0.6995841995841996,0.11330561330561331,0.64,0.7151442307692307
mlp,3,3,4,0.3,by final end,200,60,140,0.9849282981603625,0.7708333333333334,1.0,0.22916666666666666,0.6145833333333334,0.10036982248520711,0.10036982248520711,0.8996301775147929,0.8996301775147929,0.0708939708939709,0.89,0.9759615384615384
mlp,3,3,4,0.3,by earliest stop,200,60,140,0.9849282981603625,0.6875,0.8076923076923077,0.3125,0.5600961538461539,0.0,0.19230769230769232,1.0,0.8076923076923077,0.04164641063036785,0.75,0.7255608974358975
mlp,3,3,4,0.3,fixed horizon 50,200,60,140,0.9695006811331871,0.7708333333333334,0.8653846153846154,0.22916666666666666,0.5472756410256411,0.0017777777777777779,0.13615384615384615,0.9982222222222222,0.8638461538461538,0.024864864864864868,0.82,0.5881410256410257
mlp,3,3,4,0.3,fixed horizon 100,200,60,140,0.9858637107275918,0.75,0.8846153846153846,0.25,0.5673076923076923,0.05065217391304348,0.1601923076923077,0.9493478260869566,0.8398076923076923,0.07055555555555555,0.82,0.6157852564102564
mlp,3,3,4,0.3,fixed horizon 148,200,60,140,0.9721312120157959,0.7916666666666666,0.8653846153846154,0.20833333333333334,0.5368589743589743,0.0007507507507507507,0.13526507276507277,0.9992492492492493,0.8647349272349272,0.0343172119487909,0.83,0.7151442307692307
mlp,3,3,5,0.01,by final end,200,60,140,1.0046236827685893,0.020833333333333332,0.4230769230769231,0.9791666666666666,0.7011217948717948,0.8282342657342657,0.9273298816568049,0.17176573426573427,0.07267011834319514,0.45384615384615384,0.23,0.9759615384615384
mlp,3,3,5,0.01,by earliest stop,200,60,140,1.0046236827685893,0.0,0.0,1.0,0.5,,1.0,,0.0,,0.0,0.7255608974358975
mlp,3,3,5,0.01,fixed horizon 50,200,60,140,0.999994856770787,0.0,0.038461538461538464,1.0,0.5192307692307693,0.06,0.9638461538461538,0.94,0.0361538461538462,,0.02,0.5881410256410257
mlp,3,3,5,0.01,fixed horizon 100,200,60,140,0.9999975815486236,0.020833333333333332,0.09615384615384616,0.9791666666666666,0.5376602564102564,0.426,0.9448076923076922,0.5740000000000001,0.05519230769230776,0.93,0.06,0.6157852564102564
mlp,3,3,5,0.01,fixed horizon 148,200,60,140,0.9999975815486236,0.0625,0.1346153846153846,0.9375,0.5360576923076923,0.39961389961389965,0.9191787941787941,0.6003861003861004,0.08082120582120589,0.6599099099099099,0.1,0.7151442307692307
mlp,3,3,5,0.025,by final end,200,60,140,0.9999973183598553,0.0625,0.46153846153846156,0.9375,0.6995192307692308,0.658974358974359,0.842603550295858,0.34102564102564104,0.15739644970414202,0.18782051282051282,0.27,0.9759615384615384
mlp,3,3,5,0.025,by earliest stop,200,60,140,0.9999973183598553,0.0625,0.1346153846153846,0.9375,0.5360576923076923,0.31627196333078683,0.907959687371452,0.6837280366692131,0.09204031262854795,0.5222816399286988,0.1,0.7255608974358975
mlp,3,3,5,0.025,fixed horizon 50,200,60,140,0.9999843911468242,0.0,0.038461538461538464,1.0,0.5192307692307693,0.02,0.9623076923076923,0.98,0.03769230769230769,,0.02,0.5881410256410257
mlp,3,3,5,0.025,fixed horizon 100,200,60,140,0.9999903813708266,0.041666666666666664,0.11538461538461539,0.9583333333333334,0.5368589743589743,0.5116666666666666,0.9436538461538461,0.4883333333333334,0.056346153846153935,0.935,0.08,0.6157852564102564
mlp,3,3,5,0.025,fixed horizon 148,200,60,140,0.9999903813708266,0.0625,0.1346153846153846,0.9375,0.5360576923076923,0.39382239382239387,0.9183991683991685,0.6061776061776061,0.08160083160083154,0.6463963963963963,0.1,0.7151442307692307
mlp,3,3,5,0.05,by final end,200,60,140,1.0001570868168304,0.0625,0.6346153846153846,0.9375,0.7860576923076923,0.7548951048951048,0.8444526627218933,0.2451048951048952,0.15554733727810666,0.18974358974358974,0.36,0.9759615384615384
mlp,3,3,5,0.05,by earliest stop,200,60,140,1.0001570868168304,0.0625,0.07692307692307693,0.9375,0.5072115384615384,0.5080213903743316,0.9621554915672562,0.4919786096256684,0.037844508432743784,0.5276292335115865,0.07,0.7255608974358975
mlp,3,3,5,0.05,fixed horizon 50,200,60,140,0.9999958475990912,0.08333333333333333,0.23076923076923078,0.9166666666666666,0.5737179487179487,0.31833333333333336,0.8426923076923077,0.6816666666666666,0.15730769230769226,0.30000000000000004,0.16,0.5881410256410257
mlp,3,3,5,0.05,fixed horizon 100,200,60,140,0.9999819021670697,0.08333333333333333,0.25,0.9166666666666666,0.5833333333333333,0.4,0.8500000000000001,0.6,0.1499999999999999,0.37,0.17,0.6157852564102564
mlp,3,3,5,0.05,fixed horizon 148,200,60,140,0.9999958475990912,0.0625,0.23076923076923078,0.9375,0.5841346153846154,0.5270270270270269,0.8908523908523909,0.47297297297297314,0.10914760914760913,0.6463963963963963,0.15,0.7151442307692307
mlp,3,3,5,0.075,by final end,200,60,140,0.9999947817441246,0.08333333333333333,0.9038461538461539,0.9166666666666666,0.9102564102564102,0.6664893617021277,0.6985576923076925,0.3335106382978723,0.3014423076923075,0.3576923076923077,0.51,0.9759615384615384
mlp,3,3,5,0.075,by earliest stop,200,60,140,0.9999947817441246,0.0625,0.23076923076923078,0.9375,0.5841346153846154,0.4171122994652407,0.8654874537227477,0.5828877005347592,0.1345125462772523,0.5115864527629234,0.15,0.7255608974358975
mlp,3,3,5,0.075,fixed horizon 50,200,60,140,0.9999405600942578,0.1875,0.4230769230769231,0.8125,0.6177884615384616,0.21454545454545454,0.6676923076923078,0.7854545454545454,0.3323076923076922,0.12888888888888891,0.31,0.5881410256410257
mlp,3,3,5,0.075,fixed horizon 100,200,60,140,0.9999410364259316,0.16666666666666666,0.34615384615384615,0.8333333333333334,0.5897435897435898,0.24722222222222223,0.739423076923077,0.7527777777777778,0.26057692307692304,0.15125,0.26,0.6157852564102564
mlp,3,3,5,0.075,fixed horizon 148,200,60,140,0.9999846531446931,0.08333333333333333,0.23076923076923078,0.9166666666666666,0.5737179487179487,0.30855855855855857,0.8404365904365905,0.6914414414414414,0.15956340956340953,0.24999999999999997,0.16,0.7151442307692307
mlp,3,3,5,0.1,by final end,200,60,140,1.0006789194661458,0.20833333333333334,0.9615384615384616,0.7916666666666666,0.8766025641025641,0.5887307692307693,0.6045488165680474,0.4112692307692307,0.3954511834319526,0.4338461538461537,0.6,0.9759615384615384
mlp,3,3,5,0.1,by earliest stop,200,60,140,1.0006789194661458,0.08333333333333333,0.19230769230769232,0.9166666666666666,0.5544871794871795,0.444385026737968,0.8931509666803783,0.555614973262032,0.1068490333196217,0.34090909090909094,0.14,0.7255608974358975
mlp,3,3,5,0.1,fixed horizon 50,200,60,140,1.0031863930303995,0.125,0.34615384615384615,0.875,0.6105769230769231,0.5466666666666666,0.8430769230769232,0.45333333333333337,0.15692307692307683,0.5366666666666666,0.24,0.5881410256410257
mlp,3,3,5,0.1,fixed horizon 100,200,60,140,0.9999244055078315,0.1875,0.40384615384615385,0.8125,0.6081730769230769,0.15095238095238098,0.6571153846153847,0.849047619047619,0.34288461538461534,0.05555555555555555,0.3,0.6157852564102564
mlp,3,3,5,0.1,fixed horizon 148,200,60,140,0.9999580603610004,0.125,0.34615384615384615,0.875,0.6105769230769231,0.2954204204204204,0.7561070686070686,0.7045795795795796,0.24389293139293144,0.1295045045045045,0.24,0.7151442307692307
mlp,3,3,5,0.15,by final end,200,60,140,0.9994012751469458,0.4791666666666667,1.0,0.5208333333333334,0.7604166666666667,0.2661242603550296,0.2661242603550296,0.7338757396449704,0.7338757396449704,0.16948160535117057,0.75,0.9759615384615384
mlp,3,3,5,0.15,by earliest stop,200,60,140,0.9994012751469458,0.3541666666666667,0.6153846153846154,0.6458333333333334,0.6306089743589745,0.030581550802139035,0.403434800493624,0.969418449197861,0.596565199506376,0.0031456432840515887,0.49,0.7255608974358975
mlp,3,3,5,0.15,fixed horizon 50,200,60,140,0.9995570165722247,0.375,0.6346153846153846,0.625,0.6298076923076923,0.10363636363636362,0.4311538461538461,0.8963636363636364,0.5688461538461539,0.11333333333333336,0.51,0.5881410256410257
mlp,3,3,5,0.15,fixed horizon 100,200,60,140,0.9999783886483631,0.2916666666666667,0.5,0.7083333333333334,0.6041666666666667,0.1476923076923077,0.5738461538461539,0.8523076923076923,0.4261538461538461,0.2592857142857143,0.4,0.6157852564102564
mlp,3,3,5,0.15,fixed horizon 148,200,60,140,0.9992749851372474,0.375,0.6730769230769231,0.625,0.6490384615384616,0.05791505791505792,0.3659043659043659,0.9420849420849421,0.6340956340956341,0.0022522522522522522,0.53,0.7151442307692307
mlp,3,3,5,0.2,by final end,200,60,140,0.9978751090534747,0.6875,1.0,0.3125,0.65625,0.1741863905325444,0.1741863905325444,0.8258136094674556,0.8258136094674556,0.15967365967365965,0.85,0.9759615384615384
mlp,3,3,5,0.2,by earliest stop,200,60,140,0.9978751090534747,0.5208333333333334,0.7307692307692307,0.4791666666666667,0.6049679487179487,0.020264565156206022,0.28403948992184286,0.979735434843794,0.7159605100781572,0.0012834224598930483,0.63,0.7255608974358975
mlp,3,3,5,0.2,fixed horizon 50,200,60,140,0.9993354593069456,0.4791666666666667,0.6923076923076923,0.5208333333333334,0.6065705128205128,0.07555555555555554,0.36,0.9244444444444444,0.64,0.14869565217391303,0.59,0.5881410256410257
mlp,3,3,5,0.2,fixed horizon 100,200,60,140,0.9978897072793966,0.5625,0.7307692307692307,0.4375,0.5841346153846154,0.013157894736842105,0.27884615384615385,0.9868421052631579,0.7211538461538461,0.051111111111111114,0.65,0.6157852564102564
mlp,3,3,5,0.2,fixed horizon 148,200,60,140,0.9969028000583883,0.5208333333333334,0.75,0.4791666666666667,0.6145833333333334,0.023042273042273045,0.26728170478170477,0.976957726957727,0.7327182952182952,0.001081081081081081,0.64,0.7151442307692307
mlp,3,3,5,0.3,by final end,200,60,140,0.9705537027851298,0.8541666666666666,1.0,0.14583333333333334,0.5729166666666666,0.08228550295857986,0.08228550295857986,0.9177144970414202,0.9177144970414202,0.06266416510318949,0.93,0.9759615384615384
mlp,3,3,5,0.3,by earliest stop,200,60,140,0.9705537027851298,0.7708333333333334,0.8653846153846154,0.22916666666666666,0.5472756410256411,0.0005941770647653001,0.1351295763060469,0.9994058229352347,0.8648704236939531,0.009683480271715566,0.82,0.7255608974358975
mlp,3,3,5,0.3,fixed horizon 50,200,60,140,0.9492993726897897,0.8333333333333334,0.9615384615384616,0.16666666666666666,0.5641025641025641,0.0152,0.053076923076923084,0.9848,0.9469230769230769,0.05550000000000001,0.9,0.5881410256410257
mlp,3,3,5,0.3,fixed horizon 100,200,60,140,0.9369646161369515,0.8125,0.9615384615384616,0.1875,0.5745192307692308,0.002,0.04038461538461539,0.998,0.9596153846153846,0.03205128205128205,0.89,0.6157852564102564
mlp,3,3,5,0.3,fixed horizon 148,200,60,140,0.9535725057921095,0.7916666666666666,0.9230769230769231,0.20833333333333334,0.5657051282051282,0.0014076576576576578,0.07822245322245322,0.9985923423423423,0.9217775467775468,0.02773826458036984,0.86,0.7151442307692307
mlp,3,3,6,0.01,by final end,200,60,140,1.063283404883384,0.0,0.46153846153846156,1.0,0.7307692307692308,0.9736378205128204,0.9878328402366865,0.02636217948717956,0.012167159763313506,,0.24,0.9759615384615384
mlp,3,3,6,0.01,by earliest stop,200,60,140,1.063283404883384,0.0,0.0,1.0,0.5,,1.0,,0.0,,0.0,0.7255608974358975
mlp,3,3,6,0.01,fixed horizon 50,200,60,140,0.9999990060853484,0.0,0.038461538461538464,1.0,0.5192307692307693,0.04,0.963076923076923,0.96,0.03692307692307695,,0.02,0.5881410256410257
mlp,3,3,6,0.01,fixed horizon 100,200,60,140,1.000005988425396,0.020833333333333332,0.09615384615384616,0.9791666666666666,0.5376602564102564,0.426,0.9448076923076922,0.5740000000000001,0.05519230769230776,0.93,0.06,0.6157852564102564
mlp,3,3,6,0.01,fixed horizon 148,200,60,140,1.000005988425396,0.0625,0.1346153846153846,0.9375,0.5360576923076923,0.39961389961389965,0.9191787941787941,0.6003861003861004,0.08082120582120589,0.6599099099099099,0.1,0.7151442307692307
mlp,3,3,6,0.025,by final end,200,60,140,1.0040212681005092,0.020833333333333332,0.6153846153846154,0.9791666666666666,0.797275641025641,0.8446514423076923,0.9044008875739645,0.1553485576923077,0.09559911242603547,0.45384615384615384,0.33,0.9759615384615384
mlp,3,3,6,0.025,by earliest stop,200,60,140,1.0040212681005092,0.0,0.0,1.0,0.5,,1.0,,0.0,,0.0,0.7255608974358975
mlp,3,3,6,0.025,fixed horizon 50,200,60,140,0.9999959091514877,0.0,0.038461538461538464,1.0,0.5192307692307693,0.04,0.963076923076923,0.96,0.03692307692307695,,0.02,0.5881410256410257
mlp,3,3,6,0.025,fixed horizon 100,200,60,140,0.9999975441068772,0.020833333333333332,0.09615384615384616,0.9791666666666666,0.5376602564102564,0.422,0.9444230769230769,0.5780000000000001,0.05557692307692308,0.93,0.06,0.6157852564102564
mlp,3,3,6,0.025,fixed horizon 148,200,60,140,0.9999975441068772,0.0625,0.1346153846153846,0.9375,0.5360576923076923,0.39768339768339767,0.9189189189189189,0.6023166023166023,0.08108108108108114,0.6599099099099099,0.1,0.7151442307692307
mlp,3,3,6,0.05,by final end,200,60,140,1.0056245460198656,0.08333333333333333,0.8846153846153846,0.9166666666666666,0.9006410256410255,0.7552675585284281,0.7835059171597633,0.24473244147157192,0.21649408284023675,0.38221153846153844,0.5,0.9759615384615384
mlp,3,3,6,0.05,by earliest stop,200,60,140,1.0056245460198656,0.0625,0.1346153846153846,0.9375,0.5360576923076923,0.6126814362108479,0.9478609625668448,0.3873185637891521,0.05213903743315518,0.5989304812834224,0.1,0.7255608974358975
mlp,3,3,6,0.05,fixed horizon 50,200,60,140,1.0000110006253802,0.08333333333333333,0.19230769230769232,0.9166666666666666,0.5544871794871795,0.32,0.8692307692307693,0.6799999999999999,0.13076923076923075,0.36,0.14,0.5881410256410257
mlp,3,3,6,0.05,fixed horizon 100,200,60,140,1.0000258865764837,0.08333333333333333,0.2692307692307692,0.9166666666666666,0.592948717948718,0.3378571428571429,0.8217307692307693,0.6621428571428571,0.17826923076923074,0.18,0.18,0.6157852564102564
mlp,3,3,6,0.05,fixed horizon 148,200,60,140,1.0000839130342594,0.0625,0.17307692307692307,0.9375,0.5552884615384616,0.6456456456456457,0.9386694386694386,0.35435435435435425,0.06133056133056136,0.6666666666666666,0.12,0.7151442307692307
mlp,3,3,6,0.075,by final end,200,60,140,1.0038131834764643,0.125,0.9038461538461539,0.875,0.8894230769230769,0.6889525368248771,0.718860946745562,0.3110474631751229,0.281139053254438,0.5185897435897436,0.53,0.9759615384615384
mlp,3,3,6,0.075,by earliest stop,200,60,140,1.0038131834764643,0.0625,0.21153846153846154,0.9375,0.5745192307692307,0.5663587749149247,0.9082682023858494,0.4336412250850753,0.09173179761415062,0.4919786096256685,0.14,0.7255608974358975
mlp,3,3,6,0.075,fixed horizon 50,200,60,140,0.9999946727629678,0.125,0.28846153846153844,0.875,0.5817307692307692,0.25733333333333336,0.7857692307692308,0.7426666666666666,0.21423076923076922,0.25666666666666665,0.21,0.5881410256410257
mlp,3,3,6,0.075,fixed horizon 100,200,60,140,0.9999959691939614,0.08333333333333333,0.28846153846153844,0.9166666666666666,0.6025641025641025,0.3106666666666667,0.8011538461538462,0.6893333333333334,0.19884615384615378,0.18,0.19,0.6157852564102564
mlp,3,3,6,0.075,fixed horizon 148,200,60,140,1.0000199107442365,0.08333333333333333,0.3076923076923077,0.9166666666666666,0.6121794871794872,0.23564189189189189,0.7648128898128899,0.7643581081081081,0.23518711018711014,0.12162162162162163,0.2,0.7151442307692307
mlp,3,3,6,0.1,by final end,200,60,140,1.0014719357899677,0.22916666666666666,1.0,0.7708333333333334,0.8854166666666667,0.56301775147929,0.56301775147929,0.43698224852071,0.43698224852071,0.42412587412587405,0.63,0.9759615384615384
mlp,3,3,6,0.1,by earliest stop,200,60,140,1.0014719357899677,0.10416666666666667,0.2692307692307692,0.8958333333333334,0.5825320512820513,0.3177998472116119,0.816330728095434,0.6822001527883881,0.18366927190456594,0.25240641711229944,0.19,0.7255608974358975
mlp,3,3,6,0.1,fixed horizon 50,200,60,140,0.999995945992156,0.14583333333333334,0.38461538461538464,0.8541666666666666,0.6193910256410257,0.213,0.6973076923076923,0.787,0.3026923076923077,0.2457142857142857,0.27,0.5881410256410257
mlp,3,3,6,0.1,fixed horizon 100,200,60,140,1.0060011560704094,0.10416666666666667,0.23076923076923078,0.8958333333333334,0.563301282051282,0.6208333333333333,0.9125000000000001,0.37916666666666665,0.08749999999999991,0.5640000000000001,0.17,0.6157852564102564
mlp,3,3,6,0.1,fixed horizon 148,200,60,140,0.9999967640993126,0.08333333333333333,0.38461538461538464,0.9166666666666666,0.6506410256410257,0.23243243243243245,0.704781704781705,0.7675675675675675,0.295218295218295,0.09797297297297299,0.24,0.7151442307692307
mlp,3,3,6,0.15,by final end,200,60,140,1.0117555433164642,0.3333333333333333,1.0,0.6666666666666666,0.8333333333333333,0.49656065088757395,0.49656065088757395,0.503439349112426,0.503439349112426,0.5104567307692307,0.68,0.9759615384615384
mlp,3,3,6,0.15,by earliest stop,200,60,140,1.0117555433164642,0.0625,0.23076923076923078,0.9375,0.5841346153846154,0.7072192513368983,0.9324352118469765,0.29278074866310166,0.06756478815302347,0.6648841354723708,0.15,0.7255608974358975
mlp,3,3,6,0.15,fixed horizon 50,200,60,140,1.0033075111827845,0.2708333333333333,0.46153846153846156,0.7291666666666666,0.5953525641025641,0.45916666666666667,0.7503846153846153,0.5408333333333333,0.24961538461538468,0.5076923076923078,0.37,0.5881410256410257
mlp,3,3,6,0.15,fixed horizon 100,200,60,140,1.0031609203247043,0.1875,0.38461538461538464,0.8125,0.5985576923076923,0.32749999999999996,0.7413461538461538,0.6725000000000001,0.25865384615384623,0.46222222222222226,0.29,0.6157852564102564
mlp,3,3,6,0.15,fixed horizon 148,200,60,140,1.0111719845484228,0.20833333333333334,0.38461538461538464,0.7916666666666666,0.5881410256410257,0.26250000000000007,0.7163461538461539,0.7374999999999999,0.28365384615384615,0.3972972972972973,0.3,0.7151442307692307
mlp,3,3,6,0.2,by final end,200,60,140,1.02007855509756,0.4166666666666667,1.0,0.5833333333333334,0.7916666666666667,0.46390532544378704,0.46390532544378704,0.536094674556213,0.536094674556213,0.48865384615384616,0.72,0.9759615384615384
mlp,3,3,6,0.2,by earliest stop,200,60,140,1.02007855509756,0.0625,0.21153846153846154,0.9375,0.5745192307692307,0.7253281477880408,0.9418963389551624,0.2746718522119592,0.05810366104483755,0.6862745098039215,0.14,0.7255608974358975
mlp,3,3,6,0.2,fixed horizon 50,200,60,140,0.9998187712611559,0.4166666666666667,0.6346153846153846,0.5833333333333334,0.608974358974359,0.1296969696969697,0.44769230769230767,0.8703030303030304,0.5523076923076924,0.244,0.53,0.5881410256410257
mlp,3,3,6,0.2,fixed horizon 100,200,60,140,0.9998585912369277,0.375,0.5961538461538461,0.625,0.6105769230769231,0.17774193548387096,0.5098076923076922,0.822258064516129,0.4901923076923078,0.33777777777777773,0.49,0.6157852564102564
mlp,3,3,6,0.2,fixed horizon 148,200,60,140,1.005028681957584,0.3125,0.5,0.6875,0.59375,0.3560291060291061,0.678014553014553,0.6439708939708939,0.32198544698544695,0.4554054054054053,0.41,0.7151442307692307
mlp,3,3,6,0.3,by final end,200,60,140,0.9977682626235282,0.7083333333333334,1.0,0.2916666666666667,0.6458333333333334,0.12744082840236687,0.12744082840236687,0.8725591715976331,0.8725591715976331,0.13518099547511314,0.86,0.9759615384615384
mlp,3,3,6,0.3,by earliest stop,200,60,140,0.9977682626235282,0.5208333333333334,0.75,0.4791666666666667,0.6145833333333334,0.020019196489784726,0.26501439736733856,0.9799808035102153,0.7349856026326614,0.0010695187165775401,0.64,0.7255608974358975
mlp,3,3,6,0.3,fixed horizon 50,200,60,140,0.995409020713555,0.7291666666666666,0.8846153846153846,0.2708333333333333,0.5777243589743589,0.11043478260869566,0.21307692307692308,0.8895652173913043,0.786923076923077,0.1685714285714286,0.81,0.5881410256410257
mlp,3,3,6,0.3,fixed horizon 100,200,60,140,1.0024996187322386,0.625,0.8269230769230769,0.375,0.6009615384615384,0.17651162790697675,0.3190384615384615,0.8234883720930233,0.6809615384615385,0.19566666666666657,0.73,0.6157852564102564
mlp,3,3,6,0.3,fixed horizon 148,200,60,140,0.9979124144473766,0.7291666666666666,0.8653846153846154,0.2708333333333333,0.5681089743589743,0.09174174174174174,0.2140072765072765,0.9082582582582582,0.7859927234927235,0.20907335907335908,0.8,0.7151442307692307
mlp,3,3,7,0.01,by final end,200,60,140,0.9999992999421461,0.0625,0.4423076923076923,0.9375,0.6899038461538461,0.6098662207357859,0.8274408284023669,0.3901337792642141,0.17255917159763312,0.18846153846153846,0.26,0.9759615384615384
mlp,3,3,7,0.01,by earliest stop,200,60,140,0.9999992999421461,0.0625,0.19230769230769232,0.9375,0.5649038461538461,0.38342245989304813,0.8814273961332784,0.6165775401069519,0.11857260386672164,0.5240641711229946,0.13,0.7255608974358975
mlp,3,3,7,0.01,fixed horizon 50,200,60,140,0.9999987704188397,0.0,0.038461538461538464,1.0,0.5192307692307693,0.06,0.9638461538461538,0.94,0.0361538461538462,,0.02,0.5881410256410257
mlp,3,3,7,0.01,fixed horizon 100,200,60,140,0.9999987704188397,0.020833333333333332,0.09615384615384616,0.9791666666666666,0.5376602564102564,0.426,0.9448076923076922,0.5740000000000001,0.05519230769230776,0.94,0.06,0.6157852564102564
mlp,3,3,7,0.01,fixed horizon 148,200,60,140,0.9999992999421461,0.0625,0.19230769230769232,0.9375,0.5649038461538461,0.48445945945945945,0.9008575883575884,0.5155405405405405,0.09914241164241155,0.6621621621621622,0.13,0.7151442307692307
mlp,3,3,7,0.025,by final end,200,60,140,0.9999959628179016,0.0625,0.4423076923076923,0.9375,0.6899038461538461,0.6098662207357859,0.8274408284023669,0.3901337792642141,0.17255917159763312,0.18461538461538463,0.26,0.9759615384615384
mlp,3,3,7,0.025,by earliest stop,200,60,140,0.9999959628179016,0.0625,0.19230769230769232,0.9375,0.5649038461538461,0.38342245989304813,0.8814273961332784,0.6165775401069519,0.11857260386672164,0.5133689839572193,0.13,0.7255608974358975
mlp,3,3,7,0.025,fixed horizon 50,200,60,140,0.9999929582707456,0.0,0.038461538461538464,1.0,0.5192307692307693,0.05,0.9634615384615384,0.95,0.03653846153846163,,0.02,0.5881410256410257
mlp,3,3,7,0.025,fixed horizon 100,200,60,140,0.9999929582707456,0.041666666666666664,0.11538461538461539,0.9583333333333334,0.5368589743589743,0.5133333333333333,0.9438461538461538,0.4866666666666667,0.05615384615384622,0.94,0.08,0.6157852564102564
mlp,3,3,7,0.025,fixed horizon 148,200,60,140,0.9999959628179016,0.0625,0.19230769230769232,0.9375,0.5649038461538461,0.48445945945945945,0.9008575883575884,0.5155405405405405,0.09914241164241155,0.6486486486486486,0.13,0.7151442307692307
mlp,3,3,7,0.05,by final end,200,60,140,0.9999883819073534,0.0625,0.6538461538461539,0.9375,0.7956730769230769,0.6693438914027149,0.783801775147929,0.3306561085972851,0.21619822485207096,0.18461538461538463,0.37,0.9759615384615384
mlp,3,3,7,0.05,by earliest stop,200,60,140,0.9999883819073534,0.0625,0.19230769230769232,0.9375,0.5649038461538461,0.37914438502673803,0.8806046894282189,0.620855614973262,0.1193953105717811,0.5133689839572193,0.13,0.7255608974358975
mlp,3,3,7,0.05,fixed horizon 50,200,60,140,0.9999928220846699,0.10416666666666667,0.23076923076923078,0.8958333333333334,0.563301282051282,0.17500000000000002,0.8096153846153846,0.825,0.19038461538461537,0.292,0.17,0.5881410256410257
mlp,3,3,7,0.05,fixed horizon 100,200,60,140,0.9999933850453052,0.10416666666666667,0.3076923076923077,0.8958333333333334,0.6017628205128205,0.308125,0.7871153846153847,0.691875,0.21288461538461534,0.146,0.21,0.6157852564102564
mlp,3,3,7,0.05,fixed horizon 148,200,60,140,0.9999848787618135,0.0625,0.21153846153846154,0.9375,0.5745192307692307,0.5,0.8942307692307693,0.5,0.10576923076923073,0.6441441441441441,0.14,0.7151442307692307
mlp,3,3,7,0.075,by final end,200,60,140,0.9999435431551279,0.16666666666666666,0.9038461538461539,0.8333333333333334,0.8685897435897436,0.6223813420621932,0.6586908284023669,0.3776186579378068,0.3413091715976331,0.16201923076923075,0.55,0.9759615384615384
mlp,3,3,7,0.075,by earliest stop,200,60,140,0.9999435431551279,0.14583333333333334,0.3076923076923077,0.8541666666666666,0.5809294871794872,0.23763368983957223,0.7654257507198683,0.7623663101604278,0.2345742492801317,0.1520244461420932,0.23,0.7255608974358975
mlp,3,3,7,0.075,fixed horizon 50,200,60,140,0.9999866859811898,0.125,0.2692307692307692,0.875,0.5721153846153846,0.25,0.7980769230769231,0.75,0.20192307692307687,0.36000000000000004,0.2,0.5881410256410257
mlp,3,3,7,0.075,fixed horizon 100,200,60,140,0.9999885444350821,0.10416666666666667,0.3269230769230769,0.8958333333333334,0.6113782051282052,0.28352941176470586,0.7657692307692308,0.7164705882352942,0.23423076923076924,0.146,0.22,0.6157852564102564
mlp,3,3,7,0.075,fixed horizon 148,200,60,140,0.9999435431551279,0.14583333333333334,0.3269230769230769,0.8541666666666666,0.5905448717948718,0.32472178060413354,0.7792359667359666,0.6752782193958664,0.22076403326403338,0.1911196911196911,0.24,0.7151442307692307
mlp,3,3,7,0.1,by final end,200,60,140,0.9999312861014993,0.2708333333333333,0.9423076923076923,0.7291666666666666,0.8357371794871795,0.5067503924646781,0.535207100591716,0.4932496075353219,0.46479289940828405,0.20917159763313606,0.62,0.9759615384615384
mlp,3,3,7,0.1,by earliest stop,200,60,140,0.9999312861014993,0.20833333333333334,0.38461538461538464,0.7916666666666666,0.5881410256410257,0.12406417112299464,0.663101604278075,0.8759358288770054,0.33689839572192504,0.03048128342245989,0.3,0.7255608974358975
mlp,3,3,7,0.1,fixed horizon 50,200,60,140,0.999966117972314,0.20833333333333334,0.4230769230769231,0.7916666666666666,0.6073717948717948,0.22363636363636363,0.6715384615384618,0.7763636363636364,0.32846153846153825,0.20800000000000002,0.32,0.5881410256410257
mlp,3,3,7,0.1,fixed horizon 100,200,60,140,0.9998430311106061,0.22916666666666666,0.5,0.7708333333333334,0.6354166666666667,0.13038461538461538,0.5651923076923077,0.8696153846153847,0.43480769230769234,0.021818181818181816,0.37,0.6157852564102564
mlp,3,3,7,0.1,fixed horizon 148,200,60,140,0.9999312861014993,0.20833333333333334,0.4423076923076923,0.7916666666666666,0.6169871794871795,0.12749706227967098,0.614085239085239,0.872502937720329,0.38591476091476096,0.038513513513513516,0.33,0.7151442307692307
mlp,3,3,7,0.15,by final end,200,60,140,0.9997112065108608,0.4375,1.0,0.5625,0.78125,0.29256656804733727,0.29256656804733727,0.7074334319526627,0.7074334319526627,0.1999084249084249,0.73,0.9759615384615384
mlp,3,3,7,0.15,by earliest stop,200,60,140,0.9997112065108608,0.2916666666666667,0.6153846153846154,0.7083333333333334,0.6618589743589745,0.08890374331550803,0.43932538050185105,0.911096256684492,0.5606746194981489,0.006493506493506494,0.46,0.7255608974358975
mlp,3,3,7,0.15,fixed horizon 50,200,60,140,0.9996962988048649,0.3125,0.5961538461538461,0.6875,0.6418269230769231,0.132258064516129,0.4826923076923077,0.867741935483871,0.5173076923076922,0.04933333333333333,0.46,0.5881410256410257
mlp,3,3,7,0.15,fixed horizon 100,200,60,140,0.9996830765438536,0.3125,0.5769230769230769,0.6875,0.6322115384615384,0.05533333333333334,0.455,0.9446666666666667,0.5449999999999999,0.027333333333333334,0.45,0.6157852564102564
mlp,3,3,7,0.15,fixed horizon 148,200,60,140,0.9996682721680155,0.2916666666666667,0.6153846153846154,0.7083333333333334,0.6618589743589745,0.08403716216216217,0.43633056133056136,0.9159628378378378,0.5636694386694386,0.004826254826254826,0.46,0.7151442307692307
mlp,3,3,7,0.2,by final end,200,60,140,0.999991760681597,0.4583333333333333,1.0,0.5416666666666666,0.7708333333333333,0.32130177514792896,0.32130177514792896,0.678698224852071,0.678698224852071,0.3606643356643357,0.74,0.9759615384615384
mlp,3,3,7,0.2,by earliest stop,200,60,140,0.999991760681597,0.14583333333333334,0.4230769230769231,0.8541666666666666,0.6386217948717948,0.13855128828390859,0.6355409296585767,0.8614487117160914,0.36445907034142333,0.09320091673032849,0.29,0.7255608974358975
mlp,3,3,7,0.2,fixed horizon 50,200,60,140,0.9994026721207087,0.4791666666666667,0.6923076923076923,0.5208333333333334,0.6065705128205128,0.07333333333333333,0.3584615384615385,0.9266666666666666,0.6415384615384615,0.0973913043478261,0.59,0.5881410256410257
mlp,3,3,7,0.2,fixed horizon 100,200,60,140,0.9991439495555668,0.5416666666666666,0.6923076923076923,0.4583333333333333,0.5753205128205128,0.03861111111111112,0.3344230769230769,0.9613888888888888,0.6655769230769231,0.15615384615384617,0.62,0.6157852564102564
mlp,3,3,7,0.2,fixed horizon 148,200,60,140,0.9996964783955448,0.4375,0.6923076923076923,0.5625,0.6274038461538461,0.15990990990990991,0.4183991683991684,0.8400900900900901,0.5816008316008316,0.20173745173745172,0.57,0.7151442307692307
mlp,3,3,7,0.3,by final end,200,60,140,0.9691637516368294,0.8541666666666666,1.0,0.14583333333333334,0.5729166666666666,0.07096893491124259,0.07096893491124259,0.9290310650887574,0.9290310650887574,0.05408067542213884,0.93,0.9759615384615384
mlp,3,3,7,0.3,by earliest stop,200,60,140,0.9691637516368294,0.7708333333333334,0.8653846153846154,0.22916666666666666,0.5472756410256411,0.00047534165181224003,0.13502673796791445,0.9995246583481877,0.8649732620320856,0.013152189622777859,0.82,0.7255608974358975
mlp,3,3,7,0.3,fixed horizon 50,200,60,140,0.9982236113738276,0.75,0.9038461538461539,0.25,0.5769230769230769,0.14808510638297875,0.22999999999999998,0.8519148936170212,0.77,0.21722222222222223,0.83,0.5881410256410257
mlp,3,3,7,0.3,fixed horizon 100,200,60,140,0.9880204165027778,0.8125,0.9038461538461539,0.1875,0.5456730769230769,0.04297872340425532,0.135,0.9570212765957447,0.865,0.06564102564102564,0.86,0.6157852564102564
mlp,3,3,7,0.3,fixed horizon 148,200,60,140,0.9969087748162159,0.7083333333333334,0.9038461538461539,0.2916666666666667,0.5977564102564102,0.09445083381253595,0.181522869022869,0.9055491661874641,0.818477130977131,0.12221780604133545,0.81,0.7151442307692307
mlp,3,3,8,0.01,by final end,200,60,140,1.0037201906245008,0.0625,0.34615384615384615,0.9375,0.6418269230769231,0.7985042735042734,0.9302514792899408,0.20149572649572656,0.06974852071005921,0.1794871794871795,0.21,0.9759615384615384
mlp,3,3,8,0.01,by earliest stop,200,60,140,1.0037201906245008,0.0625,0.07692307692307693,0.9375,0.5072115384615384,0.48930481283422456,0.9607157548334018,0.5106951871657754,0.03928424516659823,0.49910873440285203,0.07,0.7255608974358975
mlp,3,3,8,0.01,fixed horizon 50,200,60,140,1.0006013368400821,0.020833333333333332,0.07692307692307693,0.9791666666666666,0.5280448717948718,0.5700000000000001,0.966923076923077,0.42999999999999994,0.033076923076923004,0.98,0.05,0.5881410256410257
mlp,3,3,8,0.01,fixed horizon 100,200,60,140,1.0037201906245008,0.0625,0.07692307692307693,0.9375,0.5072115384615384,0.9149999999999999,0.9934615384615384,0.08500000000000008,0.006538461538461604,0.9333333333333332,0.07,0.6157852564102564
mlp,3,3,8,0.01,fixed horizon 148,200,60,140,1.0037201906245008,0.0625,0.07692307692307693,0.9375,0.5072115384615384,0.6182432432432432,0.9706340956340955,0.3817567567567568,0.02936590436590447,0.6306306306306305,0.07,0.7151442307692307
mlp,3,3,8,0.025,by final end,200,60,140,1.0030913060358444,0.0625,0.38461538461538464,0.9375,0.6610576923076923,0.7731730769230769,0.912758875739645,0.2268269230769231,0.08724112426035502,0.1724358974358974,0.23,0.9759615384615384
mlp,3,3,8,0.025,by earliest stop,200,60,140,1.0030913060358444,0.0625,0.09615384615384616,0.9375,0.5168269230769231,0.46737967914438505,0.948786507610037,0.532620320855615,0.05121349238996298,0.47950089126559714,0.08,0.7255608974358975
mlp,3,3,8,0.025,fixed horizon 50,200,60,140,1.000431446030101,0.08333333333333333,0.11538461538461539,0.9166666666666666,0.516025641025641,0.35333333333333333,0.9253846153846155,0.6466666666666667,0.07461538461538453,0.43,0.1,0.5881410256410257
mlp,3,3,8,0.025,fixed horizon 100,200,60,140,1.0030913060358444,0.0625,0.09615384615384616,0.9375,0.5168269230769231,0.874,0.9878846153846155,0.126,0.012115384615384528,0.8966666666666666,0.08,0.6157852564102564
mlp,3,3,8,0.025,fixed horizon 148,200,60,140,1.0030913060358444,0.0625,0.09615384615384616,0.9375,0.5168269230769231,0.5905405405405405,0.9606288981288981,0.4094594594594595,0.03937110187110193,0.6058558558558559,0.08,0.7151442307692307
mlp,3,3,8,0.05,by final end,200,60,140,1.053003203868226,0.10416666666666667,0.8846153846153846,0.8958333333333334,0.890224358974359,0.8062290969899665,0.8285872781065089,0.19377090301003352,0.1714127218934911,0.6773076923076923,0.51,0.9759615384615384
mlp,3,3,8,0.05,by earliest stop,200,60,140,1.053003203868226,0.0,0.0,1.0,0.5,,1.0,,0.0,,0.0,0.7255608974358975
mlp,3,3,8,0.05,fixed horizon 50,200,60,140,1.0064829827506827,0.08333333333333333,0.23076923076923078,0.9166666666666666,0.5737179487179487,0.7050000000000001,0.931923076923077,0.29499999999999993,0.06807692307692303,0.615,0.16,0.5881410256410257
mlp,3,3,8,0.05,fixed horizon 100,200,60,140,1.0211437456978434,0.10416666666666667,0.19230769230769232,0.8958333333333334,0.5440705128205129,0.675,0.9375,0.32499999999999996,0.0625,0.678,0.15,0.6157852564102564
mlp,3,3,8,0.05,fixed horizon 148,200,60,140,1.0306767960261798,0.0625,0.1346153846153846,0.9375,0.5360576923076923,0.9333976833976834,0.9910343035343036,0.06660231660231664,0.008965696465696449,0.9256756756756758,0.1,0.7151442307692307
mlp,3,3,8,0.075,by final end,200,60,140,1.036993070788031,0.125,0.9038461538461539,0.875,0.8894230769230769,0.7572422258592472,0.7805843195266272,0.24275777414075284,0.2194156804733728,0.5740384615384615,0.53,0.9759615384615384
mlp,3,3,8,0.075,by earliest stop,200,60,140,1.036993070788031,0.0625,0.11538461538461539,0.9375,0.5264423076923077,0.750445632798574,0.9712052653229123,0.249554367201426,0.028794734677087708,0.7486631016042781,0.09,0.7255608974358975
mlp,3,3,8,0.075,fixed horizon 50,200,60,140,1.0091331301615671,0.10416666666666667,0.2692307692307692,0.8958333333333334,0.5825320512820513,0.9399999999999997,0.9838461538461538,0.060000000000000275,0.016153846153846185,0.9399999999999998,0.19,0.5881410256410257
mlp,3,3,8,0.075,fixed horizon 100,200,60,140,1.0131735796363046,0.10416666666666667,0.21153846153846154,0.8958333333333334,0.5536858974358975,0.6627272727272728,0.9286538461538462,0.33727272727272717,0.07134615384615384,0.66,0.16,0.6157852564102564
mlp,3,3,8,0.075,fixed horizon 148,200,60,140,1.021668837756531,0.10416666666666667,0.23076923076923078,0.8958333333333334,0.563301282051282,0.5259009009009009,0.8905925155925156,0.4740990990990991,0.10940748440748438,0.46621621621621623,0.17,0.7151442307692307
mlp,3,3,8,0.1,by final end,200,60,140,1.1525222909984767,0.1875,0.9807692307692307,0.8125,0.8966346153846154,0.6740950226244342,0.6803624260355028,0.3259049773755658,0.3196375739644972,0.6559829059829059,0.6,0.9759615384615384
mlp,3,3,8,0.1,by earliest stop,200,60,140,1.1525222909984767,0.0,0.0,1.0,0.5,,1.0,,0.0,,0.0,0.7255608974358975
mlp,3,3,8,0.1,fixed horizon 50,200,60,140,1.0208276588110239,0.10416666666666667,0.28846153846153844,0.8958333333333334,0.5921474358974359,0.941333333333333,0.9830769230769228,0.05866666666666698,0.01692307692307715,0.944,0.2,0.5881410256410257
mlp,3,3,8,0.1,fixed horizon 100,200,60,140,1.1001322599171146,0.08333333333333333,0.21153846153846154,0.9166666666666666,0.5641025641025641,0.8427272727272727,0.9667307692307692,0.15727272727272734,0.03326923076923083,0.8474999999999999,0.15,0.6157852564102564
mlp,3,3,8,0.1,fixed horizon 148,200,60,140,1.1008661105665887,0.08333333333333333,0.23076923076923078,0.9166666666666666,0.5737179487179487,0.5833333333333334,0.9038461538461539,0.41666666666666663,0.09615384615384615,0.5726351351351351,0.16,0.7151442307692307
mlp,3,3,8,0.15,by final end,200,60,140,1.1488408825153773,0.3333333333333333,1.0,0.6666666666666666,0.8333333333333333,0.5702662721893491,0.5702662721893491,0.4297337278106509,0.4297337278106509,0.5866586538461538,0.68,0.9759615384615384
mlp,3,3,8,0.15,by earliest stop,200,60,140,1.1488408825153773,0.0,0.0,1.0,0.5,,1.0,,0.0,,0.0,0.7255608974358975
mlp,3,3,8,0.15,fixed horizon 50,200,60,140,1.026698371355854,0.22916666666666666,0.40384615384615385,0.7708333333333334,0.5873397435897436,0.661904761904762,0.8634615384615383,0.338095238095238,0.13653846153846172,0.6800000000000002,0.32,0.5881410256410257
mlp,3,3,8,0.15,fixed horizon 100,200,60,140,1.173700167416404,0.16666666666666666,0.2692307692307692,0.8333333333333334,0.5512820512820513,0.6207142857142857,0.8978846153846152,0.37928571428571434,0.10211538461538483,0.6387499999999999,0.22,0.6157852564102564
mlp,3,3,8,0.15,fixed horizon 148,200,60,140,1.0875824526437439,0.14583333333333334,0.3269230769230769,0.8541666666666666,0.5905448717948718,0.49244833068362476,0.8340696465696466,0.5075516693163753,0.16593035343035345,0.446911196911197,0.24,0.7151442307692307
mlp,3,3,8,0.2,by final end,200,60,140,1.0199891664967313,0.4583333333333333,1.0,0.5416666666666666,0.7708333333333333,0.40968934911242605,0.40968934911242605,0.590310650887574,0.590310650887574,0.38732517482517487,0.74,0.9759615384615384
mlp,3,3,8,0.2,by earliest stop,200,60,140,1.0199891664967313,0.1875,0.34615384615384615,0.8125,0.5793269230769231,0.4777183600713013,0.8192102015631426,0.5222816399286987,0.18078979843685739,0.48068924539512775,0.27,0.7255608974358975
mlp,3,3,8,0.2,fixed horizon 50,200,60,140,1.1510480340632296,0.3125,0.46153846153846156,0.6875,0.5745192307692308,0.5900000000000001,0.810769230769231,0.4099999999999999,0.18923076923076898,0.6413333333333334,0.39,0.5881410256410257
mlp,3,3,8,0.2,fixed horizon 100,200,60,140,1.117853375966596,0.3333333333333333,0.40384615384615385,0.6666666666666666,0.5352564102564102,0.6109523809523808,0.8428846153846153,0.3890476190476192,0.15711538461538466,0.641875,0.37,0.6157852564102564
mlp,3,3,8,0.2,fixed horizon 148,200,60,140,1.1262434340657816,0.3125,0.40384615384615385,0.6875,0.5456730769230769,0.4337194337194338,0.7713097713097713,0.5662805662805662,0.2286902286902287,0.4441441441441441,0.36,0.7151442307692307
mlp,3,3,8,0.3,by final end,200,60,140,0.9913286862473004,0.7708333333333334,1.0,0.22916666666666666,0.6145833333333334,0.09944526627218934,0.09944526627218934,0.9005547337278107,0.9005547337278107,0.07655925155925156,0.89,0.9759615384615384
mlp,3,3,8,0.3,by earliest stop,200,60,140,0.9913286862473004,0.6875,0.8461538461538461,0.3125,0.5793269230769231,0.053962080700048605,0.19950637597696422,0.9460379192999514,0.8004936240230358,0.062226543509965974,0.77,0.7255608974358975
mlp,3,3,8,0.3,fixed horizon 50,200,60,140,0.986617391761461,0.7708333333333334,0.8846153846153846,0.22916666666666666,0.5568910256410257,0.06869565217391305,0.17615384615384616,0.931304347826087,0.8238461538461539,0.11783783783783783,0.83,0.5881410256410257
mlp,3,3,8,0.3,fixed horizon 100,200,60,140,0.9868115955984406,0.7916666666666666,0.9038461538461539,0.20833333333333334,0.5560897435897436,0.06914893617021277,0.15865384615384615,0.9308510638297872,0.8413461538461539,0.12315789473684209,0.85,0.6157852564102564
mlp,3,3,8,0.3,fixed horizon 148,200,60,140,0.9954738984455628,0.7916666666666666,0.9038461538461539,0.20833333333333334,0.5560897435897436,0.07288671650373778,0.16203222453222457,0.9271132834962622,0.8379677754677755,0.13335704125177808,0.85,0.7151442307692307
mlp,3,3,9,0.01,by final end,200,60,140,1.0017092582868974,0.0625,0.38461538461538464,0.9375,0.6610576923076923,0.8122115384615384,0.9277736686390532,0.18778846153846163,0.0722263313609468,0.18846153846153846,0.23,0.9759615384615384
mlp,3,3,9,0.01,by earliest stop,200,60,140,1.0017092582868974,0.0625,0.07692307692307693,0.9375,0.5072115384615384,0.5240641711229946,0.9633895516248457,0.47593582887700536,0.03661044837515426,0.5240641711229946,0.07,0.7255608974358975
mlp,3,3,9,0.01,fixed horizon 50,200,60,140,1.0004316404799123,0.0,0.057692307692307696,1.0,0.5288461538461539,0.44,0.9676923076923077,0.56,0.03230769230769226,,0.03,0.5881410256410257
mlp,3,3,9,0.01,fixed horizon 100,200,60,140,1.0014891363798843,0.0625,0.09615384615384616,0.9375,0.5168269230769231,0.9800000000000001,0.9980769230769232,0.019999999999999907,0.0019230769230768052,0.98,0.08,0.6157852564102564
mlp,3,3,9,0.01,fixed horizon 148,200,60,140,1.0017092582868974,0.0625,0.07692307692307693,0.9375,0.5072115384615384,0.6621621621621622,0.9740124740124739,0.33783783783783783,0.025987525987526072,0.6621621621621622,0.07,0.7151442307692307
mlp,3,3,9,0.025,by final end,200,60,140,1.0004158985235083,0.0625,0.4230769230769231,0.9375,0.6802884615384616,0.5475524475524476,0.8085798816568046,0.4524475524475524,0.1914201183431954,0.13525641025641025,0.25,0.9759615384615384
mlp,3,3,9,0.025,by earliest stop,200,60,140,1.0004158985235083,0.0625,0.21153846153846154,0.9375,0.5745192307692307,0.3300923675255226,0.8582887700534761,0.6699076324744774,0.14171122994652385,0.376114081996435,0.14,0.7255608974358975
mlp,3,3,9,0.025,fixed horizon 50,200,60,140,1.0001848617611038,0.08333333333333333,0.1346153846153846,0.9166666666666666,0.5256410256410257,0.34285714285714286,0.9115384615384615,0.6571428571428571,0.08846153846153848,0.4,0.11,0.5881410256410257
mlp,3,3,9,0.025,fixed horizon 100,200,60,140,1.0004158985235083,0.0625,0.21153846153846154,0.9375,0.5745192307692307,0.6172727272727273,0.9190384615384615,0.3827272727272727,0.08096153846153853,0.7033333333333333,0.14,0.6157852564102564
mlp,3,3,9,0.025,fixed horizon 148,200,60,140,1.0004158985235083,0.0625,0.21153846153846154,0.9375,0.5745192307692307,0.41707616707616707,0.8766891891891893,0.5829238329238329,0.12331081081081074,0.47522522522522515,0.14,0.7151442307692307
mlp,3,3,9,0.05,by final end,200,60,140,1.00053952453963,0.0625,0.6153846153846154,0.9375,0.7764423076923077,0.6797475961538462,0.8029215976331361,0.32025240384615383,0.19707840236686391,0.18076923076923077,0.35,0.9759615384615384
mlp,3,3,9,0.05,by earliest stop,200,60,140,1.00053952453963,0.0625,0.15384615384615385,0.9375,0.5456730769230769,0.4632352941176471,0.917420814479638,0.5367647058823529,0.08257918552036203,0.5026737967914439,0.11,0.7255608974358975
mlp,3,3,9,0.05,fixed horizon 50,200,60,140,1.003747400084166,0.10416666666666667,0.28846153846153844,0.8958333333333334,0.5921474358974359,0.5573333333333333,0.8723076923076923,0.44266666666666665,0.12769230769230766,0.52,0.2,0.5881410256410257
mlp,3,3,9,0.05,fixed horizon 100,200,60,140,1.003747400084166,0.10416666666666667,0.28846153846153844,0.8958333333333334,0.5921474358974359,0.2786666666666667,0.7919230769230767,0.7213333333333334,0.20807692307692327,0.26,0.2,0.6157852564102564
mlp,3,3,9,0.05,fixed horizon 148,200,60,140,1.0062463303072842,0.0625,0.19230769230769232,0.9375,0.5649038461538461,0.7574324324324324,0.9533523908523909,0.2425675675675676,0.046647609147609126,0.7297297297297297,0.13,0.7151442307692307
mlp,3,3,9,0.075,by final end,200,60,140,1.0003478131724894,0.14583333333333334,0.8846153846153846,0.8541666666666666,0.8693910256410255,0.6365802675585285,0.6785133136094674,0.3634197324414715,0.32148668639053257,0.40659340659340654,0.53,0.9759615384615384
mlp,3,3,9,0.075,by earliest stop,200,60,140,1.0003478131724894,0.08333333333333333,0.21153846153846154,0.9166666666666666,0.5641025641025641,0.29411764705882354,0.8506787330316743,0.7058823529411764,0.1493212669683257,0.3048128342245989,0.15,0.7255608974358975
mlp,3,3,9,0.075,fixed horizon 50,200,60,140,1.0013824911687228,0.10416666666666667,0.28846153846153844,0.8958333333333334,0.5921474358974359,0.5199999999999998,0.8615384615384616,0.4800000000000002,0.1384615384615384,0.52,0.2,0.5881410256410257
mlp,3,3,9,0.075,fixed horizon 100,200,60,140,1.0059914011539328,0.10416666666666667,0.3076923076923077,0.8958333333333334,0.6017628205128205,0.485625,0.8417307692307693,0.514375,0.15826923076923072,0.462,0.21,0.6157852564102564
mlp,3,3,9,0.075,fixed horizon 148,200,60,140,1.0251555905733836,0.0625,0.23076923076923078,0.9375,0.5841346153846154,0.8147522522522522,0.9572505197505199,0.18524774774774777,0.04274948024948011,0.7770270270270269,0.15,0.7151442307692307
mlp,3,3,9,0.1,by final end,200,60,140,1.0397065768195872,0.1875,0.9807692307692307,0.8125,0.8966346153846154,0.6301282051282052,0.6372411242603551,0.3698717948717948,0.36275887573964494,0.5452991452991454,0.6,0.9759615384615384
mlp,3,3,9,0.1,by earliest stop,200,60,140,1.0397065768195872,0.0625,0.17307692307692307,0.9375,0.5552884615384616,0.6892453951277481,0.9462155491567257,0.3107546048722519,0.05378445084327432,0.6631016042780749,0.12,0.7255608974358975
mlp,3,3,9,0.1,fixed horizon 50,200,60,140,1.002909821707549,0.125,0.34615384615384615,0.875,0.6105769230769231,0.5666666666666667,0.8500000000000001,0.43333333333333335,0.1499999999999999,0.5666666666666668,0.24,0.5881410256410257
mlp,3,3,9,0.1,fixed horizon 100,200,60,140,1.041038483631127,0.0625,0.23076923076923078,0.9375,0.5841346153846154,0.8675,0.9694230769230768,0.13249999999999995,0.030576923076923168,0.84,0.15,0.6157852564102564
mlp,3,3,9,0.1,fixed horizon 148,200,60,140,1.0700371848423307,0.0625,0.28846153846153844,0.9375,0.6129807692307692,0.7445945945945946,0.9263253638253638,0.25540540540540535,0.07367463617463621,0.6891891891891891,0.18,0.7151442307692307
mlp,3,3,9,0.15,by final end,200,60,140,1.0025305342585404,0.3333333333333333,1.0,0.6666666666666666,0.8333333333333333,0.5066568047337279,0.5066568047337279,0.4933431952662721,0.4933431952662721,0.5272836538461538,0.68,0.9759615384615384
mlp,3,3,9,0.15,by earliest stop,200,60,140,1.0025305342585404,0.08333333333333333,0.28846153846153844,0.9166666666666666,0.6025641025641025,0.6017825311942959,0.8851295763060468,0.3982174688057041,0.11487042369395317,0.6042780748663101,0.19,0.7255608974358975
mlp,3,3,9,0.15,fixed horizon 50,200,60,140,1.0069131185460325,0.2708333333333333,0.4423076923076923,0.7291666666666666,0.5857371794871795,0.5391304347826086,0.7961538461538462,0.4608695652173914,0.2038461538461538,0.5707692307692306,0.36,0.5881410256410257
mlp,3,3,9,0.15,fixed horizon 100,200,60,140,1.071864514006505,0.14583333333333334,0.4230769230769231,0.8541666666666666,0.6386217948717948,0.2854545454545454,0.6976923076923077,0.7145454545454546,0.3023076923076923,0.41142857142857153,0.29,0.6157852564102564
mlp,3,3,9,0.15,fixed horizon 148,200,60,140,1.058770561705665,0.20833333333333334,0.36538461538461536,0.7916666666666666,0.578525641025641,0.7066145092460882,0.8928014553014554,0.29338549075391185,0.10719854469854462,0.729054054054054,0.29,0.7151442307692307
mlp,3,3,9,0.2,by final end,200,60,140,1.0657224349247725,0.4166666666666667,1.0,0.5833333333333334,0.7916666666666667,0.43676035502958577,0.43676035502958577,0.5632396449704142,0.5632396449704142,0.47778846153846155,0.72,0.9759615384615384
mlp,3,3,9,0.2,by earliest stop,200,60,140,1.0657224349247725,0.0625,0.28846153846153844,0.9375,0.6129807692307692,0.5650623885918004,0.8745372274784038,0.43493761140819964,0.1254627725215962,0.5133689839572193,0.18,0.7255608974358975
mlp,3,3,9,0.2,fixed horizon 50,200,60,140,1.12579078322955,0.25,0.38461538461538464,0.75,0.5673076923076923,0.7360000000000001,0.8984615384615384,0.2639999999999999,0.10153846153846158,0.7616666666666667,0.32,0.5881410256410257
mlp,3,3,9,0.2,fixed horizon 100,200,60,140,1.0997172087572684,0.4375,0.5192307692307693,0.5625,0.5408653846153846,0.5777777777777778,0.7807692307692308,0.42222222222222217,0.21923076923076923,0.6004761904761904,0.48,0.6157852564102564
mlp,3,3,9,0.2,fixed horizon 148,200,60,140,1.0920923505383984,0.25,0.4807692307692308,0.75,0.6153846153846154,0.751891891891892,0.8807172557172556,0.24810810810810802,0.11928274428274444,0.7550675675675677,0.37,0.7151442307692307
mlp,3,3,9,0.3,by final end,200,60,140,1.0626480472502209,0.5625,1.0,0.4375,0.71875,0.28165680473372784,0.28165680473372784,0.7183431952662722,0.7183431952662722,0.2717236467236467,0.79,0.9759615384615384
mlp,3,3,9,0.3,by earliest stop,200,60,140,1.0626480472502209,0.3125,0.46153846153846156,0.6875,0.5745192307692308,0.1504010695187166,0.6078774167009461,0.8495989304812834,0.3921225832990539,0.2926916221033869,0.39,0.7255608974358975
mlp,3,3,9,0.3,fixed horizon 50,200,60,140,1.4131803847341646,0.5833333333333334,0.75,0.4166666666666667,0.5833333333333334,0.3502564102564102,0.5126923076923077,0.6497435897435898,0.48730769230769233,0.36714285714285716,0.67,0.5881410256410257
mlp,3,3,9,0.3,fixed horizon 100,200,60,140,1.345266924462014,0.6041666666666666,0.8269230769230769,0.3958333333333333,0.6113782051282051,0.31139534883720926,0.43057692307692313,0.6886046511627908,0.5694230769230768,0.30103448275862066,0.72,0.6157852564102564
mlp,3,3,9,0.3,fixed horizon 148,200,60,140,1.3505699240113633,0.6041666666666666,0.8269230769230769,0.3958333333333333,0.6113782051282051,0.2124450031426776,0.34875259875259873,0.7875549968573223,0.6512474012474012,0.20573159366262814,0.72,0.7151442307692307
mlp,4,4,0,0.01,by final end,191,57,134,1.0279497004217746,0.0,0.08064516129032258,1.0,0.5403225806451613,0.9826923076923076,0.9986042183622827,0.017307692307692357,0.0013957816377172527,,0.05,0.9898132427843802
mlp,4,4,0,0.01,by earliest stop,191,57,134,1.0279497004217746,0.0,0.0,1.0,0.5,,1.0,,0.0,,0.0,0.5980475382003395
mlp,4,4,0,0.01,fixed horizon 50,191,57,134,1.0000915339453897,0.0,0.0,1.0,0.5,,1.0,,0.0,,0.0,0.5178268251273345
mlp,4,4,0,0.01,fixed horizon 100,191,57,134,1.0000915339453897,0.0,0.0,1.0,0.5,,1.0,,0.0,,0.0,0.6243633276740238
mlp,4,4,0,0.01,fixed horizon 148,191,57,134,1.0000915339453897,0.0,0.0,1.0,0.5,,1.0,,0.0,,0.0,0.6383701188455008
mlp,4,4,0,0.025,by final end,191,57,134,1.0006758209686326,0.0,0.11290322580645161,1.0,0.5564516129032258,0.9708791208791209,0.996712158808933,0.02912087912087913,0.0032878411910669536,,0.07,0.9898132427843802
mlp,4,4,0,0.025,by earliest stop,191,57,134,1.0006758209686326,0.0,0.0,1.0,0.5,,1.0,,0.0,,0.0,0.5980475382003395
mlp,4,4,0,0.025,fixed horizon 50,191,57,134,1.0000507755295245,0.0,0.0,1.0,0.5,,1.0,,0.0,,0.0,0.5178268251273345
mlp,4,4,0,0.025,fixed horizon 100,191,57,134,1.0000678754191308,0.0,0.0,1.0,0.5,,1.0,,0.0,,0.0,0.6243633276740238
mlp,4,4,0,0.025,fixed horizon 148,191,57,134,1.0000678754191308,0.0,0.0,1.0,0.5,,1.0,,0.0,,0.0,0.6383701188455008
mlp,4,4,0,0.05,by final end,191,57,134,1.0069626690750357,0.0,0.5967741935483871,1.0,0.7983870967741935,0.9329521829521829,0.9599875930521091,0.06704781704781715,0.04001240694789088,,0.37,0.9898132427843802
mlp,4,4,0,0.05,by earliest stop,191,57,134,1.0069626690750357,0.0,0.0,1.0,0.5,,1.0,,0.0,,0.0,0.5980475382003395
mlp,4,4,0,0.05,fixed horizon 50,191,57,134,0.9997441444650315,0.0,0.0,1.0,0.5,,1.0,,0.0,,0.0,0.5178268251273345
mlp,4,4,0,0.05,fixed horizon 100,191,57,134,0.9996633693517563,0.0,0.0,1.0,0.5,,1.0,,0.0,,0.0,0.6243633276740238
mlp,4,4,0,0.05,fixed horizon 148,191,57,134,0.9996633693517563,0.0,0.0,1.0,0.5,,1.0,,0.0,,0.0,0.6383701188455008
mlp,4,4,0,0.075,by final end,191,57,134,1.0248718221353679,0.02631578947368421,0.8870967741935484,0.9736842105263158,0.9303904923599321,0.8523076923076923,0.868982630272953,0.14769230769230768,0.13101736972704703,0.9076923076923077,0.56,0.9898132427843802
mlp,4,4,0,0.075,by earliest stop,191,57,134,1.0248718221353679,0.0,0.0,1.0,0.5,,1.0,,0.0,,0.0,0.5980475382003395
mlp,4,4,0,0.075,fixed horizon 50,191,57,134,0.9982100033924247,0.0,0.0,1.0,0.5,,1.0,,0.0,,0.0,0.5178268251273345
mlp,4,4,0,0.075,fixed horizon 100,191,57,134,0.9998285687401923,0.0,0.0,1.0,0.5,,1.0,,0.0,,0.0,0.6243633276740238
mlp,4,4,0,0.075,fixed horizon 148,191,57,134,0.9998239153255819,0.0,0.0,1.0,0.5,,1.0,,0.0,,0.0,0.6383701188455008
mlp,4,4,0,0.1,by final end,191,57,134,1.0002953764531328,0.02631578947368421,0.9032258064516129,0.9736842105263158,0.9384550084889643,0.8212225274725274,0.8385235732009926,0.17877747252747256,0.16147642679900742,0.8865384615384615,0.57,0.9898132427843802
mlp,4,4,0,0.1,by earliest stop,191,57,134,1.0002953764531328,0.0,0.0,1.0,0.5,,1.0,,0.0,,0.0,0.5980475382003395
mlp,4,4,0,0.1,fixed horizon 50,191,57,134,0.9980362850212737,0.0,0.016129032258064516,1.0,0.5080645161290323,0.38,0.9899999999999999,0.62,0.01000000000000012,,0.01,0.5178268251273345
mlp,4,4,0,0.1,fixed horizon 100,191,57,134,0.9978382519178544,0.0,0.0,1.0,0.5,,1.0,,0.0,,0.0,0.6243633276740238
mlp,4,4,0,0.1,fixed horizon 148,191,57,134,0.9993362904240792,0.0,0.0,1.0,0.5,,1.0,,0.0,,0.0,0.6383701188455008
mlp,4,4,0,0.15,by final end,191,57,134,1.0500379631674281,0.05263157894736842,0.9516129032258065,0.9473684210526315,0.949490662139219,0.7082464146023468,0.722363523573201,0.29175358539765317,0.277636476426799,0.7769230769230769,0.61,0.9898132427843802
mlp,4,4,0,0.15,by earliest stop,191,57,134,1.0500379631674281,0.0,0.0,1.0,0.5,,1.0,,0.0,,0.0,0.5980475382003395
mlp,4,4,0,0.15,fixed horizon 50,191,57,134,1.017211014777342,0.02631578947368421,0.06451612903225806,0.9736842105263158,0.519100169779287,0.59,0.9735483870967743,0.41000000000000003,0.02645161290322573,0.38,0.05,0.5178268251273345
mlp,4,4,0,0.15,fixed horizon 100,191,57,134,1.009133196215532,0.02631578947368421,0.08064516129032258,0.9736842105263158,0.5271646859083192,0.27199999999999996,0.9412903225806452,0.728,0.058709677419354844,0.19,0.06,0.6243633276740238
mlp,4,4,0,0.15,fixed horizon 148,191,57,134,1.0000885635580228,0.02631578947368421,0.04838709677419355,0.9736842105263158,0.5110356536502547,0.786036036036036,0.9896469049694856,0.213963963963964,0.010353095030514403,0.8040540540540541,0.04,0.6383701188455008
mlp,4,4,0,0.2,by final end,191,57,134,1.0130726852091787,0.10526315789473684,0.9516129032258065,0.8947368421052632,0.9231748726655349,0.6314537157757497,0.6492866004962781,0.3685462842242503,0.35071339950372193,0.5399038461538461,0.63,0.9898132427843802
mlp,4,4,0,0.2,by earliest stop,191,57,134,1.0130726852091787,0.02631578947368421,0.08064516129032258,0.9736842105263158,0.5271646859083192,0.24306220095693779,0.9389566291094306,0.7569377990430622,0.06104337089056944,0.09090909090909091,0.06,0.5980475382003395
mlp,4,4,0,0.2,fixed horizon 50,191,57,134,0.9347389787388352,0.21052631578947367,0.20967741935483872,0.7894736842105263,0.49957555178268254,0.24307692307692313,0.8412903225806452,0.7569230769230768,0.15870967741935482,0.195,0.21,0.5178268251273345
mlp,4,4,0,0.2,fixed horizon 100,191,57,134,0.9840691778221625,0.18421052631578946,0.12903225806451613,0.8157894736842105,0.4724108658743633,0.365,0.9180645161290322,0.635,0.08193548387096783,0.2385714285714286,0.15,0.6243633276740238
mlp,4,4,0,0.2,fixed horizon 148,191,57,134,0.9663617862064517,0.18421052631578946,0.20967741935483872,0.8157894736842105,0.5127334465195246,0.45530145530145527,0.8857890148212728,0.5446985446985447,0.11421098517872719,0.17471042471042472,0.2,0.6383701188455008
mlp,4,4,0,0.3,by final end,191,57,134,0.830728880921688,0.6052631578947368,0.9838709677419355,0.39473684210526316,0.6893039049235994,0.29170870113493064,0.30313275434243175,0.7082912988650694,0.6968672456575682,0.049916387959866214,0.84,0.9898132427843802
mlp,4,4,0,0.3,by earliest stop,191,57,134,0.830728880921688,0.5789473684210527,0.5967741935483871,0.42105263157894735,0.5089134125636672,0.14742014742014742,0.49120234604105567,0.8525798525798526,0.5087976539589443,0.02653327533710309,0.59,0.5980475382003395
mlp,4,4,0,0.3,fixed horizon 50,191,57,134,0.8185119857151644,0.6052631578947368,0.5161290322580645,0.39473684210526316,0.45543293718166383,0.08812500000000001,0.5293548387096776,0.911875,0.4706451612903224,0.08,0.55,0.5178268251273345
mlp,4,4,0,0.3,fixed horizon 100,191,57,134,0.8238808091224697,0.5789473684210527,0.5806451612903226,0.42105263157894735,0.5008488964346349,0.14527777777777773,0.5037096774193548,0.8547222222222223,0.4962903225806452,0.050454545454545446,0.58,0.6243633276740238
mlp,4,4,0,0.3,fixed horizon 148,191,57,134,0.822543819844141,0.5789473684210527,0.6290322580645161,0.42105263157894735,0.5250424448217317,0.16406791406791407,0.4741717523975589,0.8359320859320859,0.5258282476024412,0.032555282555282554,0.61,0.6383701188455008
mlp,4,4,1,0.01,by final end,191,57,134,1.024772378460034,0.0,0.08064516129032258,1.0,0.5403225806451613,0.9826923076923076,0.9986042183622827,0.017307692307692357,0.0013957816377172527,,0.05,0.9898132427843802
mlp,4,4,1,0.01,by earliest stop,191,57,134,1.024772378460034,0.0,0.0,1.0,0.5,,1.0,,0.0,,0.0,0.5980475382003395
mlp,4,4,1,0.01,fixed horizon 50,191,57,134,1.000013717671536,0.0,0.0,1.0,0.5,,1.0,,0.0,,0.0,0.5178268251273345
mlp,4,4,1,0.01,fixed horizon 100,191,57,134,1.0000368928560175,0.0,0.0,1.0,0.5,,1.0,,0.0,,0.0,0.6243633276740238
mlp,4,4,1,0.01,fixed horizon 148,191,57,134,1.0000368928560175,0.0,0.0,1.0,0.5,,1.0,,0.0,,0.0,0.6383701188455008
mlp,4,4,1,0.025,by final end,191,57,134,1.0005366093409562,0.0,0.11290322580645161,1.0,0.5564516129032258,0.9708791208791209,0.996712158808933,0.02912087912087913,0.0032878411910669536,,0.07,0.9898132427843802
mlp,4,4,1,0.025,by earliest stop,191,57,134,1.0005366093409562,0.0,0.0,1.0,0.5,,1.0,,0.0,,0.0,0.5980475382003395
mlp,4,4,1,0.025,fixed horizon 50,191,57,134,1.0000086405976498,0.0,0.0,1.0,0.5,,1.0,,0.0,,0.0,0.5178268251273345
mlp,4,4,1,0.025,fixed horizon 100,191,57,134,1.0000094170441798,0.0,0.0,1.0,0.5,,1.0,,0.0,,0.0,0.6243633276740238
mlp,4,4,1,0.025,fixed horizon 148,191,57,134,1.0000094170441798,0.0,0.0,1.0,0.5,,1.0,,0.0,,0.0,0.6383701188455008
mlp,4,4,1,0.05,by final end,191,57,134,1.005789817006197,0.0,0.5967741935483871,1.0,0.7983870967741935,0.9329002079002078,0.9599565756823821,0.06709979209979222,0.04004342431761787,,0.37,0.9898132427843802
mlp,4,4,1,0.05,by earliest stop,191,57,134,1.005789817006197,0.0,0.0,1.0,0.5,,1.0,,0.0,,0.0,0.5980475382003395
mlp,4,4,1,0.05,fixed horizon 50,191,57,134,1.0000094690212074,0.0,0.0,1.0,0.5,,1.0,,0.0,,0.0,0.5178268251273345
mlp,4,4,1,0.05,fixed horizon 100,191,57,134,1.0000054775001594,0.0,0.0,1.0,0.5,,1.0,,0.0,,0.0,0.6243633276740238
mlp,4,4,1,0.05,fixed horizon 148,191,57,134,1.0000054775001594,0.0,0.0,1.0,0.5,,1.0,,0.0,,0.0,0.6383701188455008
mlp,4,4,1,0.075,by final end,191,57,134,1.717647297921252,0.02631578947368421,0.8870967741935484,0.9736842105263158,0.9303904923599321,0.8531818181818183,0.8697580645161291,0.14681818181818174,0.13024193548387086,0.9076923076923077,0.56,0.9898132427843802
mlp,4,4,1,0.075,by earliest stop,191,57,134,1.717647297921252,0.0,0.0,1.0,0.5,,1.0,,0.0,,0.0,0.5980475382003395
mlp,4,4,1,0.075,fixed horizon 50,191,57,134,1.016840103918141,0.0,0.0,1.0,0.5,,1.0,,0.0,,0.0,0.5178268251273345
mlp,4,4,1,0.075,fixed horizon 100,191,57,134,1.0966485077111325,0.0,0.0,1.0,0.5,,1.0,,0.0,,0.0,0.6243633276740238
mlp,4,4,1,0.075,fixed horizon 148,191,57,134,1.1527438482647783,0.0,0.0,1.0,0.5,,1.0,,0.0,,0.0,0.6383701188455008
mlp,4,4,1,0.1,by final end,191,57,134,1.9091091881491364,0.02631578947368421,0.9032258064516129,0.9736842105263158,0.9384550084889643,0.8299107142857142,0.8463709677419354,0.17008928571428583,0.15362903225806457,0.8807692307692307,0.57,0.9898132427843802
mlp,4,4,1,0.1,by earliest stop,191,57,134,1.9091091881491364,0.0,0.0,1.0,0.5,,1.0,,0.0,,0.0,0.5980475382003395
mlp,4,4,1,0.1,fixed horizon 50,191,57,134,1.0374889637702838,0.0,0.0,1.0,0.5,,1.0,,0.0,,0.0,0.5178268251273345
mlp,4,4,1,0.1,fixed horizon 100,191,57,134,1.163101754566266,0.0,0.0,1.0,0.5,,1.0,,0.0,,0.0,0.6243633276740238
mlp,4,4,1,0.1,fixed horizon 148,191,57,134,1.1073587317171711,0.0,0.0,1.0,0.5,,1.0,,0.0,,0.0,0.6383701188455008
mlp,4,4,1,0.15,by final end,191,57,134,1.431590781166222,0.10526315789473684,0.967741935483871,0.8947368421052632,0.9312393887945671,0.6865064102564103,0.6966191066997519,0.31349358974358965,0.3033808933002481,0.7716346153846154,0.64,0.9898132427843802
mlp,4,4,1,0.15,by earliest stop,191,57,134,1.431590781166222,0.0,0.0,1.0,0.5,,1.0,,0.0,,0.0,0.5980475382003395
mlp,4,4,1,0.15,fixed horizon 50,191,57,134,1.114518433417839,0.0,0.03225806451612903,1.0,0.5161290322580645,0.8300000000000001,0.9945161290322581,0.16999999999999993,0.005483870967741944,,0.02,0.5178268251273345
mlp,4,4,1,0.15,fixed horizon 100,191,57,134,1.124600422103952,0.0,0.03225806451612903,1.0,0.5161290322580645,0.94,0.9980645161290321,0.06000000000000005,0.001935483870967869,,0.02,0.6243633276740238
mlp,4,4,1,0.15,fixed horizon 148,191,57,134,1.1538309864791751,0.0,0.016129032258064516,1.0,0.5080645161290323,0.8716216216216216,0.9979293809938972,0.1283783783783784,0.0020706190061028362,,0.01,0.6383701188455008
mlp,4,4,1,0.2,by final end,191,57,134,1.6314267124952466,0.10526315789473684,0.967741935483871,0.8947368421052632,0.9312393887945671,0.6712820512820513,0.6818858560794042,0.3287179487179487,0.3181141439205958,0.8024038461538462,0.64,0.9898132427843802
mlp,4,4,1,0.2,by earliest stop,191,57,134,1.6314267124952466,0.0,0.11290322580645161,1.0,0.5564516129032258,0.9576213260423786,0.9952153110047847,0.042378673957621404,0.004784688995215336,,0.07,0.5980475382003395
mlp,4,4,1,0.2,fixed horizon 50,191,57,134,1.1605725053022555,0.0,0.06451612903225806,1.0,0.532258064516129,0.6699999999999999,0.9787096774193549,0.33000000000000007,0.021290322580645116,,0.04,0.5178268251273345
mlp,4,4,1,0.2,fixed horizon 100,191,57,134,1.1144893849778528,0.02631578947368421,0.11290322580645161,0.9736842105263158,0.5432937181663837,0.8557142857142856,0.9837096774193549,0.14428571428571435,0.01629032258064511,0.8,0.08,0.6243633276740238
mlp,4,4,1,0.2,fixed horizon 148,191,57,134,1.197723854323031,0.02631578947368421,0.06451612903225806,0.9736842105263158,0.519100169779287,0.7415540540540541,0.9833260680034874,0.25844594594594594,0.01667393199651257,0.777027027027027,0.05,0.6383701188455008
mlp,4,4,1,0.3,by final end,191,57,134,1.4825938609070133,0.18421052631578946,0.9838709677419355,0.8157894736842105,0.8998302207130731,0.5455548549810846,0.5528846153846154,0.4544451450189154,0.4471153846153846,0.5123626373626373,0.68,0.9898132427843802
mlp,4,4,1,0.3,by earliest stop,191,57,134,1.4825938609070133,0.05263157894736842,0.22580645161290322,0.9473684210526315,0.5865874363327673,0.9412166780587833,0.986726346658435,0.058783321941216715,0.01327365334156505,0.9425837320574162,0.16,0.5980475382003395
mlp,4,4,1,0.3,fixed horizon 50,191,57,134,1.3743304822207707,0.4473684210526316,0.2903225806451613,0.5526315789473685,0.4214770797962649,0.5233333333333333,0.8616129032258065,0.4766666666666667,0.13838709677419347,0.5176470588235293,0.35,0.5178268251273345
mlp,4,4,1,0.3,fixed horizon 100,191,57,134,1.347625695572335,0.23684210526315788,0.3064516129032258,0.7631578947368421,0.534804753820034,0.73,0.9172580645161291,0.27,0.08274193548387088,0.7766666666666667,0.28,0.6243633276740238
mlp,4,4,1,0.3,fixed horizon 148,191,57,134,1.3940700385613793,0.18421052631578946,0.4032258064516129,0.8157894736842105,0.6095076400679117,0.6194594594594595,0.8465562336530079,0.38054054054054054,0.15344376634699208,0.581081081081081,0.32,0.6383701188455008
mlp,4,4,2,0.01,by final end,191,57,134,1.0380191395454081,0.0,0.08064516129032258,1.0,0.5403225806451613,0.985,0.9987903225806452,0.015000000000000013,0.0012096774193548487,,0.05,0.9898132427843802
mlp,4,4,2,0.01,by earliest stop,191,57,134,1.0380191395454081,0.0,0.0,1.0,0.5,,1.0,,0.0,,0.0,0.5980475382003395
mlp,4,4,2,0.01,fixed horizon 50,191,57,134,1.0003623002114164,0.0,0.0,1.0,0.5,,1.0,,0.0,,0.0,0.5178268251273345
mlp,4,4,2,0.01,fixed horizon 100,191,57,134,1.0003623002114164,0.0,0.0,1.0,0.5,,1.0,,0.0,,0.0,0.6243633276740238
mlp,4,4,2,0.01,fixed horizon 148,191,57,134,1.0016423729095403,0.0,0.0,1.0,0.5,,1.0,,0.0,,0.0,0.6383701188455008
mlp,4,4,2,0.025,by final end,191,57,134,1.0067677755006186,0.0,0.11290322580645161,1.0,0.5564516129032258,0.9700549450549449,0.9966191066997518,0.02994505494505506,0.0033808933002481556,,0.07,0.9898132427843802
mlp,4,4,2,0.025,by earliest stop,191,57,134,1.0067677755006186,0.0,0.0,1.0,0.5,,1.0,,0.0,,0.0,0.5980475382003395
mlp,4,4,2,0.025,fixed horizon 50,191,57,134,1.0002950351106876,0.0,0.0,1.0,0.5,,1.0,,0.0,,0.0,0.5178268251273345
mlp,4,4,2,0.025,fixed horizon 100,191,57,134,1.0002950351106876,0.0,0.0,1.0,0.5,,1.0,,0.0,,0.0,0.6243633276740238
mlp,4,4,2,0.025,fixed horizon 148,191,57,134,1.0015124831801046,0.0,0.0,1.0,0.5,,1.0,,0.0,,0.0,0.6383701188455008
mlp,4,4,2,0.05,by final end,191,57,134,1.0123768995309363,0.0,0.46774193548387094,1.0,0.7338709677419355,0.9431034482758621,0.9733870967741935,0.05689655172413788,0.02661290322580645,,0.29,0.9898132427843802
mlp,4,4,2,0.05,by earliest stop,191,57,134,1.0123768995309363,0.0,0.0,1.0,0.5,,1.0,,0.0,,0.0,0.5980475382003395
mlp,4,4,2,0.05,fixed horizon 50,191,57,134,1.0001016792067778,0.0,0.0,1.0,0.5,,1.0,,0.0,,0.0,0.5178268251273345
mlp,4,4,2,0.05,fixed horizon 100,191,57,134,1.000224361168197,0.0,0.0,1.0,0.5,,1.0,,0.0,,0.0,0.6243633276740238
mlp,4,4,2,0.05,fixed horizon 148,191,57,134,1.006735623388536,0.0,0.0,1.0,0.5,,1.0,,0.0,,0.0,0.6383701188455008
mlp,4,4,2,0.075,by final end,191,57,134,1.0001524531901451,0.0,0.7096774193548387,1.0,0.8548387096774194,0.9239947552447553,0.946060794044665,0.07600524475524473,0.05393920595533497,,0.44,0.9898132427843802
mlp,4,4,2,0.075,by earliest stop,191,57,134,1.0001524531901451,0.0,0.0,1.0,0.5,,1.0,,0.0,,0.0,0.5980475382003395
mlp,4,4,2,0.075,fixed horizon 50,191,57,134,1.0007776181265549,0.0,0.016129032258064516,1.0,0.5080645161290323,0.52,0.992258064516129,0.48,0.007741935483871032,,0.01,0.5178268251273345
mlp,4,4,2,0.075,fixed horizon 100,191,57,134,1.0003601125717663,0.0,0.0,1.0,0.5,,1.0,,0.0,,0.0,0.6243633276740238
mlp,4,4,2,0.075,fixed horizon 148,191,57,134,1.0332567706533875,0.0,0.0,1.0,0.5,,1.0,,0.0,,0.0,0.6383701188455008
mlp,4,4,2,0.1,by final end,191,57,134,1.0251917387448493,0.02631578947368421,0.8709677419354839,0.9736842105263158,0.9223259762308998,0.8431623931623932,0.8633995037220845,0.15683760683760684,0.13660049627791548,0.9076923076923077,0.55,0.9898132427843802
mlp,4,4,2,0.1,by earliest stop,191,57,134,1.0251917387448493,0.0,0.016129032258064516,1.0,0.5080645161290323,0.9712918660287081,0.9995369655811082,0.028708133971291905,0.00046303441889183894,,0.01,0.5980475382003395
mlp,4,4,2,0.1,fixed horizon 50,191,57,134,1.0004864565317289,0.0,0.016129032258064516,1.0,0.5080645161290323,0.52,0.992258064516129,0.48,0.007741935483871032,,0.01,0.5178268251273345
mlp,4,4,2,0.1,fixed horizon 100,191,57,134,1.0003071044575838,0.0,0.0,1.0,0.5,,1.0,,0.0,,0.0,0.6243633276740238
mlp,4,4,2,0.1,fixed horizon 148,191,57,134,1.0308495053528142,0.0,0.016129032258064516,1.0,0.5080645161290323,0.8648648648648649,0.9978204010462075,0.1351351351351351,0.0021795989537924942,,0.01,0.6383701188455008
mlp,4,4,2,0.15,by final end,191,57,134,1.0003242433040034,0.02631578947368421,0.9516129032258065,0.9736842105263158,0.9626485568760612,0.7429269882659713,0.7553660049627792,0.25707301173402874,0.24463399503722083,0.8038461538461539,0.6,0.9898132427843802
mlp,4,4,2,0.15,by earliest stop,191,57,134,1.0003242433040034,0.0,0.016129032258064516,1.0,0.5080645161290323,0.5406698564593302,0.9925914492977311,0.4593301435406698,0.007408550702268868,,0.01,0.5980475382003395
mlp,4,4,2,0.15,fixed horizon 50,191,57,134,1.0003869004342123,0.0,0.06451612903225806,1.0,0.532258064516129,0.815,0.9880645161290322,0.18500000000000005,0.011935483870967767,,0.04,0.5178268251273345
mlp,4,4,2,0.15,fixed horizon 100,191,57,134,1.000754708880092,0.02631578947368421,0.04838709677419355,0.9736842105263158,0.5110356536502547,0.6566666666666666,0.9833870967741936,0.3433333333333334,0.01661290322580644,0.85,0.04,0.6243633276740238
mlp,4,4,2,0.15,fixed horizon 148,191,57,134,1.0003603193551645,0.02631578947368421,0.04838709677419355,0.9736842105263158,0.5110356536502547,0.786036036036036,0.9896469049694856,0.213963963963964,0.010353095030514403,0.8040540540540541,0.04,0.6383701188455008
mlp,4,4,2,0.2,by final end,191,57,134,1.0329021762674808,0.13157894736842105,0.967741935483871,0.868421052631579,0.918081494057725,0.6167307692307692,0.6290942928039702,0.3832692307692308,0.3709057071960298,0.6638461538461538,0.65,0.9898132427843802
mlp,4,4,2,0.2,by earliest stop,191,57,134,1.0329021762674808,0.0,0.03225806451612903,1.0,0.5161290322580645,0.49282296650717705,0.9836394505324896,0.507177033492823,0.01636054946751042,,0.02,0.5980475382003395
mlp,4,4,2,0.2,fixed horizon 50,191,57,134,0.9993111021368116,0.21052631578947367,0.20967741935483872,0.7894736842105263,0.49957555178268254,0.20923076923076925,0.8341935483870968,0.7907692307692308,0.1658064516129032,0.125,0.21,0.5178268251273345
mlp,4,4,2,0.2,fixed horizon 100,191,57,134,1.0005887367807893,0.05263157894736842,0.16129032258064516,0.9473684210526315,0.5543293718166383,0.7819999999999999,0.9648387096774194,0.21800000000000008,0.03516129032258064,0.905,0.12,0.6243633276740238
mlp,4,4,2,0.2,fixed horizon 148,191,57,134,1.0000927773693142,0.02631578947368421,0.16129032258064516,0.9736842105263158,0.5674872665534805,0.6621621621621621,0.9455100261551874,0.33783783783783794,0.05448997384481258,0.722972972972973,0.11,0.6383701188455008
mlp,4,4,2,0.3,by final end,191,57,134,0.9950420420852241,0.47368421052631576,0.9838709677419355,0.5263157894736842,0.7550933786078098,0.400063051702396,0.40973945409429274,0.599936948297604,0.5902605459057073,0.15662393162393162,0.79,0.9898132427843802
mlp,4,4,2,0.3,by earliest stop,191,57,134,0.9950420420852241,0.3684210526315789,0.3548387096774194,0.631578947368421,0.4932088285229202,0.07590256633318833,0.672094459021454,0.9240974336668116,0.32790554097854596,0.03520164046479836,0.36,0.5980475382003395
mlp,4,4,2,0.3,fixed horizon 50,191,57,134,0.9980269977699774,0.4473684210526316,0.43548387096774194,0.5526315789473685,0.4940577249575552,0.36888888888888893,0.7251612903225807,0.6311111111111111,0.2748387096774193,0.34588235294117653,0.44,0.5178268251273345
mlp,4,4,2,0.3,fixed horizon 100,191,57,134,1.0761915457223308,0.3157894736842105,0.3870967741935484,0.6842105263157895,0.5356536502546689,0.5454166666666667,0.8240322580645161,0.45458333333333334,0.17596774193548392,0.4075,0.36,0.6243633276740238
mlp,4,4,2,0.3,fixed horizon 148,191,57,134,1.0010730762285864,0.34210526315789475,0.5,0.6578947368421053,0.5789473684210527,0.5568875326939843,0.7784437663469922,0.4431124673060157,0.2215562336530078,0.3913721413721414,0.44,0.6383701188455008
mlp,4,4,3,0.01,by final end,191,57,134,1.0081105780735118,0.0,0.04838709677419355,1.0,0.5241935483870968,0.9923076923076923,0.9996277915632753,0.007692307692307665,0.00037220843672469694,,0.03,0.9898132427843802
mlp,4,4,3,0.01,by earliest stop,191,57,134,1.0081105780735118,0.0,0.0,1.0,0.5,,1.0,,0.0,,0.0,0.5980475382003395
mlp,4,4,3,0.01,fixed horizon 50,191,57,134,1.000006095376075,0.0,0.0,1.0,0.5,,1.0,,0.0,,0.0,0.5178268251273345
mlp,4,4,3,0.01,fixed horizon 100,191,57,134,1.0003397867798307,0.0,0.0,1.0,0.5,,1.0,,0.0,,0.0,0.6243633276740238
mlp,4,4,3,0.01,fixed horizon 148,191,57,134,1.0003397867798307,0.0,0.0,1.0,0.5,,1.0,,0.0,,0.0,0.6383701188455008
mlp,4,4,3,0.025,by final end,191,57,134,1.000339794195055,0.0,0.06451612903225806,1.0,0.532258064516129,0.9879807692307693,0.9992245657568238,0.012019230769230727,0.0007754342431761652,,0.04,0.9898132427843802
mlp,4,4,3,0.025,by earliest stop,191,57,134,1.000339794195055,0.0,0.0,1.0,0.5,,1.0,,0.0,,0.0,0.5980475382003395
mlp,4,4,3,0.025,fixed horizon 50,191,57,134,1.0000042442465018,0.0,0.0,1.0,0.5,,1.0,,0.0,,0.0,0.5178268251273345
mlp,4,4,3,0.025,fixed horizon 100,191,57,134,1.00027028470707,0.0,0.0,1.0,0.5,,1.0,,0.0,,0.0,0.6243633276740238
mlp,4,4,3,0.025,fixed horizon 148,191,57,134,1.00027028470707,0.0,0.0,1.0,0.5,,1.0,,0.0,,0.0,0.6383701188455008
mlp,4,4,3,0.05,by final end,191,57,134,1.0165243499351635,0.0,0.3387096774193548,1.0,0.6693548387096774,0.9476190476190474,0.982258064516129,0.05238095238095264,0.01774193548387104,,0.21,0.9898132427843802
mlp,4,4,3,0.05,by earliest stop,191,57,134,1.0165243499351635,0.0,0.0,1.0,0.5,,1.0,,0.0,,0.0,0.5980475382003395
mlp,4,4,3,0.05,fixed horizon 50,191,57,134,1.0000042831115328,0.0,0.0,1.0,0.5,,1.0,,0.0,,0.0,0.5178268251273345
mlp,4,4,3,0.05,fixed horizon 100,191,57,134,1.0002037089280575,0.0,0.0,1.0,0.5,,1.0,,0.0,,0.0,0.6243633276740238
mlp,4,4,3,0.05,fixed horizon 148,191,57,134,1.0002226330601136,0.0,0.0,1.0,0.5,,1.0,,0.0,,0.0,0.6383701188455008
mlp,4,4,3,0.075,by final end,191,57,134,1.153609522971245,0.0,0.7258064516129032,1.0,0.8629032258064516,0.9103846153846153,0.9349565756823821,0.08961538461538465,0.06504342431761789,,0.45,0.9898132427843802
mlp,4,4,3,0.075,by earliest stop,191,57,134,1.153609522971245,0.0,0.0,1.0,0.5,,1.0,,0.0,,0.0,0.5980475382003395
mlp,4,4,3,0.075,fixed horizon 50,191,57,134,1.0053396074077108,0.0,0.0,1.0,0.5,,1.0,,0.0,,0.0,0.5178268251273345
mlp,4,4,3,0.075,fixed horizon 100,191,57,134,1.0630526985336906,0.0,0.0,1.0,0.5,,1.0,,0.0,,0.0,0.6243633276740238
mlp,4,4,3,0.075,fixed horizon 148,191,57,134,1.1768695521369195,0.0,0.0,1.0,0.5,,1.0,,0.0,,0.0,0.6383701188455008
mlp,4,4,3,0.1,by final end,191,57,134,1.1424440235177615,0.02631578947368421,0.9193548387096774,0.9736842105263158,0.9465195246179966,0.8099865047233469,0.8253101736972704,0.19001349527665312,0.17468982630272956,0.8596153846153847,0.58,0.9898132427843802
mlp,4,4,3,0.1,by earliest stop,191,57,134,1.1424440235177615,0.0,0.0,1.0,0.5,,1.0,,0.0,,0.0,0.5980475382003395
mlp,4,4,3,0.1,fixed horizon 50,191,57,134,1.0317942519688958,0.07894736842105263,0.016129032258064516,0.9210526315789473,0.4685908319185059,0.28,0.9883870967741936,0.72,0.011612903225806437,0.28,0.04,0.5178268251273345
mlp,4,4,3,0.1,fixed horizon 100,191,57,134,1.0458237986963523,0.0,0.0,1.0,0.5,,1.0,,0.0,,0.0,0.6243633276740238
mlp,4,4,3,0.1,fixed horizon 148,191,57,134,1.1631497696724244,0.0,0.0,1.0,0.5,,1.0,,0.0,,0.0,0.6383701188455008
mlp,4,4,3,0.15,by final end,191,57,134,1.1451740310688017,0.10526315789473684,0.967741935483871,0.8947368421052632,0.9312393887945671,0.6650000000000001,0.6758064516129031,0.33499999999999985,0.3241935483870969,0.7403846153846154,0.64,0.9898132427843802
mlp,4,4,3,0.15,by earliest stop,191,57,134,1.1451740310688017,0.0,0.016129032258064516,1.0,0.5080645161290323,0.8277511961722488,0.9972217934866492,0.1722488038277512,0.0027782065133508116,,0.01,0.5980475382003395
mlp,4,4,3,0.15,fixed horizon 50,191,57,134,1.0418525302704167,0.0,0.04838709677419355,1.0,0.5241935483870968,0.9333333333333332,0.9967741935483871,0.06666666666666676,0.003225806451612856,,0.03,0.5178268251273345
mlp,4,4,3,0.15,fixed horizon 100,191,57,134,1.1567787691221427,0.0,0.03225806451612903,1.0,0.5161290322580645,0.975,0.9991935483870968,0.025000000000000022,0.0008064516129031585,,0.02,0.6243633276740238
mlp,4,4,3,0.15,fixed horizon 148,191,57,134,1.2345396172855756,0.0,0.016129032258064516,1.0,0.5080645161290323,0.9662162162162162,0.9994551002615519,0.03378378378378377,0.000544899738448068,,0.01,0.6383701188455008
mlp,4,4,3,0.2,by final end,191,57,134,1.989971641751556,0.07894736842105263,0.9516129032258065,0.9210526315789473,0.9363327674023769,0.6709582790091264,0.6868796526054591,0.3290417209908736,0.31312034739454087,0.7294871794871794,0.62,0.9898132427843802
mlp,4,4,3,0.2,by earliest stop,191,57,134,1.989971641751556,0.0,0.0967741935483871,1.0,0.5483870967741935,0.9074960127591707,0.9910480012347584,0.09250398724082931,0.008951998765241553,,0.06,0.5980475382003395
mlp,4,4,3,0.2,fixed horizon 50,191,57,134,1.3147506055119078,0.0,0.08064516129032258,1.0,0.5403225806451613,0.6679999999999999,0.9732258064516128,0.3320000000000001,0.02677419354838717,,0.05,0.5178268251273345
mlp,4,4,3,0.2,fixed horizon 100,191,57,134,1.3534212667602217,0.05263157894736842,0.0967741935483871,0.9473684210526315,0.5220713073005093,0.6133333333333333,0.9625806451612903,0.3866666666666667,0.03741935483870973,0.695,0.08,0.6243633276740238
mlp,4,4,3,0.2,fixed horizon 148,191,57,134,1.7042306006208554,0.02631578947368421,0.11290322580645161,0.9736842105263158,0.5432937181663837,0.8832046332046334,0.9868134263295554,0.11679536679536662,0.013186573670444623,0.8783783783783784,0.08,0.6383701188455008
mlp,4,4,3,0.3,by final end,191,57,134,1.716770651405483,0.21052631578947367,0.9838709677419355,0.7894736842105263,0.8866723259762309,0.5237704918032787,0.5314516129032257,0.4762295081967213,0.46854838709677427,0.46634615384615385,0.69,0.9898132427843802
mlp,4,4,3,0.3,by earliest stop,191,57,134,1.716770651405483,0.13157894736842105,0.3225806451612903,0.868421052631579,0.5955008488964346,0.8076555023923444,0.9379533878684981,0.1923444976076556,0.062046612131501866,0.8373205741626795,0.25,0.5980475382003395
mlp,4,4,3,0.3,fixed horizon 50,191,57,134,1.2947563459870843,0.39473684210526316,0.3064516129032258,0.6052631578947368,0.45585738539898135,0.7126315789473684,0.9119354838709678,0.2873684210526316,0.08806451612903221,0.7213333333333333,0.34,0.5178268251273345
mlp,4,4,3,0.3,fixed horizon 100,191,57,134,1.4312907035128686,0.23684210526315788,0.3225806451612903,0.7631578947368421,0.5428692699490663,0.8235000000000001,0.9430645161290323,0.17649999999999988,0.056935483870967696,0.8522222222222223,0.29,0.6243633276740238
mlp,4,4,3,0.3,fixed horizon 148,191,57,134,1.582161527896417,0.2894736842105263,0.46774193548387094,0.7105263157894737,0.5891341256366723,0.7600186393289843,0.8877506538796861,0.23998136067101572,0.1122493461203139,0.8316953316953317,0.4,0.6383701188455008
mlp,4,4,4,0.01,by final end,191,57,134,1.0003482803585086,0.0,0.06451612903225806,1.0,0.532258064516129,0.9879807692307693,0.9992245657568238,0.012019230769230727,0.0007754342431761652,,0.04,0.9898132427843802
mlp,4,4,4,0.01,by earliest stop,191,57,134,1.0003482803585086,0.0,0.0,1.0,0.5,,1.0,,0.0,,0.0,0.5980475382003395
mlp,4,4,4,0.01,fixed horizon 50,191,57,134,0.9780512473133476,0.0,0.0,1.0,0.5,,1.0,,0.0,,0.0,0.5178268251273345
mlp,4,4,4,0.01,fixed horizon 100,191,57,134,0.9780512473133476,0.0,0.0,1.0,0.5,,1.0,,0.0,,0.0,0.6243633276740238
mlp,4,4,4,0.01,fixed horizon 148,191,57,134,0.9993935872512574,0.0,0.0,1.0,0.5,,1.0,,0.0,,0.0,0.6383701188455008
mlp,4,4,4,0.025,by final end,191,57,134,0.9988575131695769,0.0,0.06451612903225806,1.0,0.532258064516129,0.9870192307692308,0.9991625310173697,0.012980769230769185,0.0008374689826302628,,0.04,0.9898132427843802
mlp,4,4,4,0.025,by earliest stop,191,57,134,0.9988575131695769,0.0,0.0,1.0,0.5,,1.0,,0.0,,0.0,0.5980475382003395
mlp,4,4,4,0.025,fixed horizon 50,191,57,134,0.977901699203848,0.0,0.0,1.0,0.5,,1.0,,0.0,,0.0,0.5178268251273345
mlp,4,4,4,0.025,fixed horizon 100,191,57,134,0.977901699203848,0.0,0.0,1.0,0.5,,1.0,,0.0,,0.0,0.6243633276740238
mlp,4,4,4,0.025,fixed horizon 148,191,57,134,0.9976985101967775,0.0,0.0,1.0,0.5,,1.0,,0.0,,0.0,0.6383701188455008
mlp,4,4,4,0.05,by final end,191,57,134,0.9972086530180545,0.0,0.11290322580645161,1.0,0.5564516129032258,0.9686813186813188,0.9964640198511168,0.03131868131868121,0.003535980148883233,,0.07,0.9898132427843802
mlp,4,4,4,0.05,by earliest stop,191,57,134,0.9972086530180545,0.0,0.0,1.0,0.5,,1.0,,0.0,,0.0,0.5980475382003395
mlp,4,4,4,0.05,fixed horizon 50,191,57,134,0.9756995933060993,0.0,0.0,1.0,0.5,,1.0,,0.0,,0.0,0.5178268251273345
mlp,4,4,4,0.05,fixed horizon 100,191,57,134,0.9756995933060993,0.0,0.0,1.0,0.5,,1.0,,0.0,,0.0,0.6243633276740238
mlp,4,4,4,0.05,fixed horizon 148,191,57,134,0.9972585543875332,0.0,0.0,1.0,0.5,,1.0,,0.0,,0.0,0.6383701188455008
mlp,4,4,4,0.075,by final end,191,57,134,1.0791086780469337,0.02631578947368421,0.8387096774193549,0.9736842105263158,0.9061969439728353,0.8779955621301774,0.8976736972704713,0.12200443786982262,0.1023263027295287,0.948076923076923,0.53,0.9898132427843802
mlp,4,4,4,0.075,by earliest stop,191,57,134,1.0791086780469337,0.0,0.0,1.0,0.5,,1.0,,0.0,,0.0,0.5980475382003395
mlp,4,4,4,0.075,fixed horizon 50,191,57,134,0.973921755804044,0.07894736842105263,0.016129032258064516,0.9210526315789473,0.4685908319185059,0.36,0.9896774193548387,0.64,0.010322580645161339,0.32,0.04,0.5178268251273345
mlp,4,4,4,0.075,fixed horizon 100,191,57,134,0.9781467598919016,0.0,0.0,1.0,0.5,,1.0,,0.0,,0.0,0.6243633276740238
mlp,4,4,4,0.075,fixed horizon 148,191,57,134,0.99633843975816,0.0,0.0,1.0,0.5,,1.0,,0.0,,0.0,0.6383701188455008
mlp,4,4,4,0.1,by final end,191,57,134,1.0066639844917624,0.02631578947368421,0.9032258064516129,0.9736842105263158,0.9384550084889643,0.8274725274725273,0.844168734491315,0.1725274725274727,0.15583126550868498,0.8884615384615384,0.57,0.9898132427843802
mlp,4,4,4,0.1,by earliest stop,191,57,134,1.0066639844917624,0.0,0.0,1.0,0.5,,1.0,,0.0,,0.0,0.5980475382003395
mlp,4,4,4,0.1,fixed horizon 50,191,57,134,0.9687206242962744,0.10526315789473684,0.03225806451612903,0.8947368421052632,0.4634974533106961,0.36,0.9793548387096774,0.64,0.020645161290322567,0.315,0.06,0.5178268251273345
mlp,4,4,4,0.1,fixed horizon 100,191,57,134,0.9678128814102588,0.0,0.016129032258064516,1.0,0.5080645161290323,0.23,0.9875806451612904,0.77,0.012419354838709595,,0.01,0.6243633276740238
mlp,4,4,4,0.1,fixed horizon 148,191,57,134,0.9689157456852633,0.0,0.016129032258064516,1.0,0.5080645161290323,0.1554054054054054,0.9863775065387969,0.8445945945945946,0.013622493461203145,,0.01,0.6383701188455008
mlp,4,4,4,0.15,by final end,191,57,134,0.9774747346474663,0.05263157894736842,0.9516129032258065,0.9473684210526315,0.949490662139219,0.7070730117340288,0.7212468982630275,0.2929269882659712,0.27875310173697254,0.7644230769230769,0.61,0.9898132427843802
mlp,4,4,4,0.15,by earliest stop,191,57,134,0.9774747346474663,0.0,0.016129032258064516,1.0,0.5080645161290323,0.8086124401913876,0.9969131038740546,0.19138755980861244,0.003086896125945371,,0.01,0.5980475382003395
mlp,4,4,4,0.15,fixed horizon 50,191,57,134,0.93197120861515,0.18421052631578946,0.0967741935483871,0.8157894736842105,0.4562818336162988,0.26,0.9283870967741935,0.74,0.07161290322580649,0.24857142857142858,0.13,0.5178268251273345
mlp,4,4,4,0.15,fixed horizon 100,191,57,134,0.9154174091455678,0.18421052631578946,0.0967741935483871,0.8157894736842105,0.4562818336162988,0.12833333333333333,0.9156451612903226,0.8716666666666667,0.08435483870967742,0.12285714285714286,0.13,0.6243633276740238
mlp,4,4,4,0.15,fixed horizon 148,191,57,134,0.9547662986716116,0.10526315789473684,0.04838709677419355,0.8947368421052632,0.47156196943972833,0.38513513513513514,0.9702484742807324,0.6148648648648649,0.029751525719267646,0.10304054054054056,0.07,0.6383701188455008
mlp,4,4,4,0.2,by final end,191,57,134,0.9625998153955664,0.13157894736842105,0.9516129032258065,0.868421052631579,0.9100169779286927,0.6335071707953065,0.6512406947890819,0.3664928292046935,0.34875930521091814,0.4396153846153846,0.64,0.9898132427843802
mlp,4,4,4,0.2,by earliest stop,191,57,134,0.9625998153955664,0.05263157894736842,0.11290322580645161,0.9473684210526315,0.5301358234295416,0.6507177033492823,0.960564901991048,0.34928229665071775,0.03943509800895195,0.07655502392344497,0.09,0.5980475382003395
mlp,4,4,4,0.2,fixed horizon 50,191,57,134,0.871212189919909,0.21052631578947367,0.22580645161290322,0.7894736842105263,0.5076400679117148,0.19428571428571434,0.8180645161290322,0.8057142857142856,0.1819354838709678,0.1775,0.22,0.5178268251273345
mlp,4,4,4,0.2,fixed horizon 100,191,57,134,0.897570311504192,0.21052631578947367,0.16129032258064516,0.7894736842105263,0.47538200339558573,0.197,0.8704838709677419,0.8029999999999999,0.12951612903225806,0.10625000000000001,0.18,0.6243633276740238
mlp,4,4,4,0.2,fixed horizon 148,191,57,134,0.9073172076185831,0.21052631578947367,0.20967741935483872,0.7894736842105263,0.49957555178268254,0.4423076923076923,0.8830645161290323,0.5576923076923077,0.11693548387096775,0.1722972972972973,0.21,0.6383701188455008
mlp,4,4,4,0.3,by final end,191,57,134,0.7574093467194623,0.5,0.9838709677419355,0.5,0.7419354838709677,0.34845523329129885,0.35896401985111664,0.6515447667087011,0.6410359801488834,0.07904858299595141,0.8,0.9898132427843802
mlp,4,4,4,0.3,by earliest stop,191,57,134,0.7574093467194623,0.47368421052631576,0.5161290322580645,0.5263157894736842,0.5212224108658743,0.28065191387559807,0.6287235684519216,0.7193480861244019,0.37127643154807843,0.08506113769271664,0.5,0.5980475382003395
mlp,4,4,4,0.3,fixed horizon 50,191,57,134,0.6621761940550899,0.631578947368421,0.5967741935483871,0.3684210526315789,0.482597623089983,0.2291891891891892,0.54,0.7708108108108108,0.45999999999999996,0.13583333333333333,0.61,0.5178268251273345
mlp,4,4,4,0.3,fixed horizon 100,191,57,134,0.7157347032430834,0.5789473684210527,0.5645161290322581,0.42105263157894735,0.49278438030560273,0.2137142857142857,0.5561290322580643,0.7862857142857143,0.4438709677419357,0.09545454545454547,0.57,0.6243633276740238
mlp,4,4,4,0.3,fixed horizon 148,191,57,134,0.7107122224754644,0.5526315789473685,0.6290322580645161,0.4473684210526316,0.5382003395585738,0.2423769923769924,0.5234306887532693,0.7576230076230076,0.47656931124673074,0.08783783783783783,0.6,0.6383701188455008
mlp,4,4,5,0.01,by final end,191,57,134,0.9999984500920011,0.0,0.04838709677419355,1.0,0.5241935483870968,0.9961538461538462,0.9998138957816377,0.0038461538461538325,0.00018610421836229296,,0.03,0.9898132427843802
mlp,4,4,5,0.01,by earliest stop,191,57,134,0.9999984500920011,0.0,0.0,1.0,0.5,,1.0,,0.0,,0.0,0.5980475382003395
mlp,4,4,5,0.01,fixed horizon 50,191,57,134,0.9999962419323957,0.0,0.0,1.0,0.5,,1.0,,0.0,,0.0,0.5178268251273345
mlp,4,4,5,0.01,fixed horizon 100,191,57,134,0.9999962419323957,0.0,0.0,1.0,0.5,,1.0,,0.0,,0.0,0.6243633276740238
mlp,4,4,5,0.01,fixed horizon 148,191,57,134,0.9999962419323957,0.0,0.0,1.0,0.5,,1.0,,0.0,,0.0,0.6383701188455008
mlp,4,4,5,0.025,by final end,191,57,134,0.9999945127204448,0.0,0.04838709677419355,1.0,0.5241935483870968,0.9961538461538462,0.9998138957816377,0.0038461538461538325,0.00018610421836229296,,0.03,0.9898132427843802
mlp,4,4,5,0.025,by earliest stop,191,57,134,0.9999945127204448,0.0,0.0,1.0,0.5,,1.0,,0.0,,0.0,0.5980475382003395
mlp,4,4,5,0.025,fixed horizon 50,191,57,134,0.9999945117721443,0.0,0.0,1.0,0.5,,1.0,,0.0,,0.0,0.5178268251273345
mlp,4,4,5,0.025,fixed horizon 100,191,57,134,0.9999945117721443,0.0,0.0,1.0,0.5,,1.0,,0.0,,0.0,0.6243633276740238
mlp,4,4,5,0.025,fixed horizon 148,191,57,134,0.9999945117721443,0.0,0.0,1.0,0.5,,1.0,,0.0,,0.0,0.6383701188455008
mlp,4,4,5,0.05,by final end,191,57,134,0.9999918462107164,0.0,0.06451612903225806,1.0,0.532258064516129,0.9879807692307693,0.9992245657568238,0.012019230769230727,0.0007754342431761652,,0.04,0.9898132427843802
mlp,4,4,5,0.05,by earliest stop,191,57,134,0.9999918462107164,0.0,0.0,1.0,0.5,,1.0,,0.0,,0.0,0.5980475382003395
mlp,4,4,5,0.05,fixed horizon 50,191,57,134,0.9999920466272748,0.0,0.0,1.0,0.5,,1.0,,0.0,,0.0,0.5178268251273345
mlp,4,4,5,0.05,fixed horizon 100,191,57,134,0.9999920466272748,0.0,0.0,1.0,0.5,,1.0,,0.0,,0.0,0.6243633276740238
mlp,4,4,5,0.05,fixed horizon 148,191,57,134,0.9999920466272748,0.0,0.0,1.0,0.5,,1.0,,0.0,,0.0,0.6383701188455008
mlp,4,4,5,0.075,by final end,191,57,134,0.9999915856671181,0.0,0.6290322580645161,1.0,0.814516129032258,0.9328402366863904,0.9577543424317617,0.06715976331360962,0.04224565756823828,,0.39,0.9898132427843802
mlp,4,4,5,0.075,by earliest stop,191,57,134,0.9999915856671181,0.0,0.0,1.0,0.5,,1.0,,0.0,,0.0,0.5980475382003395
mlp,4,4,5,0.075,fixed horizon 50,191,57,134,0.9999824907484114,0.0,0.0,1.0,0.5,,1.0,,0.0,,0.0,0.5178268251273345
mlp,4,4,5,0.075,fixed horizon 100,191,57,134,0.9999824907484114,0.0,0.0,1.0,0.5,,1.0,,0.0,,0.0,0.6243633276740238
mlp,4,4,5,0.075,fixed horizon 148,191,57,134,0.9999824907484114,0.0,0.0,1.0,0.5,,1.0,,0.0,,0.0,0.6383701188455008
mlp,4,4,5,0.1,by final end,191,57,134,0.9999940517938164,0.02631578947368421,0.8870967741935484,0.9736842105263158,0.9303904923599321,0.820909090909091,0.8411290322580645,0.17909090909090897,0.15887096774193554,0.8865384615384615,0.56,0.9898132427843802
mlp,4,4,5,0.1,by earliest stop,191,57,134,0.9999940517938164,0.0,0.0,1.0,0.5,,1.0,,0.0,,0.0,0.5980475382003395
mlp,4,4,5,0.1,fixed horizon 50,191,57,134,0.9999599844339372,0.0,0.0,1.0,0.5,,1.0,,0.0,,0.0,0.5178268251273345
mlp,4,4,5,0.1,fixed horizon 100,191,57,134,0.9999599844339372,0.0,0.0,1.0,0.5,,1.0,,0.0,,0.0,0.6243633276740238
mlp,4,4,5,0.1,fixed horizon 148,191,57,134,0.999978103186836,0.0,0.0,1.0,0.5,,1.0,,0.0,,0.0,0.6383701188455008
mlp,4,4,5,0.15,by final end,191,57,134,1.0252744724716834,0.05263157894736842,0.9516129032258065,0.9473684210526315,0.949490662139219,0.7040417209908737,0.7183622828784121,0.2959582790091263,0.2816377171215879,0.7576923076923077,0.61,0.9898132427843802
mlp,4,4,5,0.15,by earliest stop,191,57,134,1.0252744724716834,0.0,0.0,1.0,0.5,,1.0,,0.0,,0.0,0.5980475382003395
mlp,4,4,5,0.15,fixed horizon 50,191,57,134,0.9997558107836222,0.10526315789473684,0.03225806451612903,0.8947368421052632,0.4634974533106961,0.0,0.967741935483871,1.0,0.032258064516129004,0.0,0.06,0.5178268251273345
mlp,4,4,5,0.15,fixed horizon 100,191,57,134,0.9999820256960286,0.0,0.016129032258064516,1.0,0.5080645161290323,0.55,0.9927419354838709,0.44999999999999996,0.007258064516129092,,0.01,0.6243633276740238
mlp,4,4,5,0.15,fixed horizon 148,191,57,134,1.0233384843842785,0.0,0.03225806451612903,1.0,0.5161290322580645,0.8614864864864865,0.9955318221447255,0.1385135135135135,0.0044681778552745355,,0.02,0.6383701188455008
mlp,4,4,5,0.2,by final end,191,57,134,1.0014771303204684,0.07894736842105263,0.967741935483871,0.9210526315789473,0.9443972835314092,0.6171153846153846,0.6294665012406947,0.3828846153846154,0.3705334987593053,0.6166666666666667,0.63,0.9898132427843802
mlp,4,4,5,0.2,by earliest stop,191,57,134,1.0014771303204684,0.0,0.03225806451612903,1.0,0.5161290322580645,0.5047846889952153,0.9840253125482328,0.49521531100478466,0.015974687451767222,,0.02,0.5980475382003395
mlp,4,4,5,0.2,fixed horizon 50,191,57,134,1.1271338335821095,0.05263157894736842,0.11290322580645161,0.9473684210526315,0.5301358234295416,0.48571428571428577,0.9419354838709678,0.5142857142857142,0.058064516129032184,0.1,0.09,0.5178268251273345
mlp,4,4,5,0.2,fixed horizon 100,191,57,134,1.0165188606099573,0.05263157894736842,0.16129032258064516,0.9473684210526315,0.5543293718166383,0.914,0.9861290322580645,0.08599999999999997,0.013870967741935525,0.9099999999999999,0.12,0.6243633276740238
mlp,4,4,5,0.2,fixed horizon 148,191,57,134,1.1287704181951588,0.02631578947368421,0.12903225806451613,0.9736842105263158,0.551358234295416,0.4907094594594595,0.9342850915431562,0.5092905405405406,0.0657149084568438,0.722972972972973,0.09,0.6383701188455008
mlp,4,4,5,0.3,by final end,191,57,134,0.9991784379654091,0.39473684210526316,0.967741935483871,0.6052631578947368,0.7865025466893039,0.4525320512820512,0.4701923076923077,0.5474679487179488,0.5298076923076923,0.20384615384615384,0.75,0.9898132427843802
mlp,4,4,5,0.3,by earliest stop,191,57,134,0.9991784379654091,0.2894736842105263,0.3064516129032258,0.7105263157894737,0.5084889643463497,0.20523797532107782,0.756443895662911,0.7947620246789222,0.24355610433708896,0.08264462809917356,0.3,0.5980475382003395
mlp,4,4,5,0.3,fixed horizon 50,191,57,134,1.1465400145846627,0.47368421052631576,0.3709677419354839,0.5263157894736842,0.44864176570458403,0.2156521739130435,0.709032258064516,0.7843478260869565,0.290967741935484,0.3422222222222222,0.41,0.5178268251273345
mlp,4,4,5,0.3,fixed horizon 100,191,57,134,1.174869748710281,0.42105263157894735,0.3870967741935484,0.5789473684210527,0.4830220713073005,0.19958333333333333,0.6901612903225807,0.8004166666666667,0.30983870967741933,0.14625,0.4,0.6243633276740238
mlp,4,4,5,0.3,fixed horizon 148,191,57,134,1.1828967017779433,0.3684210526315789,0.45161290322580644,0.631578947368421,0.5415959252971138,0.3057432432432433,0.6864646904969486,0.6942567567567567,0.3135353095030514,0.13513513513513511,0.42,0.6383701188455008
mlp,4,4,6,0.01,by final end,191,57,134,1.0260260639542205,0.0,0.08064516129032258,1.0,0.5403225806451613,0.9823076923076923,0.9985732009925559,0.017692307692307674,0.001426799007444135,,0.05,0.9898132427843802
mlp,4,4,6,0.01,by earliest stop,191,57,134,1.0260260639542205,0.0,0.0,1.0,0.5,,1.0,,0.0,,0.0,0.5980475382003395
mlp,4,4,6,0.01,fixed horizon 50,191,57,134,0.9999980968013221,0.0,0.0,1.0,0.5,,1.0,,0.0,,0.0,0.5178268251273345
mlp,4,4,6,0.01,fixed horizon 100,191,57,134,0.9999980968013221,0.0,0.0,1.0,0.5,,1.0,,0.0,,0.0,0.6243633276740238
mlp,4,4,6,0.01,fixed horizon 148,191,57,134,0.9999980968013221,0.0,0.0,1.0,0.5,,1.0,,0.0,,0.0,0.6383701188455008
mlp,4,4,6,0.025,by final end,191,57,134,0.9999981078570354,0.0,0.11290322580645161,1.0,0.5564516129032258,0.9703296703296703,0.996650124069479,0.029670329670329676,0.0033498759305210513,,0.07,0.9898132427843802
mlp,4,4,6,0.025,by earliest stop,191,57,134,0.9999981078570354,0.0,0.0,1.0,0.5,,1.0,,0.0,,0.0,0.5980475382003395
mlp,4,4,6,0.025,fixed horizon 50,191,57,134,0.9999938013473274,0.0,0.0,1.0,0.5,,1.0,,0.0,,0.0,0.5178268251273345
mlp,4,4,6,0.025,fixed horizon 100,191,57,134,0.9999938013473274,0.0,0.0,1.0,0.5,,1.0,,0.0,,0.0,0.6243633276740238
mlp,4,4,6,0.025,fixed horizon 148,191,57,134,0.9999938013473274,0.0,0.0,1.0,0.5,,1.0,,0.0,,0.0,0.6383701188455008
mlp,4,4,6,0.05,by final end,191,57,134,1.002662052403211,0.0,0.5967741935483871,1.0,0.7983870967741935,0.9309251559251558,0.9587779156327543,0.06907484407484421,0.041222084367245726,,0.37,0.9898132427843802
mlp,4,4,6,0.05,by earliest stop,191,57,134,1.002662052403211,0.0,0.0,1.0,0.5,,1.0,,0.0,,0.0,0.5980475382003395
mlp,4,4,6,0.05,fixed horizon 50,191,57,134,0.9999924248087134,0.0,0.0,1.0,0.5,,1.0,,0.0,,0.0,0.5178268251273345
mlp,4,4,6,0.05,fixed horizon 100,191,57,134,0.9999924248087134,0.0,0.0,1.0,0.5,,1.0,,0.0,,0.0,0.6243633276740238
mlp,4,4,6,0.05,fixed horizon 148,191,57,134,0.9999924248087134,0.0,0.0,1.0,0.5,,1.0,,0.0,,0.0,0.6383701188455008
mlp,4,4,6,0.075,by final end,191,57,134,0.9999988322971906,0.02631578947368421,0.8709677419354839,0.9736842105263158,0.9223259762308998,0.8481837606837607,0.8677729528535981,0.15181623931623933,0.13222704714640188,0.9173076923076923,0.55,0.9898132427843802
mlp,4,4,6,0.075,by earliest stop,191,57,134,0.9999988322971906,0.0,0.0,1.0,0.5,,1.0,,0.0,,0.0,0.5980475382003395
mlp,4,4,6,0.075,fixed horizon 50,191,57,134,0.9999905082915342,0.0,0.0,1.0,0.5,,1.0,,0.0,,0.0,0.5178268251273345
mlp,4,4,6,0.075,fixed horizon 100,191,57,134,0.9999901078426048,0.0,0.0,1.0,0.5,,1.0,,0.0,,0.0,0.6243633276740238
mlp,4,4,6,0.075,fixed horizon 148,191,57,134,0.9999905082915342,0.0,0.0,1.0,0.5,,1.0,,0.0,,0.0,0.6383701188455008
mlp,4,4,6,0.1,by final end,191,57,134,0.9999909020070232,0.02631578947368421,0.9032258064516129,0.9736842105263158,0.9384550084889643,0.8414835164835165,0.8568238213399504,0.1585164835164835,0.1431761786600496,0.8961538461538462,0.57,0.9898132427843802
mlp,4,4,6,0.1,by earliest stop,191,57,134,0.9999909020070232,0.0,0.0,1.0,0.5,,1.0,,0.0,,0.0,0.5980475382003395
mlp,4,4,6,0.1,fixed horizon 50,191,57,134,0.9999898453394362,0.0,0.0,1.0,0.5,,1.0,,0.0,,0.0,0.5178268251273345
mlp,4,4,6,0.1,fixed horizon 100,191,57,134,0.9999911336010231,0.0,0.0,1.0,0.5,,1.0,,0.0,,0.0,0.6243633276740238
mlp,4,4,6,0.1,fixed horizon 148,191,57,134,0.9999911336010231,0.0,0.0,1.0,0.5,,1.0,,0.0,,0.0,0.6383701188455008
mlp,4,4,6,0.15,by final end,191,57,134,0.9999780491438751,0.02631578947368421,0.9516129032258065,0.9736842105263158,0.9626485568760612,0.7545632333767928,0.766439205955335,0.24543676662320724,0.233560794044665,0.8,0.6,0.9898132427843802
mlp,4,4,6,0.15,by earliest stop,191,57,134,0.9999780491438751,0.0,0.0,1.0,0.5,,1.0,,0.0,,0.0,0.5980475382003395
mlp,4,4,6,0.15,fixed horizon 50,191,57,134,0.9997397702090199,0.10526315789473684,0.03225806451612903,0.8947368421052632,0.4634974533106961,0.0,0.967741935483871,1.0,0.032258064516129004,0.0,0.06,0.5178268251273345
mlp,4,4,6,0.15,fixed horizon 100,191,57,134,1.0000102983696821,0.02631578947368421,0.03225806451612903,0.9736842105263158,0.5029711375212225,0.855,0.9953225806451613,0.14500000000000002,0.0046774193548386744,0.85,0.03,0.6243633276740238
mlp,4,4,6,0.15,fixed horizon 148,191,57,134,1.0000171537414633,0.02631578947368421,0.03225806451612903,0.9736842105263158,0.5029711375212225,0.5777027027027026,0.9863775065387969,0.42229729729729737,0.013622493461203145,0.5743243243243243,0.03,0.6383701188455008
mlp,4,4,6,0.2,by final end,191,57,134,1.075738765072217,0.10526315789473684,0.967741935483871,0.8947368421052632,0.9312393887945671,0.6183333333333334,0.6306451612903226,0.3816666666666666,0.36935483870967745,0.6903846153846154,0.64,0.9898132427843802
mlp,4,4,6,0.2,by earliest stop,191,57,134,1.075738765072217,0.0,0.08064516129032258,1.0,0.5403225806451613,0.9626794258373206,0.9969902762772032,0.03732057416267942,0.003009723722796842,,0.05,0.5980475382003395
mlp,4,4,6,0.2,fixed horizon 50,191,57,134,1.0520754064866382,0.02631578947368421,0.06451612903225806,0.9736842105263158,0.519100169779287,0.7,0.9806451612903226,0.30000000000000004,0.019354838709677358,0.82,0.05,0.5178268251273345
mlp,4,4,6,0.2,fixed horizon 100,191,57,134,1.000013089154478,0.05263157894736842,0.1935483870967742,0.9473684210526315,0.5704584040747028,0.9283333333333333,0.9861290322580645,0.07166666666666666,0.013870967741935525,0.905,0.14,0.6243633276740238
mlp,4,4,6,0.2,fixed horizon 148,191,57,134,1.0482185813438352,0.02631578947368421,0.14516129032258066,0.9736842105263158,0.5594227504244482,0.68993993993994,0.9549912816041848,0.31006006006006004,0.04500871839581522,0.5945945945945946,0.1,0.6383701188455008
mlp,4,4,6,0.3,by final end,191,57,134,1.021790580084954,0.2894736842105263,0.9838709677419355,0.7105263157894737,0.8471986417657046,0.5143442622950819,0.5221774193548386,0.4856557377049181,0.47782258064516137,0.29108391608391604,0.72,0.9898132427843802
mlp,4,4,6,0.3,by earliest stop,191,57,134,1.021790580084954,0.15789473684210525,0.16129032258064516,0.8421052631578947,0.50169779286927,0.6363636363636365,0.9413489736070382,0.36363636363636354,0.058651026392961825,0.13237639553429023,0.16,0.5980475382003395
mlp,4,4,6,0.3,fixed horizon 50,191,57,134,0.9999961995067643,0.5263157894736842,0.3709677419354839,0.47368421052631576,0.42232597623089985,0.28608695652173916,0.7351612903225805,0.7139130434782608,0.2648387096774195,0.278,0.43,0.5178268251273345
mlp,4,4,6,0.3,fixed horizon 100,191,57,134,1.0670669834112994,0.3684210526315789,0.3548387096774194,0.631578947368421,0.4932088285229202,0.5081818181818181,0.8254838709677418,0.49181818181818193,0.17451612903225822,0.27642857142857136,0.36,0.6243633276740238
mlp,4,4,6,0.3,fixed horizon 148,191,57,134,1.0416176968051227,0.34210526315789475,0.46774193548387094,0.6578947368421053,0.5628183361629882,0.7159832246039142,0.8671534437663472,0.28401677539608583,0.13284655623365282,0.6616424116424116,0.42,0.6383701188455008
mlp,4,4,7,0.01,by final end,191,57,134,1.0001324420038817,0.0,0.04838709677419355,1.0,0.5241935483870968,0.9961538461538462,0.9998138957816377,0.0038461538461538325,0.00018610421836229296,,0.03,0.9898132427843802
mlp,4,4,7,0.01,by earliest stop,191,57,134,1.0001324420038817,0.0,0.0,1.0,0.5,,1.0,,0.0,,0.0,0.5980475382003395
mlp,4,4,7,0.01,fixed horizon 50,191,57,134,0.9999786371363948,0.0,0.0,1.0,0.5,,1.0,,0.0,,0.0,0.5178268251273345
mlp,4,4,7,0.01,fixed horizon 100,191,57,134,0.9999855897685337,0.0,0.0,1.0,0.5,,1.0,,0.0,,0.0,0.6243633276740238
mlp,4,4,7,0.01,fixed horizon 148,191,57,134,0.9999855897685337,0.0,0.0,1.0,0.5,,1.0,,0.0,,0.0,0.6383701188455008
mlp,4,4,7,0.025,by final end,191,57,134,0.9999854543700417,0.0,0.04838709677419355,1.0,0.5241935483870968,0.9961538461538462,0.9998138957816377,0.0038461538461538325,0.00018610421836229296,,0.03,0.9898132427843802
mlp,4,4,7,0.025,by earliest stop,191,57,134,0.9999854543700417,0.0,0.0,1.0,0.5,,1.0,,0.0,,0.0,0.5980475382003395
mlp,4,4,7,0.025,fixed horizon 50,191,57,134,0.9999541406237051,0.0,0.0,1.0,0.5,,1.0,,0.0,,0.0,0.5178268251273345
mlp,4,4,7,0.025,fixed horizon 100,191,57,134,0.9999649834659806,0.0,0.0,1.0,0.5,,1.0,,0.0,,0.0,0.6243633276740238
mlp,4,4,7,0.025,fixed horizon 148,191,57,134,0.999965197681307,0.0,0.0,1.0,0.5,,1.0,,0.0,,0.0,0.6383701188455008
mlp,4,4,7,0.05,by final end,191,57,134,0.9998475107712381,0.0,0.06451612903225806,1.0,0.532258064516129,0.9879807692307693,0.9992245657568238,0.012019230769230727,0.0007754342431761652,,0.04,0.9898132427843802
mlp,4,4,7,0.05,by earliest stop,191,57,134,0.9998475107712381,0.0,0.0,1.0,0.5,,1.0,,0.0,,0.0,0.5980475382003395
mlp,4,4,7,0.05,fixed horizon 50,191,57,134,0.9998752326873085,0.0,0.0,1.0,0.5,,1.0,,0.0,,0.0,0.5178268251273345
mlp,4,4,7,0.05,fixed horizon 100,191,57,134,0.9998817543725765,0.0,0.0,1.0,0.5,,1.0,,0.0,,0.0,0.6243633276740238
mlp,4,4,7,0.05,fixed horizon 148,191,57,134,0.9998817543725765,0.0,0.0,1.0,0.5,,1.0,,0.0,,0.0,0.6383701188455008
mlp,4,4,7,0.075,by final end,191,57,134,0.9989202035211764,0.0,0.532258064516129,1.0,0.7661290322580645,0.942016317016317,0.9691377171215881,0.05798368298368295,0.030862282878411862,,0.33,0.9898132427843802
mlp,4,4,7,0.075,by earliest stop,191,57,134,0.9989202035211764,0.0,0.0,1.0,0.5,,1.0,,0.0,,0.0,0.5980475382003395
mlp,4,4,7,0.075,fixed horizon 50,191,57,134,0.998174063677914,0.0,0.0,1.0,0.5,,1.0,,0.0,,0.0,0.5178268251273345
mlp,4,4,7,0.075,fixed horizon 100,191,57,134,0.998174063677914,0.0,0.0,1.0,0.5,,1.0,,0.0,,0.0,0.6243633276740238
mlp,4,4,7,0.075,fixed horizon 148,191,57,134,0.9992223949785155,0.0,0.0,1.0,0.5,,1.0,,0.0,,0.0,0.6383701188455008
mlp,4,4,7,0.1,by final end,191,57,134,0.9914908600360062,0.07894736842105263,0.5483870967741935,0.9210526315789473,0.7347198641765704,0.8797511312217194,0.9340570719602977,0.12024886877828056,0.06594292803970225,0.023076923076923078,0.37,0.9898132427843802
mlp,4,4,7,0.1,by earliest stop,191,57,134,0.9914908600360062,0.07894736842105263,0.03225806451612903,0.9210526315789473,0.4766553480475382,0.07894736842105263,0.970288624787776,0.9210526315789473,0.029711375212224,0.05741626794258373,0.05,0.5980475382003395
mlp,4,4,7,0.1,fixed horizon 50,191,57,134,0.9947441350970218,0.0,0.0,1.0,0.5,,1.0,,0.0,,0.0,0.5178268251273345
mlp,4,4,7,0.1,fixed horizon 100,191,57,134,0.9947441350970218,0.0,0.0,1.0,0.5,,1.0,,0.0,,0.0,0.6243633276740238
mlp,4,4,7,0.1,fixed horizon 148,191,57,134,0.9947441350970218,0.0,0.0,1.0,0.5,,1.0,,0.0,,0.0,0.6383701188455008
mlp,4,4,7,0.15,by final end,191,57,134,0.9816890942256252,0.15789473684210525,0.9193548387096774,0.8421052631578947,0.8807300509337861,0.738225371120108,0.759336228287841,0.261774628879892,0.24066377171215902,0.16314102564102567,0.63,0.9898132427843802
mlp,4,4,7,0.15,by earliest stop,191,57,134,0.9816890942256252,0.13157894736842105,0.06451612903225806,0.868421052631579,0.4664685908319185,0.04904306220095694,0.938647939496836,0.9509569377990431,0.061352060503163997,0.049760765550239235,0.09,0.5980475382003395
mlp,4,4,7,0.15,fixed horizon 50,191,57,134,0.9819830587171657,0.15789473684210525,0.0967741935483871,0.8421052631578947,0.4694397283531409,0.30666666666666664,0.9329032258064517,0.6933333333333334,0.06709677419354831,0.23666666666666666,0.12,0.5178268251273345
mlp,4,4,7,0.15,fixed horizon 100,191,57,134,0.9818291165215058,0.13157894736842105,0.0967741935483871,0.868421052631579,0.48259762308998305,0.2883333333333334,0.9311290322580645,0.7116666666666667,0.06887096774193546,0.10400000000000001,0.11,0.6243633276740238
mlp,4,4,7,0.15,fixed horizon 148,191,57,134,0.9995008279778216,0.0,0.03225806451612903,1.0,0.5161290322580645,0.7398648648648649,0.9916085440278988,0.2601351351351351,0.008391455972101225,,0.02,0.6383701188455008
mlp,4,4,7,0.2,by final end,191,57,134,0.9821300432532147,0.18421052631578946,0.9516129032258065,0.8157894736842105,0.8837011884550086,0.626825293350717,0.6448821339950371,0.373174706649283,0.35511786600496287,0.22884615384615378,0.66,0.9898132427843802
mlp,4,4,7,0.2,by earliest stop,191,57,134,0.9821300432532147,0.13157894736842105,0.0967741935483871,0.868421052631579,0.48259762308998305,0.196969696969697,0.9222873900293256,0.803030303030303,0.07771260997067442,0.049760765550239235,0.11,0.5980475382003395
mlp,4,4,7,0.2,fixed horizon 50,191,57,134,0.956900828588472,0.21052631578947367,0.16129032258064516,0.7894736842105263,0.47538200339558573,0.25800000000000006,0.8803225806451613,0.742,0.11967741935483867,0.22250000000000003,0.18,0.5178268251273345
mlp,4,4,7,0.2,fixed horizon 100,191,57,134,0.9517449860448363,0.23684210526315788,0.1935483870967742,0.7631578947368421,0.47835314091680814,0.2183333333333333,0.8487096774193549,0.7816666666666667,0.15129032258064512,0.17555555555555558,0.21,0.6243633276740238
mlp,4,4,7,0.2,fixed horizon 148,191,57,134,0.9517449860448363,0.23684210526315788,0.22580645161290322,0.7631578947368421,0.4944821731748727,0.2707528957528958,0.8353312990409765,0.7292471042471043,0.16466870095902353,0.14564564564564567,0.23,0.6383701188455008
mlp,4,4,7,0.3,by final end,191,57,134,0.8159673512558461,0.5789473684210527,0.967741935483871,0.42105263157894735,0.6943972835314092,0.3072115384615385,0.32955955334987597,0.6927884615384615,0.670440446650124,0.05952797202797202,0.82,0.9898132427843802
mlp,4,4,7,0.3,by earliest stop,191,57,134,0.8159673512558461,0.5526315789473685,0.532258064516129,0.4473684210526316,0.4898132427843803,0.14948528345657536,0.5473066831301127,0.8505147165434246,0.45269331686988734,0.04283435862383231,0.54,0.5980475382003395
mlp,4,4,7,0.3,fixed horizon 50,191,57,134,0.8136589940292265,0.5789473684210527,0.46774193548387094,0.42105263157894735,0.44439728353140917,0.13586206896551725,0.5958064516129034,0.8641379310344828,0.40419354838709665,0.14818181818181822,0.51,0.5178268251273345
mlp,4,4,7,0.3,fixed horizon 100,191,57,134,0.8175618692930643,0.5526315789473685,0.45161290322580644,0.4473684210526316,0.449490662139219,0.16928571428571426,0.6248387096774194,0.8307142857142857,0.3751612903225806,0.09047619047619049,0.49,0.6243633276740238
mlp,4,4,7,0.3,fixed horizon 148,191,57,134,0.8136589940292265,0.5526315789473685,0.5483870967741935,0.4473684210526316,0.49787775891341257,0.1625596184419714,0.5407585004359199,0.8374403815580286,0.4592414995640801,0.05920205920205922,0.55,0.6383701188455008
mlp,4,4,8,0.01,by final end,191,57,134,1.00871300906928,0.0,0.04838709677419355,1.0,0.5241935483870968,0.9923076923076923,0.9996277915632753,0.007692307692307665,0.00037220843672469694,,0.03,0.9898132427843802
mlp,4,4,8,0.01,by earliest stop,191,57,134,1.00871300906928,0.0,0.0,1.0,0.5,,1.0,,0.0,,0.0,0.5980475382003395
mlp,4,4,8,0.01,fixed horizon 50,191,57,134,1.0000801176664904,0.0,0.0,1.0,0.5,,1.0,,0.0,,0.0,0.5178268251273345
mlp,4,4,8,0.01,fixed horizon 100,191,57,134,1.000116216889045,0.0,0.0,1.0,0.5,,1.0,,0.0,,0.0,0.6243633276740238
mlp,4,4,8,0.01,fixed horizon 148,191,57,134,1.0001179008613976,0.0,0.0,1.0,0.5,,1.0,,0.0,,0.0,0.6383701188455008
mlp,4,4,8,0.025,by final end,191,57,134,1.0001520092747695,0.0,0.06451612903225806,1.0,0.532258064516129,0.9879807692307693,0.9992245657568238,0.012019230769230727,0.0007754342431761652,,0.04,0.9898132427843802
mlp,4,4,8,0.025,by earliest stop,191,57,134,1.0001520092747695,0.0,0.0,1.0,0.5,,1.0,,0.0,,0.0,0.5980475382003395
mlp,4,4,8,0.025,fixed horizon 50,191,57,134,1.0000028109078083,0.0,0.0,1.0,0.5,,1.0,,0.0,,0.0,0.5178268251273345
mlp,4,4,8,0.025,fixed horizon 100,191,57,134,1.0000751235558736,0.0,0.0,1.0,0.5,,1.0,,0.0,,0.0,0.6243633276740238
mlp,4,4,8,0.025,fixed horizon 148,191,57,134,1.000080230883276,0.0,0.0,1.0,0.5,,1.0,,0.0,,0.0,0.6383701188455008
mlp,4,4,8,0.05,by final end,191,57,134,1.0000544570435423,0.0,0.11290322580645161,1.0,0.5564516129032258,0.9656593406593406,0.9961228287841192,0.03434065934065944,0.003877171215880826,,0.07,0.9898132427843802
mlp,4,4,8,0.05,by earliest stop,191,57,134,1.0000544570435423,0.0,0.0,1.0,0.5,,1.0,,0.0,,0.0,0.5980475382003395
mlp,4,4,8,0.05,fixed horizon 50,191,57,134,1.000938901165706,0.0,0.0,1.0,0.5,,1.0,,0.0,,0.0,0.5178268251273345
mlp,4,4,8,0.05,fixed horizon 100,191,57,134,1.000938901165706,0.0,0.0,1.0,0.5,,1.0,,0.0,,0.0,0.6243633276740238
mlp,4,4,8,0.05,fixed horizon 148,191,57,134,1.000938901165706,0.0,0.0,1.0,0.5,,1.0,,0.0,,0.0,0.6383701188455008
mlp,4,4,8,0.075,by final end,191,57,134,1.464204469161759,0.0,0.3387096774193548,1.0,0.6693548387096774,0.7776556776556777,0.9246898263027296,0.22234432234432233,0.07531017369727044,,0.21,0.9898132427843802
mlp,4,4,8,0.075,by earliest stop,191,57,134,1.464204469161759,0.0,0.0,1.0,0.5,,1.0,,0.0,,0.0,0.5980475382003395
mlp,4,4,8,0.075,fixed horizon 50,191,57,134,1.0558821279753619,0.0,0.0,1.0,0.5,,1.0,,0.0,,0.0,0.5178268251273345
mlp,4,4,8,0.075,fixed horizon 100,191,57,134,1.2319458384752637,0.0,0.0,1.0,0.5,,1.0,,0.0,,0.0,0.6243633276740238
mlp,4,4,8,0.075,fixed horizon 148,191,57,134,1.2319458384752637,0.0,0.0,1.0,0.5,,1.0,,0.0,,0.0,0.6383701188455008
mlp,4,4,8,0.1,by final end,191,57,134,1.401855041862393,0.02631578947368421,0.9032258064516129,0.9736842105263158,0.9384550084889643,0.828434065934066,0.8450372208436724,0.171565934065934,0.1549627791563276,0.8884615384615384,0.57,0.9898132427843802
mlp,4,4,8,0.1,by earliest stop,191,57,134,1.401855041862393,0.0,0.0,1.0,0.5,,1.0,,0.0,,0.0,0.5980475382003395
mlp,4,4,8,0.1,fixed horizon 50,191,57,134,1.0689328731726875,0.0,0.0,1.0,0.5,,1.0,,0.0,,0.0,0.5178268251273345
mlp,4,4,8,0.1,fixed horizon 100,191,57,134,1.1957902750988842,0.0,0.0,1.0,0.5,,1.0,,0.0,,0.0,0.6243633276740238
mlp,4,4,8,0.1,fixed horizon 148,191,57,134,1.1834864405792118,0.0,0.0,1.0,0.5,,1.0,,0.0,,0.0,0.6383701188455008
mlp,4,4,8,0.15,by final end,191,57,134,1.2283814123564358,0.07894736842105263,0.9516129032258065,0.9210526315789473,0.9363327674023769,0.6866362451108213,0.7017990074441687,0.31336375488917867,0.2982009925558313,0.7076923076923077,0.62,0.9898132427843802
mlp,4,4,8,0.15,by earliest stop,191,57,134,1.2283814123564358,0.0,0.0,1.0,0.5,,1.0,,0.0,,0.0,0.5980475382003395
mlp,4,4,8,0.15,fixed horizon 50,191,57,134,1.162826349484334,0.0,0.03225806451612903,1.0,0.5161290322580645,0.92,0.9974193548387097,0.07999999999999996,0.002580645161290307,,0.02,0.5178268251273345
mlp,4,4,8,0.15,fixed horizon 100,191,57,134,1.194387950636573,0.0,0.016129032258064516,1.0,0.5080645161290323,0.9,0.9983870967741936,0.09999999999999998,0.001612903225806428,,0.01,0.6243633276740238
mlp,4,4,8,0.15,fixed horizon 148,191,57,134,1.193722158967957,0.0,0.03225806451612903,1.0,0.5161290322580645,0.6959459459459459,0.9901918047079337,0.30405405405405406,0.009808195292066335,,0.02,0.6383701188455008
mlp,4,4,8,0.2,by final end,191,57,134,1.1643282175450318,0.10526315789473684,0.967741935483871,0.8947368421052632,0.9312393887945671,0.6295192307692308,0.641470223325062,0.3704807692307692,0.358529776674938,0.6947115384615385,0.64,0.9898132427843802
mlp,4,4,8,0.2,by earliest stop,191,57,134,1.1643282175450318,0.0,0.0,1.0,0.5,,1.0,,0.0,,0.0,0.5980475382003395
mlp,4,4,8,0.2,fixed horizon 50,191,57,134,1.2693244318146533,0.02631578947368421,0.06451612903225806,0.9736842105263158,0.519100169779287,0.79,0.9864516129032258,0.20999999999999996,0.013548387096774195,0.9,0.05,0.5178268251273345
mlp,4,4,8,0.2,fixed horizon 100,191,57,134,1.1327728743469119,0.02631578947368421,0.04838709677419355,0.9736842105263158,0.5110356536502547,0.89,0.9946774193548387,0.10999999999999999,0.0053225806451613344,0.88,0.04,0.6243633276740238
mlp,4,4,8,0.2,fixed horizon 148,191,57,134,1.1238791948148934,0.02631578947368421,0.11290322580645161,0.9736842105263158,0.5432937181663837,0.8011583011583012,0.9775501307759372,0.19884169884169878,0.02244986922406278,0.5945945945945946,0.08,0.6383701188455008
mlp,4,4,8,0.3,by final end,191,57,134,1.000296356553344,0.23684210526315788,0.9838709677419355,0.7631578947368421,0.8735144312393888,0.4744955863808324,0.4829714640198512,0.5255044136191676,0.5170285359801488,0.3420940170940171,0.7,0.9898132427843802
mlp,4,4,8,0.3,by earliest stop,191,57,134,1.000296356553344,0.13157894736842105,0.24193548387096775,0.868421052631579,0.5551782682512734,0.32185007974481655,0.8359314709060041,0.6781499202551835,0.16406852909399594,0.2870813397129186,0.2,0.5980475382003395
mlp,4,4,8,0.3,fixed horizon 50,191,57,134,0.9985202143537971,0.5263157894736842,0.43548387096774194,0.47368421052631576,0.45458404074702885,0.41555555555555557,0.7454838709677419,0.5844444444444444,0.25451612903225806,0.425,0.47,0.5178268251273345
mlp,4,4,8,0.3,fixed horizon 100,191,57,134,1.0667509821372867,0.2894736842105263,0.3387096774193548,0.7105263157894737,0.5246179966044142,0.48333333333333334,0.825,0.5166666666666666,0.17500000000000004,0.41363636363636364,0.32,0.6243633276740238
mlp,4,4,8,0.3,fixed horizon 148,191,57,134,1.0102751551095268,0.34210526315789475,0.5,0.6578947368421053,0.5789473684210527,0.4991281604184829,0.7495640802092416,0.500871839581517,0.2504359197907584,0.38721413721413733,0.44,0.6383701188455008
mlp,4,4,9,0.01,by final end,191,57,134,1.008689922973051,0.0,0.04838709677419355,1.0,0.5241935483870968,0.9923076923076923,0.9996277915632753,0.007692307692307665,0.00037220843672469694,,0.03,0.9898132427843802
mlp,4,4,9,0.01,by earliest stop,191,57,134,1.008689922973051,0.0,0.0,1.0,0.5,,1.0,,0.0,,0.0,0.5980475382003395
mlp,4,4,9,0.01,fixed horizon 50,191,57,134,0.9999983594119101,0.0,0.0,1.0,0.5,,1.0,,0.0,,0.0,0.5178268251273345
mlp,4,4,9,0.01,fixed horizon 100,191,57,134,0.9999983594119101,0.0,0.0,1.0,0.5,,1.0,,0.0,,0.0,0.6243633276740238
mlp,4,4,9,0.01,fixed horizon 148,191,57,134,0.9999983594119101,0.0,0.0,1.0,0.5,,1.0,,0.0,,0.0,0.6383701188455008
mlp,4,4,9,0.025,by final end,191,57,134,0.9999995575332052,0.0,0.06451612903225806,1.0,0.532258064516129,0.9879807692307693,0.9992245657568238,0.012019230769230727,0.0007754342431761652,,0.04,0.9898132427843802
mlp,4,4,9,0.025,by earliest stop,191,57,134,0.9999995575332052,0.0,0.0,1.0,0.5,,1.0,,0.0,,0.0,0.5980475382003395
mlp,4,4,9,0.025,fixed horizon 50,191,57,134,0.9999944706703744,0.0,0.0,1.0,0.5,,1.0,,0.0,,0.0,0.5178268251273345
mlp,4,4,9,0.025,fixed horizon 100,191,57,134,0.9999944706703744,0.0,0.0,1.0,0.5,,1.0,,0.0,,0.0,0.6243633276740238
mlp,4,4,9,0.025,fixed horizon 148,191,57,134,0.9999944706703744,0.0,0.0,1.0,0.5,,1.0,,0.0,,0.0,0.6383701188455008
mlp,4,4,9,0.05,by final end,191,57,134,0.9999993479999392,0.0,0.4032258064516129,1.0,0.7016129032258065,0.945923076923077,0.9781947890818858,0.05407692307692302,0.02180521091811416,,0.25,0.9898132427843802
mlp,4,4,9,0.05,by earliest stop,191,57,134,0.9999993479999392,0.0,0.0,1.0,0.5,,1.0,,0.0,,0.0,0.5980475382003395
mlp,4,4,9,0.05,fixed horizon 50,191,57,134,0.9999936959649195,0.0,0.0,1.0,0.5,,1.0,,0.0,,0.0,0.5178268251273345
mlp,4,4,9,0.05,fixed horizon 100,191,57,134,0.9999951767874237,0.0,0.0,1.0,0.5,,1.0,,0.0,,0.0,0.6243633276740238
mlp,4,4,9,0.05,fixed horizon 148,191,57,134,0.9999951767874237,0.0,0.0,1.0,0.5,,1.0,,0.0,,0.0,0.6383701188455008
mlp,4,4,9,0.075,by final end,191,57,134,0.9999918828435692,0.0,0.6290322580645161,1.0,0.814516129032258,0.9328402366863904,0.9577543424317617,0.06715976331360962,0.04224565756823828,,0.39,0.9898132427843802
mlp,4,4,9,0.075,by earliest stop,191,57,134,0.9999918828435692,0.0,0.0,1.0,0.5,,1.0,,0.0,,0.0,0.5980475382003395
mlp,4,4,9,0.075,fixed horizon 50,191,57,134,0.9999924817446793,0.0,0.0,1.0,0.5,,1.0,,0.0,,0.0,0.5178268251273345
mlp,4,4,9,0.075,fixed horizon 100,191,57,134,0.9999874058391501,0.0,0.0,1.0,0.5,,1.0,,0.0,,0.0,0.6243633276740238
mlp,4,4,9,0.075,fixed horizon 148,191,57,134,0.9999874058391501,0.0,0.0,1.0,0.5,,1.0,,0.0,,0.0,0.6383701188455008
mlp,4,4,9,0.1,by final end,191,57,134,0.9999917384704342,0.02631578947368421,0.8709677419354839,0.9736842105263158,0.9223259762308998,0.8302706552706552,0.8521712158808934,0.16972934472934476,0.1478287841191066,0.9173076923076923,0.55,0.9898132427843802
mlp,4,4,9,0.1,by earliest stop,191,57,134,0.9999917384704342,0.0,0.0,1.0,0.5,,1.0,,0.0,,0.0,0.5980475382003395
mlp,4,4,9,0.1,fixed horizon 50,191,57,134,0.9999580819849027,0.0,0.0,1.0,0.5,,1.0,,0.0,,0.0,0.5178268251273345
mlp,4,4,9,0.1,fixed horizon 100,191,57,134,0.9999580819849027,0.0,0.0,1.0,0.5,,1.0,,0.0,,0.0,0.6243633276740238
mlp,4,4,9,0.1,fixed horizon 148,191,57,134,0.9999781442422508,0.0,0.0,1.0,0.5,,1.0,,0.0,,0.0,0.6383701188455008
mlp,4,4,9,0.15,by final end,191,57,134,1.08663942699499,0.10526315789473684,0.967741935483871,0.8947368421052632,0.9312393887945671,0.6535576923076925,0.6647332506203475,0.34644230769230755,0.3352667493796525,0.7350961538461539,0.64,0.9898132427843802
mlp,4,4,9,0.15,by earliest stop,191,57,134,1.08663942699499,0.0,0.0,1.0,0.5,,1.0,,0.0,,0.0,0.5980475382003395
mlp,4,4,9,0.15,fixed horizon 50,191,57,134,1.000001252734371,0.0,0.06451612903225806,1.0,0.532258064516129,0.535,0.97,0.46499999999999997,0.030000000000000027,,0.04,0.5178268251273345
mlp,4,4,9,0.15,fixed horizon 100,191,57,134,1.0001634446300143,0.0,0.06451612903225806,1.0,0.532258064516129,0.2675,0.952741935483871,0.7324999999999999,0.04725806451612902,,0.04,0.6243633276740238
mlp,4,4,9,0.15,fixed horizon 148,191,57,134,1.02027333507052,0.0,0.04838709677419355,1.0,0.5241935483870968,0.37837837837837834,0.9699215344376634,0.6216216216216217,0.03007846556233662,,0.03,0.6383701188455008
mlp,4,4,9,0.2,by final end,191,57,134,1.0622862955815817,0.13157894736842105,0.967741935483871,0.868421052631579,0.918081494057725,0.6103205128205129,0.6228908188585609,0.3896794871794871,0.3771091811414391,0.6530769230769231,0.65,0.9898132427843802
mlp,4,4,9,0.2,by earliest stop,191,57,134,1.0622862955815817,0.0,0.04838709677419355,1.0,0.5241935483870968,0.9409888357256779,0.9971446210835004,0.05901116427432207,0.0028553789164995624,,0.03,0.5980475382003395
mlp,4,4,9,0.2,fixed horizon 50,191,57,134,1.1113741465372236,0.0,0.06451612903225806,1.0,0.532258064516129,0.615,0.9751612903225807,0.385,0.0248387096774193,,0.04,0.5178268251273345
mlp,4,4,9,0.2,fixed horizon 100,191,57,134,1.107866968224614,0.05263157894736842,0.14516129032258066,0.9473684210526315,0.5462648556876061,0.8199999999999998,0.9738709677419354,0.18000000000000016,0.02612903225806462,0.815,0.11,0.6243633276740238
mlp,4,4,9,0.2,fixed horizon 148,191,57,134,1.1198138696895739,0.02631578947368421,0.1774193548387097,0.9736842105263158,0.5755517826825127,0.656019656019656,0.9389712292938099,0.34398034398034405,0.06102877070619006,0.5405405405405406,0.12,0.6383701188455008
mlp,4,4,9,0.3,by final end,191,57,134,1.0034725947757346,0.34210526315789475,0.9838709677419355,0.6578947368421053,0.8208828522920204,0.4721941992433796,0.48070719602977674,0.5278058007566204,0.5192928039702233,0.2692307692307692,0.74,0.9898132427843802
mlp,4,4,9,0.3,by earliest stop,191,57,134,1.0034725947757346,0.21052631578947367,0.27419354838709675,0.7894736842105263,0.5318336162988115,0.42302279763580075,0.8417965735453002,0.5769772023641992,0.15820342645469976,0.17105263157894737,0.25,0.5980475382003395
mlp,4,4,9,0.3,fixed horizon 50,191,57,134,1.0001897673481113,0.34210526315789475,0.3225806451612903,0.6578947368421053,0.4902376910016978,0.659,0.89,0.34099999999999997,0.10999999999999999,0.6138461538461539,0.33,0.5178268251273345
mlp,4,4,9,0.3,fixed horizon 100,191,57,134,1.0871768379755913,0.2631578947368421,0.3064516129032258,0.7368421052631579,0.5216468590831919,0.5036842105263158,0.8479032258064515,0.49631578947368415,0.1520967741935485,0.41500000000000004,0.29,0.6243633276740238
mlp,4,4,9,0.3,fixed horizon 148,191,57,134,1.154395586282698,0.34210526315789475,0.4032258064516129,0.6578947368421053,0.5305602716468591,0.4951351351351352,0.7964254577157802,0.5048648648648648,0.20357454228421978,0.24792099792099787,0.38,0.6383701188455008
mlp,5,5,0,0.01,by final end,179,53,126,0.9993658041457844,0.0,0.0,1.0,0.5,,1.0,,0.0,,0.0,0.998582565556343
mlp,5,5,0,0.01,by earliest stop,179,53,126,0.9993658041457844,0.0,0.0,1.0,0.5,,1.0,,0.0,,0.0,0.4131821403260099
mlp,5,5,0,0.01,fixed horizon 50,179,53,126,0.8444460547980661,0.0,0.0,1.0,0.5,,1.0,,0.0,,0.0,0.4457831325301205
mlp,5,5,0,0.01,fixed horizon 100,179,53,126,0.8444460547980661,0.0,0.0,1.0,0.5,,1.0,,0.0,,0.0,0.3784549964564139
mlp,5,5,0,0.01,fixed horizon 148,179,53,126,0.8444460547980661,0.0,0.0,1.0,0.5,,1.0,,0.0,,0.0,0.4131821403260099
mlp,5,5,0,0.025,by final end,179,53,126,0.9952325396373155,0.0,0.0,1.0,0.5,,1.0,,0.0,,0.0,0.998582565556343
mlp,5,5,0,0.025,by earliest stop,179,53,126,0.9952325396373155,0.0,0.0,1.0,0.5,,1.0,,0.0,,0.0,0.4131821403260099
mlp,5,5,0,0.025,fixed horizon 50,179,53,126,0.8444226386626029,0.0,0.0,1.0,0.5,,1.0,,0.0,,0.0,0.4457831325301205
mlp,5,5,0,0.025,fixed horizon 100,179,53,126,0.8444226386626029,0.0,0.0,1.0,0.5,,1.0,,0.0,,0.0,0.3784549964564139
mlp,5,5,0,0.025,fixed horizon 148,179,53,126,0.8444226386626029,0.0,0.0,1.0,0.5,,1.0,,0.0,,0.0,0.4131821403260099
mlp,5,5,0,0.05,by final end,179,53,126,0.9915729911146868,0.0,0.0,1.0,0.5,,1.0,,0.0,,0.0,0.998582565556343
mlp,5,5,0,0.05,by earliest stop,179,53,126,0.9915729911146868,0.0,0.0,1.0,0.5,,1.0,,0.0,,0.0,0.4131821403260099
mlp,5,5,0,0.05,fixed horizon 50,179,53,126,0.8542494515385679,0.0,0.0,1.0,0.5,,1.0,,0.0,,0.0,0.4457831325301205
mlp,5,5,0,0.05,fixed horizon 100,179,53,126,0.8542494515385679,0.0,0.0,1.0,0.5,,1.0,,0.0,,0.0,0.3784549964564139
mlp,5,5,0,0.05,fixed horizon 148,179,53,126,0.8542494515385679,0.0,0.0,1.0,0.5,,1.0,,0.0,,0.0,0.4131821403260099
mlp,5,5,0,0.075,by final end,179,53,126,1.004955819223524,0.0,0.35294117647058826,1.0,0.6764705882352942,0.944551282051282,0.9804298642533936,0.055448717948717974,0.019570135746606376,,0.06,0.998582565556343
mlp,5,5,0,0.075,by earliest stop,179,53,126,1.004955819223524,0.0,0.0,1.0,0.5,,1.0,,0.0,,0.0,0.4131821403260099
mlp,5,5,0,0.075,fixed horizon 50,179,53,126,0.8556551394299934,0.0,0.0,1.0,0.5,,1.0,,0.0,,0.0,0.4457831325301205
mlp,5,5,0,0.075,fixed horizon 100,179,53,126,0.8538667889291407,0.0,0.0,1.0,0.5,,1.0,,0.0,,0.0,0.3784549964564139
mlp,5,5,0,0.075,fixed horizon 148,179,53,126,0.8560630272825105,0.0,0.0,1.0,0.5,,1.0,,0.0,,0.0,0.4131821403260099
mlp,5,5,0,0.1,by final end,179,53,126,0.985292366237466,0.0,0.5294117647058824,1.0,0.7647058823529411,0.9047008547008547,0.9495475113122173,0.0952991452991453,0.05045248868778274,,0.09,0.998582565556343
mlp,5,5,0,0.1,by earliest stop,179,53,126,0.985292366237466,0.0,0.0,1.0,0.5,,1.0,,0.0,,0.0,0.4131821403260099
mlp,5,5,0,0.1,fixed horizon 50,179,53,126,0.8554431705444299,0.0,0.0,1.0,0.5,,1.0,,0.0,,0.0,0.4457831325301205
mlp,5,5,0,0.1,fixed horizon 100,179,53,126,0.8558602874167949,0.0,0.0,1.0,0.5,,1.0,,0.0,,0.0,0.3784549964564139
mlp,5,5,0,0.1,fixed horizon 148,179,53,126,0.856049641777267,0.0,0.0,1.0,0.5,,1.0,,0.0,,0.0,0.4131821403260099
mlp,5,5,0,0.15,by final end,179,53,126,1.013389978217628,0.012048192771084338,1.0,0.9879518072289156,0.9939759036144578,0.8350678733031675,0.8350678733031675,0.16493212669683255,0.16493212669683255,0.7711538461538462,0.18,0.998582565556343
mlp,5,5,0,0.15,by earliest stop,179,53,126,1.013389978217628,0.0,0.0,1.0,0.5,,1.0,,0.0,,0.0,0.4131821403260099
mlp,5,5,0,0.15,fixed horizon 50,179,53,126,0.8945677852367467,0.0,0.0,1.0,0.5,,1.0,,0.0,,0.0,0.4457831325301205
mlp,5,5,0,0.15,fixed horizon 100,179,53,126,0.8945677852367467,0.0,0.0,1.0,0.5,,1.0,,0.0,,0.0,0.3784549964564139
mlp,5,5,0,0.15,fixed horizon 148,179,53,126,0.9360461019837338,0.0,0.0,1.0,0.5,,1.0,,0.0,,0.0,0.4131821403260099
mlp,5,5,0,0.2,by final end,179,53,126,0.9227766315790392,0.012048192771084338,1.0,0.9879518072289156,0.9939759036144578,0.7804298642533936,0.7804298642533936,0.21957013574660644,0.21957013574660644,0.6865384615384615,0.18,0.998582565556343
mlp,5,5,0,0.2,by earliest stop,179,53,126,0.9227766315790392,0.0,0.0,1.0,0.5,,1.0,,0.0,,0.0,0.4131821403260099
mlp,5,5,0,0.2,fixed horizon 50,179,53,126,0.9067564352161707,0.0,0.0,1.0,0.5,,1.0,,0.0,,0.0,0.4457831325301205
mlp,5,5,0,0.2,fixed horizon 100,179,53,126,0.9611060125658749,0.0,0.0,1.0,0.5,,1.0,,0.0,,0.0,0.3784549964564139
mlp,5,5,0,0.2,fixed horizon 148,179,53,126,0.9560586879219048,0.0,0.0,1.0,0.5,,1.0,,0.0,,0.0,0.4131821403260099
mlp,5,5,0,0.3,by final end,179,53,126,0.9167724242332056,0.012048192771084338,1.0,0.9879518072289156,0.9939759036144578,0.7444570135746608,0.7444570135746608,0.25554298642533924,0.25554298642533924,0.46923076923076923,0.18,0.998582565556343
mlp,5,5,0,0.3,by earliest stop,179,53,126,0.9167724242332056,0.0,0.0,1.0,0.5,,1.0,,0.0,,0.0,0.4131821403260099
mlp,5,5,0,0.3,fixed horizon 50,179,53,126,0.9172153714387626,0.0,0.0,1.0,0.5,,1.0,,0.0,,0.0,0.4457831325301205
mlp,5,5,0,0.3,fixed horizon 100,179,53,126,0.8924417918445051,0.0,0.0,1.0,0.5,,1.0,,0.0,,0.0,0.3784549964564139
mlp,5,5,0,0.3,fixed horizon 148,179,53,126,0.8798410731359707,0.0,0.0,1.0,0.5,,1.0,,0.0,,0.0,0.4131821403260099
mlp,5,5,1,0.01,by final end,179,53,126,0.9993225272664363,0.0,0.0,1.0,0.5,,1.0,,0.0,,0.0,0.998582565556343
mlp,5,5,1,0.01,by earliest stop,179,53,126,0.9993225272664363,0.0,0.0,1.0,0.5,,1.0,,0.0,,0.0,0.4131821403260099
mlp,5,5,1,0.01,fixed horizon 50,179,53,126,0.7911916500535121,0.0,0.0,1.0,0.5,,1.0,,0.0,,0.0,0.4457831325301205
mlp,5,5,1,0.01,fixed horizon 100,179,53,126,0.7952168220448578,0.0,0.0,1.0,0.5,,1.0,,0.0,,0.0,0.3784549964564139
mlp,5,5,1,0.01,fixed horizon 148,179,53,126,0.8258433377788661,0.0,0.0,1.0,0.5,,1.0,,0.0,,0.0,0.4131821403260099
mlp,5,5,1,0.025,by final end,179,53,126,0.995213587662834,0.0,0.0,1.0,0.5,,1.0,,0.0,,0.0,0.998582565556343
mlp,5,5,1,0.025,by earliest stop,179,53,126,0.995213587662834,0.0,0.0,1.0,0.5,,1.0,,0.0,,0.0,0.4131821403260099
mlp,5,5,1,0.025,fixed horizon 50,179,53,126,0.791180688238254,0.0,0.0,1.0,0.5,,1.0,,0.0,,0.0,0.4457831325301205
mlp,5,5,1,0.025,fixed horizon 100,179,53,126,0.7949227730697845,0.0,0.0,1.0,0.5,,1.0,,0.0,,0.0,0.3784549964564139
mlp,5,5,1,0.025,fixed horizon 148,179,53,126,0.82563570575205,0.0,0.0,1.0,0.5,,1.0,,0.0,,0.0,0.4131821403260099
mlp,5,5,1,0.05,by final end,179,53,126,0.9891044345689346,0.0,0.0,1.0,0.5,,1.0,,0.0,,0.0,0.998582565556343
mlp,5,5,1,0.05,by earliest stop,179,53,126,0.9891044345689346,0.0,0.0,1.0,0.5,,1.0,,0.0,,0.0,0.4131821403260099
mlp,5,5,1,0.05,fixed horizon 50,179,53,126,0.8068744410845328,0.0,0.0,1.0,0.5,,1.0,,0.0,,0.0,0.4457831325301205
mlp,5,5,1,0.05,fixed horizon 100,179,53,126,0.8094851148388166,0.0,0.0,1.0,0.5,,1.0,,0.0,,0.0,0.3784549964564139
mlp,5,5,1,0.05,fixed horizon 148,179,53,126,0.8493905403229243,0.0,0.0,1.0,0.5,,1.0,,0.0,,0.0,0.4131821403260099
mlp,5,5,1,0.075,by final end,179,53,126,1.1168784444208888,0.0,0.5294117647058824,1.0,0.7647058823529411,0.902991452991453,0.9486425339366517,0.097008547008547,0.051357466063348345,,0.09,0.998582565556343
mlp,5,5,1,0.075,by earliest stop,179,53,126,1.1168784444208888,0.0,0.0,1.0,0.5,,1.0,,0.0,,0.0,0.4131821403260099
mlp,5,5,1,0.075,fixed horizon 50,179,53,126,0.8155793290889567,0.0,0.0,1.0,0.5,,1.0,,0.0,,0.0,0.4457831325301205
mlp,5,5,1,0.075,fixed horizon 100,179,53,126,0.8241292146477546,0.0,0.0,1.0,0.5,,1.0,,0.0,,0.0,0.3784549964564139
mlp,5,5,1,0.075,fixed horizon 148,179,53,126,0.8678965146428483,0.0,0.0,1.0,0.5,,1.0,,0.0,,0.0,0.4131821403260099
mlp,5,5,1,0.1,by final end,179,53,126,1.0443777039897166,0.0,0.8823529411764706,1.0,0.9411764705882353,0.8555128205128206,0.8725113122171946,0.14448717948717937,0.12748868778280542,,0.15,0.998582565556343
mlp,5,5,1,0.1,by earliest stop,179,53,126,1.0443777039897166,0.0,0.0,1.0,0.5,,1.0,,0.0,,0.0,0.4131821403260099
mlp,5,5,1,0.1,fixed horizon 50,179,53,126,0.8272031559318904,0.0,0.0,1.0,0.5,,1.0,,0.0,,0.0,0.4457831325301205
mlp,5,5,1,0.1,fixed horizon 100,179,53,126,0.8339263587794725,0.0,0.0,1.0,0.5,,1.0,,0.0,,0.0,0.3784549964564139
mlp,5,5,1,0.1,fixed horizon 148,179,53,126,0.8932606853439715,0.0,0.0,1.0,0.5,,1.0,,0.0,,0.0,0.4131821403260099
mlp,5,5,1,0.15,by final end,179,53,126,1.001745990994726,0.012048192771084338,1.0,0.9879518072289156,0.9939759036144578,0.8281674208144796,0.8281674208144796,0.17183257918552042,0.17183257918552042,0.7615384615384615,0.18,0.998582565556343
mlp,5,5,1,0.15,by earliest stop,179,53,126,1.001745990994726,0.0,0.0,1.0,0.5,,1.0,,0.0,,0.0,0.4131821403260099
mlp,5,5,1,0.15,fixed horizon 50,179,53,126,0.8610262158015797,0.0,0.0,1.0,0.5,,1.0,,0.0,,0.0,0.4457831325301205
mlp,5,5,1,0.15,fixed horizon 100,179,53,126,0.8814902428780822,0.0,0.0,1.0,0.5,,1.0,,0.0,,0.0,0.3784549964564139
mlp,5,5,1,0.15,fixed horizon 148,179,53,126,0.9116159098859481,0.0,0.0,1.0,0.5,,1.0,,0.0,,0.0,0.4131821403260099
mlp,5,5,1,0.2,by final end,179,53,126,0.82918401727753,0.012048192771084338,1.0,0.9879518072289156,0.9939759036144578,0.7458144796380091,0.7458144796380091,0.25418552036199094,0.25418552036199094,0.6519230769230769,0.18,0.998582565556343
mlp,5,5,1,0.2,by earliest stop,179,53,126,0.82918401727753,0.0,0.0,1.0,0.5,,1.0,,0.0,,0.0,0.4131821403260099
mlp,5,5,1,0.2,fixed horizon 50,179,53,126,0.8776562092702573,0.0,0.0,1.0,0.5,,1.0,,0.0,,0.0,0.4457831325301205
mlp,5,5,1,0.2,fixed horizon 100,179,53,126,0.9170826734191351,0.0,0.0,1.0,0.5,,1.0,,0.0,,0.0,0.3784549964564139
mlp,5,5,1,0.2,fixed horizon 148,179,53,126,0.8942084427143026,0.0,0.0,1.0,0.5,,1.0,,0.0,,0.0,0.4131821403260099
mlp,5,5,1,0.3,by final end,179,53,126,0.8384645823587955,0.012048192771084338,1.0,0.9879518072289156,0.9939759036144578,0.7307692307692308,0.7307692307692308,0.26923076923076916,0.26923076923076916,0.5076923076923077,0.18,0.998582565556343
mlp,5,5,1,0.3,by earliest stop,179,53,126,0.8384645823587955,0.0,0.0,1.0,0.5,,1.0,,0.0,,0.0,0.4131821403260099
mlp,5,5,1,0.3,fixed horizon 50,179,53,126,0.9006756765037771,0.0,0.0,1.0,0.5,,1.0,,0.0,,0.0,0.4457831325301205
mlp,5,5,1,0.3,fixed horizon 100,179,53,126,0.9078799661642862,0.0,0.0,1.0,0.5,,1.0,,0.0,,0.0,0.3784549964564139
mlp,5,5,1,0.3,fixed horizon 148,179,53,126,0.8526647433238994,0.0,0.0,1.0,0.5,,1.0,,0.0,,0.0,0.4131821403260099
mlp,5,5,2,0.01,by final end,179,53,126,1.0157616888167615,0.0,0.0,1.0,0.5,,1.0,,0.0,,0.0,0.998582565556343
mlp,5,5,2,0.01,by earliest stop,179,53,126,1.0157616888167615,0.0,0.0,1.0,0.5,,1.0,,0.0,,0.0,0.4131821403260099
mlp,5,5,2,0.01,fixed horizon 50,179,53,126,1.0000306752800623,0.0,0.0,1.0,0.5,,1.0,,0.0,,0.0,0.4457831325301205
mlp,5,5,2,0.01,fixed horizon 100,179,53,126,1.0000307447210364,0.0,0.0,1.0,0.5,,1.0,,0.0,,0.0,0.3784549964564139
mlp,5,5,2,0.01,fixed horizon 148,179,53,126,1.0003335181476403,0.0,0.0,1.0,0.5,,1.0,,0.0,,0.0,0.4131821403260099
mlp,5,5,2,0.025,by final end,179,53,126,1.0003635721297477,0.0,0.0,1.0,0.5,,1.0,,0.0,,0.0,0.998582565556343
mlp,5,5,2,0.025,by earliest stop,179,53,126,1.0003635721297477,0.0,0.0,1.0,0.5,,1.0,,0.0,,0.0,0.4131821403260099
mlp,5,5,2,0.025,fixed horizon 50,179,53,126,1.0000091331100773,0.0,0.0,1.0,0.5,,1.0,,0.0,,0.0,0.4457831325301205
mlp,5,5,2,0.025,fixed horizon 100,179,53,126,1.0000104642624414,0.0,0.0,1.0,0.5,,1.0,,0.0,,0.0,0.3784549964564139
mlp,5,5,2,0.025,fixed horizon 148,179,53,126,1.000035754075009,0.0,0.0,1.0,0.5,,1.0,,0.0,,0.0,0.4131821403260099
mlp,5,5,2,0.05,by final end,179,53,126,1.000033400505935,0.0,0.0,1.0,0.5,,1.0,,0.0,,0.0,0.998582565556343
mlp,5,5,2,0.05,by earliest stop,179,53,126,1.000033400505935,0.0,0.0,1.0,0.5,,1.0,,0.0,,0.0,0.4131821403260099
mlp,5,5,2,0.05,fixed horizon 50,179,53,126,0.9999828539888405,0.0,0.0,1.0,0.5,,1.0,,0.0,,0.0,0.4457831325301205
mlp,5,5,2,0.05,fixed horizon 100,179,53,126,0.9999948114333248,0.0,0.0,1.0,0.5,,1.0,,0.0,,0.0,0.3784549964564139
mlp,5,5,2,0.05,fixed horizon 148,179,53,126,1.0008989676987763,0.0,0.0,1.0,0.5,,1.0,,0.0,,0.0,0.4131821403260099
mlp,5,5,2,0.075,by final end,179,53,126,1.0078807148917155,0.0,0.5882352941176471,1.0,0.7941176470588236,0.9025000000000002,0.9426470588235293,0.09749999999999981,0.05735294117647072,,0.1,0.998582565556343
mlp,5,5,2,0.075,by earliest stop,179,53,126,1.0078807148917155,0.0,0.0,1.0,0.5,,1.0,,0.0,,0.0,0.4131821403260099
mlp,5,5,2,0.075,fixed horizon 50,179,53,126,0.9997438346709788,0.0,0.0,1.0,0.5,,1.0,,0.0,,0.0,0.4457831325301205
mlp,5,5,2,0.075,fixed horizon 100,179,53,126,1.0000091173846373,0.0,0.0,1.0,0.5,,1.0,,0.0,,0.0,0.3784549964564139
mlp,5,5,2,0.075,fixed horizon 148,179,53,126,1.0034963976749427,0.0,0.0,1.0,0.5,,1.0,,0.0,,0.0,0.4131821403260099
mlp,5,5,2,0.1,by final end,179,53,126,1.059467118961233,0.012048192771084338,0.9411764705882353,0.9879518072289156,0.9645641389085755,0.8486778846153846,0.8575791855203619,0.15132211538461537,0.14242081447963806,0.8057692307692308,0.17,0.998582565556343
mlp,5,5,2,0.1,by earliest stop,179,53,126,1.059467118961233,0.0,0.0,1.0,0.5,,1.0,,0.0,,0.0,0.4131821403260099
mlp,5,5,2,0.1,fixed horizon 50,179,53,126,1.0000491593032153,0.0,0.0,1.0,0.5,,1.0,,0.0,,0.0,0.4457831325301205
mlp,5,5,2,0.1,fixed horizon 100,179,53,126,0.999962526163336,0.0,0.0,1.0,0.5,,1.0,,0.0,,0.0,0.3784549964564139
mlp,5,5,2,0.1,fixed horizon 148,179,53,126,1.002584893674342,0.0,0.0,1.0,0.5,,1.0,,0.0,,0.0,0.4131821403260099
mlp,5,5,2,0.15,by final end,179,53,126,1.1723440250765262,0.012048192771084338,1.0,0.9879518072289156,0.9939759036144578,0.8250000000000001,0.8250000000000001,0.17499999999999993,0.17499999999999993,0.7403846153846154,0.18,0.998582565556343
mlp,5,5,2,0.15,by earliest stop,179,53,126,1.1723440250765262,0.0,0.0,1.0,0.5,,1.0,,0.0,,0.0,0.4131821403260099
mlp,5,5,2,0.15,fixed horizon 50,179,53,126,0.9993243229221492,0.0,0.0,1.0,0.5,,1.0,,0.0,,0.0,0.4457831325301205
mlp,5,5,2,0.15,fixed horizon 100,179,53,126,0.9996196733864192,0.0,0.0,1.0,0.5,,1.0,,0.0,,0.0,0.3784549964564139
mlp,5,5,2,0.15,fixed horizon 148,179,53,126,1.0007217666822372,0.0,0.0,1.0,0.5,,1.0,,0.0,,0.0,0.4131821403260099
mlp,5,5,2,0.2,by final end,179,53,126,1.0029126581663816,0.012048192771084338,1.0,0.9879518072289156,0.9939759036144578,0.754524886877828,0.754524886877828,0.24547511312217196,0.24547511312217196,0.6692307692307692,0.18,0.998582565556343
mlp,5,5,2,0.2,by earliest stop,179,53,126,1.0029126581663816,0.0,0.0,1.0,0.5,,1.0,,0.0,,0.0,0.4131821403260099
mlp,5,5,2,0.2,fixed horizon 50,179,53,126,0.9949821083740664,0.0,0.0,1.0,0.5,,1.0,,0.0,,0.0,0.4457831325301205
mlp,5,5,2,0.2,fixed horizon 100,179,53,126,0.9982640951348486,0.0,0.0,1.0,0.5,,1.0,,0.0,,0.0,0.3784549964564139
mlp,5,5,2,0.2,fixed horizon 148,179,53,126,0.9988692612067552,0.0,0.0,1.0,0.5,,1.0,,0.0,,0.0,0.4131821403260099
mlp,5,5,2,0.3,by final end,179,53,126,0.9898568282123714,0.012048192771084338,1.0,0.9879518072289156,0.9939759036144578,0.7277149321266967,0.7277149321266967,0.2722850678733033,0.2722850678733033,0.6288461538461538,0.18,0.998582565556343
mlp,5,5,2,0.3,by earliest stop,179,53,126,0.9898568282123714,0.0,0.0,1.0,0.5,,1.0,,0.0,,0.0,0.4131821403260099
mlp,5,5,2,0.3,fixed horizon 50,179,53,126,1.010130715072252,0.0,0.0,1.0,0.5,,1.0,,0.0,,0.0,0.4457831325301205
mlp,5,5,2,0.3,fixed horizon 100,179,53,126,0.9866648608146875,0.012048192771084338,0.0,0.9879518072289156,0.4939759036144578,,1.0,,0.0,0.23,0.01,0.3784549964564139
mlp,5,5,2,0.3,fixed horizon 148,179,53,126,1.0005367402201786,0.0,0.0,1.0,0.5,,1.0,,0.0,,0.0,0.4131821403260099
mlp,5,5,3,0.01,by final end,179,53,126,1.2335747961540273,0.0,0.0,1.0,0.5,,1.0,,0.0,,0.0,0.998582565556343
mlp,5,5,3,0.01,by earliest stop,179,53,126,1.2335747961540273,0.0,0.0,1.0,0.5,,1.0,,0.0,,0.0,0.4131821403260099
mlp,5,5,3,0.01,fixed horizon 50,179,53,126,0.65608678649067,0.0,0.0,1.0,0.5,,1.0,,0.0,,0.0,0.4457831325301205
mlp,5,5,3,0.01,fixed horizon 100,179,53,126,0.65608678649067,0.0,0.0,1.0,0.5,,1.0,,0.0,,0.0,0.3784549964564139
mlp,5,5,3,0.01,fixed horizon 148,179,53,126,0.65608678649067,0.0,0.0,1.0,0.5,,1.0,,0.0,,0.0,0.4131821403260099
mlp,5,5,3,0.025,by final end,179,53,126,1.1771862732792138,0.0,0.0,1.0,0.5,,1.0,,0.0,,0.0,0.998582565556343
mlp,5,5,3,0.025,by earliest stop,179,53,126,1.1771862732792138,0.0,0.0,1.0,0.5,,1.0,,0.0,,0.0,0.4131821403260099
mlp,5,5,3,0.025,fixed horizon 50,179,53,126,0.6560852222560251,0.0,0.0,1.0,0.5,,1.0,,0.0,,0.0,0.4457831325301205
mlp,5,5,3,0.025,fixed horizon 100,179,53,126,0.6560852222560251,0.0,0.0,1.0,0.5,,1.0,,0.0,,0.0,0.3784549964564139
mlp,5,5,3,0.025,fixed horizon 148,179,53,126,0.6560852222560251,0.0,0.0,1.0,0.5,,1.0,,0.0,,0.0,0.4131821403260099
mlp,5,5,3,0.05,by final end,179,53,126,1.0921845399251608,0.0,0.4117647058823529,1.0,0.7058823529411764,0.9552197802197803,0.9815610859728506,0.04478021978021973,0.018438914027149367,,0.07,0.998582565556343
mlp,5,5,3,0.05,by earliest stop,179,53,126,1.0921845399251608,0.0,0.0,1.0,0.5,,1.0,,0.0,,0.0,0.4131821403260099
mlp,5,5,3,0.05,fixed horizon 50,179,53,126,0.668251663799413,0.0,0.0,1.0,0.5,,1.0,,0.0,,0.0,0.4457831325301205
mlp,5,5,3,0.05,fixed horizon 100,179,53,126,0.668251663799413,0.0,0.0,1.0,0.5,,1.0,,0.0,,0.0,0.3784549964564139
mlp,5,5,3,0.05,fixed horizon 148,179,53,126,0.6795394702126267,0.0,0.0,1.0,0.5,,1.0,,0.0,,0.0,0.4131821403260099
mlp,5,5,3,0.075,by final end,179,53,126,1.1306368850813049,0.0,0.5294117647058824,1.0,0.7647058823529411,0.9044871794871795,0.9494343891402715,0.0955128205128205,0.05056561085972855,,0.09,0.998582565556343
mlp,5,5,3,0.075,by earliest stop,179,53,126,1.1306368850813049,0.0,0.0,1.0,0.5,,1.0,,0.0,,0.0,0.4131821403260099
mlp,5,5,3,0.075,fixed horizon 50,179,53,126,0.6890566118174795,0.0,0.0,1.0,0.5,,1.0,,0.0,,0.0,0.4457831325301205
mlp,5,5,3,0.075,fixed horizon 100,179,53,126,0.6844982100070387,0.0,0.0,1.0,0.5,,1.0,,0.0,,0.0,0.3784549964564139
mlp,5,5,3,0.075,fixed horizon 148,179,53,126,0.6866005007938046,0.0,0.0,1.0,0.5,,1.0,,0.0,,0.0,0.4131821403260099
mlp,5,5,3,0.1,by final end,179,53,126,1.0153203296753617,0.012048192771084338,0.8823529411764706,0.9879518072289156,0.935152374202693,0.8457692307692308,0.8639140271493213,0.15423076923076917,0.1360859728506787,0.8192307692307692,0.16,0.998582565556343
mlp,5,5,3,0.1,by earliest stop,179,53,126,1.0153203296753617,0.0,0.0,1.0,0.5,,1.0,,0.0,,0.0,0.4131821403260099
mlp,5,5,3,0.1,fixed horizon 50,179,53,126,0.7045544344941351,0.0,0.0,1.0,0.5,,1.0,,0.0,,0.0,0.4457831325301205
mlp,5,5,3,0.1,fixed horizon 100,179,53,126,0.6839496971732615,0.0,0.0,1.0,0.5,,1.0,,0.0,,0.0,0.3784549964564139
mlp,5,5,3,0.1,fixed horizon 148,179,53,126,0.6907586262144629,0.0,0.0,1.0,0.5,,1.0,,0.0,,0.0,0.4131821403260099
mlp,5,5,3,0.15,by final end,179,53,126,0.8540982120340621,0.012048192771084338,1.0,0.9879518072289156,0.9939759036144578,0.7945701357466063,0.7945701357466063,0.2054298642533937,0.2054298642533937,0.7192307692307692,0.18,0.998582565556343
mlp,5,5,3,0.15,by earliest stop,179,53,126,0.8540982120340621,0.0,0.0,1.0,0.5,,1.0,,0.0,,0.0,0.4131821403260099
mlp,5,5,3,0.15,fixed horizon 50,179,53,126,0.7103983263939756,0.0,0.0,1.0,0.5,,1.0,,0.0,,0.0,0.4457831325301205
mlp,5,5,3,0.15,fixed horizon 100,179,53,126,0.7310940556291712,0.0,0.0,1.0,0.5,,1.0,,0.0,,0.0,0.3784549964564139
mlp,5,5,3,0.15,fixed horizon 148,179,53,126,0.735003295915243,0.0,0.0,1.0,0.5,,1.0,,0.0,,0.0,0.4131821403260099
mlp,5,5,3,0.2,by final end,179,53,126,0.7357282976738608,0.012048192771084338,1.0,0.9879518072289156,0.9939759036144578,0.7467194570135746,0.7467194570135746,0.25328054298642544,0.25328054298642544,0.6596153846153846,0.18,0.998582565556343
mlp,5,5,3,0.2,by earliest stop,179,53,126,0.7357282976738608,0.0,0.0,1.0,0.5,,1.0,,0.0,,0.0,0.4131821403260099
mlp,5,5,3,0.2,fixed horizon 50,179,53,126,0.7177443312641745,0.0,0.0,1.0,0.5,,1.0,,0.0,,0.0,0.4457831325301205
mlp,5,5,3,0.2,fixed horizon 100,179,53,126,0.7265662099229995,0.0,0.0,1.0,0.5,,1.0,,0.0,,0.0,0.3784549964564139
mlp,5,5,3,0.2,fixed horizon 148,179,53,126,0.7700553478106528,0.0,0.0,1.0,0.5,,1.0,,0.0,,0.0,0.4131821403260099
mlp,5,5,3,0.3,by final end,179,53,126,0.704269551602799,0.012048192771084338,1.0,0.9879518072289156,0.9939759036144578,0.6944570135746606,0.6944570135746606,0.3055429864253394,0.3055429864253394,0.46923076923076923,0.18,0.998582565556343
mlp,5,5,3,0.3,by earliest stop,179,53,126,0.704269551602799,0.0,0.0,1.0,0.5,,1.0,,0.0,,0.0,0.4131821403260099
mlp,5,5,3,0.3,fixed horizon 50,179,53,126,0.9122836137517244,0.0,0.0,1.0,0.5,,1.0,,0.0,,0.0,0.4457831325301205
mlp,5,5,3,0.3,fixed horizon 100,179,53,126,0.8240106395787311,0.0,0.0,1.0,0.5,,1.0,,0.0,,0.0,0.3784549964564139
mlp,5,5,3,0.3,fixed horizon 148,179,53,126,0.9132049246462663,0.0,0.0,1.0,0.5,,1.0,,0.0,,0.0,0.4131821403260099
mlp,5,5,4,0.01,by final end,179,53,126,1.0053283918178881,0.0,0.0,1.0,0.5,,1.0,,0.0,,0.0,0.998582565556343
mlp,5,5,4,0.01,by earliest stop,179,53,126,1.0053283918178881,0.0,0.0,1.0,0.5,,1.0,,0.0,,0.0,0.4131821403260099
mlp,5,5,4,0.01,fixed horizon 50,179,53,126,0.8126135594360857,0.0,0.0,1.0,0.5,,1.0,,0.0,,0.0,0.4457831325301205
mlp,5,5,4,0.01,fixed horizon 100,179,53,126,0.8126135594360857,0.0,0.0,1.0,0.5,,1.0,,0.0,,0.0,0.3784549964564139
mlp,5,5,4,0.01,fixed horizon 148,179,53,126,0.8126135594360857,0.0,0.0,1.0,0.5,,1.0,,0.0,,0.0,0.4131821403260099
mlp,5,5,4,0.025,by final end,179,53,126,1.0035497570808378,0.0,0.0,1.0,0.5,,1.0,,0.0,,0.0,0.998582565556343
mlp,5,5,4,0.025,by earliest stop,179,53,126,1.0035497570808378,0.0,0.0,1.0,0.5,,1.0,,0.0,,0.0,0.4131821403260099
mlp,5,5,4,0.025,fixed horizon 50,179,53,126,0.812585610321107,0.0,0.0,1.0,0.5,,1.0,,0.0,,0.0,0.4457831325301205
mlp,5,5,4,0.025,fixed horizon 100,179,53,126,0.812585610321107,0.0,0.0,1.0,0.5,,1.0,,0.0,,0.0,0.3784549964564139
mlp,5,5,4,0.025,fixed horizon 148,179,53,126,0.812585610321107,0.0,0.0,1.0,0.5,,1.0,,0.0,,0.0,0.4131821403260099
mlp,5,5,4,0.05,by final end,179,53,126,1.004286089067042,0.0,0.35294117647058826,1.0,0.6764705882352942,0.9618589743589743,0.9865384615384616,0.03814102564102573,0.013461538461538414,,0.06,0.998582565556343
mlp,5,5,4,0.05,by earliest stop,179,53,126,1.004286089067042,0.0,0.0,1.0,0.5,,1.0,,0.0,,0.0,0.4131821403260099
mlp,5,5,4,0.05,fixed horizon 50,179,53,126,0.812435612055794,0.0,0.0,1.0,0.5,,1.0,,0.0,,0.0,0.4457831325301205
mlp,5,5,4,0.05,fixed horizon 100,179,53,126,0.8203413298368796,0.0,0.0,1.0,0.5,,1.0,,0.0,,0.0,0.3784549964564139
mlp,5,5,4,0.05,fixed horizon 148,179,53,126,0.812435612055794,0.0,0.0,1.0,0.5,,1.0,,0.0,,0.0,0.4131821403260099
mlp,5,5,4,0.075,by final end,179,53,126,1.0622890616798182,0.0,0.7647058823529411,1.0,0.8823529411764706,0.8936390532544378,0.9186651583710407,0.10636094674556218,0.08133484162895932,,0.13,0.998582565556343
mlp,5,5,4,0.075,by earliest stop,179,53,126,1.0622890616798182,0.0,0.0,1.0,0.5,,1.0,,0.0,,0.0,0.4131821403260099
mlp,5,5,4,0.075,fixed horizon 50,179,53,126,0.8237605440848542,0.0,0.0,1.0,0.5,,1.0,,0.0,,0.0,0.4457831325301205
mlp,5,5,4,0.075,fixed horizon 100,179,53,126,0.8237605440848542,0.0,0.0,1.0,0.5,,1.0,,0.0,,0.0,0.3784549964564139
mlp,5,5,4,0.075,fixed horizon 148,179,53,126,0.8237605440848542,0.0,0.0,1.0,0.5,,1.0,,0.0,,0.0,0.4131821403260099
mlp,5,5,4,0.1,by final end,179,53,126,1.065599031991614,0.012048192771084338,0.9411764705882353,0.9879518072289156,0.9645641389085755,0.8484375000000001,0.8573529411764707,0.15156249999999993,0.14264705882352935,0.8057692307692308,0.17,0.998582565556343
mlp,5,5,4,0.1,by earliest stop,179,53,126,1.065599031991614,0.0,0.0,1.0,0.5,,1.0,,0.0,,0.0,0.4131821403260099
mlp,5,5,4,0.1,fixed horizon 50,179,53,126,0.8339776737046241,0.0,0.0,1.0,0.5,,1.0,,0.0,,0.0,0.4457831325301205
mlp,5,5,4,0.1,fixed horizon 100,179,53,126,0.8386563464087923,0.0,0.0,1.0,0.5,,1.0,,0.0,,0.0,0.3784549964564139
mlp,5,5,4,0.1,fixed horizon 148,179,53,126,0.8244437198709715,0.0,0.0,1.0,0.5,,1.0,,0.0,,0.0,0.4131821403260099
mlp,5,5,4,0.15,by final end,179,53,126,0.9948315739633457,0.012048192771084338,1.0,0.9879518072289156,0.9939759036144578,0.8040723981900452,0.8040723981900452,0.19592760180995483,0.19592760180995483,0.7230769230769231,0.18,0.998582565556343
mlp,5,5,4,0.15,by earliest stop,179,53,126,0.9948315739633457,0.0,0.0,1.0,0.5,,1.0,,0.0,,0.0,0.4131821403260099
mlp,5,5,4,0.15,fixed horizon 50,179,53,126,0.875009910533081,0.0,0.0,1.0,0.5,,1.0,,0.0,,0.0,0.4457831325301205
mlp,5,5,4,0.15,fixed horizon 100,179,53,126,0.8514313626880348,0.0,0.0,1.0,0.5,,1.0,,0.0,,0.0,0.3784549964564139
mlp,5,5,4,0.15,fixed horizon 148,179,53,126,0.8579349840115513,0.0,0.0,1.0,0.5,,1.0,,0.0,,0.0,0.4131821403260099
mlp,5,5,4,0.2,by final end,179,53,126,0.8133067910997115,0.012048192771084338,1.0,0.9879518072289156,0.9939759036144578,0.725,0.725,0.275,0.275,0.5038461538461538,0.18,0.998582565556343
mlp,5,5,4,0.2,by earliest stop,179,53,126,0.8133067910997115,0.0,0.0,1.0,0.5,,1.0,,0.0,,0.0,0.4131821403260099
mlp,5,5,4,0.2,fixed horizon 50,179,53,126,0.895509056982072,0.0,0.0,1.0,0.5,,1.0,,0.0,,0.0,0.4457831325301205
mlp,5,5,4,0.2,fixed horizon 100,179,53,126,0.8591945788119523,0.0,0.0,1.0,0.5,,1.0,,0.0,,0.0,0.3784549964564139
mlp,5,5,4,0.2,fixed horizon 148,179,53,126,0.8608701815615812,0.0,0.0,1.0,0.5,,1.0,,0.0,,0.0,0.4131821403260099
mlp,5,5,4,0.3,by final end,179,53,126,0.7903459402176637,0.012048192771084338,1.0,0.9879518072289156,0.9939759036144578,0.704185520361991,0.704185520361991,0.295814479638009,0.295814479638009,0.4826923076923077,0.18,0.998582565556343
mlp,5,5,4,0.3,by earliest stop,179,53,126,0.7903459402176637,0.0,0.0,1.0,0.5,,1.0,,0.0,,0.0,0.4131821403260099
mlp,5,5,4,0.3,fixed horizon 50,179,53,126,0.8956381506345722,0.0,0.0,1.0,0.5,,1.0,,0.0,,0.0,0.4457831325301205
mlp,5,5,4,0.3,fixed horizon 100,179,53,126,0.8774315217561774,0.0,0.0,1.0,0.5,,1.0,,0.0,,0.0,0.3784549964564139
mlp,5,5,4,0.3,fixed horizon 148,179,53,126,0.828814115639395,0.0,0.058823529411764705,1.0,0.5294117647058824,0.9121621621621622,0.9948330683624801,0.08783783783783783,0.0051669316375199115,,0.01,0.4131821403260099
mlp,5,5,5,0.01,by final end,179,53,126,1.0041514222663588,0.0,0.0,1.0,0.5,,1.0,,0.0,,0.0,0.998582565556343
mlp,5,5,5,0.01,by earliest stop,179,53,126,1.0041514222663588,0.0,0.0,1.0,0.5,,1.0,,0.0,,0.0,0.4131821403260099
mlp,5,5,5,0.01,fixed horizon 50,179,53,126,0.7533109544914715,0.0,0.0,1.0,0.5,,1.0,,0.0,,0.0,0.4457831325301205
mlp,5,5,5,0.01,fixed horizon 100,179,53,126,0.7533109544914715,0.0,0.0,1.0,0.5,,1.0,,0.0,,0.0,0.3784549964564139
mlp,5,5,5,0.01,fixed horizon 148,179,53,126,0.7533109544914715,0.0,0.0,1.0,0.5,,1.0,,0.0,,0.0,0.4131821403260099
mlp,5,5,5,0.025,by final end,179,53,126,0.999300018875087,0.0,0.0,1.0,0.5,,1.0,,0.0,,0.0,0.998582565556343
mlp,5,5,5,0.025,by earliest stop,179,53,126,0.999300018875087,0.0,0.0,1.0,0.5,,1.0,,0.0,,0.0,0.4131821403260099
mlp,5,5,5,0.025,fixed horizon 50,179,53,126,0.753300977105533,0.0,0.0,1.0,0.5,,1.0,,0.0,,0.0,0.4457831325301205
mlp,5,5,5,0.025,fixed horizon 100,179,53,126,0.753300977105533,0.0,0.0,1.0,0.5,,1.0,,0.0,,0.0,0.3784549964564139
mlp,5,5,5,0.025,fixed horizon 148,179,53,126,0.753300977105533,0.0,0.0,1.0,0.5,,1.0,,0.0,,0.0,0.4131821403260099
mlp,5,5,5,0.05,by final end,179,53,126,1.0558277520121413,0.0,0.23529411764705882,1.0,0.6176470588235294,0.9793269230769232,0.9951357466063347,0.02067307692307685,0.004864253393665252,,0.04,0.998582565556343
mlp,5,5,5,0.05,by earliest stop,179,53,126,1.0558277520121413,0.0,0.0,1.0,0.5,,1.0,,0.0,,0.0,0.4131821403260099
mlp,5,5,5,0.05,fixed horizon 50,179,53,126,0.7772608443004385,0.0,0.0,1.0,0.5,,1.0,,0.0,,0.0,0.4457831325301205
mlp,5,5,5,0.05,fixed horizon 100,179,53,126,0.7772608443004385,0.0,0.0,1.0,0.5,,1.0,,0.0,,0.0,0.3784549964564139
mlp,5,5,5,0.05,fixed horizon 148,179,53,126,0.7696475340076799,0.0,0.0,1.0,0.5,,1.0,,0.0,,0.0,0.4131821403260099
mlp,5,5,5,0.075,by final end,179,53,126,1.018337839776551,0.0,0.7647058823529411,1.0,0.8823529411764706,0.9025147928994083,0.9254524886877827,0.09748520710059172,0.07454751131221726,,0.13,0.998582565556343
mlp,5,5,5,0.075,by earliest stop,179,53,126,1.018337839776551,0.0,0.0,1.0,0.5,,1.0,,0.0,,0.0,0.4131821403260099
mlp,5,5,5,0.075,fixed horizon 50,179,53,126,0.7914669189240588,0.0,0.0,1.0,0.5,,1.0,,0.0,,0.0,0.4457831325301205
mlp,5,5,5,0.075,fixed horizon 100,179,53,126,0.7914669189240588,0.0,0.0,1.0,0.5,,1.0,,0.0,,0.0,0.3784549964564139
mlp,5,5,5,0.075,fixed horizon 148,179,53,126,0.8333790555616609,0.0,0.0,1.0,0.5,,1.0,,0.0,,0.0,0.4131821403260099
mlp,5,5,5,0.1,by final end,179,53,126,0.9389992004531583,0.0,0.8823529411764706,1.0,0.9411764705882353,0.8592307692307692,0.87579185520362,0.14076923076923076,0.12420814479637998,,0.15,0.998582565556343
mlp,5,5,5,0.1,by earliest stop,179,53,126,0.9389992004531583,0.0,0.0,1.0,0.5,,1.0,,0.0,,0.0,0.4131821403260099
mlp,5,5,5,0.1,fixed horizon 50,179,53,126,0.8364103819980365,0.0,0.0,1.0,0.5,,1.0,,0.0,,0.0,0.4457831325301205
mlp,5,5,5,0.1,fixed horizon 100,179,53,126,0.8537742119683731,0.0,0.0,1.0,0.5,,1.0,,0.0,,0.0,0.3784549964564139
mlp,5,5,5,0.1,fixed horizon 148,179,53,126,0.8393693268442942,0.0,0.0,1.0,0.5,,1.0,,0.0,,0.0,0.4131821403260099
mlp,5,5,5,0.15,by final end,179,53,126,0.9606118751606341,0.012048192771084338,1.0,0.9879518072289156,0.9939759036144578,0.8148190045248869,0.8148190045248869,0.18518099547511313,0.18518099547511313,0.75,0.18,0.998582565556343
mlp,5,5,5,0.15,by earliest stop,179,53,126,0.9606118751606341,0.0,0.0,1.0,0.5,,1.0,,0.0,,0.0,0.4131821403260099
mlp,5,5,5,0.15,fixed horizon 50,179,53,126,0.8778364122792361,0.0,0.0,1.0,0.5,,1.0,,0.0,,0.0,0.4457831325301205
mlp,5,5,5,0.15,fixed horizon 100,179,53,126,0.9069962341462001,0.0,0.0,1.0,0.5,,1.0,,0.0,,0.0,0.3784549964564139
mlp,5,5,5,0.15,fixed horizon 148,179,53,126,0.9471442069006777,0.0,0.0,1.0,0.5,,1.0,,0.0,,0.0,0.4131821403260099
mlp,5,5,5,0.2,by final end,179,53,126,0.7967787872220153,0.012048192771084338,1.0,0.9879518072289156,0.9939759036144578,0.7449095022624436,0.7449095022624436,0.25509049773755643,0.25509049773755643,0.6538461538461539,0.18,0.998582565556343
mlp,5,5,5,0.2,by earliest stop,179,53,126,0.7967787872220153,0.0,0.0,1.0,0.5,,1.0,,0.0,,0.0,0.4131821403260099
mlp,5,5,5,0.2,fixed horizon 50,179,53,126,0.9160765926093274,0.0,0.0,1.0,0.5,,1.0,,0.0,,0.0,0.4457831325301205
mlp,5,5,5,0.2,fixed horizon 100,179,53,126,0.9938210910348686,0.0,0.0,1.0,0.5,,1.0,,0.0,,0.0,0.3784549964564139
mlp,5,5,5,0.2,fixed horizon 148,179,53,126,0.9943602089151543,0.0,0.0,1.0,0.5,,1.0,,0.0,,0.0,0.4131821403260099
mlp,5,5,5,0.3,by final end,179,53,126,0.8443251757978097,0.012048192771084338,1.0,0.9879518072289156,0.9939759036144578,0.7385746606334842,0.7385746606334842,0.2614253393665158,0.2614253393665158,0.6461538461538462,0.18,0.998582565556343
mlp,5,5,5,0.3,by earliest stop,179,53,126,0.8443251757978097,0.0,0.0,1.0,0.5,,1.0,,0.0,,0.0,0.4131821403260099
mlp,5,5,5,0.3,fixed horizon 50,179,53,126,0.9059761706174155,0.0,0.0,1.0,0.5,,1.0,,0.0,,0.0,0.4457831325301205
mlp,5,5,5,0.3,fixed horizon 100,179,53,126,0.9048453857068333,0.0,0.0,1.0,0.5,,1.0,,0.0,,0.0,0.3784549964564139
mlp,5,5,5,0.3,fixed horizon 148,179,53,126,0.9166373812745219,0.0,0.0,1.0,0.5,,1.0,,0.0,,0.0,0.4131821403260099
mlp,5,5,6,0.01,by final end,179,53,126,1.016244884604809,0.0,0.0,1.0,0.5,,1.0,,0.0,,0.0,0.998582565556343
mlp,5,5,6,0.01,by earliest stop,179,53,126,1.016244884604809,0.0,0.0,1.0,0.5,,1.0,,0.0,,0.0,0.4131821403260099
mlp,5,5,6,0.01,fixed horizon 50,179,53,126,0.7303555696349685,0.0,0.0,1.0,0.5,,1.0,,0.0,,0.0,0.4457831325301205
mlp,5,5,6,0.01,fixed horizon 100,179,53,126,0.7303555696349685,0.0,0.0,1.0,0.5,,1.0,,0.0,,0.0,0.3784549964564139
mlp,5,5,6,0.01,fixed horizon 148,179,53,126,0.7679441167043427,0.0,0.0,1.0,0.5,,1.0,,0.0,,0.0,0.4131821403260099
mlp,5,5,6,0.025,by final end,179,53,126,0.9957820957157623,0.0,0.0,1.0,0.5,,1.0,,0.0,,0.0,0.998582565556343
mlp,5,5,6,0.025,by earliest stop,179,53,126,0.9957820957157623,0.0,0.0,1.0,0.5,,1.0,,0.0,,0.0,0.4131821403260099
mlp,5,5,6,0.025,fixed horizon 50,179,53,126,0.7303338850772217,0.0,0.0,1.0,0.5,,1.0,,0.0,,0.0,0.4457831325301205
mlp,5,5,6,0.025,fixed horizon 100,179,53,126,0.7303338850772217,0.0,0.0,1.0,0.5,,1.0,,0.0,,0.0,0.3784549964564139
mlp,5,5,6,0.025,fixed horizon 148,179,53,126,0.7677675953250561,0.0,0.0,1.0,0.5,,1.0,,0.0,,0.0,0.4131821403260099
mlp,5,5,6,0.05,by final end,179,53,126,0.9890800601603256,0.0,0.0,1.0,0.5,,1.0,,0.0,,0.0,0.998582565556343
mlp,5,5,6,0.05,by earliest stop,179,53,126,0.9890800601603256,0.0,0.0,1.0,0.5,,1.0,,0.0,,0.0,0.4131821403260099
mlp,5,5,6,0.05,fixed horizon 50,179,53,126,0.7320988995749488,0.0,0.0,1.0,0.5,,1.0,,0.0,,0.0,0.4457831325301205
mlp,5,5,6,0.05,fixed horizon 100,179,53,126,0.733643110516994,0.0,0.0,1.0,0.5,,1.0,,0.0,,0.0,0.3784549964564139
mlp,5,5,6,0.05,fixed horizon 148,179,53,126,0.7679179649776234,0.0,0.0,1.0,0.5,,1.0,,0.0,,0.0,0.4131821403260099
mlp,5,5,6,0.075,by final end,179,53,126,0.9971162529554571,0.0,0.5294117647058824,1.0,0.7647058823529411,0.9102564102564101,0.9524886877828055,0.08974358974358987,0.04751131221719451,,0.09,0.998582565556343
mlp,5,5,6,0.075,by earliest stop,179,53,126,0.9971162529554571,0.0,0.0,1.0,0.5,,1.0,,0.0,,0.0,0.4131821403260099
mlp,5,5,6,0.075,fixed horizon 50,179,53,126,0.7389404695165832,0.0,0.0,1.0,0.5,,1.0,,0.0,,0.0,0.4457831325301205
mlp,5,5,6,0.075,fixed horizon 100,179,53,126,0.7492873051944688,0.0,0.0,1.0,0.5,,1.0,,0.0,,0.0,0.3784549964564139
mlp,5,5,6,0.075,fixed horizon 148,179,53,126,0.8044784915163441,0.0,0.0,1.0,0.5,,1.0,,0.0,,0.0,0.4131821403260099
mlp,5,5,6,0.1,by final end,179,53,126,1.0024315409362083,0.0,0.7647058823529411,1.0,0.8823529411764706,0.8637573964497041,0.8958144796380091,0.13624260355029594,0.10418552036199091,,0.13,0.998582565556343
mlp,5,5,6,0.1,by earliest stop,179,53,126,1.0024315409362083,0.0,0.0,1.0,0.5,,1.0,,0.0,,0.0,0.4131821403260099
mlp,5,5,6,0.1,fixed horizon 50,179,53,126,0.7625973601761133,0.0,0.0,1.0,0.5,,1.0,,0.0,,0.0,0.4457831325301205
mlp,5,5,6,0.1,fixed horizon 100,179,53,126,0.748937532469706,0.0,0.0,1.0,0.5,,1.0,,0.0,,0.0,0.3784549964564139
mlp,5,5,6,0.1,fixed horizon 148,179,53,126,0.8176322704188682,0.0,0.0,1.0,0.5,,1.0,,0.0,,0.0,0.4131821403260099
mlp,5,5,6,0.15,by final end,179,53,126,0.8852702077853368,0.012048192771084338,1.0,0.9879518072289156,0.9939759036144578,0.7892533936651585,0.7892533936651585,0.21074660633484155,0.21074660633484155,0.7173076923076923,0.18,0.998582565556343
mlp,5,5,6,0.15,by earliest stop,179,53,126,0.8852702077853368,0.0,0.0,1.0,0.5,,1.0,,0.0,,0.0,0.4131821403260099
mlp,5,5,6,0.15,fixed horizon 50,179,53,126,0.7812709536934301,0.0,0.0,1.0,0.5,,1.0,,0.0,,0.0,0.4457831325301205
mlp,5,5,6,0.15,fixed horizon 100,179,53,126,0.7651944413990048,0.0,0.0,1.0,0.5,,1.0,,0.0,,0.0,0.3784549964564139
mlp,5,5,6,0.15,fixed horizon 148,179,53,126,0.8339115400826411,0.0,0.0,1.0,0.5,,1.0,,0.0,,0.0,0.4131821403260099
mlp,5,5,6,0.2,by final end,179,53,126,0.7894783048214864,0.012048192771084338,1.0,0.9879518072289156,0.9939759036144578,0.7429864253393665,0.7429864253393665,0.25701357466063346,0.25701357466063346,0.6519230769230769,0.18,0.998582565556343
mlp,5,5,6,0.2,by earliest stop,179,53,126,0.7894783048214864,0.0,0.0,1.0,0.5,,1.0,,0.0,,0.0,0.4131821403260099
mlp,5,5,6,0.2,fixed horizon 50,179,53,126,0.784455083071266,0.0,0.0,1.0,0.5,,1.0,,0.0,,0.0,0.4457831325301205
mlp,5,5,6,0.2,fixed horizon 100,179,53,126,0.7979174325976675,0.0,0.0,1.0,0.5,,1.0,,0.0,,0.0,0.3784549964564139
mlp,5,5,6,0.2,fixed horizon 148,179,53,126,0.8142709278573418,0.0,0.0,1.0,0.5,,1.0,,0.0,,0.0,0.4131821403260099
mlp,5,5,6,0.3,by final end,179,53,126,0.7748333498130877,0.012048192771084338,1.0,0.9879518072289156,0.9939759036144578,0.7126696832579187,0.7126696832579187,0.2873303167420813,0.2873303167420813,0.4634615384615385,0.18,0.998582565556343
mlp,5,5,6,0.3,by earliest stop,179,53,126,0.7748333498130877,0.0,0.0,1.0,0.5,,1.0,,0.0,,0.0,0.4131821403260099
mlp,5,5,6,0.3,fixed horizon 50,179,53,126,0.8516587378703813,0.012048192771084338,0.0,0.9879518072289156,0.4939759036144578,,1.0,,0.0,0.9,0.01,0.4457831325301205
mlp,5,5,6,0.3,fixed horizon 100,179,53,126,0.8086234092044572,0.0,0.0,1.0,0.5,,1.0,,0.0,,0.0,0.3784549964564139
mlp,5,5,6,0.3,fixed horizon 148,179,53,126,0.7802495043629618,0.012048192771084338,0.058823529411764705,0.9879518072289156,0.5233876683203401,0.7567567567567568,0.9856915739268681,0.2432432432432432,0.014308426073131875,0.972972972972973,0.02,0.4131821403260099
mlp,5,5,7,0.01,by final end,179,53,126,0.9996514524163356,0.0,0.0,1.0,0.5,,1.0,,0.0,,0.0,0.998582565556343
mlp,5,5,7,0.01,by earliest stop,179,53,126,0.9996514524163356,0.0,0.0,1.0,0.5,,1.0,,0.0,,0.0,0.4131821403260099
mlp,5,5,7,0.01,fixed horizon 50,179,53,126,0.9208399722435863,0.0,0.0,1.0,0.5,,1.0,,0.0,,0.0,0.4457831325301205
mlp,5,5,7,0.01,fixed horizon 100,179,53,126,0.9208399722435863,0.0,0.0,1.0,0.5,,1.0,,0.0,,0.0,0.3784549964564139
mlp,5,5,7,0.01,fixed horizon 148,179,53,126,0.937985356365233,0.0,0.0,1.0,0.5,,1.0,,0.0,,0.0,0.4131821403260099
mlp,5,5,7,0.025,by final end,179,53,126,0.9958425653946177,0.0,0.0,1.0,0.5,,1.0,,0.0,,0.0,0.998582565556343
mlp,5,5,7,0.025,by earliest stop,179,53,126,0.9958425653946177,0.0,0.0,1.0,0.5,,1.0,,0.0,,0.0,0.4131821403260099
mlp,5,5,7,0.025,fixed horizon 50,179,53,126,0.9208360349879161,0.0,0.0,1.0,0.5,,1.0,,0.0,,0.0,0.4457831325301205
mlp,5,5,7,0.025,fixed horizon 100,179,53,126,0.9208360349879161,0.0,0.0,1.0,0.5,,1.0,,0.0,,0.0,0.3784549964564139
mlp,5,5,7,0.025,fixed horizon 148,179,53,126,0.9377402280039185,0.0,0.0,1.0,0.5,,1.0,,0.0,,0.0,0.4131821403260099
mlp,5,5,7,0.05,by final end,179,53,126,0.990383433070327,0.0,0.0,1.0,0.5,,1.0,,0.0,,0.0,0.998582565556343
mlp,5,5,7,0.05,by earliest stop,179,53,126,0.990383433070327,0.0,0.0,1.0,0.5,,1.0,,0.0,,0.0,0.4131821403260099
mlp,5,5,7,0.05,fixed horizon 50,179,53,126,0.932442612768065,0.0,0.0,1.0,0.5,,1.0,,0.0,,0.0,0.4457831325301205
mlp,5,5,7,0.05,fixed horizon 100,179,53,126,0.932442612768065,0.0,0.0,1.0,0.5,,1.0,,0.0,,0.0,0.3784549964564139
mlp,5,5,7,0.05,fixed horizon 148,179,53,126,0.9520604412519189,0.0,0.0,1.0,0.5,,1.0,,0.0,,0.0,0.4131821403260099
mlp,5,5,7,0.075,by final end,179,53,126,1.0465216288965706,0.0,0.11764705882352941,1.0,0.5588235294117647,0.8759615384615385,0.9854072398190046,0.12403846153846154,0.014592760180995423,,0.02,0.998582565556343
mlp,5,5,7,0.075,by earliest stop,179,53,126,1.0465216288965706,0.0,0.0,1.0,0.5,,1.0,,0.0,,0.0,0.4131821403260099
mlp,5,5,7,0.075,fixed horizon 50,179,53,126,0.9511525570875837,0.0,0.0,1.0,0.5,,1.0,,0.0,,0.0,0.4457831325301205
mlp,5,5,7,0.075,fixed horizon 100,179,53,126,0.9321714522923639,0.0,0.0,1.0,0.5,,1.0,,0.0,,0.0,0.3784549964564139
mlp,5,5,7,0.075,fixed horizon 148,179,53,126,0.9670216590789331,0.0,0.0,1.0,0.5,,1.0,,0.0,,0.0,0.4131821403260099
mlp,5,5,7,0.1,by final end,179,53,126,1.0089520838368211,0.0,0.7647058823529411,1.0,0.8823529411764706,0.8605029585798817,0.8933257918552036,0.13949704142011832,0.10667420814479645,,0.13,0.998582565556343
mlp,5,5,7,0.1,by earliest stop,179,53,126,1.0089520838368211,0.0,0.0,1.0,0.5,,1.0,,0.0,,0.0,0.4131821403260099
mlp,5,5,7,0.1,fixed horizon 50,179,53,126,0.9513103551155582,0.0,0.0,1.0,0.5,,1.0,,0.0,,0.0,0.4457831325301205
mlp,5,5,7,0.1,fixed horizon 100,179,53,126,0.9319998901774627,0.0,0.0,1.0,0.5,,1.0,,0.0,,0.0,0.3784549964564139
mlp,5,5,7,0.1,fixed horizon 148,179,53,126,0.9839755143895894,0.0,0.0,1.0,0.5,,1.0,,0.0,,0.0,0.4131821403260099
mlp,5,5,7,0.15,by final end,179,53,126,0.9373304108099179,0.012048192771084338,1.0,0.9879518072289156,0.9939759036144578,0.8225113122171946,0.8225113122171946,0.17748868778280535,0.17748868778280535,0.7423076923076923,0.18,0.998582565556343
mlp,5,5,7,0.15,by earliest stop,179,53,126,0.9373304108099179,0.0,0.0,1.0,0.5,,1.0,,0.0,,0.0,0.4131821403260099
mlp,5,5,7,0.15,fixed horizon 50,179,53,126,0.9711107835514545,0.0,0.0,1.0,0.5,,1.0,,0.0,,0.0,0.4457831325301205
mlp,5,5,7,0.15,fixed horizon 100,179,53,126,0.9940464501290447,0.0,0.0,1.0,0.5,,1.0,,0.0,,0.0,0.3784549964564139
mlp,5,5,7,0.15,fixed horizon 148,179,53,126,0.9799061095541372,0.0,0.0,1.0,0.5,,1.0,,0.0,,0.0,0.4131821403260099
mlp,5,5,7,0.2,by final end,179,53,126,0.9321047761059321,0.012048192771084338,1.0,0.9879518072289156,0.9939759036144578,0.8021493212669684,0.8021493212669684,0.19785067873303164,0.19785067873303164,0.7365384615384616,0.18,0.998582565556343
mlp,5,5,7,0.2,by earliest stop,179,53,126,0.9321047761059321,0.0,0.0,1.0,0.5,,1.0,,0.0,,0.0,0.4131821403260099
mlp,5,5,7,0.2,fixed horizon 50,179,53,126,0.991593877974678,0.0,0.0,1.0,0.5,,1.0,,0.0,,0.0,0.4457831325301205
mlp,5,5,7,0.2,fixed horizon 100,179,53,126,0.9901371401741575,0.0,0.0,1.0,0.5,,1.0,,0.0,,0.0,0.3784549964564139
mlp,5,5,7,0.2,fixed horizon 148,179,53,126,0.9626394377931226,0.0,0.0,1.0,0.5,,1.0,,0.0,,0.0,0.4131821403260099
mlp,5,5,7,0.3,by final end,179,53,126,0.9197052734426918,0.012048192771084338,1.0,0.9879518072289156,0.9939759036144578,0.7447963800904978,0.7447963800904978,0.25520361990950224,0.25520361990950224,0.6442307692307693,0.18,0.998582565556343
mlp,5,5,7,0.3,by earliest stop,179,53,126,0.9197052734426918,0.0,0.0,1.0,0.5,,1.0,,0.0,,0.0,0.4131821403260099
mlp,5,5,7,0.3,fixed horizon 50,179,53,126,0.952819394640759,0.0,0.0,1.0,0.5,,1.0,,0.0,,0.0,0.4457831325301205
mlp,5,5,7,0.3,fixed horizon 100,179,53,126,0.9371665800808939,0.0,0.0,1.0,0.5,,1.0,,0.0,,0.0,0.3784549964564139
mlp,5,5,7,0.3,fixed horizon 148,179,53,126,0.9275061291737245,0.0,0.0,1.0,0.5,,1.0,,0.0,,0.0,0.4131821403260099
mlp,5,5,8,0.01,by final end,179,53,126,1.0145931478987191,0.0,0.0,1.0,0.5,,1.0,,0.0,,0.0,0.998582565556343
mlp,5,5,8,0.01,by earliest stop,179,53,126,1.0145931478987191,0.0,0.0,1.0,0.5,,1.0,,0.0,,0.0,0.4131821403260099
mlp,5,5,8,0.01,fixed horizon 50,179,53,126,0.5938683181429509,0.0,0.0,1.0,0.5,,1.0,,0.0,,0.0,0.4457831325301205
mlp,5,5,8,0.01,fixed horizon 100,179,53,126,0.5938683181429509,0.0,0.0,1.0,0.5,,1.0,,0.0,,0.0,0.3784549964564139
mlp,5,5,8,0.01,fixed horizon 148,179,53,126,0.607659721343423,0.0,0.0,1.0,0.5,,1.0,,0.0,,0.0,0.4131821403260099
mlp,5,5,8,0.025,by final end,179,53,126,0.9773446132816496,0.0,0.0,1.0,0.5,,1.0,,0.0,,0.0,0.998582565556343
mlp,5,5,8,0.025,by earliest stop,179,53,126,0.9773446132816496,0.0,0.0,1.0,0.5,,1.0,,0.0,,0.0,0.4131821403260099
mlp,5,5,8,0.025,fixed horizon 50,179,53,126,0.5938481219841983,0.0,0.0,1.0,0.5,,1.0,,0.0,,0.0,0.4457831325301205
mlp,5,5,8,0.025,fixed horizon 100,179,53,126,0.5938481219841983,0.0,0.0,1.0,0.5,,1.0,,0.0,,0.0,0.3784549964564139
mlp,5,5,8,0.025,fixed horizon 148,179,53,126,0.607589557988161,0.0,0.0,1.0,0.5,,1.0,,0.0,,0.0,0.4131821403260099
mlp,5,5,8,0.05,by final end,179,53,126,0.8990371950735427,0.0,0.11764705882352941,1.0,0.5588235294117647,0.8298076923076922,0.9799773755656109,0.17019230769230775,0.02002262443438907,,0.02,0.998582565556343
mlp,5,5,8,0.05,by earliest stop,179,53,126,0.8990371950735427,0.0,0.0,1.0,0.5,,1.0,,0.0,,0.0,0.4131821403260099
mlp,5,5,8,0.05,fixed horizon 50,179,53,126,0.5953502595656331,0.0,0.0,1.0,0.5,,1.0,,0.0,,0.0,0.4457831325301205
mlp,5,5,8,0.05,fixed horizon 100,179,53,126,0.5953502595656331,0.0,0.0,1.0,0.5,,1.0,,0.0,,0.0,0.3784549964564139
mlp,5,5,8,0.05,fixed horizon 148,179,53,126,0.621591420278597,0.0,0.0,1.0,0.5,,1.0,,0.0,,0.0,0.4131821403260099
mlp,5,5,8,0.075,by final end,179,53,126,0.8683014916660159,0.0,0.5882352941176471,1.0,0.7941176470588236,0.8953846153846154,0.9384615384615386,0.10461538461538455,0.06153846153846143,,0.1,0.998582565556343
mlp,5,5,8,0.075,by earliest stop,179,53,126,0.8683014916660159,0.0,0.0,1.0,0.5,,1.0,,0.0,,0.0,0.4131821403260099
mlp,5,5,8,0.075,fixed horizon 50,179,53,126,0.6100881370982889,0.0,0.0,1.0,0.5,,1.0,,0.0,,0.0,0.4457831325301205
mlp,5,5,8,0.075,fixed horizon 100,179,53,126,0.607307661827557,0.0,0.0,1.0,0.5,,1.0,,0.0,,0.0,0.3784549964564139
mlp,5,5,8,0.075,fixed horizon 148,179,53,126,0.6351989449826501,0.0,0.0,1.0,0.5,,1.0,,0.0,,0.0,0.4131821403260099
mlp,5,5,8,0.1,by final end,179,53,126,0.8642307602597931,0.0,0.7647058823529411,1.0,0.8823529411764706,0.8909763313609467,0.9166289592760181,0.10902366863905333,0.08337104072398194,,0.13,0.998582565556343
mlp,5,5,8,0.1,by earliest stop,179,53,126,0.8642307602597931,0.0,0.0,1.0,0.5,,1.0,,0.0,,0.0,0.4131821403260099
mlp,5,5,8,0.1,fixed horizon 50,179,53,126,0.6183385046212488,0.0,0.0,1.0,0.5,,1.0,,0.0,,0.0,0.4457831325301205
mlp,5,5,8,0.1,fixed horizon 100,179,53,126,0.6261011710413327,0.0,0.0,1.0,0.5,,1.0,,0.0,,0.0,0.3784549964564139
mlp,5,5,8,0.1,fixed horizon 148,179,53,126,0.6310634810565381,0.0,0.0,1.0,0.5,,1.0,,0.0,,0.0,0.4131821403260099
mlp,5,5,8,0.15,by final end,179,53,126,0.6596717249552542,0.012048192771084338,1.0,0.9879518072289156,0.9939759036144578,0.7760180995475113,0.7760180995475113,0.22398190045248867,0.22398190045248867,0.6846153846153846,0.18,0.998582565556343
mlp,5,5,8,0.15,by earliest stop,179,53,126,0.6596717249552542,0.0,0.0,1.0,0.5,,1.0,,0.0,,0.0,0.4131821403260099
mlp,5,5,8,0.15,fixed horizon 50,179,53,126,0.6443036373208663,0.0,0.0,1.0,0.5,,1.0,,0.0,,0.0,0.4457831325301205
mlp,5,5,8,0.15,fixed horizon 100,179,53,126,0.7182212928161567,0.0,0.0,1.0,0.5,,1.0,,0.0,,0.0,0.3784549964564139
mlp,5,5,8,0.15,fixed horizon 148,179,53,126,0.6632420611992864,0.0,0.0,1.0,0.5,,1.0,,0.0,,0.0,0.4131821403260099
mlp,5,5,8,0.2,by final end,179,53,126,0.6552928067285395,0.012048192771084338,1.0,0.9879518072289156,0.9939759036144578,0.7557692307692307,0.7557692307692307,0.24423076923076925,0.24423076923076925,0.6615384615384615,0.18,0.998582565556343
mlp,5,5,8,0.2,by earliest stop,179,53,126,0.6552928067285395,0.0,0.0,1.0,0.5,,1.0,,0.0,,0.0,0.4131821403260099
mlp,5,5,8,0.2,fixed horizon 50,179,53,126,0.6520812693103576,0.0,0.0,1.0,0.5,,1.0,,0.0,,0.0,0.4457831325301205
mlp,5,5,8,0.2,fixed horizon 100,179,53,126,0.6867465168434643,0.0,0.0,1.0,0.5,,1.0,,0.0,,0.0,0.3784549964564139
mlp,5,5,8,0.2,fixed horizon 148,179,53,126,0.689822661224832,0.0,0.0,1.0,0.5,,1.0,,0.0,,0.0,0.4131821403260099
mlp,5,5,8,0.3,by final end,179,53,126,0.6013968110681016,0.012048192771084338,1.0,0.9879518072289156,0.9939759036144578,0.7050904977375565,0.7050904977375565,0.2949095022624435,0.2949095022624435,0.46153846153846156,0.18,0.998582565556343
mlp,5,5,8,0.3,by earliest stop,179,53,126,0.6013968110681016,0.0,0.0,1.0,0.5,,1.0,,0.0,,0.0,0.4131821403260099
mlp,5,5,8,0.3,fixed horizon 50,179,53,126,0.9982984854696608,0.07228915662650602,0.11764705882352941,0.927710843373494,0.5226789510985117,0.08,0.8917647058823529,0.92,0.1082352941176471,0.08333333333333333,0.08,0.4457831325301205
mlp,5,5,8,0.3,fixed horizon 100,179,53,126,0.7607024670078171,0.0,0.0,1.0,0.5,,1.0,,0.0,,0.0,0.3784549964564139
mlp,5,5,8,0.3,fixed horizon 148,179,53,126,0.7670782688179046,0.0,0.058823529411764705,1.0,0.5294117647058824,0.8175675675675675,0.989268680445151,0.18243243243243246,0.010731319554848961,,0.01,0.4131821403260099
mlp,5,5,9,0.01,by final end,179,53,126,1.066041611213572,0.0,0.0,1.0,0.5,,1.0,,0.0,,0.0,0.998582565556343
mlp,5,5,9,0.01,by earliest stop,179,53,126,1.066041611213572,0.0,0.0,1.0,0.5,,1.0,,0.0,,0.0,0.4131821403260099
mlp,5,5,9,0.01,fixed horizon 50,179,53,126,1.0000543101402397,0.0,0.0,1.0,0.5,,1.0,,0.0,,0.0,0.4457831325301205
mlp,5,5,9,0.01,fixed horizon 100,179,53,126,1.0000543101402397,0.0,0.0,1.0,0.5,,1.0,,0.0,,0.0,0.3784549964564139
mlp,5,5,9,0.01,fixed horizon 148,179,53,126,1.000931228242996,0.0,0.0,1.0,0.5,,1.0,,0.0,,0.0,0.4131821403260099
mlp,5,5,9,0.025,by final end,179,53,126,1.0317846310024232,0.0,0.0,1.0,0.5,,1.0,,0.0,,0.0,0.998582565556343
mlp,5,5,9,0.025,by earliest stop,179,53,126,1.0317846310024232,0.0,0.0,1.0,0.5,,1.0,,0.0,,0.0,0.4131821403260099
mlp,5,5,9,0.025,fixed horizon 50,179,53,126,1.0000312810660748,0.0,0.0,1.0,0.5,,1.0,,0.0,,0.0,0.4457831325301205
mlp,5,5,9,0.025,fixed horizon 100,179,53,126,1.0000312810660748,0.0,0.0,1.0,0.5,,1.0,,0.0,,0.0,0.3784549964564139
mlp,5,5,9,0.025,fixed horizon 148,179,53,126,1.0006041492358293,0.0,0.0,1.0,0.5,,1.0,,0.0,,0.0,0.4131821403260099
mlp,5,5,9,0.05,by final end,179,53,126,1.070760747987178,0.0,0.0,1.0,0.5,,1.0,,0.0,,0.0,0.998582565556343
mlp,5,5,9,0.05,by earliest stop,179,53,126,1.070760747987178,0.0,0.0,1.0,0.5,,1.0,,0.0,,0.0,0.4131821403260099
mlp,5,5,9,0.05,fixed horizon 50,179,53,126,1.0000442531460907,0.0,0.0,1.0,0.5,,1.0,,0.0,,0.0,0.4457831325301205
mlp,5,5,9,0.05,fixed horizon 100,179,53,126,1.0003066384518489,0.0,0.0,1.0,0.5,,1.0,,0.0,,0.0,0.3784549964564139
mlp,5,5,9,0.05,fixed horizon 148,179,53,126,1.0012513299660726,0.0,0.0,1.0,0.5,,1.0,,0.0,,0.0,0.4131821403260099
mlp,5,5,9,0.075,by final end,179,53,126,1.0672608922849323,0.0,0.7647058823529411,1.0,0.8823529411764706,0.8974852071005918,0.9216063348416289,0.10251479289940824,0.0783936651583711,,0.13,0.998582565556343
mlp,5,5,9,0.075,by earliest stop,179,53,126,1.0672608922849323,0.0,0.0,1.0,0.5,,1.0,,0.0,,0.0,0.4131821403260099
mlp,5,5,9,0.075,fixed horizon 50,179,53,126,1.001521558469113,0.0,0.0,1.0,0.5,,1.0,,0.0,,0.0,0.4457831325301205
mlp,5,5,9,0.075,fixed horizon 100,179,53,126,1.002634817737392,0.0,0.0,1.0,0.5,,1.0,,0.0,,0.0,0.3784549964564139
mlp,5,5,9,0.075,fixed horizon 148,179,53,126,1.0276087559797904,0.0,0.0,1.0,0.5,,1.0,,0.0,,0.0,0.4131821403260099
mlp,5,5,9,0.1,by final end,179,53,126,1.0667292523462297,0.0,0.8235294117647058,1.0,0.9117647058823529,0.8561813186813186,0.8815610859728507,0.14381868131868136,0.11843891402714934,,0.14,0.998582565556343
mlp,5,5,9,0.1,by earliest stop,179,53,126,1.0667292523462297,0.0,0.0,1.0,0.5,,1.0,,0.0,,0.0,0.4131821403260099
mlp,5,5,9,0.1,fixed horizon 50,179,53,126,1.0013989879299348,0.0,0.0,1.0,0.5,,1.0,,0.0,,0.0,0.4457831325301205
mlp,5,5,9,0.1,fixed horizon 100,179,53,126,1.000859102947401,0.0,0.0,1.0,0.5,,1.0,,0.0,,0.0,0.3784549964564139
mlp,5,5,9,0.1,fixed horizon 148,179,53,126,1.0386309354871703,0.0,0.0,1.0,0.5,,1.0,,0.0,,0.0,0.4131821403260099
mlp,5,5,9,0.15,by final end,179,53,126,1.0215021837055638,0.012048192771084338,1.0,0.9879518072289156,0.9939759036144578,0.8399321266968326,0.8399321266968326,0.1600678733031674,0.1600678733031674,0.7903846153846154,0.18,0.998582565556343
mlp,5,5,9,0.15,by earliest stop,179,53,126,1.0215021837055638,0.0,0.0,1.0,0.5,,1.0,,0.0,,0.0,0.4131821403260099
mlp,5,5,9,0.15,fixed horizon 50,179,53,126,1.0096437034525867,0.0,0.0,1.0,0.5,,1.0,,0.0,,0.0,0.4457831325301205
mlp,5,5,9,0.15,fixed horizon 100,179,53,126,1.0209410486831925,0.0,0.0,1.0,0.5,,1.0,,0.0,,0.0,0.3784549964564139
mlp,5,5,9,0.15,fixed horizon 148,179,53,126,1.0456055865543479,0.0,0.0,1.0,0.5,,1.0,,0.0,,0.0,0.4131821403260099
mlp,5,5,9,0.2,by final end,179,53,126,1.041989204878257,0.012048192771084338,1.0,0.9879518072289156,0.9939759036144578,0.7639140271493212,0.7639140271493212,0.23608597285067878,0.23608597285067878,0.6942307692307692,0.18,0.998582565556343
mlp,5,5,9,0.2,by earliest stop,179,53,126,1.041989204878257,0.0,0.0,1.0,0.5,,1.0,,0.0,,0.0,0.4131821403260099
mlp,5,5,9,0.2,fixed horizon 50,179,53,126,1.043489695228982,0.0,0.0,1.0,0.5,,1.0,,0.0,,0.0,0.4457831325301205
mlp,5,5,9,0.2,fixed horizon 100,179,53,126,1.0245648100023317,0.0,0.0,1.0,0.5,,1.0,,0.0,,0.0,0.3784549964564139
mlp,5,5,9,0.2,fixed horizon 148,179,53,126,1.0601928710250215,0.0,0.0,1.0,0.5,,1.0,,0.0,,0.0,0.4131821403260099
mlp,5,5,9,0.3,by final end,179,53,126,1.0006965649198771,0.012048192771084338,1.0,0.9879518072289156,0.9939759036144578,0.728393665158371,0.728393665158371,0.271606334841629,0.271606334841629,0.4846153846153846,0.18,0.998582565556343
mlp,5,5,9,0.3,by earliest stop,179,53,126,1.0006965649198771,0.0,0.0,1.0,0.5,,1.0,,0.0,,0.0,0.4131821403260099
mlp,5,5,9,0.3,fixed horizon 50,179,53,126,1.1195030427128438,0.0,0.0,1.0,0.5,,1.0,,0.0,,0.0,0.4457831325301205
mlp,5,5,9,0.3,fixed horizon 100,179,53,126,1.0000902335832746,0.0,0.0,1.0,0.5,,1.0,,0.0,,0.0,0.3784549964564139
mlp,5,5,9,0.3,fixed horizon 148,179,53,126,1.0638376412514017,0.0,0.0,1.0,0.5,,1.0,,0.0,,0.0,0.4131821403260099
mlp,6,6,0,0.01,by final end,195,58,137,1.2557839282424348,0.0,0.08695652173913043,1.0,0.5434782608695652,0.9913461538461539,0.999247491638796,0.008653846153846123,0.0007525083612039962,,0.04,0.9911433172302737
mlp,6,6,0,0.01,by earliest stop,195,58,137,1.2557839282424348,0.0,0.0,1.0,0.5,,1.0,,0.0,,0.0,0.6078904991948471
mlp,6,6,0,0.01,fixed horizon 50,195,58,137,1.0001090286554282,0.0,0.0,1.0,0.5,,1.0,,0.0,,0.0,0.6195652173913043
mlp,6,6,0,0.01,fixed horizon 100,195,58,137,1.0001219920100992,0.0,0.0,1.0,0.5,,1.0,,0.0,,0.0,0.5603864734299517
mlp,6,6,0,0.01,fixed horizon 148,195,58,137,1.000149153782578,0.0,0.0,1.0,0.5,,1.0,,0.0,,0.0,0.5998389694041868
mlp,6,6,0,0.025,by final end,195,58,137,1.1911459831055915,0.0,0.43478260869565216,1.0,0.717391304347826,0.9779807692307692,0.9904264214046823,0.022019230769230846,0.009573578595317711,,0.2,0.9911433172302737
mlp,6,6,0,0.025,by earliest stop,195,58,137,1.1911459831055915,0.0,0.0,1.0,0.5,,1.0,,0.0,,0.0,0.6078904991948471
mlp,6,6,0,0.025,fixed horizon 50,195,58,137,0.9998683040684746,0.0,0.0,1.0,0.5,,1.0,,0.0,,0.0,0.6195652173913043
mlp,6,6,0,0.025,fixed horizon 100,195,58,137,0.9998941313101888,0.0,0.0,1.0,0.5,,1.0,,0.0,,0.0,0.5603864734299517
mlp,6,6,0,0.025,fixed horizon 148,195,58,137,0.9998941313101888,0.0,0.0,1.0,0.5,,1.0,,0.0,,0.0,0.5998389694041868
mlp,6,6,0,0.05,by final end,195,58,137,1.0096575533456453,0.037037037037037035,0.9130434782608695,0.9629629629629629,0.9380032206119162,0.8901098901098902,0.899665551839465,0.10989010989010983,0.10033444816053505,0.9115384615384615,0.44,0.9911433172302737
mlp,6,6,0,0.05,by earliest stop,195,58,137,1.0096575533456453,0.0,0.0,1.0,0.5,,1.0,,0.0,,0.0,0.6078904991948471
mlp,6,6,0,0.05,fixed horizon 50,195,58,137,0.9993386884466895,0.0,0.0,1.0,0.5,,1.0,,0.0,,0.0,0.6195652173913043
mlp,6,6,0,0.05,fixed horizon 100,195,58,137,0.9995389625328999,0.0,0.0,1.0,0.5,,1.0,,0.0,,0.0,0.5603864734299517
mlp,6,6,0,0.05,fixed horizon 148,195,58,137,0.9999165185882618,0.0,0.0,1.0,0.5,,1.0,,0.0,,0.0,0.5998389694041868
mlp,6,6,0,0.075,by final end,195,58,137,0.9999785037933441,0.037037037037037035,0.9347826086956522,0.9629629629629629,0.9488727858293076,0.8546064400715562,0.8640886287625414,0.14539355992844383,0.13591137123745856,0.8740384615384615,0.45,0.9911433172302737
mlp,6,6,0,0.075,by earliest stop,195,58,137,0.9999785037933441,0.0,0.0,1.0,0.5,,1.0,,0.0,,0.0,0.6078904991948471
mlp,6,6,0,0.075,fixed horizon 50,195,58,137,1.0002268222885253,0.0,0.0,1.0,0.5,,1.0,,0.0,,0.0,0.6195652173913043
mlp,6,6,0,0.075,fixed horizon 100,195,58,137,1.0009755397112854,0.0,0.0,1.0,0.5,,1.0,,0.0,,0.0,0.5603864734299517
mlp,6,6,0,0.075,fixed horizon 148,195,58,137,1.000985733761889,0.0,0.0,1.0,0.5,,1.0,,0.0,,0.0,0.5998389694041868
mlp,6,6,0,0.1,by final end,195,58,137,0.9993521783491669,0.037037037037037035,0.9347826086956522,0.9629629629629629,0.9488727858293076,0.8170840787119857,0.8290133779264215,0.18291592128801426,0.1709866220735785,0.8365384615384616,0.45,0.9911433172302737
mlp,6,6,0,0.1,by earliest stop,195,58,137,0.9993521783491669,0.0,0.0,1.0,0.5,,1.0,,0.0,,0.0,0.6078904991948471
mlp,6,6,0,0.1,fixed horizon 50,195,58,137,0.9997183676290801,0.0,0.021739130434782608,1.0,0.5108695652173914,0.7,0.9934782608695653,0.30000000000000004,0.006521739130434745,,0.01,0.6195652173913043
mlp,6,6,0,0.1,fixed horizon 100,195,58,137,1.000317885029626,0.0,0.0,1.0,0.5,,1.0,,0.0,,0.0,0.5603864734299517
mlp,6,6,0,0.1,fixed horizon 148,195,58,137,1.0010786572123476,0.0,0.0,1.0,0.5,,1.0,,0.0,,0.0,0.5998389694041868
mlp,6,6,0,0.15,by final end,195,58,137,1.0000475915609375,0.09259259259259259,0.9782608695652174,0.9074074074074074,0.9428341384863124,0.6732905982905982,0.6803929765886289,0.32670940170940177,0.31960702341137115,0.6761538461538461,0.5,0.9911433172302737
mlp,6,6,0,0.15,by earliest stop,195,58,137,1.0000475915609375,0.0,0.0,1.0,0.5,,1.0,,0.0,,0.0,0.6078904991948471
mlp,6,6,0,0.15,fixed horizon 50,195,58,137,1.0004993392856982,0.0,0.021739130434782608,1.0,0.5108695652173914,0.72,0.9939130434782608,0.28,0.006086956521739184,,0.01,0.6195652173913043
mlp,6,6,0,0.15,fixed horizon 100,195,58,137,0.9993123815537333,0.0,0.0,1.0,0.5,,1.0,,0.0,,0.0,0.5603864734299517
mlp,6,6,0,0.15,fixed horizon 148,195,58,137,0.9995698932953762,0.0,0.0,1.0,0.5,,1.0,,0.0,,0.0,0.5998389694041868
mlp,6,6,0,0.2,by final end,195,58,137,1.0071741873366238,0.09259259259259259,0.9782608695652174,0.9074074074074074,0.9428341384863124,0.6371367521367522,0.6450250836120403,0.36286324786324775,0.35497491638795975,0.6334615384615384,0.5,0.9911433172302737
mlp,6,6,0,0.2,by earliest stop,195,58,137,1.0071741873366238,0.0,0.0,1.0,0.5,,1.0,,0.0,,0.0,0.6078904991948471
mlp,6,6,0,0.2,fixed horizon 50,195,58,137,1.000056690479504,0.0,0.021739130434782608,1.0,0.5108695652173914,0.7,0.9934782608695653,0.30000000000000004,0.006521739130434745,,0.01,0.6195652173913043
mlp,6,6,0,0.2,fixed horizon 100,195,58,137,0.9958511743041659,0.0,0.021739130434782608,1.0,0.5108695652173914,0.35,0.9858695652173913,0.65,0.01413043478260867,,0.01,0.5603864734299517
mlp,6,6,0,0.2,fixed horizon 148,195,58,137,0.9965151341942682,0.0,0.021739130434782608,1.0,0.5108695652173914,0.23648648648648649,0.9834018801410105,0.7635135135135135,0.016598119858989513,,0.01,0.5998389694041868
mlp,6,6,0,0.3,by final end,195,58,137,0.9876277774657637,0.2222222222222222,1.0,0.7777777777777778,0.8888888888888888,0.5331939799331105,0.5331939799331105,0.46680602006688954,0.46680602006688954,0.4870192307692307,0.58,0.9911433172302737
mlp,6,6,0,0.3,by earliest stop,195,58,137,0.9876277774657637,0.018518518518518517,0.021739130434782608,0.9814814814814815,0.501610305958132,0.17894736842105263,0.9821510297482837,0.8210526315789474,0.01784897025171628,0.18421052631578946,0.02,0.6078904991948471
mlp,6,6,0,0.3,fixed horizon 50,195,58,137,0.946023156718268,0.018518518518518517,0.06521739130434782,0.9814814814814815,0.5233494363929146,0.68,0.9791304347826086,0.31999999999999995,0.02086956521739136,0.6,0.04,0.6195652173913043
mlp,6,6,0,0.3,fixed horizon 100,195,58,137,0.9503301754203741,0.14814814814814814,0.15217391304347827,0.8518518518518519,0.5020128824476651,0.7671428571428571,0.9645652173913043,0.23285714285714287,0.0354347826086957,0.8125,0.15,0.5603864734299517
mlp,6,6,0,0.3,fixed horizon 148,195,58,137,0.9614339135042594,0.12962962962962962,0.21739130434782608,0.8703703703703703,0.5438808373590982,0.6466216216216216,0.9231786133960047,0.3533783783783784,0.07682138660399529,0.5579150579150579,0.17,0.5998389694041868
mlp,6,6,1,0.01,by final end,195,58,137,1.0067304296759156,0.0,0.08695652173913043,1.0,0.5434782608695652,0.9913461538461539,0.999247491638796,0.008653846153846123,0.0007525083612039962,,0.04,0.9911433172302737
mlp,6,6,1,0.01,by earliest stop,195,58,137,1.0067304296759156,0.0,0.0,1.0,0.5,,1.0,,0.0,,0.0,0.6078904991948471
mlp,6,6,1,0.01,fixed horizon 50,195,58,137,1.0003078666891398,0.0,0.0,1.0,0.5,,1.0,,0.0,,0.0,0.6195652173913043
mlp,6,6,1,0.01,fixed horizon 100,195,58,137,1.0003246260339698,0.0,0.0,1.0,0.5,,1.0,,0.0,,0.0,0.5603864734299517
mlp,6,6,1,0.01,fixed horizon 148,195,58,137,1.0006219554570963,0.0,0.0,1.0,0.5,,1.0,,0.0,,0.0,0.5998389694041868
mlp,6,6,1,0.025,by final end,195,58,137,1.0014021962538169,0.0,0.10869565217391304,1.0,0.5543478260869565,0.9892307692307692,0.9988294314381271,0.010769230769230753,0.00117056856187292,,0.05,0.9911433172302737
mlp,6,6,1,0.025,by earliest stop,195,58,137,1.0014021962538169,0.0,0.0,1.0,0.5,,1.0,,0.0,,0.0,0.6078904991948471
mlp,6,6,1,0.025,fixed horizon 50,195,58,137,1.0001384030698084,0.0,0.0,1.0,0.5,,1.0,,0.0,,0.0,0.6195652173913043
mlp,6,6,1,0.025,fixed horizon 100,195,58,137,1.0002959650976073,0.0,0.0,1.0,0.5,,1.0,,0.0,,0.0,0.5603864734299517
mlp,6,6,1,0.025,fixed horizon 148,195,58,137,1.0003246098841532,0.0,0.0,1.0,0.5,,1.0,,0.0,,0.0,0.5998389694041868
mlp,6,6,1,0.05,by final end,195,58,137,1.4166848655639792,0.037037037037037035,0.9130434782608695,0.9629629629629629,0.9380032206119162,0.8881868131868131,0.8979096989966555,0.11181318681318686,0.10209030100334449,0.9096153846153846,0.44,0.9911433172302737
mlp,6,6,1,0.05,by earliest stop,195,58,137,1.4166848655639792,0.0,0.0,1.0,0.5,,1.0,,0.0,,0.0,0.6078904991948471
mlp,6,6,1,0.05,fixed horizon 50,195,58,137,1.0010316598298514,0.0,0.0,1.0,0.5,,1.0,,0.0,,0.0,0.6195652173913043
mlp,6,6,1,0.05,fixed horizon 100,195,58,137,1.0005489452309306,0.0,0.0,1.0,0.5,,1.0,,0.0,,0.0,0.5603864734299517
mlp,6,6,1,0.05,fixed horizon 148,195,58,137,1.0063095153407828,0.0,0.0,1.0,0.5,,1.0,,0.0,,0.0,0.5998389694041868
mlp,6,6,1,0.075,by final end,195,58,137,1.4867115018813228,0.037037037037037035,0.9347826086956522,0.9629629629629629,0.9488727858293076,0.8488819320214671,0.8587374581939801,0.1511180679785329,0.14126254180601994,0.8682692307692308,0.45,0.9911433172302737
mlp,6,6,1,0.075,by earliest stop,195,58,137,1.4867115018813228,0.0,0.0,1.0,0.5,,1.0,,0.0,,0.0,0.6078904991948471
mlp,6,6,1,0.075,fixed horizon 50,195,58,137,1.0026011110092636,0.0,0.021739130434782608,1.0,0.5108695652173914,0.58,0.9908695652173912,0.42000000000000004,0.009130434782608776,,0.01,0.6195652173913043
mlp,6,6,1,0.075,fixed horizon 100,195,58,137,1.0028561213357612,0.0,0.021739130434782608,1.0,0.5108695652173914,0.3,0.9847826086956522,0.7,0.01521739130434785,,0.01,0.5603864734299517
mlp,6,6,1,0.075,fixed horizon 148,195,58,137,1.0077428411698115,0.0,0.0,1.0,0.5,,1.0,,0.0,,0.0,0.5998389694041868
mlp,6,6,1,0.1,by final end,195,58,137,1.6015472091607923,0.05555555555555555,0.9347826086956522,0.9444444444444444,0.9396135265700483,0.7826028622540252,0.7967809364548496,0.2173971377459748,0.2032190635451504,0.8256410256410257,0.46,0.9911433172302737
mlp,6,6,1,0.1,by earliest stop,195,58,137,1.6015472091607923,0.0,0.0,1.0,0.5,,1.0,,0.0,,0.0,0.6078904991948471
mlp,6,6,1,0.1,fixed horizon 50,195,58,137,1.0031412760338156,0.0,0.021739130434782608,1.0,0.5108695652173914,0.6,0.991304347826087,0.4,0.008695652173912993,,0.01,0.6195652173913043
mlp,6,6,1,0.1,fixed horizon 100,195,58,137,1.0032896087885286,0.0,0.0,1.0,0.5,,1.0,,0.0,,0.0,0.5603864734299517
mlp,6,6,1,0.1,fixed horizon 148,195,58,137,1.0106777473486641,0.0,0.0,1.0,0.5,,1.0,,0.0,,0.0,0.5998389694041868
mlp,6,6,1,0.15,by final end,195,58,137,1.640253697761861,0.09259259259259259,0.9782608695652174,0.9074074074074074,0.9428341384863124,0.7009401709401709,0.7074414715719064,0.2990598290598291,0.2925585284280936,0.7026923076923077,0.5,0.9911433172302737
mlp,6,6,1,0.15,by earliest stop,195,58,137,1.640253697761861,0.0,0.0,1.0,0.5,,1.0,,0.0,,0.0,0.6078904991948471
mlp,6,6,1,0.15,fixed horizon 50,195,58,137,1.0102679983104443,0.0,0.0,1.0,0.5,,1.0,,0.0,,0.0,0.6195652173913043
mlp,6,6,1,0.15,fixed horizon 100,195,58,137,1.0191784945552305,0.0,0.0,1.0,0.5,,1.0,,0.0,,0.0,0.5603864734299517
mlp,6,6,1,0.15,fixed horizon 148,195,58,137,1.0191784945552305,0.0,0.0,1.0,0.5,,1.0,,0.0,,0.0,0.5998389694041868
mlp,6,6,1,0.2,by final end,195,58,137,1.5476142664790336,0.1111111111111111,1.0,0.8888888888888888,0.9444444444444444,0.6476588628762543,0.6476588628762543,0.3523411371237457,0.3523411371237457,0.6548076923076923,0.52,0.9911433172302737
mlp,6,6,1,0.2,by earliest stop,195,58,137,1.5476142664790336,0.0,0.0,1.0,0.5,,1.0,,0.0,,0.0,0.6078904991948471
mlp,6,6,1,0.2,fixed horizon 50,195,58,137,1.0270739544798273,0.0,0.0,1.0,0.5,,1.0,,0.0,,0.0,0.6195652173913043
mlp,6,6,1,0.2,fixed horizon 100,195,58,137,1.0192508023078954,0.0,0.0,1.0,0.5,,1.0,,0.0,,0.0,0.5603864734299517
mlp,6,6,1,0.2,fixed horizon 148,195,58,137,1.0191922191070888,0.0,0.0,1.0,0.5,,1.0,,0.0,,0.0,0.5998389694041868
mlp,6,6,1,0.3,by final end,195,58,137,1.6835349271358548,0.14814814814814814,1.0,0.8518518518518519,0.9259259259259259,0.5826086956521738,0.5826086956521738,0.41739130434782623,0.41739130434782623,0.5637019230769231,0.54,0.9911433172302737
mlp,6,6,1,0.3,by earliest stop,195,58,137,1.6835349271358548,0.0,0.0,1.0,0.5,,1.0,,0.0,,0.0,0.6078904991948471
mlp,6,6,1,0.3,fixed horizon 50,195,58,137,1.5229704096302177,0.018518518518518517,0.043478260869565216,0.9814814814814815,0.5124798711755234,0.71,0.9873913043478261,0.29000000000000004,0.012608695652173929,0.72,0.03,0.6195652173913043
mlp,6,6,1,0.3,fixed horizon 100,195,58,137,1.5455499095584637,0.018518518518518517,0.021739130434782608,0.9814814814814815,0.501610305958132,0.36,0.9860869565217392,0.64,0.013913043478260834,0.36,0.02,0.5603864734299517
mlp,6,6,1,0.3,fixed horizon 148,195,58,137,1.5954876196745225,0.037037037037037035,0.043478260869565216,0.9629629629629629,0.5032206119162641,0.9290540540540541,0.996915393654524,0.07094594594594594,0.0030846063454760264,0.9763513513513513,0.04,0.5998389694041868
mlp,6,6,2,0.01,by final end,195,58,137,1.0109018040243305,0.0,0.0,1.0,0.5,,1.0,,0.0,,0.0,0.9911433172302737
mlp,6,6,2,0.01,by earliest stop,195,58,137,1.0109018040243305,0.0,0.0,1.0,0.5,,1.0,,0.0,,0.0,0.6078904991948471
mlp,6,6,2,0.01,fixed horizon 50,195,58,137,1.0000198976437678,0.0,0.0,1.0,0.5,,1.0,,0.0,,0.0,0.6195652173913043
mlp,6,6,2,0.01,fixed horizon 100,195,58,137,1.0000198976437678,0.0,0.0,1.0,0.5,,1.0,,0.0,,0.0,0.5603864734299517
mlp,6,6,2,0.01,fixed horizon 148,195,58,137,1.0000198976437678,0.0,0.0,1.0,0.5,,1.0,,0.0,,0.0,0.5998389694041868
mlp,6,6,2,0.025,by final end,195,58,137,1.009310930661115,0.0,0.021739130434782608,1.0,0.5108695652173914,0.9980769230769231,0.9999581939799331,0.0019230769230769162,4.1806020066870175e-05,,0.01,0.9911433172302737
mlp,6,6,2,0.025,by earliest stop,195,58,137,1.009310930661115,0.0,0.0,1.0,0.5,,1.0,,0.0,,0.0,0.6078904991948471
mlp,6,6,2,0.025,fixed horizon 50,195,58,137,0.9999179886206576,0.0,0.0,1.0,0.5,,1.0,,0.0,,0.0,0.6195652173913043
mlp,6,6,2,0.025,fixed horizon 100,195,58,137,0.9999179886206576,0.0,0.0,1.0,0.5,,1.0,,0.0,,0.0,0.5603864734299517
mlp,6,6,2,0.025,fixed horizon 148,195,58,137,0.9999179886206576,0.0,0.0,1.0,0.5,,1.0,,0.0,,0.0,0.5998389694041868
mlp,6,6,2,0.05,by final end,195,58,137,1.0049364166599883,0.037037037037037035,0.9130434782608695,0.9629629629629629,0.9380032206119162,0.9117673992673991,0.9194397993311035,0.08823260073260086,0.08056020066889646,0.9326923076923077,0.44,0.9911433172302737
mlp,6,6,2,0.05,by earliest stop,195,58,137,1.0049364166599883,0.0,0.0,1.0,0.5,,1.0,,0.0,,0.0,0.6078904991948471
mlp,6,6,2,0.05,fixed horizon 50,195,58,137,0.9998507541526945,0.0,0.0,1.0,0.5,,1.0,,0.0,,0.0,0.6195652173913043
mlp,6,6,2,0.05,fixed horizon 100,195,58,137,1.0013176261569923,0.0,0.0,1.0,0.5,,1.0,,0.0,,0.0,0.5603864734299517
mlp,6,6,2,0.05,fixed horizon 148,195,58,137,1.0013176261569923,0.0,0.0,1.0,0.5,,1.0,,0.0,,0.0,0.5998389694041868
mlp,6,6,2,0.075,by final end,195,58,137,1.1435795650168719,0.037037037037037035,0.9347826086956522,0.9629629629629629,0.9488727858293076,0.815161001788909,0.8272157190635453,0.18483899821109095,0.1727842809364547,0.8336538461538462,0.45,0.9911433172302737
mlp,6,6,2,0.075,by earliest stop,195,58,137,1.1435795650168719,0.0,0.0,1.0,0.5,,1.0,,0.0,,0.0,0.6078904991948471
mlp,6,6,2,0.075,fixed horizon 50,195,58,137,1.0001024980718856,0.0,0.0,1.0,0.5,,1.0,,0.0,,0.0,0.6195652173913043
mlp,6,6,2,0.075,fixed horizon 100,195,58,137,1.0032514930265486,0.0,0.0,1.0,0.5,,1.0,,0.0,,0.0,0.5603864734299517
mlp,6,6,2,0.075,fixed horizon 148,195,58,137,1.0023822252290981,0.0,0.0,1.0,0.5,,1.0,,0.0,,0.0,0.5998389694041868
mlp,6,6,2,0.1,by final end,195,58,137,1.0380998845965348,0.07407407407407407,0.9565217391304348,0.9259259259259259,0.9412238325281803,0.7510489510489511,0.7618729096989967,0.24895104895104891,0.23812709030100332,0.7629807692307692,0.48,0.9911433172302737
mlp,6,6,2,0.1,by earliest stop,195,58,137,1.0380998845965348,0.0,0.0,1.0,0.5,,1.0,,0.0,,0.0,0.6078904991948471
mlp,6,6,2,0.1,fixed horizon 50,195,58,137,0.9999486783542537,0.0,0.0,1.0,0.5,,1.0,,0.0,,0.0,0.6195652173913043
mlp,6,6,2,0.1,fixed horizon 100,195,58,137,1.004008706671869,0.0,0.0,1.0,0.5,,1.0,,0.0,,0.0,0.5603864734299517
mlp,6,6,2,0.1,fixed horizon 148,195,58,137,1.0025887695433378,0.0,0.0,1.0,0.5,,1.0,,0.0,,0.0,0.5998389694041868
mlp,6,6,2,0.15,by final end,195,58,137,1.081406722013202,0.09259259259259259,0.9782608695652174,0.9074074074074074,0.9428341384863124,0.6661965811965812,0.6734531772575252,0.3338034188034188,0.3265468227424748,0.6696153846153845,0.5,0.9911433172302737
mlp,6,6,2,0.15,by earliest stop,195,58,137,1.081406722013202,0.0,0.0,1.0,0.5,,1.0,,0.0,,0.0,0.6078904991948471
mlp,6,6,2,0.15,fixed horizon 50,195,58,137,1.0032439120378112,0.0,0.021739130434782608,1.0,0.5108695652173914,0.58,0.9908695652173912,0.42000000000000004,0.009130434782608776,,0.01,0.6195652173913043
mlp,6,6,2,0.15,fixed horizon 100,195,58,137,1.003631674597053,0.0,0.0,1.0,0.5,,1.0,,0.0,,0.0,0.5603864734299517
mlp,6,6,2,0.15,fixed horizon 148,195,58,137,1.0061383894148832,0.0,0.0,1.0,0.5,,1.0,,0.0,,0.0,0.5998389694041868
mlp,6,6,2,0.2,by final end,195,58,137,1.027106120746104,0.14814814814814814,1.0,0.8518518518518519,0.9259259259259259,0.6169314381270903,0.6169314381270903,0.3830685618729097,0.3830685618729097,0.6050480769230769,0.54,0.9911433172302737
mlp,6,6,2,0.2,by earliest stop,195,58,137,1.027106120746104,0.0,0.0,1.0,0.5,,1.0,,0.0,,0.0,0.6078904991948471
mlp,6,6,2,0.2,fixed horizon 50,195,58,137,1.0071215359802308,0.0,0.0,1.0,0.5,,1.0,,0.0,,0.0,0.6195652173913043
mlp,6,6,2,0.2,fixed horizon 100,195,58,137,1.0138795569140653,0.0,0.0,1.0,0.5,,1.0,,0.0,,0.0,0.5603864734299517
mlp,6,6,2,0.2,fixed horizon 148,195,58,137,1.016245808683364,0.0,0.0,1.0,0.5,,1.0,,0.0,,0.0,0.5998389694041868
mlp,6,6,2,0.3,by final end,195,58,137,1.0090419125530505,0.25925925925925924,1.0,0.7407407407407407,0.8703703703703703,0.5358695652173914,0.5358695652173914,0.4641304347826086,0.4641304347826086,0.521978021978022,0.6,0.9911433172302737
mlp,6,6,2,0.3,by earliest stop,195,58,137,1.0090419125530505,0.0,0.0,1.0,0.5,,1.0,,0.0,,0.0,0.6078904991948471
mlp,6,6,2,0.3,fixed horizon 50,195,58,137,1.0184015413024519,0.018518518518518517,0.043478260869565216,0.9814814814814815,0.5124798711755234,0.97,0.998695652173913,0.030000000000000027,0.0013043478260870156,0.94,0.03,0.6195652173913043
mlp,6,6,2,0.3,fixed horizon 100,195,58,137,1.0832663982508148,0.018518518518518517,0.043478260869565216,0.9814814814814815,0.5124798711755234,0.575,0.9815217391304347,0.42500000000000004,0.018478260869565277,0.54,0.03,0.5603864734299517
mlp,6,6,2,0.3,fixed horizon 148,195,58,137,1.0234802867818165,0.037037037037037035,0.06521739130434782,0.9629629629629629,0.5140901771336553,0.6081081081081081,0.9744418331374854,0.3918918918918919,0.025558166862514553,0.6756756756756757,0.05,0.5998389694041868
mlp,6,6,3,0.01,by final end,195,58,137,1.011278901164178,0.0,0.0,1.0,0.5,,1.0,,0.0,,0.0,0.9911433172302737
mlp,6,6,3,0.01,by earliest stop,195,58,137,1.011278901164178,0.0,0.0,1.0,0.5,,1.0,,0.0,,0.0,0.6078904991948471
mlp,6,6,3,0.01,fixed horizon 50,195,58,137,1.0000267560217566,0.0,0.0,1.0,0.5,,1.0,,0.0,,0.0,0.6195652173913043
mlp,6,6,3,0.01,fixed horizon 100,195,58,137,1.0000267560217566,0.0,0.0,1.0,0.5,,1.0,,0.0,,0.0,0.5603864734299517
mlp,6,6,3,0.01,fixed horizon 148,195,58,137,1.0000267560217566,0.0,0.0,1.0,0.5,,1.0,,0.0,,0.0,0.5998389694041868
mlp,6,6,3,0.025,by final end,195,58,137,1.0057054062663138,0.0,0.08695652173913043,1.0,0.5434782608695652,0.9971153846153846,0.9997491638795986,0.0028846153846153744,0.0002508361204014431,,0.04,0.9911433172302737
mlp,6,6,3,0.025,by earliest stop,195,58,137,1.0057054062663138,0.0,0.0,1.0,0.5,,1.0,,0.0,,0.0,0.6078904991948471
mlp,6,6,3,0.025,fixed horizon 50,195,58,137,0.9998966848308278,0.0,0.0,1.0,0.5,,1.0,,0.0,,0.0,0.6195652173913043
mlp,6,6,3,0.025,fixed horizon 100,195,58,137,0.9998966848308278,0.0,0.0,1.0,0.5,,1.0,,0.0,,0.0,0.5603864734299517
mlp,6,6,3,0.025,fixed horizon 148,195,58,137,0.9998966848308278,0.0,0.0,1.0,0.5,,1.0,,0.0,,0.0,0.5998389694041868
mlp,6,6,3,0.05,by final end,195,58,137,1.000015758402203,0.018518518518518517,0.8695652173913043,0.9814814814814815,0.9255233494363929,0.9216826923076923,0.9318979933110367,0.07831730769230771,0.06810200668896327,0.9519230769230769,0.41,0.9911433172302737
mlp,6,6,3,0.05,by earliest stop,195,58,137,1.000015758402203,0.0,0.0,1.0,0.5,,1.0,,0.0,,0.0,0.6078904991948471
mlp,6,6,3,0.05,fixed horizon 50,195,58,137,0.9996954629268038,0.0,0.0,1.0,0.5,,1.0,,0.0,,0.0,0.6195652173913043
mlp,6,6,3,0.05,fixed horizon 100,195,58,137,0.9997887821221313,0.0,0.0,1.0,0.5,,1.0,,0.0,,0.0,0.5603864734299517
mlp,6,6,3,0.05,fixed horizon 148,195,58,137,0.9999162200317785,0.0,0.0,1.0,0.5,,1.0,,0.0,,0.0,0.5998389694041868
mlp,6,6,3,0.075,by final end,195,58,137,0.9997916627116885,0.037037037037037035,0.9130434782608695,0.9629629629629629,0.9380032206119162,0.8976648351648352,0.9065635451505017,0.1023351648351648,0.09343645484949825,0.9192307692307693,0.44,0.9911433172302737
mlp,6,6,3,0.075,by earliest stop,195,58,137,0.9997916627116885,0.0,0.0,1.0,0.5,,1.0,,0.0,,0.0,0.6078904991948471
mlp,6,6,3,0.075,fixed horizon 50,195,58,137,0.9998808130078581,0.0,0.021739130434782608,1.0,0.5108695652173914,0.52,0.9895652173913042,0.48,0.010434782608695792,,0.01,0.6195652173913043
mlp,6,6,3,0.075,fixed horizon 100,195,58,137,0.9996221489690359,0.0,0.0,1.0,0.5,,1.0,,0.0,,0.0,0.5603864734299517
mlp,6,6,3,0.075,fixed horizon 148,195,58,137,0.9996533564999456,0.0,0.0,1.0,0.5,,1.0,,0.0,,0.0,0.5998389694041868
mlp,6,6,3,0.1,by final end,195,58,137,0.9994042768860397,0.037037037037037035,0.9130434782608695,0.9629629629629629,0.9380032206119162,0.8638736263736262,0.875710702341137,0.1361263736263738,0.12428929765886298,0.9057692307692308,0.44,0.9911433172302737
mlp,6,6,3,0.1,by earliest stop,195,58,137,0.9994042768860397,0.0,0.021739130434782608,1.0,0.5108695652173914,0.08421052631578947,0.9800915331807779,0.9157894736842105,0.019908466819222093,,0.01,0.6078904991948471
mlp,6,6,3,0.1,fixed horizon 50,195,58,137,0.9995258126203597,0.0,0.021739130434782608,1.0,0.5108695652173914,0.32,0.9852173913043478,0.6799999999999999,0.014782608695652177,,0.01,0.6195652173913043
mlp,6,6,3,0.1,fixed horizon 100,195,58,137,0.9997263964678059,0.0,0.021739130434782608,1.0,0.5108695652173914,0.26,0.9839130434782608,0.74,0.016086956521739193,,0.01,0.5603864734299517
mlp,6,6,3,0.1,fixed horizon 148,195,58,137,0.999492304659278,0.0,0.021739130434782608,1.0,0.5108695652173914,0.10810810810810811,0.9806110458284373,0.8918918918918919,0.019388954171562722,,0.01,0.5998389694041868
mlp,6,6,3,0.15,by final end,195,58,137,0.9989570990379184,0.07407407407407407,0.9347826086956522,0.9259259259259259,0.9303542673107891,0.7661001788908766,0.7813545150501671,0.23389982110912344,0.21864548494983294,0.8110576923076923,0.47,0.9911433172302737
mlp,6,6,3,0.15,by earliest stop,195,58,137,0.9989570990379184,0.0,0.043478260869565216,1.0,0.5217391304347826,0.08421052631578947,0.960183066361556,0.9157894736842105,0.03981693363844396,,0.02,0.6078904991948471
mlp,6,6,3,0.15,fixed horizon 50,195,58,137,0.9990921558109959,0.0,0.021739130434782608,1.0,0.5108695652173914,0.32,0.9852173913043478,0.6799999999999999,0.014782608695652177,,0.01,0.6195652173913043
mlp,6,6,3,0.15,fixed horizon 100,195,58,137,0.999148595461614,0.0,0.021739130434782608,1.0,0.5108695652173914,0.16,0.9817391304347826,0.84,0.01826086956521744,,0.01,0.5603864734299517
mlp,6,6,3,0.15,fixed horizon 148,195,58,137,0.99894666746648,0.0,0.043478260869565216,1.0,0.5217391304347826,0.10810810810810811,0.9612220916568743,0.8918918918918919,0.03877790834312567,,0.02,0.5998389694041868
mlp,6,6,3,0.2,by final end,195,58,137,0.9978513502841165,0.09259259259259259,0.9565217391304348,0.9074074074074074,0.9319645732689211,0.7038024475524476,0.7166806020066889,0.2961975524475524,0.2833193979933111,0.7419230769230769,0.49,0.9911433172302737
mlp,6,6,3,0.2,by earliest stop,195,58,137,0.9978513502841165,0.0,0.043478260869565216,1.0,0.5217391304347826,0.08421052631578947,0.960183066361556,0.9157894736842105,0.03981693363844396,,0.02,0.6078904991948471
mlp,6,6,3,0.2,fixed horizon 50,195,58,137,0.9981987495311145,0.0,0.043478260869565216,1.0,0.5217391304347826,0.32,0.9704347826086956,0.6799999999999999,0.029565217391304355,,0.02,0.6195652173913043
mlp,6,6,3,0.2,fixed horizon 100,195,58,137,0.99809568579869,0.0,0.043478260869565216,1.0,0.5217391304347826,0.16,0.9634782608695652,0.84,0.03652173913043477,,0.02,0.5603864734299517
mlp,6,6,3,0.2,fixed horizon 148,195,58,137,0.9985993016126978,0.0,0.043478260869565216,1.0,0.5217391304347826,0.10810810810810811,0.9612220916568743,0.8918918918918919,0.03877790834312567,,0.02,0.5998389694041868
mlp,6,6,3,0.3,by final end,195,58,137,0.985412543962118,0.16666666666666666,0.9782608695652174,0.8333333333333334,0.9057971014492754,0.5488034188034189,0.5586120401337792,0.4511965811965811,0.4413879598662208,0.5136752136752136,0.54,0.9911433172302737
mlp,6,6,3,0.3,by earliest stop,195,58,137,0.985412543962118,0.018518518518518517,0.06521739130434782,0.9814814814814815,0.5233494363929146,0.07894736842105263,0.9399313501144166,0.9210526315789473,0.06006864988558336,0.14210526315789473,0.04,0.6078904991948471
mlp,6,6,3,0.3,fixed horizon 50,195,58,137,0.9683468860551129,0.05555555555555555,0.10869565217391304,0.9444444444444444,0.5265700483091788,0.30800000000000005,0.9247826086956522,0.692,0.07521739130434779,0.30666666666666664,0.08,0.6195652173913043
mlp,6,6,3,0.3,fixed horizon 100,195,58,137,0.9716017073967189,0.05555555555555555,0.13043478260869565,0.9444444444444444,0.53743961352657,0.24333333333333332,0.9013043478260869,0.7566666666666667,0.09869565217391307,0.15333333333333332,0.09,0.5603864734299517
mlp,6,6,3,0.3,fixed horizon 148,195,58,137,0.9722984639514523,0.05555555555555555,0.15217391304347827,0.9444444444444444,0.5483091787439613,0.2519305019305019,0.8861633372502938,0.7480694980694981,0.11383666274970616,0.10360360360360361,0.1,0.5998389694041868
mlp,6,6,4,0.01,by final end,195,58,137,1.007011600418458,0.0,0.08695652173913043,1.0,0.5434782608695652,0.9913461538461539,0.999247491638796,0.008653846153846123,0.0007525083612039962,,0.04,0.9911433172302737
mlp,6,6,4,0.01,by earliest stop,195,58,137,1.007011600418458,0.0,0.0,1.0,0.5,,1.0,,0.0,,0.0,0.6078904991948471
mlp,6,6,4,0.01,fixed horizon 50,195,58,137,1.0000319521480834,0.0,0.0,1.0,0.5,,1.0,,0.0,,0.0,0.6195652173913043
mlp,6,6,4,0.01,fixed horizon 100,195,58,137,1.0000319521480834,0.0,0.0,1.0,0.5,,1.0,,0.0,,0.0,0.5603864734299517
mlp,6,6,4,0.01,fixed horizon 148,195,58,137,1.0000319521480834,0.0,0.0,1.0,0.5,,1.0,,0.0,,0.0,0.5998389694041868
mlp,6,6,4,0.025,by final end,195,58,137,1.0010237335392262,0.0,0.13043478260869565,1.0,0.5652173913043478,0.9907051282051283,0.9987876254180602,0.00929487179487165,0.0012123745819397902,,0.06,0.9911433172302737
mlp,6,6,4,0.025,by earliest stop,195,58,137,1.0010237335392262,0.0,0.0,1.0,0.5,,1.0,,0.0,,0.0,0.6078904991948471
mlp,6,6,4,0.025,fixed horizon 50,195,58,137,0.9999820645015591,0.0,0.0,1.0,0.5,,1.0,,0.0,,0.0,0.6195652173913043
mlp,6,6,4,0.025,fixed horizon 100,195,58,137,0.9999820645015591,0.0,0.0,1.0,0.5,,1.0,,0.0,,0.0,0.5603864734299517
mlp,6,6,4,0.025,fixed horizon 148,195,58,137,0.9999820645015591,0.0,0.0,1.0,0.5,,1.0,,0.0,,0.0,0.5998389694041868
mlp,6,6,4,0.05,by final end,195,58,137,1.0000385735600603,0.037037037037037035,0.9130434782608695,0.9629629629629629,0.9380032206119162,0.9087454212454213,0.916680602006689,0.09125457875457865,0.083319397993311,0.9298076923076923,0.44,0.9911433172302737
mlp,6,6,4,0.05,by earliest stop,195,58,137,1.0000385735600603,0.0,0.0,1.0,0.5,,1.0,,0.0,,0.0,0.6078904991948471
mlp,6,6,4,0.05,fixed horizon 50,195,58,137,0.9999653968686354,0.0,0.0,1.0,0.5,,1.0,,0.0,,0.0,0.6195652173913043
mlp,6,6,4,0.05,fixed horizon 100,195,58,137,0.9999653968686354,0.0,0.0,1.0,0.5,,1.0,,0.0,,0.0,0.5603864734299517
mlp,6,6,4,0.05,fixed horizon 148,195,58,137,1.0000044787887343,0.0,0.0,1.0,0.5,,1.0,,0.0,,0.0,0.5998389694041868
mlp,6,6,4,0.075,by final end,195,58,137,1.0875236275505902,0.037037037037037035,0.9347826086956522,0.9629629629629629,0.9488727858293076,0.8037567084078711,0.8165551839464882,0.19624329159212894,0.18344481605351182,0.8182692307692307,0.45,0.9911433172302737
mlp,6,6,4,0.075,by earliest stop,195,58,137,1.0875236275505902,0.0,0.0,1.0,0.5,,1.0,,0.0,,0.0,0.6078904991948471
mlp,6,6,4,0.075,fixed horizon 50,195,58,137,1.0000513307256678,0.0,0.021739130434782608,1.0,0.5108695652173914,0.54,0.99,0.45999999999999996,0.010000000000000009,,0.01,0.6195652173913043
mlp,6,6,4,0.075,fixed horizon 100,195,58,137,1.0000217187514888,0.0,0.0,1.0,0.5,,1.0,,0.0,,0.0,0.5603864734299517
mlp,6,6,4,0.075,fixed horizon 148,195,58,137,1.000093296684493,0.0,0.0,1.0,0.5,,1.0,,0.0,,0.0,0.5998389694041868
mlp,6,6,4,0.1,by final end,195,58,137,1.0003555363281458,0.07407407407407407,0.9565217391304348,0.9259259259259259,0.9412238325281803,0.7619318181818181,0.7722826086956521,0.2380681818181819,0.22771739130434787,0.7711538461538462,0.48,0.9911433172302737
mlp,6,6,4,0.1,by earliest stop,195,58,137,1.0003555363281458,0.0,0.0,1.0,0.5,,1.0,,0.0,,0.0,0.6078904991948471
mlp,6,6,4,0.1,fixed horizon 50,195,58,137,0.9999998602324391,0.0,0.021739130434782608,1.0,0.5108695652173914,0.54,0.99,0.45999999999999996,0.010000000000000009,,0.01,0.6195652173913043
mlp,6,6,4,0.1,fixed horizon 100,195,58,137,0.9999512591927422,0.0,0.0,1.0,0.5,,1.0,,0.0,,0.0,0.5603864734299517
mlp,6,6,4,0.1,fixed horizon 148,195,58,137,1.0000035572237724,0.0,0.0,1.0,0.5,,1.0,,0.0,,0.0,0.5998389694041868
mlp,6,6,4,0.15,by final end,195,58,137,1.0031947416964584,0.09259259259259259,0.9782608695652174,0.9074074074074074,0.9428341384863124,0.6667948717948718,0.6740384615384616,0.33320512820512815,0.3259615384615384,0.67,0.5,0.9911433172302737
mlp,6,6,4,0.15,by earliest stop,195,58,137,1.0031947416964584,0.0,0.0,1.0,0.5,,1.0,,0.0,,0.0,0.6078904991948471
mlp,6,6,4,0.15,fixed horizon 50,195,58,137,1.0013702704690695,0.0,0.021739130434782608,1.0,0.5108695652173914,0.54,0.99,0.45999999999999996,0.010000000000000009,,0.01,0.6195652173913043
mlp,6,6,4,0.15,fixed horizon 100,195,58,137,1.0019134344469385,0.0,0.021739130434782608,1.0,0.5108695652173914,0.27,0.9841304347826086,0.73,0.015869565217391357,,0.01,0.5603864734299517
mlp,6,6,4,0.15,fixed horizon 148,195,58,137,1.0001903931391882,0.0,0.0,1.0,0.5,,1.0,,0.0,,0.0,0.5998389694041868
mlp,6,6,4,0.2,by final end,195,58,137,1.026827638883421,0.14814814814814814,1.0,0.8518518518518519,0.9259259259259259,0.6169732441471572,0.6169732441471572,0.38302675585284285,0.38302675585284285,0.6050480769230769,0.54,0.9911433172302737
mlp,6,6,4,0.2,by earliest stop,195,58,137,1.026827638883421,0.0,0.0,1.0,0.5,,1.0,,0.0,,0.0,0.6078904991948471
mlp,6,6,4,0.2,fixed horizon 50,195,58,137,1.0120995654001055,0.018518518518518517,0.0,0.9814814814814815,0.49074074074074076,,1.0,,0.0,0.92,0.01,0.6195652173913043
mlp,6,6,4,0.2,fixed horizon 100,195,58,137,1.0175053844498867,0.018518518518518517,0.0,0.9814814814814815,0.49074074074074076,,1.0,,0.0,0.54,0.01,0.5603864734299517
mlp,6,6,4,0.2,fixed horizon 148,195,58,137,1.0130859772583514,0.0,0.0,1.0,0.5,,1.0,,0.0,,0.0,0.5998389694041868
mlp,6,6,4,0.3,by final end,195,58,137,1.025744709790963,0.25925925925925924,1.0,0.7407407407407407,0.8703703703703703,0.538628762541806,0.538628762541806,0.461371237458194,0.461371237458194,0.5245879120879121,0.6,0.9911433172302737
mlp,6,6,4,0.3,by earliest stop,195,58,137,1.025744709790963,0.0,0.0,1.0,0.5,,1.0,,0.0,,0.0,0.6078904991948471
mlp,6,6,4,0.3,fixed horizon 50,195,58,137,1.1617453219360465,0.018518518518518517,0.021739130434782608,0.9814814814814815,0.501610305958132,0.78,0.9952173913043478,0.21999999999999997,0.0047826086956521685,0.78,0.02,0.6195652173913043
mlp,6,6,4,0.3,fixed horizon 100,195,58,137,1.1320189126651201,0.0,0.06521739130434782,1.0,0.532608695652174,0.9466666666666667,0.9965217391304347,0.053333333333333344,0.003478260869565264,,0.03,0.5603864734299517
mlp,6,6,4,0.3,fixed horizon 148,195,58,137,1.2421958195923,0.0,0.043478260869565216,1.0,0.5217391304347826,0.9391891891891893,0.9973560517038778,0.060810810810810745,0.002643948296122245,,0.02,0.5998389694041868
mlp,6,6,5,0.01,by final end,195,58,137,1.000921835619127,0.0,0.08695652173913043,1.0,0.5434782608695652,0.9966346153846154,0.9997073578595317,0.0033653846153846034,0.00029264214046831327,,0.04,0.9911433172302737
mlp,6,6,5,0.01,by earliest stop,195,58,137,1.000921835619127,0.0,0.0,1.0,0.5,,1.0,,0.0,,0.0,0.6078904991948471
mlp,6,6,5,0.01,fixed horizon 50,195,58,137,0.9999957134267002,0.0,0.0,1.0,0.5,,1.0,,0.0,,0.0,0.6195652173913043
mlp,6,6,5,0.01,fixed horizon 100,195,58,137,1.0002987649707498,0.0,0.0,1.0,0.5,,1.0,,0.0,,0.0,0.5603864734299517
mlp,6,6,5,0.01,fixed horizon 148,195,58,137,1.0005002679288073,0.0,0.0,1.0,0.5,,1.0,,0.0,,0.0,0.5998389694041868
mlp,6,6,5,0.025,by final end,195,58,137,1.000293744984436,0.0,0.08695652173913043,1.0,0.5434782608695652,0.9961538461538462,0.9996655518394648,0.0038461538461538325,0.00033444816053518345,,0.04,0.9911433172302737
mlp,6,6,5,0.025,by earliest stop,195,58,137,1.000293744984436,0.0,0.0,1.0,0.5,,1.0,,0.0,,0.0,0.6078904991948471
mlp,6,6,5,0.025,fixed horizon 50,195,58,137,0.9999133169995189,0.0,0.0,1.0,0.5,,1.0,,0.0,,0.0,0.6195652173913043
mlp,6,6,5,0.025,fixed horizon 100,195,58,137,1.0000176947309276,0.0,0.0,1.0,0.5,,1.0,,0.0,,0.0,0.5603864734299517
mlp,6,6,5,0.025,fixed horizon 148,195,58,137,1.000067672384746,0.0,0.0,1.0,0.5,,1.0,,0.0,,0.0,0.5998389694041868
mlp,6,6,5,0.05,by final end,195,58,137,0.9999800879428336,0.0,0.08695652173913043,1.0,0.5434782608695652,0.9932692307692308,0.9994147157190636,0.006730769230769207,0.0005852842809364045,,0.04,0.9911433172302737
mlp,6,6,5,0.05,by earliest stop,195,58,137,0.9999800879428336,0.0,0.0,1.0,0.5,,1.0,,0.0,,0.0,0.6078904991948471
mlp,6,6,5,0.05,fixed horizon 50,195,58,137,0.9996816765078944,0.0,0.0,1.0,0.5,,1.0,,0.0,,0.0,0.6195652173913043
mlp,6,6,5,0.05,fixed horizon 100,195,58,137,0.9998336437396316,0.0,0.0,1.0,0.5,,1.0,,0.0,,0.0,0.5603864734299517
mlp,6,6,5,0.05,fixed horizon 148,195,58,137,0.999906494589182,0.0,0.0,1.0,0.5,,1.0,,0.0,,0.0,0.5998389694041868
mlp,6,6,5,0.075,by final end,195,58,137,0.9996710452496903,0.0,0.45652173913043476,1.0,0.7282608695652174,0.9752747252747253,0.9887123745819397,0.02472527472527475,0.011287625418060276,,0.21,0.9911433172302737
mlp,6,6,5,0.075,by earliest stop,195,58,137,0.9996710452496903,0.0,0.0,1.0,0.5,,1.0,,0.0,,0.0,0.6078904991948471
mlp,6,6,5,0.075,fixed horizon 50,195,58,137,1.0007316658036165,0.0,0.021739130434782608,1.0,0.5108695652173914,0.46,0.9882608695652174,0.54,0.011739130434782585,,0.01,0.6195652173913043
mlp,6,6,5,0.075,fixed horizon 100,195,58,137,1.0000226608414313,0.0,0.0,1.0,0.5,,1.0,,0.0,,0.0,0.5603864734299517
mlp,6,6,5,0.075,fixed horizon 148,195,58,137,1.0000207603367368,0.0,0.0,1.0,0.5,,1.0,,0.0,,0.0,0.5998389694041868
mlp,6,6,5,0.1,by final end,195,58,137,1.0000146291251186,0.037037037037037035,0.9130434782608695,0.9629629629629629,0.9380032206119162,0.9087454212454213,0.916680602006689,0.09125457875457865,0.083319397993311,0.9298076923076923,0.44,0.9911433172302737
mlp,6,6,5,0.1,by earliest stop,195,58,137,1.0000146291251186,0.0,0.0,1.0,0.5,,1.0,,0.0,,0.0,0.6078904991948471
mlp,6,6,5,0.1,fixed horizon 50,195,58,137,1.0004519951684816,0.0,0.021739130434782608,1.0,0.5108695652173914,0.46,0.9882608695652174,0.54,0.011739130434782585,,0.01,0.6195652173913043
mlp,6,6,5,0.1,fixed horizon 100,195,58,137,0.9997014224441431,0.0,0.0,1.0,0.5,,1.0,,0.0,,0.0,0.5603864734299517
mlp,6,6,5,0.1,fixed horizon 148,195,58,137,0.9997014224441431,0.0,0.0,1.0,0.5,,1.0,,0.0,,0.0,0.5998389694041868
mlp,6,6,5,0.15,by final end,195,58,137,0.9999942929281669,0.09259259259259259,0.9782608695652174,0.9074074074074074,0.9428341384863124,0.7167094017094017,0.7228678929765886,0.28329059829059833,0.2771321070234114,0.7107692307692308,0.5,0.9911433172302737
mlp,6,6,5,0.15,by earliest stop,195,58,137,0.9999942929281669,0.0,0.0,1.0,0.5,,1.0,,0.0,,0.0,0.6078904991948471
mlp,6,6,5,0.15,fixed horizon 50,195,58,137,0.9995721967007453,0.0,0.043478260869565216,1.0,0.5217391304347826,0.46,0.9765217391304348,0.54,0.02347826086956517,,0.02,0.6195652173913043
mlp,6,6,5,0.15,fixed horizon 100,195,58,137,0.9989168545403531,0.0,0.021739130434782608,1.0,0.5108695652173914,0.23,0.9832608695652175,0.77,0.01673913043478248,,0.01,0.5603864734299517
mlp,6,6,5,0.15,fixed horizon 148,195,58,137,0.9994969306415797,0.0,0.0,1.0,0.5,,1.0,,0.0,,0.0,0.5998389694041868
mlp,6,6,5,0.2,by final end,195,58,137,0.999211573612069,0.09259259259259259,0.9782608695652174,0.9074074074074074,0.9428341384863124,0.6513675213675214,0.6589464882943143,0.3486324786324786,0.34105351170568565,0.6684615384615384,0.5,0.9911433172302737
mlp,6,6,5,0.2,by earliest stop,195,58,137,0.999211573612069,0.0,0.021739130434782608,1.0,0.5108695652173914,0.12105263157894737,0.9808924485125858,0.8789473684210526,0.019107551487414165,,0.01,0.6078904991948471
mlp,6,6,5,0.2,fixed horizon 50,195,58,137,0.9969616664938739,0.0,0.043478260869565216,1.0,0.5217391304347826,0.46,0.9765217391304348,0.54,0.02347826086956517,,0.02,0.6195652173913043
mlp,6,6,5,0.2,fixed horizon 100,195,58,137,0.9977062149991658,0.0,0.043478260869565216,1.0,0.5217391304347826,0.23,0.9665217391304348,0.77,0.03347826086956518,,0.02,0.5603864734299517
mlp,6,6,5,0.2,fixed horizon 148,195,58,137,0.9987810028372264,0.0,0.021739130434782608,1.0,0.5108695652173914,0.1554054054054054,0.9816392479435957,0.8445945945945946,0.018360752056404306,,0.01,0.5998389694041868
mlp,6,6,5,0.3,by final end,195,58,137,0.9995085397022684,0.16666666666666666,0.9782608695652174,0.8333333333333334,0.9057971014492754,0.5338034188034187,0.543938127090301,0.46619658119658125,0.456061872909699,0.5344017094017094,0.54,0.9911433172302737
mlp,6,6,5,0.3,by earliest stop,195,58,137,0.9995085397022684,0.0,0.043478260869565216,1.0,0.5217391304347826,0.12105263157894737,0.9617848970251717,0.8789473684210526,0.03821510297482833,,0.02,0.6078904991948471
mlp,6,6,5,0.3,fixed horizon 50,195,58,137,0.9639209884511405,0.018518518518518517,0.10869565217391304,0.9814814814814815,0.5450885668276972,0.44000000000000006,0.9391304347826087,0.5599999999999999,0.060869565217391286,0.44,0.06,0.6195652173913043
mlp,6,6,5,0.3,fixed horizon 100,195,58,137,0.9793582874923151,0.018518518518518517,0.06521739130434782,0.9814814814814815,0.5233494363929146,0.4533333333333333,0.9643478260869565,0.5466666666666666,0.03565217391304354,0.23,0.04,0.5603864734299517
mlp,6,6,5,0.3,fixed horizon 148,195,58,137,0.9763923756227084,0.018518518518518517,0.08695652173913043,0.9814814814814815,0.534219001610306,0.47297297297297297,0.954171562867215,0.527027027027027,0.04582843713278495,0.1554054054054054,0.05,0.5998389694041868
mlp,6,6,6,0.01,by final end,195,58,137,1.0072940174824816,0.0,0.08695652173913043,1.0,0.5434782608695652,0.9913461538461539,0.999247491638796,0.008653846153846123,0.0007525083612039962,,0.04,0.9911433172302737
mlp,6,6,6,0.01,by earliest stop,195,58,137,1.0072940174824816,0.0,0.0,1.0,0.5,,1.0,,0.0,,0.0,0.6078904991948471
mlp,6,6,6,0.01,fixed horizon 50,195,58,137,1.0003491261809272,0.0,0.0,1.0,0.5,,1.0,,0.0,,0.0,0.6195652173913043
mlp,6,6,6,0.01,fixed horizon 100,195,58,137,1.0003682978680677,0.0,0.0,1.0,0.5,,1.0,,0.0,,0.0,0.5603864734299517
mlp,6,6,6,0.01,fixed horizon 148,195,58,137,1.0005557545060313,0.0,0.0,1.0,0.5,,1.0,,0.0,,0.0,0.5998389694041868
mlp,6,6,6,0.025,by final end,195,58,137,1.0011981029168286,0.0,0.13043478260869565,1.0,0.5652173913043478,0.9907051282051283,0.9987876254180602,0.00929487179487165,0.0012123745819397902,,0.06,0.9911433172302737
mlp,6,6,6,0.025,by earliest stop,195,58,137,1.0011981029168286,0.0,0.0,1.0,0.5,,1.0,,0.0,,0.0,0.6078904991948471
mlp,6,6,6,0.025,fixed horizon 50,195,58,137,1.0001573190466995,0.0,0.0,1.0,0.5,,1.0,,0.0,,0.0,0.6195652173913043
mlp,6,6,6,0.025,fixed horizon 100,195,58,137,1.0003355287334925,0.0,0.0,1.0,0.5,,1.0,,0.0,,0.0,0.5603864734299517
mlp,6,6,6,0.025,fixed horizon 148,195,58,137,1.0003656040360966,0.0,0.0,1.0,0.5,,1.0,,0.0,,0.0,0.5998389694041868
mlp,6,6,6,0.05,by final end,195,58,137,1.006435144942094,0.037037037037037035,0.9130434782608695,0.9629629629629629,0.9380032206119162,0.8883241758241758,0.8980351170568561,0.11167582417582422,0.10196488294314388,0.9096153846153846,0.44,0.9911433172302737
mlp,6,6,6,0.05,by earliest stop,195,58,137,1.006435144942094,0.0,0.0,1.0,0.5,,1.0,,0.0,,0.0,0.6078904991948471
mlp,6,6,6,0.05,fixed horizon 50,195,58,137,1.0009782981131858,0.0,0.0,1.0,0.5,,1.0,,0.0,,0.0,0.6195652173913043
mlp,6,6,6,0.05,fixed horizon 100,195,58,137,1.0001981199449765,0.0,0.0,1.0,0.5,,1.0,,0.0,,0.0,0.5603864734299517
mlp,6,6,6,0.05,fixed horizon 148,195,58,137,1.0002285112010962,0.0,0.0,1.0,0.5,,1.0,,0.0,,0.0,0.5998389694041868
mlp,6,6,6,0.075,by final end,195,58,137,1.0762226451352126,0.037037037037037035,0.9347826086956522,0.9629629629629629,0.9488727858293076,0.8111806797853309,0.8234949832775922,0.18881932021466907,0.17650501672240781,0.8298076923076922,0.45,0.9911433172302737
mlp,6,6,6,0.075,by earliest stop,195,58,137,1.0762226451352126,0.0,0.0,1.0,0.5,,1.0,,0.0,,0.0,0.6078904991948471
mlp,6,6,6,0.075,fixed horizon 50,195,58,137,1.0012650832822974,0.0,0.021739130434782608,1.0,0.5108695652173914,0.54,0.99,0.45999999999999996,0.010000000000000009,,0.01,0.6195652173913043
mlp,6,6,6,0.075,fixed horizon 100,195,58,137,1.001358368232281,0.0,0.021739130434782608,1.0,0.5108695652173914,0.27,0.9841304347826086,0.73,0.015869565217391357,,0.01,0.5603864734299517
mlp,6,6,6,0.075,fixed horizon 148,195,58,137,1.0005333447801508,0.0,0.0,1.0,0.5,,1.0,,0.0,,0.0,0.5998389694041868
mlp,6,6,6,0.1,by final end,195,58,137,1.023013236626269,0.09259259259259259,0.9565217391304348,0.9074074074074074,0.9319645732689211,0.744798951048951,0.7558946488294316,0.255201048951049,0.24410535117056842,0.7526923076923078,0.49,0.9911433172302737
mlp,6,6,6,0.1,by earliest stop,195,58,137,1.023013236626269,0.0,0.0,1.0,0.5,,1.0,,0.0,,0.0,0.6078904991948471
mlp,6,6,6,0.1,fixed horizon 50,195,58,137,1.0008226268254672,0.0,0.021739130434782608,1.0,0.5108695652173914,0.54,0.99,0.45999999999999996,0.010000000000000009,,0.01,0.6195652173913043
mlp,6,6,6,0.1,fixed horizon 100,195,58,137,1.001425125690706,0.0,0.021739130434782608,1.0,0.5108695652173914,0.28,0.9843478260869566,0.72,0.01565217391304341,,0.01,0.5603864734299517
mlp,6,6,6,0.1,fixed horizon 148,195,58,137,1.0003630715114498,0.0,0.0,1.0,0.5,,1.0,,0.0,,0.0,0.5998389694041868
mlp,6,6,6,0.15,by final end,195,58,137,1.1046295227180425,0.09259259259259259,0.9782608695652174,0.9074074074074074,0.9428341384863124,0.6707692307692308,0.6779264214046823,0.3292307692307692,0.3220735785953177,0.6738461538461539,0.5,0.9911433172302737
mlp,6,6,6,0.15,by earliest stop,195,58,137,1.1046295227180425,0.0,0.0,1.0,0.5,,1.0,,0.0,,0.0,0.6078904991948471
mlp,6,6,6,0.15,fixed horizon 50,195,58,137,1.0019042507068041,0.0,0.021739130434782608,1.0,0.5108695652173914,0.54,0.99,0.45999999999999996,0.010000000000000009,,0.01,0.6195652173913043
mlp,6,6,6,0.15,fixed horizon 100,195,58,137,1.001384398422545,0.0,0.021739130434782608,1.0,0.5108695652173914,0.27,0.9841304347826086,0.73,0.015869565217391357,,0.01,0.5603864734299517
mlp,6,6,6,0.15,fixed horizon 148,195,58,137,1.001722505930985,0.0,0.0,1.0,0.5,,1.0,,0.0,,0.0,0.5998389694041868
mlp,6,6,6,0.2,by final end,195,58,137,1.0119908209985355,0.14814814814814814,1.0,0.8518518518518519,0.9259259259259259,0.6047240802675585,0.6047240802675585,0.39527591973244147,0.39527591973244147,0.5908653846153846,0.54,0.9911433172302737
mlp,6,6,6,0.2,by earliest stop,195,58,137,1.0119908209985355,0.0,0.0,1.0,0.5,,1.0,,0.0,,0.0,0.6078904991948471
mlp,6,6,6,0.2,fixed horizon 50,195,58,137,1.0056555361895434,0.0,0.021739130434782608,1.0,0.5108695652173914,0.86,0.9969565217391304,0.14,0.003043478260869592,,0.01,0.6195652173913043
mlp,6,6,6,0.2,fixed horizon 100,195,58,137,1.0038561791547544,0.0,0.021739130434782608,1.0,0.5108695652173914,0.29,0.9845652173913043,0.71,0.015434782608695685,,0.01,0.5603864734299517
mlp,6,6,6,0.2,fixed horizon 148,195,58,137,1.0052627785642372,0.0,0.0,1.0,0.5,,1.0,,0.0,,0.0,0.5998389694041868
mlp,6,6,6,0.3,by final end,195,58,137,0.9974186490393416,0.2037037037037037,1.0,0.7962962962962963,0.8981481481481481,0.5438963210702341,0.5438963210702341,0.4561036789297659,0.4561036789297659,0.5576923076923076,0.57,0.9911433172302737
mlp,6,6,6,0.3,by earliest stop,195,58,137,0.9974186490393416,0.0,0.043478260869565216,1.0,0.5217391304347826,0.11052631578947368,0.9613272311212815,0.8894736842105263,0.03867276887871851,,0.02,0.6078904991948471
mlp,6,6,6,0.3,fixed horizon 50,195,58,137,1.0617542140245704,0.018518518518518517,0.06521739130434782,0.9814814814814815,0.5233494363929146,0.5666666666666668,0.9717391304347827,0.43333333333333324,0.02826086956521734,0.56,0.04,0.6195652173913043
mlp,6,6,6,0.3,fixed horizon 100,195,58,137,1.076874189290289,0.018518518518518517,0.043478260869565216,0.9814814814814815,0.5124798711755234,0.525,0.9793478260869565,0.475,0.020652173913043526,0.48,0.03,0.5603864734299517
mlp,6,6,6,0.3,fixed horizon 148,195,58,137,1.076874189290289,0.018518518518518517,0.043478260869565216,0.9814814814814815,0.5124798711755234,0.3547297297297297,0.9719447708578144,0.6452702702702703,0.02805522914218561,0.32432432432432434,0.03,0.5998389694041868
mlp,6,6,7,0.01,by final end,195,58,137,1.057880463001935,0.0,0.08695652173913043,1.0,0.5434782608695652,0.9913461538461539,0.999247491638796,0.008653846153846123,0.0007525083612039962,,0.04,0.9911433172302737
mlp,6,6,7,0.01,by earliest stop,195,58,137,1.057880463001935,0.0,0.0,1.0,0.5,,1.0,,0.0,,0.0,0.6078904991948471
mlp,6,6,7,0.01,fixed horizon 50,195,58,137,1.0000301480110978,0.0,0.0,1.0,0.5,,1.0,,0.0,,0.0,0.6195652173913043
mlp,6,6,7,0.01,fixed horizon 100,195,58,137,1.0000301480110978,0.0,0.0,1.0,0.5,,1.0,,0.0,,0.0,0.5603864734299517
mlp,6,6,7,0.01,fixed horizon 148,195,58,137,1.0000301480110978,0.0,0.0,1.0,0.5,,1.0,,0.0,,0.0,0.5998389694041868
mlp,6,6,7,0.025,by final end,195,58,137,1.0054895266984185,0.0,0.43478260869565216,1.0,0.717391304347826,0.9779807692307692,0.9904264214046823,0.022019230769230846,0.009573578595317711,,0.2,0.9911433172302737
mlp,6,6,7,0.025,by earliest stop,195,58,137,1.0054895266984185,0.0,0.0,1.0,0.5,,1.0,,0.0,,0.0,0.6078904991948471
mlp,6,6,7,0.025,fixed horizon 50,195,58,137,0.9999868754161909,0.0,0.0,1.0,0.5,,1.0,,0.0,,0.0,0.6195652173913043
mlp,6,6,7,0.025,fixed horizon 100,195,58,137,0.9999868754161909,0.0,0.0,1.0,0.5,,1.0,,0.0,,0.0,0.5603864734299517
mlp,6,6,7,0.025,fixed horizon 148,195,58,137,0.9999868754161909,0.0,0.0,1.0,0.5,,1.0,,0.0,,0.0,0.5998389694041868
mlp,6,6,7,0.05,by final end,195,58,137,1.0178854375293838,0.037037037037037035,0.9130434782608695,0.9629629629629629,0.9380032206119162,0.9083333333333333,0.9163043478260869,0.09166666666666667,0.08369565217391306,0.9298076923076923,0.44,0.9911433172302737
mlp,6,6,7,0.05,by earliest stop,195,58,137,1.0178854375293838,0.0,0.0,1.0,0.5,,1.0,,0.0,,0.0,0.6078904991948471
mlp,6,6,7,0.05,fixed horizon 50,195,58,137,0.9999799918271577,0.0,0.0,1.0,0.5,,1.0,,0.0,,0.0,0.6195652173913043
mlp,6,6,7,0.05,fixed horizon 100,195,58,137,0.9999805865818147,0.0,0.0,1.0,0.5,,1.0,,0.0,,0.0,0.5603864734299517
mlp,6,6,7,0.05,fixed horizon 148,195,58,137,0.9999805865818147,0.0,0.0,1.0,0.5,,1.0,,0.0,,0.0,0.5998389694041868
mlp,6,6,7,0.075,by final end,195,58,137,1.0000312208756341,0.037037037037037035,0.9347826086956522,0.9629629629629629,0.9488727858293076,0.8174418604651165,0.8293478260869563,0.18255813953488353,0.17065217391304366,0.8365384615384616,0.45,0.9911433172302737
mlp,6,6,7,0.075,by earliest stop,195,58,137,1.0000312208756341,0.0,0.0,1.0,0.5,,1.0,,0.0,,0.0,0.6078904991948471
mlp,6,6,7,0.075,fixed horizon 50,195,58,137,1.000328640867624,0.0,0.021739130434782608,1.0,0.5108695652173914,0.56,0.9904347826086957,0.43999999999999995,0.009565217391304337,,0.01,0.6195652173913043
mlp,6,6,7,0.075,fixed horizon 100,195,58,137,1.000104453732256,0.0,0.0,1.0,0.5,,1.0,,0.0,,0.0,0.5603864734299517
mlp,6,6,7,0.075,fixed horizon 148,195,58,137,1.0003428396532208,0.0,0.0,1.0,0.5,,1.0,,0.0,,0.0,0.5998389694041868
mlp,6,6,7,0.1,by final end,195,58,137,1.041195808058572,0.09259259259259259,0.9347826086956522,0.9074074074074074,0.9210950080515299,0.7368067978533095,0.7539715719063544,0.2631932021466905,0.24602842809364556,0.7623076923076922,0.48,0.9911433172302737
mlp,6,6,7,0.1,by earliest stop,195,58,137,1.041195808058572,0.0,0.0,1.0,0.5,,1.0,,0.0,,0.0,0.6078904991948471
mlp,6,6,7,0.1,fixed horizon 50,195,58,137,1.0000803838820347,0.0,0.021739130434782608,1.0,0.5108695652173914,0.46,0.9882608695652174,0.54,0.011739130434782585,,0.01,0.6195652173913043
mlp,6,6,7,0.1,fixed horizon 100,195,58,137,1.0004745401043813,0.0,0.021739130434782608,1.0,0.5108695652173914,0.28,0.9843478260869566,0.72,0.01565217391304341,,0.01,0.5603864734299517
mlp,6,6,7,0.1,fixed horizon 148,195,58,137,1.0025192211262157,0.0,0.0,1.0,0.5,,1.0,,0.0,,0.0,0.5998389694041868
mlp,6,6,7,0.15,by final end,195,58,137,1.0055777489498279,0.09259259259259259,0.9782608695652174,0.9074074074074074,0.9428341384863124,0.6656837606837607,0.6729515050167223,0.3343162393162393,0.3270484949832777,0.6692307692307693,0.5,0.9911433172302737
mlp,6,6,7,0.15,by earliest stop,195,58,137,1.0055777489498279,0.0,0.0,1.0,0.5,,1.0,,0.0,,0.0,0.6078904991948471
mlp,6,6,7,0.15,fixed horizon 50,195,58,137,1.000098501723267,0.0,0.021739130434782608,1.0,0.5108695652173914,0.36,0.9860869565217392,0.64,0.013913043478260834,,0.01,0.6195652173913043
mlp,6,6,7,0.15,fixed horizon 100,195,58,137,1.0001873338610021,0.0,0.021739130434782608,1.0,0.5108695652173914,0.23,0.9832608695652175,0.77,0.01673913043478248,,0.01,0.5603864734299517
mlp,6,6,7,0.15,fixed horizon 148,195,58,137,1.0027350248798983,0.0,0.0,1.0,0.5,,1.0,,0.0,,0.0,0.5998389694041868
mlp,6,6,7,0.2,by final end,195,58,137,1.0234220401559246,0.14814814814814814,1.0,0.8518518518518519,0.9259259259259259,0.615886287625418,0.615886287625418,0.38411371237458203,0.38411371237458203,0.6024038461538461,0.54,0.9911433172302737
mlp,6,6,7,0.2,by earliest stop,195,58,137,1.0234220401559246,0.0,0.0,1.0,0.5,,1.0,,0.0,,0.0,0.6078904991948471
mlp,6,6,7,0.2,fixed horizon 50,195,58,137,1.012745805268222,0.0,0.0,1.0,0.5,,1.0,,0.0,,0.0,0.6195652173913043
mlp,6,6,7,0.2,fixed horizon 100,195,58,137,1.0021941466397675,0.0,0.0,1.0,0.5,,1.0,,0.0,,0.0,0.5603864734299517
mlp,6,6,7,0.2,fixed horizon 148,195,58,137,1.012745805268222,0.0,0.0,1.0,0.5,,1.0,,0.0,,0.0,0.5998389694041868
mlp,6,6,7,0.3,by final end,195,58,137,1.0010894882676795,0.3148148148148148,1.0,0.6851851851851852,0.8425925925925926,0.5104515050167224,0.5104515050167224,0.48954849498327757,0.48954849498327757,0.5092760180995475,0.63,0.9911433172302737
mlp,6,6,7,0.3,by earliest stop,195,58,137,1.0010894882676795,0.0,0.021739130434782608,1.0,0.5108695652173914,0.15263157894736842,0.981578947368421,0.8473684210526315,0.018421052631579005,,0.01,0.6078904991948471
mlp,6,6,7,0.3,fixed horizon 50,195,58,137,1.0099982384314323,0.018518518518518517,0.021739130434782608,0.9814814814814815,0.501610305958132,0.54,0.99,0.45999999999999996,0.010000000000000009,0.82,0.02,0.6195652173913043
mlp,6,6,7,0.3,fixed horizon 100,195,58,137,1.0534354371756716,0.018518518518518517,0.043478260869565216,0.9814814814814815,0.5124798711755234,0.5,0.9782608695652174,0.5,0.021739130434782594,0.47,0.03,0.5603864734299517
mlp,6,6,7,0.3,fixed horizon 148,195,58,137,1.0534354371756716,0.018518518518518517,0.043478260869565216,0.9814814814814815,0.5124798711755234,0.33783783783783783,0.9712103407755582,0.6621621621621622,0.028789659224441766,0.31756756756756754,0.03,0.5998389694041868
mlp,6,6,8,0.01,by final end,195,58,137,1.0068595463627243,0.0,0.08695652173913043,1.0,0.5434782608695652,0.9913461538461539,0.999247491638796,0.008653846153846123,0.0007525083612039962,,0.04,0.9911433172302737
mlp,6,6,8,0.01,by earliest stop,195,58,137,1.0068595463627243,0.0,0.0,1.0,0.5,,1.0,,0.0,,0.0,0.6078904991948471
mlp,6,6,8,0.01,fixed horizon 50,195,58,137,1.0000248202541695,0.0,0.0,1.0,0.5,,1.0,,0.0,,0.0,0.6195652173913043
mlp,6,6,8,0.01,fixed horizon 100,195,58,137,1.0000248202541695,0.0,0.0,1.0,0.5,,1.0,,0.0,,0.0,0.5603864734299517
mlp,6,6,8,0.01,fixed horizon 148,195,58,137,1.0000248202541695,0.0,0.0,1.0,0.5,,1.0,,0.0,,0.0,0.5998389694041868
mlp,6,6,8,0.025,by final end,195,58,137,1.0000443148846205,0.0,0.13043478260869565,1.0,0.5652173913043478,0.9897435897435898,0.9986622073578595,0.01025641025641022,0.0013377926421405117,,0.06,0.9911433172302737
mlp,6,6,8,0.025,by earliest stop,195,58,137,1.0000443148846205,0.0,0.0,1.0,0.5,,1.0,,0.0,,0.0,0.6078904991948471
mlp,6,6,8,0.025,fixed horizon 50,195,58,137,0.9999964388420249,0.0,0.0,1.0,0.5,,1.0,,0.0,,0.0,0.6195652173913043
mlp,6,6,8,0.025,fixed horizon 100,195,58,137,0.9999964388420249,0.0,0.0,1.0,0.5,,1.0,,0.0,,0.0,0.5603864734299517
mlp,6,6,8,0.025,fixed horizon 148,195,58,137,0.9999964388420249,0.0,0.0,1.0,0.5,,1.0,,0.0,,0.0,0.5998389694041868
mlp,6,6,8,0.05,by final end,195,58,137,0.9999893342405146,0.0,0.45652173913043476,1.0,0.7282608695652174,0.9752747252747253,0.9887123745819397,0.02472527472527475,0.011287625418060276,,0.21,0.9911433172302737
mlp,6,6,8,0.05,by earliest stop,195,58,137,0.9999893342405146,0.0,0.0,1.0,0.5,,1.0,,0.0,,0.0,0.6078904991948471
mlp,6,6,8,0.05,fixed horizon 50,195,58,137,0.9999865834824675,0.0,0.0,1.0,0.5,,1.0,,0.0,,0.0,0.6195652173913043
mlp,6,6,8,0.05,fixed horizon 100,195,58,137,0.9999865834824675,0.0,0.0,1.0,0.5,,1.0,,0.0,,0.0,0.5603864734299517
mlp,6,6,8,0.05,fixed horizon 148,195,58,137,0.9999865834824675,0.0,0.0,1.0,0.5,,1.0,,0.0,,0.0,0.5998389694041868
mlp,6,6,8,0.075,by final end,195,58,137,1.0000065845979547,0.037037037037037035,0.9347826086956522,0.9629629629629629,0.9488727858293076,0.8546511627906975,0.8641304347826084,0.14534883720930247,0.13586956521739157,0.8740384615384615,0.45,0.9911433172302737
mlp,6,6,8,0.075,by earliest stop,195,58,137,1.0000065845979547,0.0,0.0,1.0,0.5,,1.0,,0.0,,0.0,0.6078904991948471
mlp,6,6,8,0.075,fixed horizon 50,195,58,137,0.999958701122006,0.0,0.0,1.0,0.5,,1.0,,0.0,,0.0,0.6195652173913043
mlp,6,6,8,0.075,fixed horizon 100,195,58,137,0.999958701122006,0.0,0.0,1.0,0.5,,1.0,,0.0,,0.0,0.5603864734299517
mlp,6,6,8,0.075,fixed horizon 148,195,58,137,0.999958701122006,0.0,0.0,1.0,0.5,,1.0,,0.0,,0.0,0.5998389694041868
mlp,6,6,8,0.1,by final end,195,58,137,0.9999412067151083,0.037037037037037035,0.9347826086956522,0.9629629629629629,0.9488727858293076,0.8173971377459751,0.8293060200668895,0.1826028622540249,0.17069397993311053,0.8365384615384616,0.45,0.9911433172302737
mlp,6,6,8,0.1,by earliest stop,195,58,137,0.9999412067151083,0.0,0.0,1.0,0.5,,1.0,,0.0,,0.0,0.6078904991948471
mlp,6,6,8,0.1,fixed horizon 50,195,58,137,0.9999788429087392,0.0,0.021739130434782608,1.0,0.5108695652173914,0.52,0.9895652173913042,0.48,0.010434782608695792,,0.01,0.6195652173913043
mlp,6,6,8,0.1,fixed horizon 100,195,58,137,0.999829172593171,0.0,0.0,1.0,0.5,,1.0,,0.0,,0.0,0.5603864734299517
mlp,6,6,8,0.1,fixed horizon 148,195,58,137,0.9998594314444297,0.0,0.0,1.0,0.5,,1.0,,0.0,,0.0,0.5998389694041868
mlp,6,6,8,0.15,by final end,195,58,137,1.0003482492860658,0.09259259259259259,0.9782608695652174,0.9074074074074074,0.9428341384863124,0.6742735042735043,0.6813545150501673,0.3257264957264957,0.3186454849498327,0.6776923076923077,0.5,0.9911433172302737
mlp,6,6,8,0.15,by earliest stop,195,58,137,1.0003482492860658,0.0,0.0,1.0,0.5,,1.0,,0.0,,0.0,0.6078904991948471
mlp,6,6,8,0.15,fixed horizon 50,195,58,137,0.9998032189167757,0.0,0.021739130434782608,1.0,0.5108695652173914,0.52,0.9895652173913042,0.48,0.010434782608695792,,0.01,0.6195652173913043
mlp,6,6,8,0.15,fixed horizon 100,195,58,137,0.9998032189167757,0.0,0.021739130434782608,1.0,0.5108695652173914,0.26,0.9839130434782608,0.74,0.016086956521739193,,0.01,0.5603864734299517
mlp,6,6,8,0.15,fixed horizon 148,195,58,137,1.0020698338045437,0.0,0.0,1.0,0.5,,1.0,,0.0,,0.0,0.5998389694041868
mlp,6,6,8,0.2,by final end,195,58,137,1.019723601029673,0.09259259259259259,0.9782608695652174,0.9074074074074074,0.9428341384863124,0.6416666666666667,0.6494565217391305,0.3583333333333333,0.3505434782608695,0.6496153846153846,0.5,0.9911433172302737
mlp,6,6,8,0.2,by earliest stop,195,58,137,1.019723601029673,0.0,0.0,1.0,0.5,,1.0,,0.0,,0.0,0.6078904991948471
mlp,6,6,8,0.2,fixed horizon 50,195,58,137,1.0018962447733215,0.0,0.021739130434782608,1.0,0.5108695652173914,0.54,0.99,0.45999999999999996,0.010000000000000009,,0.01,0.6195652173913043
mlp,6,6,8,0.2,fixed horizon 100,195,58,137,1.0063749230353387,0.0,0.021739130434782608,1.0,0.5108695652173914,0.3,0.9847826086956522,0.7,0.01521739130434785,,0.01,0.5603864734299517
mlp,6,6,8,0.2,fixed horizon 148,195,58,137,1.0077702429006334,0.0,0.0,1.0,0.5,,1.0,,0.0,,0.0,0.5998389694041868
mlp,6,6,8,0.3,by final end,195,58,137,1.0116998079009782,0.24074074074074073,1.0,0.7592592592592593,0.8796296296296297,0.5420986622073578,0.5420986622073578,0.4579013377926422,0.4579013377926422,0.5319526627218935,0.59,0.9911433172302737
mlp,6,6,8,0.3,by earliest stop,195,58,137,1.0116998079009782,0.0,0.0,1.0,0.5,,1.0,,0.0,,0.0,0.6078904991948471
mlp,6,6,8,0.3,fixed horizon 50,195,58,137,1.1941320511441842,0.018518518518518517,0.021739130434782608,0.9814814814814815,0.501610305958132,0.8,0.9956521739130434,0.19999999999999996,0.004347826086956608,0.8,0.02,0.6195652173913043
mlp,6,6,8,0.3,fixed horizon 100,195,58,137,1.2080373422001398,0.018518518518518517,0.021739130434782608,0.9814814814814815,0.501610305958132,0.41,0.9871739130434782,0.5900000000000001,0.012826086956521765,0.44,0.02,0.5603864734299517
mlp,6,6,8,0.3,fixed horizon 148,195,58,137,1.2080373422001398,0.018518518518518517,0.021739130434782608,0.9814814814814815,0.501610305958132,0.27702702702702703,0.984283196239718,0.722972972972973,0.01571680376028195,0.2972972972972973,0.02,0.5998389694041868
mlp,6,6,9,0.01,by final end,195,58,137,1.189247878869888,0.0,0.08695652173913043,1.0,0.5434782608695652,0.9913461538461539,0.999247491638796,0.008653846153846123,0.0007525083612039962,,0.04,0.9911433172302737
mlp,6,6,9,0.01,by earliest stop,195,58,137,1.189247878869888,0.0,0.0,1.0,0.5,,1.0,,0.0,,0.0,0.6078904991948471
mlp,6,6,9,0.01,fixed horizon 50,195,58,137,1.0000413554353402,0.0,0.0,1.0,0.5,,1.0,,0.0,,0.0,0.6195652173913043
mlp,6,6,9,0.01,fixed horizon 100,195,58,137,1.0000512117432947,0.0,0.0,1.0,0.5,,1.0,,0.0,,0.0,0.5603864734299517
mlp,6,6,9,0.01,fixed horizon 148,195,58,137,1.0007486509628805,0.0,0.0,1.0,0.5,,1.0,,0.0,,0.0,0.5998389694041868
mlp,6,6,9,0.025,by final end,195,58,137,1.1298142484908253,0.0,0.43478260869565216,1.0,0.717391304347826,0.9779807692307692,0.9904264214046823,0.022019230769230846,0.009573578595317711,,0.2,0.9911433172302737
mlp,6,6,9,0.025,by earliest stop,195,58,137,1.1298142484908253,0.0,0.0,1.0,0.5,,1.0,,0.0,,0.0,0.6078904991948471
mlp,6,6,9,0.025,fixed horizon 50,195,58,137,1.000015790356104,0.0,0.0,1.0,0.5,,1.0,,0.0,,0.0,0.6195652173913043
mlp,6,6,9,0.025,fixed horizon 100,195,58,137,1.000040952878905,0.0,0.0,1.0,0.5,,1.0,,0.0,,0.0,0.5603864734299517
mlp,6,6,9,0.025,fixed horizon 148,195,58,137,1.0003512511152477,0.0,0.0,1.0,0.5,,1.0,,0.0,,0.0,0.5998389694041868
mlp,6,6,9,0.05,by final end,195,58,137,1.0017989079493512,0.037037037037037035,0.9130434782608695,0.9629629629629629,0.9380032206119162,0.9098901098901097,0.9177257525083611,0.09010989010989034,0.08227424749163892,0.9307692307692308,0.44,0.9911433172302737
mlp,6,6,9,0.05,by earliest stop,195,58,137,1.0017989079493512,0.0,0.0,1.0,0.5,,1.0,,0.0,,0.0,0.6078904991948471
mlp,6,6,9,0.05,fixed horizon 50,195,58,137,0.9999741431045356,0.0,0.0,1.0,0.5,,1.0,,0.0,,0.0,0.6195652173913043
mlp,6,6,9,0.05,fixed horizon 100,195,58,137,1.0000452659835692,0.0,0.0,1.0,0.5,,1.0,,0.0,,0.0,0.5603864734299517
mlp,6,6,9,0.05,fixed horizon 148,195,58,137,1.0000587477967529,0.0,0.0,1.0,0.5,,1.0,,0.0,,0.0,0.5998389694041868
mlp,6,6,9,0.075,by final end,195,58,137,1.0260948147614333,0.037037037037037035,0.9347826086956522,0.9629629629629629,0.9488727858293076,0.8151162790697677,0.8271739130434783,0.1848837209302323,0.17282608695652169,0.8346153846153846,0.45,0.9911433172302737
mlp,6,6,9,0.075,by earliest stop,195,58,137,1.0260948147614333,0.0,0.0,1.0,0.5,,1.0,,0.0,,0.0,0.6078904991948471
mlp,6,6,9,0.075,fixed horizon 50,195,58,137,0.9998137613914401,0.0,0.0,1.0,0.5,,1.0,,0.0,,0.0,0.6195652173913043
mlp,6,6,9,0.075,fixed horizon 100,195,58,137,1.0002646715827481,0.0,0.0,1.0,0.5,,1.0,,0.0,,0.0,0.5603864734299517
mlp,6,6,9,0.075,fixed horizon 148,195,58,137,1.0000324909783251,0.0,0.0,1.0,0.5,,1.0,,0.0,,0.0,0.5998389694041868
mlp,6,6,9,0.1,by final end,195,58,137,1.0959386032892342,0.09259259259259259,0.9565217391304348,0.9074074074074074,0.9319645732689211,0.7449737762237763,0.756061872909699,0.25502622377622375,0.24393812709030105,0.7530769230769231,0.49,0.9911433172302737
mlp,6,6,9,0.1,by earliest stop,195,58,137,1.0959386032892342,0.0,0.0,1.0,0.5,,1.0,,0.0,,0.0,0.6078904991948471
mlp,6,6,9,0.1,fixed horizon 50,195,58,137,0.9998920453943928,0.0,0.021739130434782608,1.0,0.5108695652173914,0.52,0.9895652173913042,0.48,0.010434782608695792,,0.01,0.6195652173913043
mlp,6,6,9,0.1,fixed horizon 100,195,58,137,1.0000092058197985,0.0,0.0,1.0,0.5,,1.0,,0.0,,0.0,0.5603864734299517
mlp,6,6,9,0.1,fixed horizon 148,195,58,137,1.000054001080729,0.0,0.0,1.0,0.5,,1.0,,0.0,,0.0,0.5998389694041868
mlp,6,6,9,0.15,by final end,195,58,137,1.0021655122961843,0.09259259259259259,0.9782608695652174,0.9074074074074074,0.9428341384863124,0.6643162393162393,0.6716137123745819,0.3356837606837607,0.3283862876254181,0.6676923076923076,0.5,0.9911433172302737
mlp,6,6,9,0.15,by earliest stop,195,58,137,1.0021655122961843,0.0,0.0,1.0,0.5,,1.0,,0.0,,0.0,0.6078904991948471
mlp,6,6,9,0.15,fixed horizon 50,195,58,137,0.9998878651571167,0.0,0.021739130434782608,1.0,0.5108695652173914,0.52,0.9895652173913042,0.48,0.010434782608695792,,0.01,0.6195652173913043
mlp,6,6,9,0.15,fixed horizon 100,195,58,137,0.9999395162907685,0.0,0.0,1.0,0.5,,1.0,,0.0,,0.0,0.5603864734299517
mlp,6,6,9,0.15,fixed horizon 148,195,58,137,0.9998952020405475,0.0,0.0,1.0,0.5,,1.0,,0.0,,0.0,0.5998389694041868
mlp,6,6,9,0.2,by final end,195,58,137,1.059146395270206,0.16666666666666666,0.9782608695652174,0.8333333333333334,0.9057971014492754,0.5922649572649573,0.601128762541806,0.4077350427350427,0.398871237458194,0.5861111111111111,0.54,0.9911433172302737
mlp,6,6,9,0.2,by earliest stop,195,58,137,1.059146395270206,0.0,0.0,1.0,0.5,,1.0,,0.0,,0.0,0.6078904991948471
mlp,6,6,9,0.2,fixed horizon 50,195,58,137,1.0002762905182354,0.0,0.021739130434782608,1.0,0.5108695652173914,0.54,0.99,0.45999999999999996,0.010000000000000009,,0.01,0.6195652173913043
mlp,6,6,9,0.2,fixed horizon 100,195,58,137,1.0000324909783251,0.0,0.0,1.0,0.5,,1.0,,0.0,,0.0,0.5603864734299517
mlp,6,6,9,0.2,fixed horizon 148,195,58,137,1.0000324909783251,0.0,0.0,1.0,0.5,,1.0,,0.0,,0.0,0.5998389694041868
mlp,6,6,9,0.3,by final end,195,58,137,1.0023831608916685,0.25925925925925924,1.0,0.7407407407407407,0.8703703703703703,0.5182274247491637,0.5182274247491637,0.4817725752508363,0.4817725752508363,0.5152472527472528,0.6,0.9911433172302737
mlp,6,6,9,0.3,by earliest stop,195,58,137,1.0023831608916685,0.0,0.021739130434782608,1.0,0.5108695652173914,0.14736842105263157,0.9814645308924486,0.8526315789473684,0.01853546910755144,,0.01,0.6078904991948471
mlp,6,6,9,0.3,fixed horizon 50,195,58,137,1.0159644366907,0.018518518518518517,0.043478260869565216,0.9814814814814815,0.5124798711755234,0.97,0.998695652173913,0.030000000000000027,0.0013043478260870156,0.92,0.03,0.6195652173913043
mlp,6,6,9,0.3,fixed horizon 100,195,58,137,1.0536936185414476,0.037037037037037035,0.06521739130434782,0.9629629629629629,0.5140901771336553,0.5933333333333333,0.9734782608695652,0.40666666666666673,0.026521739130434763,0.6,0.05,0.5603864734299517
mlp,6,6,9,0.3,fixed horizon 148,195,58,137,1.0536936185414476,0.037037037037037035,0.06521739130434782,0.9629629629629629,0.5140901771336553,0.40090090090090086,0.9609283196239717,0.5990990990990992,0.03907168037602826,0.40540540540540543,0.05,0.5998389694041868
mlp,7,7,0,0.01,by final end,194,58,136,1.005194922237615,0.0,0.02702702702702703,1.0,0.5135135135135135,0.9942307692307693,0.9998440748440748,0.005769230769230749,0.00015592515592521838,,0.01,0.9588159588159588
mlp,7,7,0,0.01,by earliest stop,194,58,136,1.005194922237615,0.0,0.0,1.0,0.5,,1.0,,0.0,,0.0,0.815958815958816
mlp,7,7,0,0.01,fixed horizon 50,194,58,136,0.9044321937488612,0.0,0.0,1.0,0.5,,1.0,,0.0,,0.0,0.5701415701415702
mlp,7,7,0,0.01,fixed horizon 100,194,58,136,0.9264732968749898,0.0,0.0,1.0,0.5,,1.0,,0.0,,0.0,0.7112827112827113
mlp,7,7,0,0.01,fixed horizon 148,194,58,136,0.9494708579964403,0.0,0.0,1.0,0.5,,1.0,,0.0,,0.0,0.7932217932217932
mlp,7,7,0,0.025,by final end,194,58,136,0.9758323316387769,0.0,0.13513513513513514,1.0,0.5675675675675675,0.961923076923077,0.9948544698544698,0.03807692307692301,0.005145530145530208,,0.05,0.9588159588159588
mlp,7,7,0,0.025,by earliest stop,194,58,136,0.9758323316387769,0.0,0.0,1.0,0.5,,1.0,,0.0,,0.0,0.815958815958816
mlp,7,7,0,0.025,fixed horizon 50,194,58,136,0.9044300823759319,0.0,0.0,1.0,0.5,,1.0,,0.0,,0.0,0.5701415701415702
mlp,7,7,0,0.025,fixed horizon 100,194,58,136,0.9247640211606268,0.0,0.0,1.0,0.5,,1.0,,0.0,,0.0,0.7112827112827113
mlp,7,7,0,0.025,fixed horizon 148,194,58,136,0.9366569863504529,0.0,0.0,1.0,0.5,,1.0,,0.0,,0.0,0.7932217932217932
mlp,7,7,0,0.05,by final end,194,58,136,0.955432828303194,0.0,0.24324324324324326,1.0,0.6216216216216216,0.9055555555555556,0.977027027027027,0.09444444444444444,0.02297297297297296,,0.09,0.9588159588159588
mlp,7,7,0,0.05,by earliest stop,194,58,136,0.955432828303194,0.0,0.0,1.0,0.5,,1.0,,0.0,,0.0,0.815958815958816
mlp,7,7,0,0.05,fixed horizon 50,194,58,136,0.9044237255542094,0.0,0.0,1.0,0.5,,1.0,,0.0,,0.0,0.5701415701415702
mlp,7,7,0,0.05,fixed horizon 100,194,58,136,0.9179090295418398,0.0,0.0,1.0,0.5,,1.0,,0.0,,0.0,0.7112827112827113
mlp,7,7,0,0.05,fixed horizon 148,194,58,136,0.9288845737898049,0.0,0.0,1.0,0.5,,1.0,,0.0,,0.0,0.7932217932217932
mlp,7,7,0,0.075,by final end,194,58,136,0.9333918866349866,0.0,0.3783783783783784,1.0,0.6891891891891893,0.8174450549450549,0.930925155925156,0.18255494505494507,0.06907484407484399,,0.14,0.9588159588159588
mlp,7,7,0,0.075,by earliest stop,194,58,136,0.9333918866349866,0.0,0.0,1.0,0.5,,1.0,,0.0,,0.0,0.815958815958816
mlp,7,7,0,0.075,fixed horizon 50,194,58,136,0.9044028104755956,0.0,0.0,1.0,0.5,,1.0,,0.0,,0.0,0.5701415701415702
mlp,7,7,0,0.075,fixed horizon 100,194,58,136,0.9174738423786564,0.0,0.0,1.0,0.5,,1.0,,0.0,,0.0,0.7112827112827113
mlp,7,7,0,0.075,fixed horizon 148,194,58,136,0.9231547608020669,0.0,0.0,1.0,0.5,,1.0,,0.0,,0.0,0.7932217932217932
mlp,7,7,0,0.1,by final end,194,58,136,0.9257326736162135,0.0,0.40540540540540543,1.0,0.7027027027027027,0.8103846153846154,0.9231288981288981,0.18961538461538463,0.07687110187110191,,0.15,0.9588159588159588
mlp,7,7,0,0.1,by earliest stop,194,58,136,0.9257326736162135,0.0,0.0,1.0,0.5,,1.0,,0.0,,0.0,0.815958815958816
mlp,7,7,0,0.1,fixed horizon 50,194,58,136,0.9042926161061824,0.0,0.05405405405405406,1.0,0.527027027027027,0.0,0.9459459459459459,1.0,0.05405405405405406,,0.02,0.5701415701415702
mlp,7,7,0,0.1,fixed horizon 100,194,58,136,0.9044412808890684,0.0,0.0,1.0,0.5,,1.0,,0.0,,0.0,0.7112827112827113
mlp,7,7,0,0.1,fixed horizon 148,194,58,136,0.9044296283172375,0.0,0.0,1.0,0.5,,1.0,,0.0,,0.0,0.7932217932217932
mlp,7,7,0,0.15,by final end,194,58,136,0.904425030972956,0.0,0.7837837837837838,1.0,0.8918918918918919,0.803448275862069,0.845945945945946,0.19655172413793098,0.15405405405405403,,0.29,0.9588159588159588
mlp,7,7,0,0.15,by earliest stop,194,58,136,0.904425030972956,0.0,0.0,1.0,0.5,,1.0,,0.0,,0.0,0.815958815958816
mlp,7,7,0,0.15,fixed horizon 50,194,58,136,0.9041533586973978,0.0,0.05405405405405406,1.0,0.527027027027027,0.0,0.9459459459459459,1.0,0.05405405405405406,,0.02,0.5701415701415702
mlp,7,7,0,0.15,fixed horizon 100,194,58,136,0.9043043402326298,0.0,0.05405405405405406,1.0,0.527027027027027,0.0,0.9459459459459459,1.0,0.05405405405405406,,0.02,0.7112827112827113
mlp,7,7,0,0.15,fixed horizon 148,194,58,136,0.904427772414615,0.0,0.02702702702702703,1.0,0.5135135135135135,0.722972972972973,0.9925127830533235,0.277027027027027,0.007487216946676534,,0.01,0.7932217932217932
mlp,7,7,0,0.2,by final end,194,58,136,0.9043397246957332,0.0,0.8378378378378378,1.0,0.9189189189189189,0.7271091811414393,0.7713617463617464,0.2728908188585607,0.22863825363825363,,0.31,0.9588159588159588
mlp,7,7,0,0.2,by earliest stop,194,58,136,0.9043397246957332,0.0,0.02702702702702703,1.0,0.5135135135135135,0.0,0.972972972972973,1.0,0.027027027027026973,,0.01,0.815958815958816
mlp,7,7,0,0.2,fixed horizon 50,194,58,136,0.9032414913647272,0.0,0.05405405405405406,1.0,0.527027027027027,0.0,0.9459459459459459,1.0,0.05405405405405406,,0.02,0.5701415701415702
mlp,7,7,0,0.2,fixed horizon 100,194,58,136,0.9042682412147794,0.0,0.05405405405405406,1.0,0.527027027027027,0.0,0.9459459459459459,1.0,0.05405405405405406,,0.02,0.7112827112827113
mlp,7,7,0,0.2,fixed horizon 148,194,58,136,0.9042156099040833,0.0,0.05405405405405406,1.0,0.527027027027027,0.0,0.9459459459459459,1.0,0.05405405405405406,,0.02,0.7932217932217932
mlp,7,7,0,0.3,by final end,194,58,136,0.8822423166985668,0.0,0.8648648648648649,1.0,0.9324324324324325,0.6388822115384616,0.6876819126819127,0.3611177884615384,0.3123180873180873,,0.32,0.9588159588159588
mlp,7,7,0,0.3,by earliest stop,194,58,136,0.8822423166985668,0.0,0.10810810810810811,1.0,0.5540540540540541,0.0,0.8918918918918919,1.0,0.10810810810810811,,0.04,0.815958815958816
mlp,7,7,0,0.3,fixed horizon 50,194,58,136,0.8692295821186442,0.015873015873015872,0.10810810810810811,0.9841269841269841,0.546117546117546,0.0,0.8918918918918919,1.0,0.10810810810810811,0.0,0.05,0.5701415701415702
mlp,7,7,0,0.3,fixed horizon 100,194,58,136,0.8612865849600202,0.015873015873015872,0.10810810810810811,0.9841269841269841,0.546117546117546,0.0,0.8918918918918919,1.0,0.10810810810810811,0.0,0.05,0.7112827112827113
mlp,7,7,0,0.3,fixed horizon 148,194,58,136,0.8663431904210713,0.015873015873015872,0.10810810810810811,0.9841269841269841,0.546117546117546,0.0,0.8918918918918919,1.0,0.10810810810810811,0.0,0.05,0.7932217932217932
mlp,7,7,1,0.01,by final end,194,58,136,1.0374484948555993,0.0,0.02702702702702703,1.0,0.5135135135135135,0.9942307692307693,0.9998440748440748,0.005769230769230749,0.00015592515592521838,,0.01,0.9588159588159588
mlp,7,7,1,0.01,by earliest stop,194,58,136,1.0374484948555993,0.0,0.0,1.0,0.5,,1.0,,0.0,,0.0,0.815958815958816
mlp,7,7,1,0.01,fixed horizon 50,194,58,136,1.002356554488775,0.0,0.0,1.0,0.5,,1.0,,0.0,,0.0,0.5701415701415702
mlp,7,7,1,0.01,fixed horizon 100,194,58,136,1.002356554488775,0.0,0.0,1.0,0.5,,1.0,,0.0,,0.0,0.7112827112827113
mlp,7,7,1,0.01,fixed horizon 148,194,58,136,1.002356554488775,0.0,0.0,1.0,0.5,,1.0,,0.0,,0.0,0.7932217932217932
mlp,7,7,1,0.025,by final end,194,58,136,1.0023861835115877,0.0,0.16216216216216217,1.0,0.5810810810810811,0.9669871794871794,0.9946465696465696,0.03301282051282062,0.005353430353430388,,0.06,0.9588159588159588
mlp,7,7,1,0.025,by earliest stop,194,58,136,1.0023861835115877,0.0,0.0,1.0,0.5,,1.0,,0.0,,0.0,0.815958815958816
mlp,7,7,1,0.025,fixed horizon 50,194,58,136,1.0022903004296664,0.0,0.0,1.0,0.5,,1.0,,0.0,,0.0,0.5701415701415702
mlp,7,7,1,0.025,fixed horizon 100,194,58,136,1.0022903004296664,0.0,0.0,1.0,0.5,,1.0,,0.0,,0.0,0.7112827112827113
mlp,7,7,1,0.025,fixed horizon 148,194,58,136,1.0022903004296664,0.0,0.0,1.0,0.5,,1.0,,0.0,,0.0,0.7932217932217932
mlp,7,7,1,0.05,by final end,194,58,136,1.3543434038294557,0.0,0.35135135135135137,1.0,0.6756756756756757,0.8739644970414202,0.9557172557172556,0.1260355029585798,0.04428274428274437,,0.13,0.9588159588159588
mlp,7,7,1,0.05,by earliest stop,194,58,136,1.3543434038294557,0.0,0.0,1.0,0.5,,1.0,,0.0,,0.0,0.815958815958816
mlp,7,7,1,0.05,fixed horizon 50,194,58,136,1.0015848245470023,0.0,0.0,1.0,0.5,,1.0,,0.0,,0.0,0.5701415701415702
mlp,7,7,1,0.05,fixed horizon 100,194,58,136,1.0037716954738278,0.0,0.0,1.0,0.5,,1.0,,0.0,,0.0,0.7112827112827113
mlp,7,7,1,0.05,fixed horizon 148,194,58,136,1.0072796617610704,0.0,0.0,1.0,0.5,,1.0,,0.0,,0.0,0.7932217932217932
mlp,7,7,1,0.075,by final end,194,58,136,1.94401000303267,0.0,0.5675675675675675,1.0,0.7837837837837838,0.8354395604395604,0.9066008316008317,0.16456043956043964,0.09339916839916829,,0.21,0.9588159588159588
mlp,7,7,1,0.075,by earliest stop,194,58,136,1.94401000303267,0.0,0.0,1.0,0.5,,1.0,,0.0,,0.0,0.815958815958816
mlp,7,7,1,0.075,fixed horizon 50,194,58,136,1.0011509943625811,0.0,0.0,1.0,0.5,,1.0,,0.0,,0.0,0.5701415701415702
mlp,7,7,1,0.075,fixed horizon 100,194,58,136,1.007593970087337,0.0,0.0,1.0,0.5,,1.0,,0.0,,0.0,0.7112827112827113
mlp,7,7,1,0.075,fixed horizon 148,194,58,136,1.0056728712214595,0.0,0.0,1.0,0.5,,1.0,,0.0,,0.0,0.7932217932217932
mlp,7,7,1,0.1,by final end,194,58,136,1.7557772722618301,0.0,0.7567567567567568,1.0,0.8783783783783784,0.8368818681318684,0.8765592515592517,0.16311813186813162,0.12344074844074826,,0.28,0.9588159588159588
mlp,7,7,1,0.1,by earliest stop,194,58,136,1.7557772722618301,0.0,0.0,1.0,0.5,,1.0,,0.0,,0.0,0.815958815958816
mlp,7,7,1,0.1,fixed horizon 50,194,58,136,1.0004341610166678,0.0,0.0,1.0,0.5,,1.0,,0.0,,0.0,0.5701415701415702
mlp,7,7,1,0.1,fixed horizon 100,194,58,136,1.00516925853292,0.0,0.0,1.0,0.5,,1.0,,0.0,,0.0,0.7112827112827113
mlp,7,7,1,0.1,fixed horizon 148,194,58,136,1.005564277692734,0.0,0.0,1.0,0.5,,1.0,,0.0,,0.0,0.7932217932217932
mlp,7,7,1,0.15,by final end,194,58,136,1.4748495749969084,0.0,0.8378378378378378,1.0,0.9189189189189189,0.7639578163771714,0.8022349272349274,0.23604218362282858,0.1977650727650726,,0.31,0.9588159588159588
mlp,7,7,1,0.15,by earliest stop,194,58,136,1.4748495749969084,0.0,0.0,1.0,0.5,,1.0,,0.0,,0.0,0.815958815958816
mlp,7,7,1,0.15,fixed horizon 50,194,58,136,1.0101466445535447,0.0,0.02702702702702703,1.0,0.5135135135135135,0.46,0.9854054054054054,0.54,0.014594594594594557,,0.01,0.5701415701415702
mlp,7,7,1,0.15,fixed horizon 100,194,58,136,1.0101466445535447,0.0,0.02702702702702703,1.0,0.5135135135135135,0.23,0.9791891891891893,0.77,0.02081081081081071,,0.01,0.7112827112827113
mlp,7,7,1,0.15,fixed horizon 148,194,58,136,1.011858796217985,0.0,0.05405405405405406,1.0,0.527027027027027,0.4966216216216216,0.9727903579254931,0.5033783783783784,0.027209642074506935,,0.02,0.7932217932217932
mlp,7,7,1,0.2,by final end,194,58,136,1.2305206007476457,0.0,0.8648648648648649,1.0,0.9324324324324325,0.6933894230769231,0.734823284823285,0.3066105769230769,0.26517671517671504,,0.32,0.9588159588159588
mlp,7,7,1,0.2,by earliest stop,194,58,136,1.2305206007476457,0.0,0.0,1.0,0.5,,1.0,,0.0,,0.0,0.815958815958816
mlp,7,7,1,0.2,fixed horizon 50,194,58,136,0.999963533361136,0.0,0.02702702702702703,1.0,0.5135135135135135,0.42,0.9843243243243244,0.5800000000000001,0.015675675675675627,,0.01,0.5701415701415702
mlp,7,7,1,0.2,fixed horizon 100,194,58,136,1.0000191093882727,0.0,0.05405405405405406,1.0,0.527027027027027,0.51,0.9735135135135135,0.49,0.02648648648648655,,0.02,0.7112827112827113
mlp,7,7,1,0.2,fixed horizon 148,194,58,136,1.011914768045891,0.0,0.05405405405405406,1.0,0.527027027027027,0.40202702702702703,0.9676771365960556,0.597972972972973,0.03232286340394441,,0.02,0.7932217932217932
mlp,7,7,1,0.3,by final end,194,58,136,1.0882348366157235,0.015873015873015872,0.8918918918918919,0.9841269841269841,0.9380094380094379,0.6297785547785549,0.6698024948024948,0.37022144522144507,0.33019750519750524,0.85,0.34,0.9588159588159588
mlp,7,7,1,0.3,by earliest stop,194,58,136,1.0882348366157235,0.0,0.02702702702702703,1.0,0.5135135135135135,0.6952380952380952,0.9917631917631918,0.3047619047619048,0.008236808236808169,,0.01,0.815958815958816
mlp,7,7,1,0.3,fixed horizon 50,194,58,136,1.040031364391953,0.0,0.05405405405405406,1.0,0.527027027027027,0.63,0.98,0.37,0.020000000000000018,,0.02,0.5701415701415702
mlp,7,7,1,0.3,fixed horizon 100,194,58,136,1.072938343449258,0.0,0.08108108108108109,1.0,0.5405405405405406,0.65,0.9716216216216217,0.35,0.02837837837837831,,0.03,0.7112827112827113
mlp,7,7,1,0.3,fixed horizon 148,194,58,136,1.1133058676202927,0.0,0.05405405405405406,1.0,0.527027027027027,0.4054054054054054,0.9678597516435353,0.5945945945945946,0.032140248356464673,,0.02,0.7932217932217932
mlp,7,7,2,0.01,by final end,194,58,136,1.0380600892936929,0.0,0.0,1.0,0.5,,1.0,,0.0,,0.0,0.9588159588159588
mlp,7,7,2,0.01,by earliest stop,194,58,136,1.0380600892936929,0.0,0.0,1.0,0.5,,1.0,,0.0,,0.0,0.815958815958816
mlp,7,7,2,0.01,fixed horizon 50,194,58,136,1.0001115020687477,0.0,0.0,1.0,0.5,,1.0,,0.0,,0.0,0.5701415701415702
mlp,7,7,2,0.01,fixed horizon 100,194,58,136,1.0001469900134838,0.0,0.0,1.0,0.5,,1.0,,0.0,,0.0,0.7112827112827113
mlp,7,7,2,0.01,fixed horizon 148,194,58,136,1.0198778573795972,0.0,0.0,1.0,0.5,,1.0,,0.0,,0.0,0.7932217932217932
mlp,7,7,2,0.025,by final end,194,58,136,1.0279648814874367,0.0,0.0,1.0,0.5,,1.0,,0.0,,0.0,0.9588159588159588
mlp,7,7,2,0.025,by earliest stop,194,58,136,1.0279648814874367,0.0,0.0,1.0,0.5,,1.0,,0.0,,0.0,0.815958815958816
mlp,7,7,2,0.025,fixed horizon 50,194,58,136,1.0000559028771057,0.0,0.0,1.0,0.5,,1.0,,0.0,,0.0,0.5701415701415702
mlp,7,7,2,0.025,fixed horizon 100,194,58,136,1.0000684831516897,0.0,0.0,1.0,0.5,,1.0,,0.0,,0.0,0.7112827112827113
mlp,7,7,2,0.025,fixed horizon 148,194,58,136,1.0184592079250439,0.0,0.0,1.0,0.5,,1.0,,0.0,,0.0,0.7932217932217932
mlp,7,7,2,0.05,by final end,194,58,136,1.0941553657543177,0.0,0.35135135135135137,1.0,0.6756756756756757,0.884171597633136,0.9593035343035343,0.11582840236686398,0.04069646569646568,,0.13,0.9588159588159588
mlp,7,7,2,0.05,by earliest stop,194,58,136,1.0941553657543177,0.0,0.0,1.0,0.5,,1.0,,0.0,,0.0,0.815958815958816
mlp,7,7,2,0.05,fixed horizon 50,194,58,136,1.0000069767826059,0.0,0.0,1.0,0.5,,1.0,,0.0,,0.0,0.5701415701415702
mlp,7,7,2,0.05,fixed horizon 100,194,58,136,1.0000396093841508,0.0,0.0,1.0,0.5,,1.0,,0.0,,0.0,0.7112827112827113
mlp,7,7,2,0.05,fixed horizon 148,194,58,136,1.0105554992996038,0.0,0.0,1.0,0.5,,1.0,,0.0,,0.0,0.7932217932217932
mlp,7,7,2,0.075,by final end,194,58,136,1.1230734857118918,0.0,0.5945945945945946,1.0,0.7972972972972974,0.8199300699300699,0.8929313929313928,0.1800699300699301,0.10706860706860721,,0.22,0.9588159588159588
mlp,7,7,2,0.075,by earliest stop,194,58,136,1.1230734857118918,0.0,0.0,1.0,0.5,,1.0,,0.0,,0.0,0.815958815958816
mlp,7,7,2,0.075,fixed horizon 50,194,58,136,0.9999825951775105,0.0,0.0,1.0,0.5,,1.0,,0.0,,0.0,0.5701415701415702
mlp,7,7,2,0.075,fixed horizon 100,194,58,136,1.002459715161962,0.0,0.0,1.0,0.5,,1.0,,0.0,,0.0,0.7112827112827113
mlp,7,7,2,0.075,fixed horizon 148,194,58,136,1.0202082918383302,0.0,0.0,1.0,0.5,,1.0,,0.0,,0.0,0.7932217932217932
mlp,7,7,2,0.1,by final end,194,58,136,1.122011425688148,0.0,0.7567567567567568,1.0,0.8783783783783784,0.8271978021978021,0.8692307692307693,0.17280219780219785,0.13076923076923075,,0.28,0.9588159588159588
mlp,7,7,2,0.1,by earliest stop,194,58,136,1.122011425688148,0.0,0.0,1.0,0.5,,1.0,,0.0,,0.0,0.815958815958816
mlp,7,7,2,0.1,fixed horizon 50,194,58,136,1.0001889543846096,0.0,0.0,1.0,0.5,,1.0,,0.0,,0.0,0.5701415701415702
mlp,7,7,2,0.1,fixed horizon 100,194,58,136,1.0098969684451906,0.0,0.0,1.0,0.5,,1.0,,0.0,,0.0,0.7112827112827113
mlp,7,7,2,0.1,fixed horizon 148,194,58,136,1.0119718767653956,0.0,0.0,1.0,0.5,,1.0,,0.0,,0.0,0.7932217932217932
mlp,7,7,2,0.15,by final end,194,58,136,1.0954604094918565,0.0,0.8648648648648649,1.0,0.9324324324324325,0.7269831730769231,0.7638773388773389,0.27301682692307694,0.23612266112266111,,0.32,0.9588159588159588
mlp,7,7,2,0.15,by earliest stop,194,58,136,1.0954604094918565,0.0,0.0,1.0,0.5,,1.0,,0.0,,0.0,0.815958815958816
mlp,7,7,2,0.15,fixed horizon 50,194,58,136,1.0001759063226603,0.0,0.0,1.0,0.5,,1.0,,0.0,,0.0,0.5701415701415702
mlp,7,7,2,0.15,fixed horizon 100,194,58,136,1.00029994444654,0.0,0.02702702702702703,1.0,0.5135135135135135,0.86,0.9962162162162163,0.14,0.003783783783783745,,0.01,0.7112827112827113
mlp,7,7,2,0.15,fixed horizon 148,194,58,136,1.0150801994302205,0.0,0.02702702702702703,1.0,0.5135135135135135,0.722972972972973,0.9925127830533235,0.277027027027027,0.007487216946676534,,0.01,0.7932217932217932
mlp,7,7,2,0.2,by final end,194,58,136,1.0027137655472853,0.0,0.8648648648648649,1.0,0.9324324324324325,0.6864182692307692,0.7287941787941787,0.3135817307692308,0.27120582120582126,,0.32,0.9588159588159588
mlp,7,7,2,0.2,by earliest stop,194,58,136,1.0027137655472853,0.0,0.0,1.0,0.5,,1.0,,0.0,,0.0,0.815958815958816
mlp,7,7,2,0.2,fixed horizon 50,194,58,136,1.0000542035924225,0.0,0.0,1.0,0.5,,1.0,,0.0,,0.0,0.5701415701415702
mlp,7,7,2,0.2,fixed horizon 100,194,58,136,0.9999848037479814,0.0,0.02702702702702703,1.0,0.5135135135135135,0.83,0.9954054054054053,0.17000000000000004,0.004594594594594659,,0.01,0.7112827112827113
mlp,7,7,2,0.2,fixed horizon 148,194,58,136,0.9999848037479814,0.0,0.02702702702702703,1.0,0.5135135135135135,0.581081081081081,0.9886778670562454,0.41891891891891897,0.011322132943754615,,0.01,0.7932217932217932
mlp,7,7,2,0.3,by final end,194,58,136,0.9985747415861694,0.0,0.8918918918918919,1.0,0.9459459459459459,0.6332750582750584,0.6729209979209979,0.36672494172494163,0.3270790020790021,,0.33,0.9588159588159588
mlp,7,7,2,0.3,by earliest stop,194,58,136,0.9985747415861694,0.0,0.05405405405405406,1.0,0.527027027027027,0.0,0.9459459459459459,1.0,0.05405405405405406,,0.02,0.815958815958816
mlp,7,7,2,0.3,fixed horizon 50,194,58,136,1.0177882664955251,0.015873015873015872,0.08108108108108109,0.9841269841269841,0.5326040326040326,0.12,0.9286486486486486,0.88,0.0713513513513514,0.12,0.04,0.5701415701415702
mlp,7,7,2,0.3,fixed horizon 100,194,58,136,0.9982571867264354,0.0,0.05405405405405406,1.0,0.527027027027027,0.0,0.9459459459459459,1.0,0.05405405405405406,,0.02,0.7112827112827113
mlp,7,7,2,0.3,fixed horizon 148,194,58,136,1.008867916155256,0.0,0.08108108108108109,1.0,0.5405405405405406,0.5382882882882883,0.9625639152666179,0.46171171171171166,0.03743608473338211,,0.03,0.7932217932217932
mlp,7,7,3,0.01,by final end,194,58,136,1.0328071976718085,0.0,0.0,1.0,0.5,,1.0,,0.0,,0.0,0.9588159588159588
mlp,7,7,3,0.01,by earliest stop,194,58,136,1.0328071976718085,0.0,0.0,1.0,0.5,,1.0,,0.0,,0.0,0.815958815958816
mlp,7,7,3,0.01,fixed horizon 50,194,58,136,1.0000194755065457,0.0,0.0,1.0,0.5,,1.0,,0.0,,0.0,0.5701415701415702
mlp,7,7,3,0.01,fixed horizon 100,194,58,136,1.0000425136673625,0.0,0.0,1.0,0.5,,1.0,,0.0,,0.0,0.7112827112827113
mlp,7,7,3,0.01,fixed horizon 148,194,58,136,1.0009498507900092,0.0,0.0,1.0,0.5,,1.0,,0.0,,0.0,0.7932217932217932
mlp,7,7,3,0.025,by final end,194,58,136,1.0196717205362702,0.0,0.0,1.0,0.5,,1.0,,0.0,,0.0,0.9588159588159588
mlp,7,7,3,0.025,by earliest stop,194,58,136,1.0196717205362702,0.0,0.0,1.0,0.5,,1.0,,0.0,,0.0,0.815958815958816
mlp,7,7,3,0.025,fixed horizon 50,194,58,136,1.0000074648723318,0.0,0.0,1.0,0.5,,1.0,,0.0,,0.0,0.5701415701415702
mlp,7,7,3,0.025,fixed horizon 100,194,58,136,1.000024279723593,0.0,0.0,1.0,0.5,,1.0,,0.0,,0.0,0.7112827112827113
mlp,7,7,3,0.025,fixed horizon 148,194,58,136,1.0000419405508942,0.0,0.0,1.0,0.5,,1.0,,0.0,,0.0,0.7932217932217932
mlp,7,7,3,0.05,by final end,194,58,136,1.0004511862902283,0.0,0.35135135135135137,1.0,0.6756756756756757,0.9125739644970413,0.9692827442827442,0.08742603550295869,0.03071725571725581,,0.13,0.9588159588159588
mlp,7,7,3,0.05,by earliest stop,194,58,136,1.0004511862902283,0.0,0.0,1.0,0.5,,1.0,,0.0,,0.0,0.815958815958816
mlp,7,7,3,0.05,fixed horizon 50,194,58,136,0.9999885718472292,0.0,0.0,1.0,0.5,,1.0,,0.0,,0.0,0.5701415701415702
mlp,7,7,3,0.05,fixed horizon 100,194,58,136,1.0000294293567698,0.0,0.0,1.0,0.5,,1.0,,0.0,,0.0,0.7112827112827113
mlp,7,7,3,0.05,fixed horizon 148,194,58,136,0.9999923804846924,0.0,0.0,1.0,0.5,,1.0,,0.0,,0.0,0.7932217932217932
mlp,7,7,3,0.075,by final end,194,58,136,1.000004338655803,0.0,0.3783783783783784,1.0,0.6891891891891893,0.8792582417582417,0.9543139293139293,0.12074175824175826,0.04568607068607067,,0.14,0.9588159588159588
mlp,7,7,3,0.075,by earliest stop,194,58,136,1.000004338655803,0.0,0.0,1.0,0.5,,1.0,,0.0,,0.0,0.815958815958816
mlp,7,7,3,0.075,fixed horizon 50,194,58,136,1.0000174145498597,0.0,0.0,1.0,0.5,,1.0,,0.0,,0.0,0.5701415701415702
mlp,7,7,3,0.075,fixed horizon 100,194,58,136,1.0028573593479313,0.0,0.0,1.0,0.5,,1.0,,0.0,,0.0,0.7112827112827113
mlp,7,7,3,0.075,fixed horizon 148,194,58,136,1.0032607713606803,0.0,0.0,1.0,0.5,,1.0,,0.0,,0.0,0.7932217932217932
mlp,7,7,3,0.1,by final end,194,58,136,1.0004639307862844,0.0,0.3783783783783784,1.0,0.6891891891891893,0.8612637362637361,0.9475051975051975,0.1387362637362639,0.05249480249480254,,0.14,0.9588159588159588
mlp,7,7,3,0.1,by earliest stop,194,58,136,1.0004639307862844,0.0,0.0,1.0,0.5,,1.0,,0.0,,0.0,0.815958815958816
mlp,7,7,3,0.1,fixed horizon 50,194,58,136,1.002234431983259,0.0,0.0,1.0,0.5,,1.0,,0.0,,0.0,0.5701415701415702
mlp,7,7,3,0.1,fixed horizon 100,194,58,136,1.0119054962934753,0.0,0.0,1.0,0.5,,1.0,,0.0,,0.0,0.7112827112827113
mlp,7,7,3,0.1,fixed horizon 148,194,58,136,1.0043399634243808,0.0,0.0,1.0,0.5,,1.0,,0.0,,0.0,0.7932217932217932
mlp,7,7,3,0.15,by final end,194,58,136,0.999976866422114,0.0,0.7837837837837838,1.0,0.8918918918918919,0.8076259946949602,0.8492203742203741,0.19237400530503979,0.1507796257796259,,0.29,0.9588159588159588
mlp,7,7,3,0.15,by earliest stop,194,58,136,0.999976866422114,0.0,0.0,1.0,0.5,,1.0,,0.0,,0.0,0.815958815958816
mlp,7,7,3,0.15,fixed horizon 50,194,58,136,1.013824825782275,0.0,0.0,1.0,0.5,,1.0,,0.0,,0.0,0.5701415701415702
mlp,7,7,3,0.15,fixed horizon 100,194,58,136,1.0391802795261937,0.0,0.0,1.0,0.5,,1.0,,0.0,,0.0,0.7112827112827113
mlp,7,7,3,0.15,fixed horizon 148,194,58,136,1.0391802795261937,0.0,0.0,1.0,0.5,,1.0,,0.0,,0.0,0.7932217932217932
mlp,7,7,3,0.2,by final end,194,58,136,1.0013368363893724,0.0,0.8378378378378378,1.0,0.9189189189189189,0.7570719602977668,0.7964656964656964,0.2429280397022332,0.20353430353430357,,0.31,0.9588159588159588
mlp,7,7,3,0.2,by earliest stop,194,58,136,1.0013368363893724,0.0,0.0,1.0,0.5,,1.0,,0.0,,0.0,0.815958815958816
mlp,7,7,3,0.2,fixed horizon 50,194,58,136,1.086695246652047,0.0,0.0,1.0,0.5,,1.0,,0.0,,0.0,0.5701415701415702
mlp,7,7,3,0.2,fixed horizon 100,194,58,136,1.1322666412409692,0.0,0.02702702702702703,1.0,0.5135135135135135,0.68,0.9913513513513513,0.31999999999999995,0.008648648648648671,,0.01,0.7112827112827113
mlp,7,7,3,0.2,fixed horizon 148,194,58,136,1.0522134060251696,0.0,0.02702702702702703,1.0,0.5135135135135135,0.6756756756756757,0.9912344777209643,0.32432432432432434,0.008765522279035709,,0.01,0.7932217932217932
mlp,7,7,3,0.3,by final end,194,58,136,0.9976274890941331,0.0,0.8378378378378378,1.0,0.9189189189189189,0.6833126550868486,0.7346673596673596,0.3166873449131514,0.26533264033264037,,0.31,0.9588159588159588
mlp,7,7,3,0.3,by earliest stop,194,58,136,0.9976274890941331,0.0,0.05405405405405406,1.0,0.527027027027027,0.0,0.9459459459459459,1.0,0.05405405405405406,,0.02,0.815958815958816
mlp,7,7,3,0.3,fixed horizon 50,194,58,136,1.0396179320260117,0.0,0.05405405405405406,1.0,0.527027027027027,0.48,0.971891891891892,0.52,0.028108108108108043,,0.02,0.5701415701415702
mlp,7,7,3,0.3,fixed horizon 100,194,58,136,0.9998820963081844,0.0,0.05405405405405406,1.0,0.527027027027027,0.0,0.9459459459459459,1.0,0.05405405405405406,,0.02,0.7112827112827113
mlp,7,7,3,0.3,fixed horizon 148,194,58,136,1.0150917076090729,0.0,0.05405405405405406,1.0,0.527027027027027,0.21283783783783783,0.9574506939371805,0.7871621621621622,0.04254930606281948,,0.02,0.7932217932217932
mlp,7,7,4,0.01,by final end,194,58,136,1.2724671442672073,0.0,0.08108108108108109,1.0,0.5405405405405406,0.9916666666666667,0.9993243243243244,0.008333333333333304,0.0006756756756756133,,0.03,0.9588159588159588
mlp,7,7,4,0.01,by earliest stop,194,58,136,1.2724671442672073,0.0,0.0,1.0,0.5,,1.0,,0.0,,0.0,0.815958815958816
mlp,7,7,4,0.01,fixed horizon 50,194,58,136,1.000285103706616,0.0,0.0,1.0,0.5,,1.0,,0.0,,0.0,0.5701415701415702
mlp,7,7,4,0.01,fixed horizon 100,194,58,136,1.000285103706616,0.0,0.0,1.0,0.5,,1.0,,0.0,,0.0,0.7112827112827113
mlp,7,7,4,0.01,fixed horizon 148,194,58,136,1.0010078333974874,0.0,0.0,1.0,0.5,,1.0,,0.0,,0.0,0.7932217932217932
mlp,7,7,4,0.025,by final end,194,58,136,1.1803963137215099,0.0,0.24324324324324326,1.0,0.6216216216216216,0.9542735042735041,0.9888773388773389,0.0457264957264959,0.011122661122661137,,0.09,0.9588159588159588
mlp,7,7,4,0.025,by earliest stop,194,58,136,1.1803963137215099,0.0,0.0,1.0,0.5,,1.0,,0.0,,0.0,0.815958815958816
mlp,7,7,4,0.025,fixed horizon 50,194,58,136,1.0002460399745954,0.0,0.0,1.0,0.5,,1.0,,0.0,,0.0,0.5701415701415702
mlp,7,7,4,0.025,fixed horizon 100,194,58,136,1.0002460399745954,0.0,0.0,1.0,0.5,,1.0,,0.0,,0.0,0.7112827112827113
mlp,7,7,4,0.025,fixed horizon 148,194,58,136,1.00025389598599,0.0,0.0,1.0,0.5,,1.0,,0.0,,0.0,0.7932217932217932
mlp,7,7,4,0.05,by final end,194,58,136,1.0932471838831594,0.0,0.35135135135135137,1.0,0.6756756756756757,0.884171597633136,0.9593035343035343,0.11582840236686398,0.04069646569646568,,0.13,0.9588159588159588
mlp,7,7,4,0.05,by earliest stop,194,58,136,1.0932471838831594,0.0,0.0,1.0,0.5,,1.0,,0.0,,0.0,0.815958815958816
mlp,7,7,4,0.05,fixed horizon 50,194,58,136,1.0004095217845177,0.0,0.0,1.0,0.5,,1.0,,0.0,,0.0,0.5701415701415702
mlp,7,7,4,0.05,fixed horizon 100,194,58,136,1.0004095217845177,0.0,0.0,1.0,0.5,,1.0,,0.0,,0.0,0.7112827112827113
mlp,7,7,4,0.05,fixed horizon 148,194,58,136,1.0001595384578288,0.0,0.0,1.0,0.5,,1.0,,0.0,,0.0,0.7932217932217932
mlp,7,7,4,0.075,by final end,194,58,136,1.1260799990067858,0.0,0.5675675675675675,1.0,0.7837837837837838,0.8282051282051284,0.9024948024948024,0.17179487179487163,0.0975051975051976,,0.21,0.9588159588159588
mlp,7,7,4,0.075,by earliest stop,194,58,136,1.1260799990067858,0.0,0.0,1.0,0.5,,1.0,,0.0,,0.0,0.815958815958816
mlp,7,7,4,0.075,fixed horizon 50,194,58,136,1.0032093662233428,0.0,0.0,1.0,0.5,,1.0,,0.0,,0.0,0.5701415701415702
mlp,7,7,4,0.075,fixed horizon 100,194,58,136,1.0038237860821344,0.0,0.0,1.0,0.5,,1.0,,0.0,,0.0,0.7112827112827113
mlp,7,7,4,0.075,fixed horizon 148,194,58,136,1.000485898512082,0.0,0.0,1.0,0.5,,1.0,,0.0,,0.0,0.7932217932217932
mlp,7,7,4,0.1,by final end,194,58,136,1.0278765260356582,0.0,0.7567567567567568,1.0,0.8783783783783784,0.8133241758241759,0.8587318087318088,0.18667582417582407,0.14126819126819123,,0.28,0.9588159588159588
mlp,7,7,4,0.1,by earliest stop,194,58,136,1.0278765260356582,0.0,0.0,1.0,0.5,,1.0,,0.0,,0.0,0.815958815958816
mlp,7,7,4,0.1,fixed horizon 50,194,58,136,1.01149675140686,0.0,0.0,1.0,0.5,,1.0,,0.0,,0.0,0.5701415701415702
mlp,7,7,4,0.1,fixed horizon 100,194,58,136,1.0170755271700669,0.0,0.0,1.0,0.5,,1.0,,0.0,,0.0,0.7112827112827113
mlp,7,7,4,0.1,fixed horizon 148,194,58,136,1.004999847490911,0.0,0.0,1.0,0.5,,1.0,,0.0,,0.0,0.7932217932217932
mlp,7,7,4,0.15,by final end,194,58,136,1.203624846484812,0.0,0.8378378378378378,1.0,0.9189189189189189,0.7302109181141438,0.7739604989604989,0.26978908188585615,0.2260395010395011,,0.31,0.9588159588159588
mlp,7,7,4,0.15,by earliest stop,194,58,136,1.203624846484812,0.0,0.0,1.0,0.5,,1.0,,0.0,,0.0,0.815958815958816
mlp,7,7,4,0.15,fixed horizon 50,194,58,136,1.0226202084643243,0.0,0.02702702702702703,1.0,0.5135135135135135,0.46,0.9854054054054054,0.54,0.014594594594594557,,0.01,0.5701415701415702
mlp,7,7,4,0.15,fixed horizon 100,194,58,136,1.0666491558223594,0.0,0.02702702702702703,1.0,0.5135135135135135,0.89,0.9970270270270271,0.10999999999999999,0.0029729729729729426,,0.01,0.7112827112827113
mlp,7,7,4,0.15,fixed horizon 148,194,58,136,1.1167593129816016,0.0,0.02702702702702703,1.0,0.5135135135135135,0.9527027027027027,0.9987216946676406,0.04729729729729726,0.0012783053323593974,,0.01,0.7932217932217932
mlp,7,7,4,0.2,by final end,194,58,136,1.1624205048515508,0.0,0.8648648648648649,1.0,0.9324324324324325,0.7060096153846154,0.7457380457380458,0.2939903846153846,0.2542619542619542,,0.32,0.9588159588159588
mlp,7,7,4,0.2,by earliest stop,194,58,136,1.1624205048515508,0.0,0.0,1.0,0.5,,1.0,,0.0,,0.0,0.815958815958816
mlp,7,7,4,0.2,fixed horizon 50,194,58,136,1.0529237383410583,0.0,0.0,1.0,0.5,,1.0,,0.0,,0.0,0.5701415701415702
mlp,7,7,4,0.2,fixed horizon 100,194,58,136,1.2857960636113652,0.0,0.02702702702702703,1.0,0.5135135135135135,0.92,0.9978378378378379,0.07999999999999996,0.00216216216216214,,0.01,0.7112827112827113
mlp,7,7,4,0.2,fixed horizon 148,194,58,136,1.2859827213119397,0.0,0.02702702702702703,1.0,0.5135135135135135,0.6216216216216216,0.9897735573411249,0.3783783783783784,0.010226442658875068,,0.01,0.7932217932217932
mlp,7,7,4,0.3,by final end,194,58,136,1.0063460616677284,0.015873015873015872,0.8918918918918919,0.9841269841269841,0.9380094380094379,0.6478438228438229,0.6859147609147609,0.3521561771561771,0.3140852390852391,0.9115384615384615,0.34,0.9588159588159588
mlp,7,7,4,0.3,by earliest stop,194,58,136,1.0063460616677284,0.0,0.05405405405405406,1.0,0.527027027027027,0.8523809523809524,0.992020592020592,0.14761904761904765,0.007979407979407993,,0.02,0.815958815958816
mlp,7,7,4,0.3,fixed horizon 50,194,58,136,1.0263268834427783,0.0,0.05405405405405406,1.0,0.527027027027027,0.48,0.971891891891892,0.52,0.028108108108108043,,0.02,0.5701415701415702
mlp,7,7,4,0.3,fixed horizon 100,194,58,136,1.0127313205188904,0.0,0.05405405405405406,1.0,0.527027027027027,0.39,0.967027027027027,0.61,0.03297297297297297,,0.02,0.7112827112827113
mlp,7,7,4,0.3,fixed horizon 148,194,58,136,1.0434355176693582,0.0,0.08108108108108109,1.0,0.5405405405405406,0.5743243243243242,0.9654857560262966,0.42567567567567577,0.034514243973703396,,0.03,0.7932217932217932
mlp,7,7,5,0.01,by final end,194,58,136,1.0007559258861014,0.0,0.0,1.0,0.5,,1.0,,0.0,,0.0,0.9588159588159588
mlp,7,7,5,0.01,by earliest stop,194,58,136,1.0007559258861014,0.0,0.0,1.0,0.5,,1.0,,0.0,,0.0,0.815958815958816
mlp,7,7,5,0.01,fixed horizon 50,194,58,136,1.0001212264561248,0.0,0.0,1.0,0.5,,1.0,,0.0,,0.0,0.5701415701415702
mlp,7,7,5,0.01,fixed horizon 100,194,58,136,1.0007265407160968,0.0,0.0,1.0,0.5,,1.0,,0.0,,0.0,0.7112827112827113
mlp,7,7,5,0.01,fixed horizon 148,194,58,136,1.0007559258861014,0.0,0.0,1.0,0.5,,1.0,,0.0,,0.0,0.7932217932217932
mlp,7,7,5,0.025,by final end,194,58,136,1.000331543847487,0.0,0.0,1.0,0.5,,1.0,,0.0,,0.0,0.9588159588159588
mlp,7,7,5,0.025,by earliest stop,194,58,136,1.000331543847487,0.0,0.0,1.0,0.5,,1.0,,0.0,,0.0,0.815958815958816
mlp,7,7,5,0.025,fixed horizon 50,194,58,136,1.000057090117446,0.0,0.0,1.0,0.5,,1.0,,0.0,,0.0,0.5701415701415702
mlp,7,7,5,0.025,fixed horizon 100,194,58,136,1.0001521882882627,0.0,0.0,1.0,0.5,,1.0,,0.0,,0.0,0.7112827112827113
mlp,7,7,5,0.025,fixed horizon 148,194,58,136,1.000331543847487,0.0,0.0,1.0,0.5,,1.0,,0.0,,0.0,0.7932217932217932
mlp,7,7,5,0.05,by final end,194,58,136,1.0000759138412363,0.0,0.02702702702702703,1.0,0.5135135135135135,0.9903846153846154,0.9997401247401246,0.009615384615384581,0.000259875259875364,,0.01,0.9588159588159588
mlp,7,7,5,0.05,by earliest stop,194,58,136,1.0000759138412363,0.0,0.0,1.0,0.5,,1.0,,0.0,,0.0,0.815958815958816
mlp,7,7,5,0.05,fixed horizon 50,194,58,136,1.0000999666809234,0.0,0.0,1.0,0.5,,1.0,,0.0,,0.0,0.5701415701415702
mlp,7,7,5,0.05,fixed horizon 100,194,58,136,1.0001036527746174,0.0,0.0,1.0,0.5,,1.0,,0.0,,0.0,0.7112827112827113
mlp,7,7,5,0.05,fixed horizon 148,194,58,136,1.0000759138412363,0.0,0.0,1.0,0.5,,1.0,,0.0,,0.0,0.7932217932217932
mlp,7,7,5,0.075,by final end,194,58,136,1.0000424839744804,0.0,0.1891891891891892,1.0,0.5945945945945946,0.9771978021978022,0.9956860706860706,0.022802197802197832,0.004313929313929377,,0.07,0.9588159588159588
mlp,7,7,5,0.075,by earliest stop,194,58,136,1.0000424839744804,0.0,0.0,1.0,0.5,,1.0,,0.0,,0.0,0.815958815958816
mlp,7,7,5,0.075,fixed horizon 50,194,58,136,1.0000949237206225,0.0,0.0,1.0,0.5,,1.0,,0.0,,0.0,0.5701415701415702
mlp,7,7,5,0.075,fixed horizon 100,194,58,136,1.0001030890930154,0.0,0.0,1.0,0.5,,1.0,,0.0,,0.0,0.7112827112827113
mlp,7,7,5,0.075,fixed horizon 148,194,58,136,1.0072344626743854,0.0,0.0,1.0,0.5,,1.0,,0.0,,0.0,0.7932217932217932
mlp,7,7,5,0.1,by final end,194,58,136,1.0075192487601758,0.0,0.35135135135135137,1.0,0.6756756756756757,0.7252958579881655,0.9034823284823285,0.27470414201183446,0.09651767151767154,,0.13,0.9588159588159588
mlp,7,7,5,0.1,by earliest stop,194,58,136,1.0075192487601758,0.0,0.0,1.0,0.5,,1.0,,0.0,,0.0,0.815958815958816
mlp,7,7,5,0.1,fixed horizon 50,194,58,136,1.0000266166954708,0.0,0.0,1.0,0.5,,1.0,,0.0,,0.0,0.5701415701415702
mlp,7,7,5,0.1,fixed horizon 100,194,58,136,1.0066825525568515,0.0,0.0,1.0,0.5,,1.0,,0.0,,0.0,0.7112827112827113
mlp,7,7,5,0.1,fixed horizon 148,194,58,136,1.002823667601715,0.0,0.0,1.0,0.5,,1.0,,0.0,,0.0,0.7932217932217932
mlp,7,7,5,0.15,by final end,194,58,136,1.0485178502333636,0.0,0.8378378378378378,1.0,0.9189189189189189,0.7561414392059552,0.7956860706860706,0.24385856079404478,0.20431392931392944,,0.31,0.9588159588159588
mlp,7,7,5,0.15,by earliest stop,194,58,136,1.0485178502333636,0.0,0.0,1.0,0.5,,1.0,,0.0,,0.0,0.815958815958816
mlp,7,7,5,0.15,fixed horizon 50,194,58,136,0.9999777839538843,0.0,0.02702702702702703,1.0,0.5135135135135135,0.0,0.972972972972973,1.0,0.027027027027026973,,0.01,0.5701415701415702
mlp,7,7,5,0.15,fixed horizon 100,194,58,136,0.999992658896931,0.0,0.0,1.0,0.5,,1.0,,0.0,,0.0,0.7112827112827113
mlp,7,7,5,0.15,fixed horizon 148,194,58,136,1.0000956595524815,0.0,0.02702702702702703,1.0,0.5135135135135135,0.722972972972973,0.9925127830533235,0.277027027027027,0.007487216946676534,,0.01,0.7932217932217932
mlp,7,7,5,0.2,by final end,194,58,136,1.0001200664623147,0.0,0.8378378378378378,1.0,0.9189189189189189,0.7092431761786601,0.7563929313929314,0.29075682382133994,0.2436070686070686,,0.31,0.9588159588159588
mlp,7,7,5,0.2,by earliest stop,194,58,136,1.0001200664623147,0.0,0.0,1.0,0.5,,1.0,,0.0,,0.0,0.815958815958816
mlp,7,7,5,0.2,fixed horizon 50,194,58,136,1.0000507184969727,0.0,0.0,1.0,0.5,,1.0,,0.0,,0.0,0.5701415701415702
mlp,7,7,5,0.2,fixed horizon 100,194,58,136,0.9999220356368861,0.0,0.02702702702702703,1.0,0.5135135135135135,0.0,0.972972972972973,1.0,0.027027027027026973,,0.01,0.7112827112827113
mlp,7,7,5,0.2,fixed horizon 148,194,58,136,0.999964006031427,0.0,0.02702702702702703,1.0,0.5135135135135135,0.581081081081081,0.9886778670562454,0.41891891891891897,0.011322132943754615,,0.01,0.7932217932217932
mlp,7,7,5,0.3,by final end,194,58,136,0.9951854245095195,0.0,0.8648648648648649,1.0,0.9324324324324325,0.6425480769230769,0.6908523908523907,0.3574519230769231,0.3091476091476093,,0.32,0.9588159588159588
mlp,7,7,5,0.3,by earliest stop,194,58,136,0.9951854245095195,0.0,0.08108108108108109,1.0,0.5405405405405406,0.0,0.918918918918919,1.0,0.08108108108108103,,0.03,0.815958815958816
mlp,7,7,5,0.3,fixed horizon 50,194,58,136,1.0128197110055654,0.0,0.05405405405405406,1.0,0.527027027027027,0.4,0.9675675675675675,0.6,0.032432432432432545,,0.02,0.5701415701415702
mlp,7,7,5,0.3,fixed horizon 100,194,58,136,1.0155325699032784,0.0,0.05405405405405406,1.0,0.527027027027027,0.2,0.9567567567567568,0.8,0.043243243243243246,,0.02,0.7112827112827113
mlp,7,7,5,0.3,fixed horizon 148,194,58,136,0.9973145095727469,0.0,0.05405405405405406,1.0,0.527027027027027,0.0,0.9459459459459459,1.0,0.05405405405405406,,0.02,0.7932217932217932
mlp,7,7,6,0.01,by final end,194,58,136,1.0013892948398764,0.0,0.02702702702702703,1.0,0.5135135135135135,0.9923076923076923,0.9997920997920997,0.007692307692307665,0.00020790020790029118,,0.01,0.9588159588159588
mlp,7,7,6,0.01,by earliest stop,194,58,136,1.0013892948398764,0.0,0.0,1.0,0.5,,1.0,,0.0,,0.0,0.815958815958816
mlp,7,7,6,0.01,fixed horizon 50,194,58,136,1.000090575649385,0.0,0.0,1.0,0.5,,1.0,,0.0,,0.0,0.5701415701415702
mlp,7,7,6,0.01,fixed horizon 100,194,58,136,1.0008253005442607,0.0,0.0,1.0,0.5,,1.0,,0.0,,0.0,0.7112827112827113
mlp,7,7,6,0.01,fixed horizon 148,194,58,136,1.0008360781714647,0.0,0.0,1.0,0.5,,1.0,,0.0,,0.0,0.7932217932217932
mlp,7,7,6,0.025,by final end,194,58,136,1.0008246034174075,0.0,0.02702702702702703,1.0,0.5135135135135135,0.9903846153846154,0.9997401247401246,0.009615384615384581,0.000259875259875364,,0.01,0.9588159588159588
mlp,7,7,6,0.025,by earliest stop,194,58,136,1.0008246034174075,0.0,0.0,1.0,0.5,,1.0,,0.0,,0.0,0.815958815958816
mlp,7,7,6,0.025,fixed horizon 50,194,58,136,1.0000368515018812,0.0,0.0,1.0,0.5,,1.0,,0.0,,0.0,0.5701415701415702
mlp,7,7,6,0.025,fixed horizon 100,194,58,136,1.0007754105685311,0.0,0.0,1.0,0.5,,1.0,,0.0,,0.0,0.7112827112827113
mlp,7,7,6,0.025,fixed horizon 148,194,58,136,1.000786723163342,0.0,0.0,1.0,0.5,,1.0,,0.0,,0.0,0.7932217932217932
mlp,7,7,6,0.05,by final end,194,58,136,1.0005251111180602,0.0,0.16216216216216217,1.0,0.5810810810810811,0.9820512820512821,0.9970893970893971,0.017948717948717885,0.0029106029106028553,,0.06,0.9588159588159588
mlp,7,7,6,0.05,by earliest stop,194,58,136,1.0005251111180602,0.0,0.0,1.0,0.5,,1.0,,0.0,,0.0,0.815958815958816
mlp,7,7,6,0.05,fixed horizon 50,194,58,136,1.0000308916050327,0.0,0.0,1.0,0.5,,1.0,,0.0,,0.0,0.5701415701415702
mlp,7,7,6,0.05,fixed horizon 100,194,58,136,1.0000410800439903,0.0,0.0,1.0,0.5,,1.0,,0.0,,0.0,0.7112827112827113
mlp,7,7,6,0.05,fixed horizon 148,194,58,136,1.0000308916050327,0.0,0.0,1.0,0.5,,1.0,,0.0,,0.0,0.7932217932217932
mlp,7,7,6,0.075,by final end,194,58,136,1.2233465339263454,0.0,0.3783783783783784,1.0,0.6891891891891893,0.8263736263736263,0.9343035343035343,0.17362637362637368,0.0656964656964657,,0.14,0.9588159588159588
mlp,7,7,6,0.075,by earliest stop,194,58,136,1.2233465339263454,0.0,0.0,1.0,0.5,,1.0,,0.0,,0.0,0.815958815958816
mlp,7,7,6,0.075,fixed horizon 50,194,58,136,1.000040824766447,0.0,0.0,1.0,0.5,,1.0,,0.0,,0.0,0.5701415701415702
mlp,7,7,6,0.075,fixed horizon 100,194,58,136,1.0000673536605056,0.0,0.0,1.0,0.5,,1.0,,0.0,,0.0,0.7112827112827113
mlp,7,7,6,0.075,fixed horizon 148,194,58,136,1.0264549577543425,0.0,0.0,1.0,0.5,,1.0,,0.0,,0.0,0.7932217932217932
mlp,7,7,6,0.1,by final end,194,58,136,1.2242030384189775,0.0,0.6216216216216216,1.0,0.8108108108108107,0.79623745819398,0.8733367983367983,0.20376254180602005,0.12666320166320166,,0.23,0.9588159588159588
mlp,7,7,6,0.1,by earliest stop,194,58,136,1.2242030384189775,0.0,0.0,1.0,0.5,,1.0,,0.0,,0.0,0.815958815958816
mlp,7,7,6,0.1,fixed horizon 50,194,58,136,1.0000143616842563,0.0,0.0,1.0,0.5,,1.0,,0.0,,0.0,0.5701415701415702
mlp,7,7,6,0.1,fixed horizon 100,194,58,136,1.0002149081477898,0.0,0.0,1.0,0.5,,1.0,,0.0,,0.0,0.7112827112827113
mlp,7,7,6,0.1,fixed horizon 148,194,58,136,1.0302173613824321,0.0,0.0,1.0,0.5,,1.0,,0.0,,0.0,0.7932217932217932
mlp,7,7,6,0.15,by final end,194,58,136,1.0714364712002473,0.0,0.8378378378378378,1.0,0.9189189189189189,0.7570719602977669,0.7964656964656964,0.2429280397022331,0.20353430353430357,,0.31,0.9588159588159588
mlp,7,7,6,0.15,by earliest stop,194,58,136,1.0714364712002473,0.0,0.0,1.0,0.5,,1.0,,0.0,,0.0,0.815958815958816
mlp,7,7,6,0.15,fixed horizon 50,194,58,136,1.0229618606481516,0.0,0.02702702702702703,1.0,0.5135135135135135,0.46,0.9854054054054054,0.54,0.014594594594594557,,0.01,0.5701415701415702
mlp,7,7,6,0.15,fixed horizon 100,194,58,136,1.0588550634520677,0.0,0.0,1.0,0.5,,1.0,,0.0,,0.0,0.7112827112827113
mlp,7,7,6,0.15,fixed horizon 148,194,58,136,1.0600493198755576,0.0,0.0,1.0,0.5,,1.0,,0.0,,0.0,0.7932217932217932
mlp,7,7,6,0.2,by final end,194,58,136,1.0194087202816315,0.0,0.8378378378378378,1.0,0.9189189189189189,0.7210918114143923,0.7663201663201664,0.27890818858560773,0.23367983367983358,,0.31,0.9588159588159588
mlp,7,7,6,0.2,by earliest stop,194,58,136,1.0194087202816315,0.0,0.0,1.0,0.5,,1.0,,0.0,,0.0,0.815958815958816
mlp,7,7,6,0.2,fixed horizon 50,194,58,136,1.090819504863812,0.0,0.0,1.0,0.5,,1.0,,0.0,,0.0,0.5701415701415702
mlp,7,7,6,0.2,fixed horizon 100,194,58,136,1.0708692245793014,0.0,0.02702702702702703,1.0,0.5135135135135135,0.91,0.9975675675675675,0.08999999999999997,0.0024324324324325186,,0.01,0.7112827112827113
mlp,7,7,6,0.2,fixed horizon 148,194,58,136,1.035654973529821,0.0,0.02702702702702703,1.0,0.5135135135135135,0.9256756756756757,0.997991234477721,0.07432432432432434,0.0020087655222790213,,0.01,0.7932217932217932
mlp,7,7,6,0.3,by final end,194,58,136,0.9982487292073288,0.0,0.8648648648648649,1.0,0.9324324324324325,0.6482572115384615,0.6957900207900207,0.3517427884615385,0.3042099792099793,,0.32,0.9588159588159588
mlp,7,7,6,0.3,by earliest stop,194,58,136,0.9982487292073288,0.0,0.05405405405405406,1.0,0.527027027027027,0.0,0.9459459459459459,1.0,0.05405405405405406,,0.02,0.815958815958816
mlp,7,7,6,0.3,fixed horizon 50,194,58,136,0.9999655258402069,0.0,0.05405405405405406,1.0,0.527027027027027,0.0,0.9459459459459459,1.0,0.05405405405405406,,0.02,0.5701415701415702
mlp,7,7,6,0.3,fixed horizon 100,194,58,136,0.9978470294023528,0.0,0.05405405405405406,1.0,0.527027027027027,0.0,0.9459459459459459,1.0,0.05405405405405406,,0.02,0.7112827112827113
mlp,7,7,6,0.3,fixed horizon 148,194,58,136,0.9982487292073288,0.0,0.05405405405405406,1.0,0.527027027027027,0.0,0.9459459459459459,1.0,0.05405405405405406,,0.02,0.7932217932217932
mlp,7,7,7,0.01,by final end,194,58,136,1.0329176229917054,0.0,0.0,1.0,0.5,,1.0,,0.0,,0.0,0.9588159588159588
mlp,7,7,7,0.01,by earliest stop,194,58,136,1.0329176229917054,0.0,0.0,1.0,0.5,,1.0,,0.0,,0.0,0.815958815958816
mlp,7,7,7,0.01,fixed horizon 50,194,58,136,1.0002093105272798,0.0,0.0,1.0,0.5,,1.0,,0.0,,0.0,0.5701415701415702
mlp,7,7,7,0.01,fixed horizon 100,194,58,136,1.0002128357307625,0.0,0.0,1.0,0.5,,1.0,,0.0,,0.0,0.7112827112827113
mlp,7,7,7,0.01,fixed horizon 148,194,58,136,1.0005019001470006,0.0,0.0,1.0,0.5,,1.0,,0.0,,0.0,0.7932217932217932
mlp,7,7,7,0.025,by final end,194,58,136,1.0190494347216446,0.0,0.0,1.0,0.5,,1.0,,0.0,,0.0,0.9588159588159588
mlp,7,7,7,0.025,by earliest stop,194,58,136,1.0190494347216446,0.0,0.0,1.0,0.5,,1.0,,0.0,,0.0,0.815958815958816
mlp,7,7,7,0.025,fixed horizon 50,194,58,136,1.000194345427575,0.0,0.0,1.0,0.5,,1.0,,0.0,,0.0,0.5701415701415702
mlp,7,7,7,0.025,fixed horizon 100,194,58,136,1.0002024755224124,0.0,0.0,1.0,0.5,,1.0,,0.0,,0.0,0.7112827112827113
mlp,7,7,7,0.025,fixed horizon 148,194,58,136,1.0002128130075738,0.0,0.0,1.0,0.5,,1.0,,0.0,,0.0,0.7932217932217932
mlp,7,7,7,0.05,by final end,194,58,136,1.0002124721597436,0.0,0.1891891891891892,1.0,0.5945945945945946,0.9771978021978022,0.9956860706860706,0.022802197802197832,0.004313929313929377,,0.07,0.9588159588159588
mlp,7,7,7,0.05,by earliest stop,194,58,136,1.0002124721597436,0.0,0.0,1.0,0.5,,1.0,,0.0,,0.0,0.815958815958816
mlp,7,7,7,0.05,fixed horizon 50,194,58,136,1.0002072858678195,0.0,0.0,1.0,0.5,,1.0,,0.0,,0.0,0.5701415701415702
mlp,7,7,7,0.05,fixed horizon 100,194,58,136,1.0002031861190295,0.0,0.0,1.0,0.5,,1.0,,0.0,,0.0,0.7112827112827113
mlp,7,7,7,0.05,fixed horizon 148,194,58,136,1.0109355637199342,0.0,0.0,1.0,0.5,,1.0,,0.0,,0.0,0.7932217932217932
mlp,7,7,7,0.075,by final end,194,58,136,1.020217860349414,0.0,0.5675675675675675,1.0,0.7837837837837838,0.8381868131868131,0.9081600831600832,0.1618131868131869,0.09183991683991677,,0.21,0.9588159588159588
mlp,7,7,7,0.075,by earliest stop,194,58,136,1.020217860349414,0.0,0.0,1.0,0.5,,1.0,,0.0,,0.0,0.815958815958816
mlp,7,7,7,0.075,fixed horizon 50,194,58,136,1.0133190887917565,0.0,0.0,1.0,0.5,,1.0,,0.0,,0.0,0.5701415701415702
mlp,7,7,7,0.075,fixed horizon 100,194,58,136,1.0133190887917565,0.0,0.0,1.0,0.5,,1.0,,0.0,,0.0,0.7112827112827113
mlp,7,7,7,0.075,fixed horizon 148,194,58,136,1.0175559068553455,0.0,0.0,1.0,0.5,,1.0,,0.0,,0.0,0.7932217932217932
mlp,7,7,7,0.1,by final end,194,58,136,1.0636440581468287,0.0,0.5675675675675675,1.0,0.7837837837837838,0.8315018315018314,0.9043659043659044,0.16849816849816857,0.09563409563409564,,0.21,0.9588159588159588
mlp,7,7,7,0.1,by earliest stop,194,58,136,1.0636440581468287,0.0,0.0,1.0,0.5,,1.0,,0.0,,0.0,0.815958815958816
mlp,7,7,7,0.1,fixed horizon 50,194,58,136,1.0203295941614616,0.0,0.0,1.0,0.5,,1.0,,0.0,,0.0,0.5701415701415702
mlp,7,7,7,0.1,fixed horizon 100,194,58,136,1.031957393077554,0.0,0.0,1.0,0.5,,1.0,,0.0,,0.0,0.7112827112827113
mlp,7,7,7,0.1,fixed horizon 148,194,58,136,1.055696330390551,0.0,0.0,1.0,0.5,,1.0,,0.0,,0.0,0.7932217932217932
mlp,7,7,7,0.15,by final end,194,58,136,1.017537199540005,0.0,0.8108108108108109,1.0,0.9054054054054055,0.7846794871794873,0.8254158004158005,0.21532051282051268,0.17458419958419946,,0.3,0.9588159588159588
mlp,7,7,7,0.15,by earliest stop,194,58,136,1.017537199540005,0.0,0.0,1.0,0.5,,1.0,,0.0,,0.0,0.815958815958816
mlp,7,7,7,0.15,fixed horizon 50,194,58,136,1.0230974199909224,0.0,0.0,1.0,0.5,,1.0,,0.0,,0.0,0.5701415701415702
mlp,7,7,7,0.15,fixed horizon 100,194,58,136,1.0663451873216987,0.0,0.0,1.0,0.5,,1.0,,0.0,,0.0,0.7112827112827113
mlp,7,7,7,0.15,fixed horizon 148,194,58,136,1.071342398061305,0.0,0.02702702702702703,1.0,0.5135135135135135,0.8716216216216216,0.9965303140978816,0.1283783783783784,0.00346968590211838,,0.01,0.7932217932217932
mlp,7,7,7,0.2,by final end,194,58,136,1.0295659403175188,0.0,0.8378378378378378,1.0,0.9189189189189189,0.7379652605459057,0.7804573804573803,0.2620347394540943,0.21954261954261967,,0.31,0.9588159588159588
mlp,7,7,7,0.2,by earliest stop,194,58,136,1.0295659403175188,0.0,0.0,1.0,0.5,,1.0,,0.0,,0.0,0.815958815958816
mlp,7,7,7,0.2,fixed horizon 50,194,58,136,1.1254752259290923,0.0,0.0,1.0,0.5,,1.0,,0.0,,0.0,0.5701415701415702
mlp,7,7,7,0.2,fixed horizon 100,194,58,136,1.1326208773945665,0.0,0.02702702702702703,1.0,0.5135135135135135,0.64,0.9902702702702703,0.36,0.009729729729729741,,0.01,0.7112827112827113
mlp,7,7,7,0.2,fixed horizon 148,194,58,136,1.0731937539317957,0.0,0.02702702702702703,1.0,0.5135135135135135,0.6013513513513513,0.9892257121986853,0.3986486486486487,0.01077428780131473,,0.01,0.7932217932217932
mlp,7,7,7,0.3,by final end,194,58,136,0.9993061848920628,0.0,0.8648648648648649,1.0,0.9324324324324325,0.6766225961538461,0.7203222453222453,0.3233774038461539,0.2796777546777547,,0.32,0.9588159588159588
mlp,7,7,7,0.3,by earliest stop,194,58,136,0.9993061848920628,0.0,0.05405405405405406,1.0,0.527027027027027,0.0,0.9459459459459459,1.0,0.05405405405405406,,0.02,0.815958815958816
mlp,7,7,7,0.3,fixed horizon 50,194,58,136,1.0084559637253603,0.0,0.05405405405405406,1.0,0.527027027027027,0.41000000000000003,0.9681081081081081,0.59,0.0318918918918919,,0.02,0.5701415701415702
mlp,7,7,7,0.3,fixed horizon 100,194,58,136,0.9997589015887935,0.0,0.05405405405405406,1.0,0.527027027027027,0.0,0.9459459459459459,1.0,0.05405405405405406,,0.02,0.7112827112827113
mlp,7,7,7,0.3,fixed horizon 148,194,58,136,0.9997589015887935,0.0,0.05405405405405406,1.0,0.527027027027027,0.0,0.9459459459459459,1.0,0.05405405405405406,,0.02,0.7932217932217932
mlp,7,7,8,0.01,by final end,194,58,136,1.0224922556991805,0.0,0.08108108108108109,1.0,0.5405405405405406,0.9923076923076923,0.9993762993762992,0.007692307692307665,0.0006237006237007625,,0.03,0.9588159588159588
mlp,7,7,8,0.01,by earliest stop,194,58,136,1.0224922556991805,0.0,0.0,1.0,0.5,,1.0,,0.0,,0.0,0.815958815958816
mlp,7,7,8,0.01,fixed horizon 50,194,58,136,1.0001805489233986,0.0,0.0,1.0,0.5,,1.0,,0.0,,0.0,0.5701415701415702
mlp,7,7,8,0.01,fixed horizon 100,194,58,136,1.0005349366287484,0.0,0.0,1.0,0.5,,1.0,,0.0,,0.0,0.7112827112827113
mlp,7,7,8,0.01,fixed horizon 148,194,58,136,1.0006172652676701,0.0,0.0,1.0,0.5,,1.0,,0.0,,0.0,0.7932217932217932
mlp,7,7,8,0.025,by final end,194,58,136,1.0009788295915,0.0,0.16216216216216217,1.0,0.5810810810810811,0.9820512820512821,0.9970893970893971,0.017948717948717885,0.0029106029106028553,,0.06,0.9588159588159588
mlp,7,7,8,0.025,by earliest stop,194,58,136,1.0009788295915,0.0,0.0,1.0,0.5,,1.0,,0.0,,0.0,0.815958815958816
mlp,7,7,8,0.025,fixed horizon 50,194,58,136,1.0000819556050307,0.0,0.0,1.0,0.5,,1.0,,0.0,,0.0,0.5701415701415702
mlp,7,7,8,0.025,fixed horizon 100,194,58,136,1.0001703438908986,0.0,0.0,1.0,0.5,,1.0,,0.0,,0.0,0.7112827112827113
mlp,7,7,8,0.025,fixed horizon 148,194,58,136,1.0002322859164412,0.0,0.0,1.0,0.5,,1.0,,0.0,,0.0,0.7932217932217932
mlp,7,7,8,0.05,by final end,194,58,136,1.0002626776520147,0.0,0.1891891891891892,1.0,0.5945945945945946,0.9771978021978022,0.9956860706860706,0.022802197802197832,0.004313929313929377,,0.07,0.9588159588159588
mlp,7,7,8,0.05,by earliest stop,194,58,136,1.0002626776520147,0.0,0.0,1.0,0.5,,1.0,,0.0,,0.0,0.815958815958816
mlp,7,7,8,0.05,fixed horizon 50,194,58,136,1.0000868436048678,0.0,0.0,1.0,0.5,,1.0,,0.0,,0.0,0.5701415701415702
mlp,7,7,8,0.05,fixed horizon 100,194,58,136,1.0000699374794872,0.0,0.0,1.0,0.5,,1.0,,0.0,,0.0,0.7112827112827113
mlp,7,7,8,0.05,fixed horizon 148,194,58,136,1.0000699374794872,0.0,0.0,1.0,0.5,,1.0,,0.0,,0.0,0.7932217932217932
mlp,7,7,8,0.075,by final end,194,58,136,1.0121466526740492,0.0,0.5675675675675675,1.0,0.7837837837837838,0.8364468864468865,0.9071725571725572,0.16355311355311353,0.09282744282744282,,0.21,0.9588159588159588
mlp,7,7,8,0.075,by earliest stop,194,58,136,1.0121466526740492,0.0,0.0,1.0,0.5,,1.0,,0.0,,0.0,0.815958815958816
mlp,7,7,8,0.075,fixed horizon 50,194,58,136,0.9999948113143117,0.0,0.0,1.0,0.5,,1.0,,0.0,,0.0,0.5701415701415702
mlp,7,7,8,0.075,fixed horizon 100,194,58,136,1.0012275465950387,0.0,0.0,1.0,0.5,,1.0,,0.0,,0.0,0.7112827112827113
mlp,7,7,8,0.075,fixed horizon 148,194,58,136,1.0016236893207198,0.0,0.0,1.0,0.5,,1.0,,0.0,,0.0,0.7932217932217932
mlp,7,7,8,0.1,by final end,194,58,136,1.0045025759763457,0.0,0.5675675675675675,1.0,0.7837837837837838,0.8163919413919414,0.8957900207900209,0.18360805860805862,0.1042099792099791,,0.21,0.9588159588159588
mlp,7,7,8,0.1,by earliest stop,194,58,136,1.0045025759763457,0.0,0.0,1.0,0.5,,1.0,,0.0,,0.0,0.815958815958816
mlp,7,7,8,0.1,fixed horizon 50,194,58,136,0.9999791070007751,0.0,0.0,1.0,0.5,,1.0,,0.0,,0.0,0.5701415701415702
mlp,7,7,8,0.1,fixed horizon 100,194,58,136,1.0001038498030488,0.0,0.0,1.0,0.5,,1.0,,0.0,,0.0,0.7112827112827113
mlp,7,7,8,0.1,fixed horizon 148,194,58,136,1.0047735699462006,0.0,0.0,1.0,0.5,,1.0,,0.0,,0.0,0.7932217932217932
mlp,7,7,8,0.15,by final end,194,58,136,1.0050633029412606,0.0,0.7567567567567568,1.0,0.8783783783783784,0.8083104395604394,0.8549376299376298,0.19168956043956065,0.14506237006237022,,0.28,0.9588159588159588
mlp,7,7,8,0.15,by earliest stop,194,58,136,1.0050633029412606,0.0,0.0,1.0,0.5,,1.0,,0.0,,0.0,0.815958815958816
mlp,7,7,8,0.15,fixed horizon 50,194,58,136,0.9999884297589893,0.0,0.02702702702702703,1.0,0.5135135135135135,0.02,0.9735135135135135,0.98,0.02648648648648655,,0.01,0.5701415701415702
mlp,7,7,8,0.15,fixed horizon 100,194,58,136,1.0001303416771927,0.0,0.0,1.0,0.5,,1.0,,0.0,,0.0,0.7112827112827113
mlp,7,7,8,0.15,fixed horizon 148,194,58,136,1.0050234707543302,0.0,0.02702702702702703,1.0,0.5135135135135135,0.8716216216216216,0.9965303140978816,0.1283783783783784,0.00346968590211838,,0.01,0.7932217932217932
mlp,7,7,8,0.2,by final end,194,58,136,1.001077639469892,0.0,0.8648648648648649,1.0,0.9324324324324325,0.7103966346153846,0.7495322245322246,0.2896033653846154,0.25046777546777543,,0.32,0.9588159588159588
mlp,7,7,8,0.2,by earliest stop,194,58,136,1.001077639469892,0.0,0.0,1.0,0.5,,1.0,,0.0,,0.0,0.815958815958816
mlp,7,7,8,0.2,fixed horizon 50,194,58,136,1.0088680085821047,0.0,0.05405405405405406,1.0,0.527027027027027,0.53,0.9745945945945946,0.47,0.025405405405405368,,0.02,0.5701415701415702
mlp,7,7,8,0.2,fixed horizon 100,194,58,136,1.0495337166808631,0.0,0.02702702702702703,1.0,0.5135135135135135,0.8,0.9945945945945945,0.19999999999999996,0.005405405405405461,,0.01,0.7112827112827113
mlp,7,7,8,0.2,fixed horizon 148,194,58,136,1.1223136198479646,0.0,0.02702702702702703,1.0,0.5135135135135135,0.7364864864864865,0.9928780131482834,0.2635135135135135,0.007121986851716611,,0.01,0.7932217932217932
mlp,7,7,8,0.3,by final end,194,58,136,0.9986135295831117,0.0,0.8648648648648649,1.0,0.9324324324324325,0.6405649038461538,0.6891372141372142,0.35943509615384617,0.3108627858627858,,0.32,0.9588159588159588
mlp,7,7,8,0.3,by earliest stop,194,58,136,0.9986135295831117,0.0,0.05405405405405406,1.0,0.527027027027027,0.0,0.9459459459459459,1.0,0.05405405405405406,,0.02,0.815958815958816
mlp,7,7,8,0.3,fixed horizon 50,194,58,136,1.4665257438133703,0.0,0.05405405405405406,1.0,0.527027027027027,0.36,0.9654054054054054,0.64,0.034594594594594574,,0.02,0.5701415701415702
mlp,7,7,8,0.3,fixed horizon 100,194,58,136,1.313320030668836,0.0,0.05405405405405406,1.0,0.527027027027027,0.26,0.9599999999999999,0.74,0.04000000000000015,,0.02,0.7112827112827113
mlp,7,7,8,0.3,fixed horizon 148,194,58,136,1.1832827202518779,0.0,0.05405405405405406,1.0,0.527027027027027,0.14864864864864866,0.9539810080350621,0.8513513513513513,0.04601899196493786,,0.02,0.7932217932217932
mlp,7,7,9,0.01,by final end,194,58,136,1.0183042219904654,0.0,0.0,1.0,0.5,,1.0,,0.0,,0.0,0.9588159588159588
mlp,7,7,9,0.01,by earliest stop,194,58,136,1.0183042219904654,0.0,0.0,1.0,0.5,,1.0,,0.0,,0.0,0.815958815958816
mlp,7,7,9,0.01,fixed horizon 50,194,58,136,0.9999964169201745,0.0,0.0,1.0,0.5,,1.0,,0.0,,0.0,0.5701415701415702
mlp,7,7,9,0.01,fixed horizon 100,194,58,136,1.0017888050212336,0.0,0.0,1.0,0.5,,1.0,,0.0,,0.0,0.7112827112827113
mlp,7,7,9,0.01,fixed horizon 148,194,58,136,1.0017888050212336,0.0,0.0,1.0,0.5,,1.0,,0.0,,0.0,0.7932217932217932
mlp,7,7,9,0.025,by final end,194,58,136,1.0020303564062198,0.0,0.02702702702702703,1.0,0.5135135135135135,0.9923076923076923,0.9997920997920997,0.007692307692307665,0.00020790020790029118,,0.01,0.9588159588159588
mlp,7,7,9,0.025,by earliest stop,194,58,136,1.0020303564062198,0.0,0.0,1.0,0.5,,1.0,,0.0,,0.0,0.815958815958816
mlp,7,7,9,0.025,fixed horizon 50,194,58,136,0.9999937098411509,0.0,0.0,1.0,0.5,,1.0,,0.0,,0.0,0.5701415701415702
mlp,7,7,9,0.025,fixed horizon 100,194,58,136,1.0011474060519876,0.0,0.0,1.0,0.5,,1.0,,0.0,,0.0,0.7112827112827113
mlp,7,7,9,0.025,fixed horizon 148,194,58,136,1.0014908003118013,0.0,0.0,1.0,0.5,,1.0,,0.0,,0.0,0.7932217932217932
mlp,7,7,9,0.05,by final end,194,58,136,1.0352828064736777,0.0,0.35135135135135137,1.0,0.6756756756756757,0.8994082840236686,0.9646569646569645,0.10059171597633143,0.03534303534303551,,0.13,0.9588159588159588
mlp,7,7,9,0.05,by earliest stop,194,58,136,1.0352828064736777,0.0,0.0,1.0,0.5,,1.0,,0.0,,0.0,0.815958815958816
mlp,7,7,9,0.05,fixed horizon 50,194,58,136,0.9999810824809254,0.0,0.0,1.0,0.5,,1.0,,0.0,,0.0,0.5701415701415702
mlp,7,7,9,0.05,fixed horizon 100,194,58,136,0.9999810824809254,0.0,0.0,1.0,0.5,,1.0,,0.0,,0.0,0.7112827112827113
mlp,7,7,9,0.05,fixed horizon 148,194,58,136,0.9999895385558629,0.0,0.0,1.0,0.5,,1.0,,0.0,,0.0,0.7932217932217932
mlp,7,7,9,0.075,by final end,194,58,136,1.1621206776851774,0.0,0.5675675675675675,1.0,0.7837837837837838,0.8366300366300367,0.9072765072765073,0.16336996336996334,0.09272349272349267,,0.21,0.9588159588159588
mlp,7,7,9,0.075,by earliest stop,194,58,136,1.1621206776851774,0.0,0.0,1.0,0.5,,1.0,,0.0,,0.0,0.815958815958816
mlp,7,7,9,0.075,fixed horizon 50,194,58,136,0.9999866158185523,0.0,0.0,1.0,0.5,,1.0,,0.0,,0.0,0.5701415701415702
mlp,7,7,9,0.075,fixed horizon 100,194,58,136,0.9999544373320455,0.0,0.02702702702702703,1.0,0.5135135135135135,0.0,0.972972972972973,1.0,0.027027027027026973,,0.01,0.7112827112827113
mlp,7,7,9,0.075,fixed horizon 148,194,58,136,0.9999866158185523,0.0,0.0,1.0,0.5,,1.0,,0.0,,0.0,0.7932217932217932
mlp,7,7,9,0.1,by final end,194,58,136,1.1709925600473916,0.0,0.7567567567567568,1.0,0.8783783783783784,0.8092032967032967,0.8556133056133056,0.19079670329670328,0.14438669438669438,,0.28,0.9588159588159588
mlp,7,7,9,0.1,by earliest stop,194,58,136,1.1709925600473916,0.0,0.0,1.0,0.5,,1.0,,0.0,,0.0,0.815958815958816
mlp,7,7,9,0.1,fixed horizon 50,194,58,136,0.999939709456807,0.0,0.02702702702702703,1.0,0.5135135135135135,0.0,0.972972972972973,1.0,0.027027027027026973,,0.01,0.5701415701415702
mlp,7,7,9,0.1,fixed horizon 100,194,58,136,0.999966610447433,0.0,0.0,1.0,0.5,,1.0,,0.0,,0.0,0.7112827112827113
mlp,7,7,9,0.1,fixed horizon 148,194,58,136,0.9999832958159762,0.0,0.0,1.0,0.5,,1.0,,0.0,,0.0,0.7932217932217932
mlp,7,7,9,0.15,by final end,194,58,136,1.0234277254747992,0.0,0.8378378378378378,1.0,0.9189189189189189,0.7452233250620347,0.7865384615384615,0.2547766749379653,0.21346153846153848,,0.31,0.9588159588159588
mlp,7,7,9,0.15,by earliest stop,194,58,136,1.0234277254747992,0.0,0.0,1.0,0.5,,1.0,,0.0,,0.0,0.815958815958816
mlp,7,7,9,0.15,fixed horizon 50,194,58,136,0.9997898252460942,0.0,0.05405405405405406,1.0,0.527027027027027,0.0,0.9459459459459459,1.0,0.05405405405405406,,0.02,0.5701415701415702
mlp,7,7,9,0.15,fixed horizon 100,194,58,136,0.9999704128560081,0.0,0.0,1.0,0.5,,1.0,,0.0,,0.0,0.7112827112827113
mlp,7,7,9,0.15,fixed horizon 148,194,58,136,0.9997807467850193,0.0,0.05405405405405406,1.0,0.527027027027027,0.0,0.9459459459459459,1.0,0.05405405405405406,,0.02,0.7932217932217932
mlp,7,7,9,0.2,by final end,194,58,136,1.002518021055852,0.0,0.8648648648648649,1.0,0.9324324324324325,0.7212740384615385,0.758939708939709,0.2787259615384615,0.24106029106029103,,0.32,0.9588159588159588
mlp,7,7,9,0.2,by earliest stop,194,58,136,1.002518021055852,0.0,0.0,1.0,0.5,,1.0,,0.0,,0.0,0.815958815958816
mlp,7,7,9,0.2,fixed horizon 50,194,58,136,0.9998099724989541,0.0,0.05405405405405406,1.0,0.527027027027027,0.0,0.9459459459459459,1.0,0.05405405405405406,,0.02,0.5701415701415702
mlp,7,7,9,0.2,fixed horizon 100,194,58,136,0.999181469047118,0.0,0.05405405405405406,1.0,0.527027027027027,0.0,0.9459459459459459,1.0,0.05405405405405406,,0.02,0.7112827112827113
mlp,7,7,9,0.2,fixed horizon 148,194,58,136,0.9999232514511794,0.0,0.02702702702702703,1.0,0.5135135135135135,0.0,0.972972972972973,1.0,0.027027027027026973,,0.01,0.7932217932217932
mlp,7,7,9,0.3,by final end,194,58,136,0.9825812541658625,0.0,0.8648648648648649,1.0,0.9324324324324325,0.6341346153846154,0.6835758835758836,0.36586538461538465,0.3164241164241164,,0.32,0.9588159588159588
mlp,7,7,9,0.3,by earliest stop,194,58,136,0.9825812541658625,0.0,0.08108108108108109,1.0,0.5405405405405406,0.0,0.918918918918919,1.0,0.08108108108108103,,0.03,0.815958815958816
mlp,7,7,9,0.3,fixed horizon 50,194,58,136,0.9795791159242679,0.015873015873015872,0.10810810810810811,0.9841269841269841,0.546117546117546,0.0,0.8918918918918919,1.0,0.10810810810810811,0.18,0.05,0.5701415701415702
mlp,7,7,9,0.3,fixed horizon 100,194,58,136,0.9818441267209775,0.0,0.10810810810810811,1.0,0.5540540540540541,0.0,0.8918918918918919,1.0,0.10810810810810811,,0.04,0.7112827112827113
mlp,7,7,9,0.3,fixed horizon 148,194,58,136,0.9771840197341003,0.015873015873015872,0.10810810810810811,0.9841269841269841,0.546117546117546,0.0,0.8918918918918919,1.0,0.10810810810810811,0.05405405405405406,0.05,0.7932217932217932
mlp,8,8,0,0.01,by final end,196,58,138,1.0077722562744862,0.0,0.18421052631578946,1.0,0.5921052631578947,0.6528846153846154,0.9360576923076923,0.3471153846153846,0.06394230769230769,,0.14,0.9714912280701753
mlp,8,8,0,0.01,by earliest stop,196,58,138,1.0077722562744862,0.0,0.06578947368421052,1.0,0.5328947368421053,0.5098412698412698,0.9677527151211361,0.49015873015873024,0.03224728487886386,,0.05,0.7236842105263158
mlp,8,8,0,0.01,fixed horizon 50,196,58,138,1.0024900961331915,0.0,0.0,1.0,0.5,,1.0,,0.0,,0.0,0.5844298245614035
mlp,8,8,0,0.01,fixed horizon 100,196,58,138,1.0060817902331247,0.0,0.0,1.0,0.5,,1.0,,0.0,,0.0,0.5745614035087719
mlp,8,8,0,0.01,fixed horizon 148,196,58,138,1.0060817902331247,0.0,0.02631578947368421,1.0,0.5131578947368421,0.9324324324324325,0.9982219061166431,0.06756756756756754,0.0017780938833569238,,0.02,0.6025219298245614
mlp,8,8,0,0.025,by final end,196,58,138,1.005449993454066,0.0,0.19736842105263158,1.0,0.5986842105263158,0.6517948717948718,0.9312753036437246,0.34820512820512817,0.06872469635627543,,0.15,0.9714912280701753
mlp,8,8,0,0.025,by earliest stop,196,58,138,1.005449993454066,0.0,0.07894736842105263,1.0,0.5394736842105263,0.5084656084656084,0.9611946532999165,0.4915343915343916,0.03880534670008351,,0.06,0.7236842105263158
mlp,8,8,0,0.025,fixed horizon 50,196,58,138,1.0018981551002406,0.0,0.0,1.0,0.5,,1.0,,0.0,,0.0,0.5844298245614035
mlp,8,8,0,0.025,fixed horizon 100,196,58,138,1.0023870877740118,0.0,0.0,1.0,0.5,,1.0,,0.0,,0.0,0.5745614035087719
mlp,8,8,0,0.025,fixed horizon 148,196,58,138,1.004098095483001,0.0,0.02631578947368421,1.0,0.5131578947368421,0.9290540540540541,0.9981330014224752,0.07094594594594594,0.0018669985775248144,,0.02,0.6025219298245614
mlp,8,8,0,0.05,by final end,196,58,138,1.0204311954781178,0.5,1.0,0.5,0.75,0.7358805668016195,0.7358805668016195,0.2641194331983805,0.2641194331983805,0.7692307692307692,0.88,0.9714912280701753
mlp,8,8,0,0.05,by earliest stop,196,58,138,1.0204311954781178,0.0,0.0,1.0,0.5,,1.0,,0.0,,0.0,0.7236842105263158
mlp,8,8,0,0.05,fixed horizon 50,196,58,138,1.0000965351295896,0.08333333333333333,0.039473684210526314,0.9166666666666666,0.4780701754385965,0.27999999999999997,0.9715789473684211,0.72,0.028421052631578902,0.37,0.05,0.5844298245614035
mlp,8,8,0,0.05,fixed horizon 100,196,58,138,1.0004104360753947,0.125,0.02631578947368421,0.875,0.4506578947368421,0.21,0.9792105263157895,0.79,0.02078947368421047,0.41,0.05,0.5745614035087719
mlp,8,8,0,0.05,fixed horizon 148,196,58,138,1.0022649905826468,0.041666666666666664,0.15789473684210525,0.9583333333333334,0.5581140350877193,0.7837837837837839,0.9658605974395448,0.21621621621621612,0.03413940256045522,0.5675675675675675,0.13,0.6025219298245614
mlp,8,8,0,0.075,by final end,196,58,138,1.1215510960226451,0.9583333333333334,1.0,0.041666666666666664,0.5208333333333334,0.5770242914979756,0.5770242914979756,0.4229757085020244,0.4229757085020244,0.61438127090301,0.99,0.9714912280701753
mlp,8,8,0,0.075,by earliest stop,196,58,138,1.1215510960226451,0.4583333333333333,0.7105263157894737,0.5416666666666666,0.6260964912280702,0.9098177542621987,0.9359231411862988,0.09018224573780131,0.06407685881370118,0.9711399711399712,0.65,0.7236842105263158
mlp,8,8,0,0.075,fixed horizon 50,196,58,138,1.0237492951723781,0.0,0.013157894736842105,1.0,0.506578947368421,0.84,0.9978947368421053,0.16000000000000003,0.002105263157894721,,0.01,0.5844298245614035
mlp,8,8,0,0.075,fixed horizon 100,196,58,138,1.003022753013893,0.20833333333333334,0.19736842105263158,0.7916666666666666,0.4945175438596491,0.8733333333333334,0.975,0.1266666666666666,0.025000000000000022,0.8700000000000001,0.2,0.5745614035087719
mlp,8,8,0,0.075,fixed horizon 148,196,58,138,1.0193133615726766,0.2916666666666667,0.34210526315789475,0.7083333333333334,0.5252192982456141,0.7245322245322244,0.9057610241820768,0.27546777546777557,0.09423897581792318,0.7200772200772201,0.33,0.6025219298245614
mlp,8,8,0,0.1,by final end,196,58,138,1.0246664972416348,0.9583333333333334,1.0,0.041666666666666664,0.5208333333333334,0.5359311740890688,0.5359311740890688,0.46406882591093124,0.46406882591093124,0.5674749163879599,0.99,0.9714912280701753
mlp,8,8,0,0.1,by earliest stop,196,58,138,1.0246664972416348,0.75,0.868421052631579,0.25,0.5592105263157895,0.8616642616642616,0.8798663324979115,0.13833573833573842,0.12013366750208854,0.9063492063492062,0.84,0.7236842105263158
mlp,8,8,0,0.1,fixed horizon 50,196,58,138,1.0131104403682594,0.041666666666666664,0.05263157894736842,0.9583333333333334,0.5054824561403509,0.885,0.9939473684210526,0.11499999999999999,0.0060526315789474205,0.9,0.05,0.5844298245614035
mlp,8,8,0,0.1,fixed horizon 100,196,58,138,1.0058290918332717,0.375,0.35526315789473684,0.625,0.4901315789473684,0.8896296296296297,0.9607894736842106,0.11037037037037034,0.03921052631578936,0.8922222222222224,0.36,0.5745614035087719
mlp,8,8,0,0.1,fixed horizon 148,196,58,138,1.028231596005725,0.2916666666666667,0.3815789473684211,0.7083333333333334,0.5449561403508772,0.7418452935694314,0.90149359886202,0.2581547064305686,0.09850640113798004,0.7277992277992278,0.36,0.6025219298245614
mlp,8,8,0,0.15,by final end,196,58,138,1.04896659972053,1.0,1.0,0.0,0.5,0.503922064777328,0.503922064777328,0.49607793522267196,0.49607793522267196,0.5299679487179487,1.0,0.9714912280701753
mlp,8,8,0,0.15,by earliest stop,196,58,138,1.04896659972053,0.9583333333333334,0.9473684210526315,0.041666666666666664,0.4945175438596491,0.8215167548500881,0.8309106098579783,0.17848324514991187,0.16908939014202173,0.867632850241546,0.95,0.7236842105263158
mlp,8,8,0,0.15,fixed horizon 50,196,58,138,1.0634828472952562,0.08333333333333333,0.17105263157894737,0.9166666666666666,0.543859649122807,0.8984615384615383,0.9826315789473685,0.10153846153846169,0.017368421052631478,0.87,0.15,0.5844298245614035
mlp,8,8,0,0.15,fixed horizon 100,196,58,138,1.1293294991593303,0.4166666666666667,0.5394736842105263,0.5833333333333334,0.5614035087719298,0.8324390243902438,0.9096052631578947,0.16756097560975625,0.0903947368421053,0.817,0.51,0.5745614035087719
mlp,8,8,0,0.15,fixed horizon 148,196,58,138,1.047022466072094,0.7083333333333334,0.7631578947368421,0.2916666666666667,0.5274122807017544,0.7397483690587139,0.8013869132290184,0.2602516309412861,0.19861308677098155,0.6931637519872814,0.75,0.6025219298245614
mlp,8,8,0,0.2,by final end,196,58,138,1.1589106894462045,1.0,1.0,0.0,0.5,0.4809716599190284,0.4809716599190284,0.5190283400809717,0.5190283400809717,0.5051282051282051,1.0,0.9714912280701753
mlp,8,8,0,0.2,by earliest stop,196,58,138,1.1589106894462045,1.0,1.0,0.0,0.5,0.7939849624060149,0.7939849624060149,0.2060150375939851,0.2060150375939851,0.8338624338624339,1.0,0.7236842105263158
mlp,8,8,0,0.2,fixed horizon 50,196,58,138,1.1113920842477054,0.3333333333333333,0.32894736842105265,0.6666666666666666,0.49780701754385964,0.6951999999999999,0.8997368421052631,0.30480000000000007,0.10026315789473694,0.705,0.33,0.5844298245614035
mlp,8,8,0,0.2,fixed horizon 100,196,58,138,1.149041532612695,0.7916666666666666,0.9078947368421053,0.20833333333333334,0.5581140350877193,0.6876811594202898,0.7164473684210527,0.31231884057971016,0.2835526315789473,0.701578947368421,0.88,0.5745614035087719
mlp,8,8,0,0.2,fixed horizon 148,196,58,138,1.1882087350091979,0.7916666666666666,0.881578947368421,0.20833333333333334,0.5449561403508771,0.6204114562323518,0.6653627311522049,0.37958854376764817,0.3346372688477951,0.6233997155049785,0.86,0.6025219298245614
mlp,8,8,0,0.3,by final end,196,58,138,1.054275974069771,1.0,1.0,0.0,0.5,0.2957995951417004,0.2957995951417004,0.7042004048582996,0.7042004048582996,0.3,1.0,0.9714912280701753
mlp,8,8,0,0.3,by earliest stop,196,58,138,1.054275974069771,1.0,1.0,0.0,0.5,0.4883040935672514,0.4883040935672514,0.5116959064327486,0.5116959064327486,0.49523809523809526,1.0,0.7236842105263158
mlp,8,8,0,0.3,fixed horizon 50,196,58,138,0.9974407912078206,0.8333333333333334,0.9605263157894737,0.16666666666666666,0.5635964912280702,0.40767123287671236,0.43105263157894735,0.5923287671232876,0.5689473684210526,0.446,0.93,0.5844298245614035
mlp,8,8,0,0.3,fixed horizon 100,196,58,138,0.9966274632521928,1.0,1.0,0.0,0.5,0.25592105263157894,0.25592105263157894,0.7440789473684211,0.7440789473684211,0.30541666666666667,1.0,0.5745614035087719
mlp,8,8,0,0.3,fixed horizon 148,196,58,138,0.9975766333859405,1.0,0.9868421052631579,0.0,0.4934210526315789,0.21828828828828828,0.2285739687055477,0.7817117117117117,0.7714260312944523,0.2742117117117117,0.99,0.6025219298245614
mlp,8,8,1,0.01,by final end,196,58,138,1.0340771286047605,0.0,0.11842105263157894,1.0,0.5592105263157895,0.5576923076923077,0.9476214574898786,0.4423076923076923,0.05237854251012142,,0.09,0.9714912280701753
mlp,8,8,1,0.01,by earliest stop,196,58,138,1.0340771286047605,0.0,0.07894736842105263,1.0,0.5394736842105263,0.5613756613756614,0.965371762740184,0.4386243386243386,0.03462823725981601,,0.06,0.7236842105263158
mlp,8,8,1,0.01,fixed horizon 50,196,58,138,1.0020772727724085,0.0,0.0,1.0,0.5,,1.0,,0.0,,0.0,0.5844298245614035
mlp,8,8,1,0.01,fixed horizon 100,196,58,138,1.0065657794459528,0.0,0.0,1.0,0.5,,1.0,,0.0,,0.0,0.5745614035087719
mlp,8,8,1,0.01,fixed horizon 148,196,58,138,1.0074844519486805,0.0,0.06578947368421052,1.0,0.5328947368421053,0.9716216216216216,0.998133001422475,0.02837837837837842,0.0018669985775250364,,0.05,0.6025219298245614
mlp,8,8,1,0.025,by final end,196,58,138,1.0193146562996473,0.0,0.15789473684210525,1.0,0.5789473684210527,0.541025641025641,0.9275303643724696,0.458974358974359,0.0724696356275304,,0.12,0.9714912280701753
mlp,8,8,1,0.025,by earliest stop,196,58,138,1.0193146562996473,0.0,0.10526315789473684,1.0,0.5526315789473684,0.519047619047619,0.9493734335839599,0.480952380952381,0.05062656641604013,,0.08,0.7236842105263158
mlp,8,8,1,0.025,fixed horizon 50,196,58,138,0.9999980247418827,0.0,0.039473684210526314,1.0,0.5197368421052632,0.0,0.9605263157894737,1.0,0.03947368421052633,,0.03,0.5844298245614035
mlp,8,8,1,0.025,fixed horizon 100,196,58,138,1.0030145485949664,0.0,0.0,1.0,0.5,,1.0,,0.0,,0.0,0.5745614035087719
mlp,8,8,1,0.025,fixed horizon 148,196,58,138,1.0043518738124164,0.0,0.06578947368421052,1.0,0.5328947368421053,0.9662162162162161,0.9977773826458037,0.03378378378378388,0.0022226173541962657,,0.05,0.6025219298245614
mlp,8,8,1,0.05,by final end,196,58,138,1.1327856484169707,0.4583333333333333,1.0,0.5416666666666666,0.7708333333333333,0.6651315789473685,0.6651315789473685,0.3348684210526315,0.3348684210526315,0.6578671328671329,0.87,0.9714912280701753
mlp,8,8,1,0.05,by earliest stop,196,58,138,1.1327856484169707,0.0,0.3157894736842105,1.0,0.6578947368421053,0.9203703703703704,0.9748538011695909,0.0796296296296296,0.02514619883040914,,0.24,0.7236842105263158
mlp,8,8,1,0.05,fixed horizon 50,196,58,138,1.0000787316720001,0.08333333333333333,0.039473684210526314,0.9166666666666666,0.4780701754385965,0.32666666666666666,0.9734210526315789,0.6733333333333333,0.026578947368421146,0.37,0.05,0.5844298245614035
mlp,8,8,1,0.05,fixed horizon 100,196,58,138,1.0035752723388125,0.041666666666666664,0.02631578947368421,0.9583333333333334,0.4923245614035088,0.85,0.9960526315789474,0.15000000000000002,0.003947368421052588,0.84,0.03,0.5745614035087719
mlp,8,8,1,0.05,fixed horizon 148,196,58,138,1.0162102816988843,0.125,0.18421052631578946,0.875,0.5296052631578947,0.7760617760617761,0.9587482219061167,0.22393822393822393,0.04125177809388325,0.7342342342342342,0.17,0.6025219298245614
mlp,8,8,1,0.075,by final end,196,58,138,1.0705997282988533,0.9583333333333334,1.0,0.041666666666666664,0.5208333333333334,0.5937246963562753,0.5937246963562753,0.40627530364372466,0.40627530364372466,0.6428929765886288,0.99,0.9714912280701753
mlp,8,8,1,0.075,by earliest stop,196,58,138,1.0705997282988533,0.08333333333333333,0.4605263157894737,0.9166666666666666,0.6885964912280702,0.8879818594104308,0.9484126984126984,0.11201814058956916,0.051587301587301626,0.9777777777777779,0.37,0.7236842105263158
mlp,8,8,1,0.075,fixed horizon 50,196,58,138,1.001560220350243,0.08333333333333333,0.05263157894736842,0.9166666666666666,0.48464912280701755,0.5,0.9736842105263158,0.5,0.02631578947368418,0.36,0.06,0.5844298245614035
mlp,8,8,1,0.075,fixed horizon 100,196,58,138,1.031313877495015,0.20833333333333334,0.2236842105263158,0.7916666666666666,0.5076754385964912,0.98,0.9955263157894736,0.020000000000000018,0.004473684210526407,0.9780000000000001,0.22,0.5745614035087719
mlp,8,8,1,0.075,fixed horizon 148,196,58,138,1.0381416420436815,0.25,0.23684210526315788,0.75,0.4934210526315789,0.7263513513513514,0.9351884779516358,0.2736486486486486,0.06481152204836416,0.7443693693693693,0.24,0.6025219298245614
mlp,8,8,1,0.1,by final end,196,58,138,1.0327712525882737,0.9583333333333334,1.0,0.041666666666666664,0.5208333333333334,0.5310475708502025,0.5310475708502025,0.4689524291497975,0.4689524291497975,0.5748327759197324,0.99,0.9714912280701753
mlp,8,8,1,0.1,by earliest stop,196,58,138,1.0327712525882737,0.75,0.8947368421052632,0.25,0.5723684210526316,0.858029878618114,0.8729741019214703,0.14197012138188603,0.1270258980785297,0.9245149911816579,0.86,0.7236842105263158
mlp,8,8,1,0.1,fixed horizon 50,196,58,138,1.0000154789388982,0.08333333333333333,0.07894736842105263,0.9166666666666666,0.49780701754385964,0.21333333333333337,0.9378947368421052,0.7866666666666666,0.062105263157894774,0.28,0.08,0.5844298245614035
mlp,8,8,1,0.1,fixed horizon 100,196,58,138,0.9999894917604771,0.5,0.40789473684210525,0.5,0.45394736842105265,0.7174193548387097,0.884736842105263,0.28258064516129033,0.11526315789473696,0.67,0.43,0.5745614035087719
mlp,8,8,1,0.1,fixed horizon 148,196,58,138,1.0140243527032793,0.3333333333333333,0.39473684210526316,0.6666666666666666,0.5307017543859649,0.6700450450450449,0.8697546230440968,0.3299549549549551,0.1302453769559032,0.6646959459459459,0.38,0.6025219298245614
mlp,8,8,1,0.15,by final end,196,58,138,1.0880822453597458,1.0,1.0,0.0,0.5,0.5065030364372469,0.5065030364372469,0.4934969635627531,0.4934969635627531,0.5394230769230769,1.0,0.9714912280701753
mlp,8,8,1,0.15,by earliest stop,196,58,138,1.0880822453597458,0.9583333333333334,0.9736842105263158,0.041666666666666664,0.5076754385964912,0.8304590304590305,0.8349206349206347,0.16954096954096953,0.16507936507936527,0.8812974465148379,0.97,0.7236842105263158
mlp,8,8,1,0.15,fixed horizon 50,196,58,138,1.0023444677963385,0.16666666666666666,0.13157894736842105,0.8333333333333334,0.4824561403508772,0.35000000000000003,0.9144736842105263,0.6499999999999999,0.08552631578947367,0.485,0.14,0.5844298245614035
mlp,8,8,1,0.15,fixed horizon 100,196,58,138,0.9999854004644045,0.5833333333333334,0.6973684210526315,0.4166666666666667,0.5570175438596491,0.7379245283018866,0.8172368421052632,0.2620754716981134,0.18276315789473685,0.6450000000000001,0.67,0.5745614035087719
mlp,8,8,1,0.15,fixed horizon 148,196,58,138,1.0528112850186016,0.625,0.6710526315789473,0.375,0.5230263157894737,0.7799417064122945,0.8523293029871976,0.22005829358770546,0.14767069701280244,0.7972972972972973,0.66,0.6025219298245614
mlp,8,8,1,0.2,by final end,196,58,138,1.1873806318061984,1.0,1.0,0.0,0.5,0.49724190283400804,0.49724190283400804,0.502758097165992,0.502758097165992,0.5357371794871795,1.0,0.9714912280701753
mlp,8,8,1,0.2,by earliest stop,196,58,138,1.1873806318061984,0.9583333333333334,0.9868421052631579,0.041666666666666664,0.5142543859649122,0.8184550264550264,0.820843776106934,0.18154497354497356,0.17915622389306596,0.8789510006901312,0.98,0.7236842105263158
mlp,8,8,1,0.2,fixed horizon 50,196,58,138,1.0055389162921666,0.375,0.34210526315789475,0.625,0.48355263157894735,0.6592307692307693,0.883421052631579,0.3407692307692307,0.116578947368421,0.6400000000000001,0.35,0.5844298245614035
mlp,8,8,1,0.2,fixed horizon 100,196,58,138,1.069877987337029,0.8333333333333334,0.9342105263157895,0.16666666666666666,0.5504385964912281,0.8928169014084507,0.8998684210526318,0.10718309859154929,0.10013157894736824,0.8934999999999998,0.91,0.5745614035087719
mlp,8,8,1,0.2,fixed horizon 148,196,58,138,1.023154640223252,0.8333333333333334,0.9210526315789473,0.16666666666666666,0.543859649122807,0.7551158301158302,0.7744487908961593,0.24488416988416983,0.22555120910384074,0.7334459459459459,0.9,0.6025219298245614
mlp,8,8,1,0.3,by final end,196,58,138,1.0907515126024219,1.0,1.0,0.0,0.5,0.27436740890688255,0.27436740890688255,0.7256325910931174,0.7256325910931174,0.28894230769230766,1.0,0.9714912280701753
mlp,8,8,1,0.3,by earliest stop,196,58,138,1.0907515126024219,1.0,1.0,0.0,0.5,0.45292397660818706,0.45292397660818706,0.5470760233918129,0.5470760233918129,0.476984126984127,1.0,0.7236842105263158
mlp,8,8,1,0.3,fixed horizon 50,196,58,138,1.0009813150022346,0.8333333333333334,0.9473684210526315,0.16666666666666666,0.5570175438596491,0.4833333333333333,0.5105263157894736,0.5166666666666667,0.4894736842105264,0.476,0.92,0.5844298245614035
mlp,8,8,1,0.3,fixed horizon 100,196,58,138,1.0491185434777233,1.0,1.0,0.0,0.5,0.46684210526315795,0.46684210526315795,0.533157894736842,0.533157894736842,0.50125,1.0,0.5745614035087719
mlp,8,8,1,0.3,fixed horizon 148,196,58,138,1.0711904474165885,1.0,0.9736842105263158,0.0,0.4868421052631579,0.6078341855368882,0.6181543385490753,0.39216581446311183,0.3818456614509247,0.6199324324324325,0.98,0.6025219298245614
mlp,8,8,2,0.01,by final end,196,58,138,1.3826017981451726,0.20833333333333334,0.9605263157894737,0.7916666666666666,0.8760964912280702,0.8708904109589042,0.8759868421052632,0.12910958904109582,0.12401315789473677,0.9115384615384615,0.78,0.9714912280701753
mlp,8,8,2,0.01,by earliest stop,196,58,138,1.3826017981451726,0.0,0.0,1.0,0.5,,1.0,,0.0,,0.0,0.7236842105263158
mlp,8,8,2,0.01,fixed horizon 50,196,58,138,1.000076935378898,0.0,0.0,1.0,0.5,,1.0,,0.0,,0.0,0.5844298245614035
mlp,8,8,2,0.01,fixed horizon 100,196,58,138,1.0135406687642932,0.0,0.0,1.0,0.5,,1.0,,0.0,,0.0,0.5745614035087719
mlp,8,8,2,0.01,fixed horizon 148,196,58,138,1.0135406687642932,0.0,0.0,1.0,0.5,,1.0,,0.0,,0.0,0.6025219298245614
mlp,8,8,2,0.025,by final end,196,58,138,1.144199700859414,0.375,1.0,0.625,0.8125,0.7717358299595142,0.7717358299595142,0.22826417004048583,0.22826417004048583,0.7893162393162394,0.85,0.9714912280701753
mlp,8,8,2,0.025,by earliest stop,196,58,138,1.144199700859414,0.0,0.0,1.0,0.5,,1.0,,0.0,,0.0,0.7236842105263158
mlp,8,8,2,0.025,fixed horizon 50,196,58,138,1.0000314331417612,0.0,0.013157894736842105,1.0,0.506578947368421,0.16,0.9889473684210526,0.84,0.011052631578947425,,0.01,0.5844298245614035
mlp,8,8,2,0.025,fixed horizon 100,196,58,138,1.0000756190889835,0.0,0.0,1.0,0.5,,1.0,,0.0,,0.0,0.5745614035087719
mlp,8,8,2,0.025,fixed horizon 148,196,58,138,1.0030108856802484,0.0,0.039473684210526314,1.0,0.5197368421052632,0.9301801801801801,0.9972439544807967,0.06981981981981988,0.0027560455192032762,,0.03,0.6025219298245614
mlp,8,8,2,0.05,by final end,196,58,138,1.2630303111917525,0.4583333333333333,1.0,0.5416666666666666,0.7708333333333333,0.7407135627530365,0.7407135627530365,0.25928643724696354,0.25928643724696354,0.7643356643356644,0.87,0.9714912280701753
mlp,8,8,2,0.05,by earliest stop,196,58,138,1.2630303111917525,0.0,0.0,1.0,0.5,,1.0,,0.0,,0.0,0.7236842105263158
mlp,8,8,2,0.05,fixed horizon 50,196,58,138,1.004035465281592,0.0,0.0,1.0,0.5,,1.0,,0.0,,0.0,0.5844298245614035
mlp,8,8,2,0.05,fixed horizon 100,196,58,138,1.0006563033768487,0.041666666666666664,0.05263157894736842,0.9583333333333334,0.5054824561403509,0.85,0.9921052631578948,0.15000000000000002,0.007894736842105177,0.76,0.05,0.5745614035087719
mlp,8,8,2,0.05,fixed horizon 148,196,58,138,1.012924192942792,0.08333333333333333,0.17105263157894737,0.9166666666666666,0.543859649122807,0.7962577962577962,0.965149359886202,0.20374220374220375,0.034850640113798015,0.7398648648648649,0.15,0.6025219298245614
mlp,8,8,2,0.075,by final end,196,58,138,1.3877959913009277,0.9583333333333334,1.0,0.041666666666666664,0.5208333333333334,0.612828947368421,0.612828947368421,0.387171052631579,0.387171052631579,0.64623745819398,0.99,0.9714912280701753
mlp,8,8,2,0.075,by earliest stop,196,58,138,1.3877959913009277,0.08333333333333333,0.42105263157894735,0.9166666666666666,0.6688596491228069,0.9456349206349206,0.9771094402673349,0.054365079365079394,0.022890559732665072,0.9888888888888889,0.34,0.7236842105263158
mlp,8,8,2,0.075,fixed horizon 50,196,58,138,1.0249294955165733,0.0,0.013157894736842105,1.0,0.506578947368421,0.84,0.9978947368421053,0.16000000000000003,0.002105263157894721,,0.01,0.5844298245614035
mlp,8,8,2,0.075,fixed horizon 100,196,58,138,1.0105890275774854,0.125,0.14473684210526316,0.875,0.5098684210526316,0.8209090909090908,0.974078947368421,0.1790909090909092,0.025921052631578956,0.81,0.14,0.5745614035087719
mlp,8,8,2,0.075,fixed horizon 148,196,58,138,1.0000792089705688,0.2916666666666667,0.3026315789473684,0.7083333333333334,0.5054824561403509,0.6935957696827263,0.9072724039829304,0.3064042303172737,0.09272759601706959,0.7171814671814671,0.3,0.6025219298245614
mlp,8,8,2,0.1,by final end,196,58,138,1.1596932740006938,0.9583333333333334,1.0,0.041666666666666664,0.5208333333333334,0.5525303643724696,0.5525303643724696,0.4474696356275304,0.4474696356275304,0.5786789297658864,0.99,0.9714912280701753
mlp,8,8,2,0.1,by earliest stop,196,58,138,1.1596932740006938,0.75,0.868421052631579,0.25,0.5592105263157895,0.8936026936026935,0.9076023391812867,0.10639730639730649,0.09239766081871326,0.9306878306878308,0.84,0.7236842105263158
mlp,8,8,2,0.1,fixed horizon 50,196,58,138,1.0141176644996288,0.041666666666666664,0.05263157894736842,0.9583333333333334,0.5054824561403509,0.885,0.9939473684210526,0.11499999999999999,0.0060526315789474205,0.9,0.05,0.5844298245614035
mlp,8,8,2,0.1,fixed horizon 100,196,58,138,1.0109308641212262,0.25,0.2236842105263158,0.75,0.4868421052631579,0.8135294117647058,0.9582894736842105,0.18647058823529417,0.04171052631578953,0.8216666666666668,0.23,0.5745614035087719
mlp,8,8,2,0.1,fixed horizon 148,196,58,138,0.9997206684557249,0.2916666666666667,0.39473684210526316,0.7083333333333334,0.5515350877192983,0.6813063063063062,0.8741998577524894,0.3186936936936938,0.12580014224751057,0.609073359073359,0.37,0.6025219298245614
mlp,8,8,2,0.15,by final end,196,58,138,1.048493814568198,1.0,1.0,0.0,0.5,0.5033147773279353,0.5033147773279353,0.4966852226720647,0.4966852226720647,0.5295673076923076,1.0,0.9714912280701753
mlp,8,8,2,0.15,by earliest stop,196,58,138,1.048493814568198,0.9583333333333334,0.9473684210526315,0.041666666666666664,0.4945175438596491,0.820458553791887,0.829908103592314,0.17954144620811296,0.17009189640768596,0.8670807453416151,0.95,0.7236842105263158
mlp,8,8,2,0.15,fixed horizon 50,196,58,138,0.9994389998677041,0.16666666666666666,0.27631578947368424,0.8333333333333334,0.5548245614035088,0.819047619047619,0.9500000000000001,0.18095238095238098,0.04999999999999993,0.725,0.25,0.5844298245614035
mlp,8,8,2,0.15,fixed horizon 100,196,58,138,1.0157298973239195,0.375,0.40789473684210525,0.625,0.5164473684210527,0.5606451612903227,0.8207894736842105,0.4393548387096773,0.1792105263157895,0.5622222222222223,0.4,0.5745614035087719
mlp,8,8,2,0.15,fixed horizon 148,196,58,138,0.9985265950553426,0.75,0.6842105263157895,0.25,0.46710526315789475,0.6712577962577962,0.7750711237553343,0.32874220374220375,0.22492887624466573,0.7064564564564564,0.7,0.6025219298245614
mlp,8,8,2,0.2,by final end,196,58,138,1.0307867937727095,1.0,1.0,0.0,0.5,0.4071103238866397,0.4071103238866397,0.5928896761133603,0.5928896761133603,0.4442307692307692,1.0,0.9714912280701753
mlp,8,8,2,0.2,by earliest stop,196,58,138,1.0307867937727095,1.0,1.0,0.0,0.5,0.6720551378446116,0.6720551378446116,0.32794486215538843,0.32794486215538843,0.7333333333333334,1.0,0.7236842105263158
mlp,8,8,2,0.2,fixed horizon 50,196,58,138,0.980786162675626,0.4583333333333333,0.47368421052631576,0.5416666666666666,0.5076754385964912,0.5205555555555555,0.7728947368421053,0.47944444444444445,0.2271052631578947,0.5272727272727273,0.47,0.5844298245614035
mlp,8,8,2,0.2,fixed horizon 100,196,58,138,0.9903459294308773,0.8333333333333334,0.8947368421052632,0.16666666666666666,0.5307017543859649,0.5245588235294116,0.5746052631578946,0.47544117647058837,0.4253947368421054,0.5265000000000001,0.88,0.5745614035087719
mlp,8,8,2,0.2,fixed horizon 148,196,58,138,0.97622213827152,0.7916666666666666,0.868421052631579,0.20833333333333334,0.5383771929824561,0.49037674037674045,0.5574324324324325,0.5096232596232595,0.44256756756756754,0.4708392603129445,0.85,0.6025219298245614
mlp,8,8,2,0.3,by final end,196,58,138,0.9639290252840883,1.0,1.0,0.0,0.5,0.13552631578947366,0.13552631578947366,0.8644736842105263,0.8644736842105263,0.19294871794871793,1.0,0.9714912280701753
mlp,8,8,2,0.3,by earliest stop,196,58,138,0.9639290252840883,1.0,1.0,0.0,0.5,0.2237259816207184,0.2237259816207184,0.7762740183792816,0.7762740183792816,0.31851851851851853,1.0,0.7236842105263158
mlp,8,8,2,0.3,fixed horizon 50,196,58,138,0.9020487324868971,0.9166666666666666,1.0,0.08333333333333333,0.5416666666666666,0.34578947368421054,0.34578947368421054,0.6542105263157895,0.6542105263157895,0.440909090909091,0.98,0.5844298245614035
mlp,8,8,2,0.3,fixed horizon 100,196,58,138,0.9546721528076189,1.0,1.0,0.0,0.5,0.29421052631578953,0.29421052631578953,0.7057894736842105,0.7057894736842105,0.36041666666666666,1.0,0.5745614035087719
mlp,8,8,2,0.3,fixed horizon 148,196,58,138,0.9861957464665827,1.0,1.0,0.0,0.5,0.31561166429587484,0.31561166429587484,0.6843883357041252,0.6843883357041252,0.3626126126126126,1.0,0.6025219298245614
mlp,8,8,3,0.01,by final end,196,58,138,1.258516738202518,0.20833333333333334,0.9210526315789473,0.7916666666666666,0.8563596491228069,0.8576098901098901,0.8688512145748989,0.14239010989010992,0.1311487854251011,0.9238461538461538,0.75,0.9714912280701753
mlp,8,8,3,0.01,by earliest stop,196,58,138,1.258516738202518,0.0,0.0,1.0,0.5,,1.0,,0.0,,0.0,0.7236842105263158
mlp,8,8,3,0.01,fixed horizon 50,196,58,138,0.9999844705001326,0.0,0.05263157894736842,1.0,0.5263157894736842,0.06,0.9505263157894737,0.94,0.049473684210526336,,0.04,0.5844298245614035
mlp,8,8,3,0.01,fixed horizon 100,196,58,138,1.0069347737044956,0.0,0.0,1.0,0.5,,1.0,,0.0,,0.0,0.5745614035087719
mlp,8,8,3,0.01,fixed horizon 148,196,58,138,1.0553426030236392,0.0,0.0,1.0,0.5,,1.0,,0.0,,0.0,0.6025219298245614
mlp,8,8,3,0.025,by final end,196,58,138,1.209028678182286,0.20833333333333334,0.9868421052631579,0.7916666666666666,0.8892543859649122,0.8341025641025641,0.8362854251012145,0.16589743589743589,0.1637145748987855,0.8876923076923078,0.8,0.9714912280701753
mlp,8,8,3,0.025,by earliest stop,196,58,138,1.209028678182286,0.0,0.0,1.0,0.5,,1.0,,0.0,,0.0,0.7236842105263158
mlp,8,8,3,0.025,fixed horizon 50,196,58,138,0.9999650097490694,0.0,0.06578947368421052,1.0,0.5328947368421053,0.072,0.9389473684210526,0.928,0.06105263157894736,,0.05,0.5844298245614035
mlp,8,8,3,0.025,fixed horizon 100,196,58,138,0.9999842297532286,0.041666666666666664,0.05263157894736842,0.9583333333333334,0.5054824561403509,0.03,0.9489473684210527,0.97,0.05105263157894735,0.86,0.05,0.5745614035087719
mlp,8,8,3,0.025,fixed horizon 148,196,58,138,1.0420522908069942,0.0,0.039473684210526314,1.0,0.5197368421052632,0.7995495495495496,0.9920874822190612,0.2004504504504504,0.007912517780938821,,0.03,0.6025219298245614
mlp,8,8,3,0.05,by final end,196,58,138,1.1417488308257624,0.375,1.0,0.625,0.8125,0.7407641700404858,0.7407641700404858,0.2592358299595142,0.2592358299595142,0.7739316239316241,0.85,0.9714912280701753
mlp,8,8,3,0.05,by earliest stop,196,58,138,1.1417488308257624,0.0,0.0,1.0,0.5,,1.0,,0.0,,0.0,0.7236842105263158
mlp,8,8,3,0.05,fixed horizon 50,196,58,138,0.999952522127089,0.0,0.06578947368421052,1.0,0.5328947368421053,0.064,0.9384210526315788,0.9359999999999999,0.06157894736842118,,0.05,0.5844298245614035
mlp,8,8,3,0.05,fixed horizon 100,196,58,138,0.9999823694362436,0.041666666666666664,0.10526315789473684,0.9583333333333334,0.5317982456140351,0.47750000000000004,0.9450000000000001,0.5225,0.05499999999999994,0.76,0.09,0.5745614035087719
mlp,8,8,3,0.05,fixed horizon 148,196,58,138,1.03481603585405,0.08333333333333333,0.17105263157894737,0.9166666666666666,0.543859649122807,0.8066528066528066,0.9669274537695592,0.1933471933471934,0.03307254623044076,0.8344594594594594,0.15,0.6025219298245614
mlp,8,8,3,0.075,by final end,196,58,138,1.0557392693642416,0.9583333333333334,1.0,0.041666666666666664,0.5208333333333334,0.5926366396761134,0.5926366396761134,0.40736336032388665,0.40736336032388665,0.6374581939799332,0.99,0.9714912280701753
mlp,8,8,3,0.075,by earliest stop,196,58,138,1.0557392693642416,0.08333333333333333,0.5394736842105263,0.9166666666666666,0.7280701754385965,0.9080913666279521,0.9504177109440268,0.09190863337204791,0.04958228905597317,0.9603174603174602,0.43,0.7236842105263158
mlp,8,8,3,0.075,fixed horizon 50,196,58,138,1.0105757746726074,0.08333333333333333,0.039473684210526314,0.9166666666666666,0.4780701754385965,0.38000000000000006,0.9755263157894735,0.6199999999999999,0.024473684210526536,0.38,0.05,0.5844298245614035
mlp,8,8,3,0.075,fixed horizon 100,196,58,138,0.9999492109105844,0.08333333333333333,0.14473684210526316,0.9166666666666666,0.5307017543859649,0.46727272727272734,0.9228947368421053,0.5327272727272727,0.07710526315789468,0.395,0.13,0.5745614035087719
mlp,8,8,3,0.075,fixed horizon 148,196,58,138,1.043441609713976,0.20833333333333334,0.3157894736842105,0.7916666666666666,0.5537280701754386,0.8367117117117117,0.948435277382646,0.16328828828828834,0.05156472261735401,0.8391891891891892,0.29,0.6025219298245614
mlp,8,8,3,0.1,by final end,196,58,138,1.025126812731015,0.9583333333333334,1.0,0.041666666666666664,0.5208333333333334,0.5165232793522267,0.5165232793522267,0.48347672064777325,0.48347672064777325,0.5771739130434783,0.99,0.9714912280701753
mlp,8,8,3,0.1,by earliest stop,196,58,138,1.025126812731015,0.75,0.8421052631578947,0.25,0.5460526315789473,0.8157738095238096,0.8448621553884713,0.18422619047619038,0.15513784461152869,0.9216931216931216,0.82,0.7236842105263158
mlp,8,8,3,0.1,fixed horizon 50,196,58,138,1.0481822103998568,0.08333333333333333,0.039473684210526314,0.9166666666666666,0.4780701754385965,0.4000000000000001,0.976315789473684,0.5999999999999999,0.023684210526315974,0.4,0.05,0.5844298245614035
mlp,8,8,3,0.1,fixed horizon 100,196,58,138,1.0309210444246313,0.25,0.2631578947368421,0.75,0.506578947368421,0.844,0.9589473684210525,0.15600000000000003,0.04105263157894745,0.8449999999999999,0.26,0.5745614035087719
mlp,8,8,3,0.1,fixed horizon 148,196,58,138,1.1109031304693158,0.25,0.40789473684210525,0.75,0.5789473684210527,0.8031822144725369,0.9197190611664298,0.1968177855274631,0.08028093883357024,0.8006756756756758,0.37,0.6025219298245614
mlp,8,8,3,0.15,by final end,196,58,138,1.1466057829573173,0.9583333333333334,1.0,0.041666666666666664,0.5208333333333334,0.528162955465587,0.528162955465587,0.471837044534413,0.471837044534413,0.581020066889632,0.99,0.9714912280701753
mlp,8,8,3,0.15,by earliest stop,196,58,138,1.1466057829573173,0.75,0.868421052631579,0.25,0.5592105263157895,0.8466570466570467,0.8668337510442773,0.15334295334295334,0.1331662489557227,0.9345679012345679,0.84,0.7236842105263158
mlp,8,8,3,0.15,fixed horizon 50,196,58,138,1.0541576850756447,0.16666666666666666,0.18421052631578946,0.8333333333333334,0.5087719298245614,0.715714285714286,0.9476315789473686,0.28428571428571403,0.0523684210526314,0.5950000000000001,0.18,0.5844298245614035
mlp,8,8,3,0.15,fixed horizon 100,196,58,138,1.0248956471971313,0.7083333333333334,0.8157894736842105,0.2916666666666667,0.5537280701754386,0.8674193548387096,0.8918421052631579,0.13258064516129042,0.10815789473684212,0.8723529411764706,0.79,0.5745614035087719
mlp,8,8,3,0.15,fixed horizon 148,196,58,138,1.1952368941668343,0.5416666666666666,0.5921052631578947,0.4583333333333333,0.525219298245614,0.8268768768768768,0.8974928876244664,0.17312312312312317,0.10250711237553356,0.8544698544698546,0.58,0.6025219298245614
mlp,8,8,3,0.2,by final end,196,58,138,1.3005289768535842,1.0,1.0,0.0,0.5,0.4808451417004048,0.4808451417004048,0.5191548582995952,0.5191548582995952,0.49743589743589745,1.0,0.9714912280701753
mlp,8,8,3,0.2,by earliest stop,196,58,138,1.3005289768535842,1.0,1.0,0.0,0.5,0.7937761069340016,0.7937761069340016,0.20622389306599842,0.20622389306599842,0.8211640211640212,1.0,0.7236842105263158
mlp,8,8,3,0.2,fixed horizon 50,196,58,138,1.1915930419710419,0.3333333333333333,0.3157894736842105,0.6666666666666666,0.49122807017543857,0.8075000000000001,0.9392105263157894,0.1924999999999999,0.060789473684210615,0.8425,0.32,0.5844298245614035
mlp,8,8,3,0.2,fixed horizon 100,196,58,138,1.2676262918440175,0.8333333333333334,0.9078947368421053,0.16666666666666666,0.537280701754386,0.8757971014492753,0.8872368421052632,0.12420289855072475,0.11276315789473679,0.8795,0.89,0.5745614035087719
mlp,8,8,3,0.2,fixed horizon 148,196,58,138,1.2301183540553546,0.7083333333333334,0.7368421052631579,0.2916666666666667,0.5142543859649122,0.8125,0.8618421052631579,0.1875,0.13815789473684215,0.848966613672496,0.73,0.6025219298245614
mlp,8,8,3,0.3,by final end,196,58,138,1.5000832852639796,1.0,1.0,0.0,0.5,0.2668522267206478,0.2668522267206478,0.7331477732793522,0.7331477732793522,0.2775641025641025,1.0,0.9714912280701753
mlp,8,8,3,0.3,by earliest stop,196,58,138,1.5000832852639796,1.0,1.0,0.0,0.5,0.4405179615705931,0.4405179615705931,0.5594820384294069,0.5594820384294069,0.4582010582010582,1.0,0.7236842105263158
mlp,8,8,3,0.3,fixed horizon 50,196,58,138,1.3710785880054412,0.6666666666666666,0.8026315789473685,0.3333333333333333,0.5679824561403509,0.6714754098360656,0.7363157894736844,0.3285245901639344,0.26368421052631563,0.6675,0.77,0.5844298245614035
mlp,8,8,3,0.3,fixed horizon 100,196,58,138,1.230139941386794,1.0,1.0,0.0,0.5,0.5278947368421053,0.5278947368421053,0.4721052631578947,0.4721052631578947,0.5433333333333333,1.0,0.5745614035087719
mlp,8,8,3,0.3,fixed horizon 148,196,58,138,1.1406979666746409,1.0,0.9736842105263158,0.0,0.4868421052631579,0.539536157779401,0.551653627311522,0.460463842220599,0.448346372688478,0.5501126126126126,0.98,0.6025219298245614
mlp,8,8,4,0.01,by final end,196,58,138,1.1974511129555485,0.0,0.6052631578947368,1.0,0.8026315789473684,0.8864966555183946,0.9313006072874495,0.11350334448160537,0.06869939271255054,,0.46,0.9714912280701753
mlp,8,8,4,0.01,by earliest stop,196,58,138,1.1974511129555485,0.0,0.0,1.0,0.5,,1.0,,0.0,,0.0,0.7236842105263158
mlp,8,8,4,0.01,fixed horizon 50,196,58,138,1.0000830218051349,0.0,0.0,1.0,0.5,,1.0,,0.0,,0.0,0.5844298245614035
mlp,8,8,4,0.01,fixed horizon 100,196,58,138,1.015626059826178,0.0,0.0,1.0,0.5,,1.0,,0.0,,0.0,0.5745614035087719
mlp,8,8,4,0.01,fixed horizon 148,196,58,138,1.015626059826178,0.0,0.02631578947368421,1.0,0.5131578947368421,0.9797297297297297,0.9994665718349928,0.020270270270270285,0.0005334281650072326,,0.02,0.6025219298245614
mlp,8,8,4,0.025,by final end,196,58,138,1.0349898641835578,0.2916666666666667,0.9210526315789473,0.7083333333333334,0.8146929824561404,0.7781593406593407,0.7956730769230769,0.22184065934065933,0.20432692307692313,0.7486263736263737,0.77,0.9714912280701753
mlp,8,8,4,0.025,by earliest stop,196,58,138,1.0349898641835578,0.0,0.0,1.0,0.5,,1.0,,0.0,,0.0,0.7236842105263158
mlp,8,8,4,0.025,fixed horizon 50,196,58,138,1.0000273349788324,0.0,0.013157894736842105,1.0,0.506578947368421,0.16,0.9889473684210526,0.84,0.011052631578947425,,0.01,0.5844298245614035
mlp,8,8,4,0.025,fixed horizon 100,196,58,138,1.002048311821331,0.0,0.0,1.0,0.5,,1.0,,0.0,,0.0,0.5745614035087719
mlp,8,8,4,0.025,fixed horizon 148,196,58,138,1.0050249988223867,0.0,0.06578947368421052,1.0,0.5328947368421053,0.9662162162162161,0.9977773826458037,0.03378378378378388,0.0022226173541962657,,0.05,0.6025219298245614
mlp,8,8,4,0.05,by final end,196,58,138,1.0000522392604176,0.4583333333333333,1.0,0.5416666666666666,0.7708333333333333,0.6967611336032389,0.6967611336032389,0.3032388663967611,0.3032388663967611,0.7587412587412586,0.87,0.9714912280701753
mlp,8,8,4,0.05,by earliest stop,196,58,138,1.0000522392604176,0.0,0.09210526315789473,1.0,0.5460526315789473,0.4453514739229026,0.9489139515455305,0.5546485260770975,0.05108604845446951,,0.07,0.7236842105263158
mlp,8,8,4,0.05,fixed horizon 50,196,58,138,1.0001191800553082,0.08333333333333333,0.039473684210526314,0.9166666666666666,0.4780701754385965,0.35333333333333333,0.9744736842105264,0.6466666666666667,0.02552631578947362,0.33,0.05,0.5844298245614035
mlp,8,8,4,0.05,fixed horizon 100,196,58,138,1.0000522392604176,0.041666666666666664,0.039473684210526314,0.9583333333333334,0.49890350877192985,0.7999999999999999,0.9921052631578948,0.20000000000000007,0.007894736842105177,0.76,0.04,0.5745614035087719
mlp,8,8,4,0.05,fixed horizon 148,196,58,138,1.0020913710480983,0.041666666666666664,0.15789473684210525,0.9583333333333334,0.5581140350877193,0.7646396396396398,0.9628378378378378,0.23536036036036023,0.03716216216216217,0.5540540540540541,0.13,0.6025219298245614
mlp,8,8,4,0.075,by final end,196,58,138,0.9999817727781529,0.5416666666666666,1.0,0.4583333333333333,0.7291666666666666,0.6458755060728746,0.6458755060728746,0.3541244939271254,0.3541244939271254,0.7624260355029586,0.89,0.9714912280701753
mlp,8,8,4,0.075,by earliest stop,196,58,138,0.9999817727781529,0.0,0.15789473684210525,1.0,0.5789473684210527,0.26719576719576726,0.8842940685045948,0.7328042328042328,0.1157059314954052,,0.12,0.7236842105263158
mlp,8,8,4,0.075,fixed horizon 50,196,58,138,1.0005194005991929,0.08333333333333333,0.05263157894736842,0.9166666666666666,0.48464912280701755,0.515,0.9744736842105262,0.485,0.02552631578947384,0.38,0.06,0.5844298245614035
mlp,8,8,4,0.075,fixed horizon 100,196,58,138,0.9999817727781529,0.041666666666666664,0.14473684210526316,0.9583333333333334,0.5515350877192983,0.4809090909090909,0.9248684210526315,0.519090909090909,0.07513157894736855,0.76,0.12,0.5745614035087719
mlp,8,8,4,0.075,fixed horizon 148,196,58,138,1.000037563265865,0.20833333333333334,0.2894736842105263,0.7916666666666666,0.5405701754385965,0.6934889434889435,0.9112731152204837,0.3065110565110565,0.08872688477951629,0.7243243243243244,0.27,0.6025219298245614
mlp,8,8,4,0.1,by final end,196,58,138,0.9997887613632486,0.5833333333333334,1.0,0.4166666666666667,0.7083333333333334,0.596330971659919,0.596330971659919,0.403669028340081,0.403669028340081,0.6890109890109891,0.9,0.9714912280701753
mlp,8,8,4,0.1,by earliest stop,196,58,138,0.9997887613632486,0.041666666666666664,0.32894736842105265,0.9583333333333334,0.6436403508771931,0.5344761904761905,0.8468671679197994,0.46552380952380945,0.15313283208020056,0.031746031746031744,0.26,0.7236842105263158
mlp,8,8,4,0.1,fixed horizon 50,196,58,138,1.000484045510862,0.08333333333333333,0.06578947368421052,0.9166666666666666,0.49122807017543857,0.3,0.9539473684210527,0.7,0.046052631578947345,0.38,0.07,0.5844298245614035
mlp,8,8,4,0.1,fixed horizon 100,196,58,138,1.0291292268281356,0.125,0.15789473684210525,0.875,0.5164473684210527,0.7058333333333334,0.9535526315789473,0.2941666666666666,0.04644736842105268,0.7233333333333333,0.15,0.5745614035087719
mlp,8,8,4,0.1,fixed horizon 148,196,58,138,0.9999573660882236,0.2916666666666667,0.35526315789473684,0.7083333333333334,0.5317982456140351,0.5693193193193193,0.8469950213371265,0.43068068068068066,0.15300497866287355,0.7171814671814671,0.34,0.6025219298245614
mlp,8,8,4,0.15,by final end,196,58,138,1.0001109001142476,0.9583333333333334,1.0,0.041666666666666664,0.5208333333333334,0.4834261133603239,0.4834261133603239,0.5165738866396761,0.5165738866396761,0.5099498327759199,0.99,0.9714912280701753
mlp,8,8,4,0.15,by earliest stop,196,58,138,1.0001109001142476,0.8333333333333334,0.9342105263157895,0.16666666666666666,0.5504385964912281,0.7792532975631566,0.7937761069340017,0.22074670243684336,0.2062238930659983,0.8066666666666666,0.91,0.7236842105263158
mlp,8,8,4,0.15,fixed horizon 50,196,58,138,1.0652070775357003,0.20833333333333334,0.09210526315789473,0.7916666666666666,0.44188596491228066,0.52,0.9557894736842105,0.48,0.04421052631578948,0.5,0.12,0.5844298245614035
mlp,8,8,4,0.15,fixed horizon 100,196,58,138,1.0111085473881745,0.4583333333333333,0.6842105263157895,0.5416666666666666,0.6129385964912281,0.8092307692307692,0.8694736842105263,0.1907692307692308,0.1305263157894737,0.7581818181818182,0.63,0.5745614035087719
mlp,8,8,4,0.15,fixed horizon 148,196,58,138,1.0030678881148285,0.7916666666666666,0.8026315789473685,0.20833333333333334,0.5054824561403509,0.7600797518830307,0.8074324324324325,0.23992024811696933,0.19256756756756754,0.7635135135135134,0.8,0.6025219298245614
mlp,8,8,4,0.2,by final end,196,58,138,0.988714878998702,1.0,1.0,0.0,0.5,0.3532388663967611,0.3532388663967611,0.6467611336032388,0.6467611336032388,0.43357371794871796,1.0,0.9714912280701753
mlp,8,8,4,0.2,by earliest stop,196,58,138,0.988714878998702,0.875,0.9473684210526315,0.125,0.5361842105263157,0.5577601410934745,0.5810359231411862,0.4422398589065255,0.41896407685881376,0.6687830687830688,0.93,0.7236842105263158
mlp,8,8,4,0.2,fixed horizon 50,196,58,138,1.0531500829990297,0.375,0.3684210526315789,0.625,0.4967105263157895,0.6221428571428571,0.8607894736842105,0.3778571428571429,0.13921052631578945,0.5822222222222222,0.37,0.5844298245614035
mlp,8,8,4,0.2,fixed horizon 100,196,58,138,1.0000279159133905,0.8333333333333334,0.9210526315789473,0.16666666666666666,0.543859649122807,0.6425714285714286,0.6707894736842106,0.35742857142857143,0.3292105263157894,0.6440000000000001,0.9,0.5745614035087719
mlp,8,8,4,0.2,fixed horizon 148,196,58,138,1.0720269941602314,0.7916666666666666,0.8289473684210527,0.20833333333333334,0.518640350877193,0.6112183612183615,0.6777204836415363,0.3887816387816385,0.32227951635846375,0.5647226173541963,0.82,0.6025219298245614
mlp,8,8,4,0.3,by final end,196,58,138,0.9280576042543058,1.0,1.0,0.0,0.5,0.12823886639676116,0.12823886639676116,0.8717611336032388,0.8717611336032388,0.19871794871794868,1.0,0.9714912280701753
mlp,8,8,4,0.3,by earliest stop,196,58,138,0.9280576042543058,1.0,1.0,0.0,0.5,0.2116959064327485,0.2116959064327485,0.7883040935672515,0.7883040935672515,0.3280423280423281,1.0,0.7236842105263158
mlp,8,8,4,0.3,fixed horizon 50,196,58,138,0.9288659499511631,0.75,0.868421052631579,0.25,0.5592105263157895,0.23,0.33131578947368423,0.77,0.6686842105263158,0.31555555555555553,0.84,0.5844298245614035
mlp,8,8,4,0.3,fixed horizon 100,196,58,138,0.9505802534959672,0.9583333333333334,0.9868421052631579,0.041666666666666664,0.5142543859649122,0.2514666666666667,0.2613157894736842,0.7485333333333333,0.7386842105263158,0.3126086956521739,0.98,0.5745614035087719
mlp,8,8,4,0.3,fixed horizon 148,196,58,138,0.9288659499511631,0.9166666666666666,0.9605263157894737,0.08333333333333333,0.5219298245614035,0.15734912995186967,0.1906116642958748,0.8426508700481303,0.8093883357041252,0.25153562653562656,0.95,0.6025219298245614
mlp,8,8,5,0.01,by final end,196,58,138,1.0083277396394064,0.0,0.18421052631578946,1.0,0.5921052631578947,0.7031593406593407,0.9453188259109311,0.2968406593406593,0.05468117408906892,,0.14,0.9714912280701753
mlp,8,8,5,0.01,by earliest stop,196,58,138,1.0083277396394064,0.0,0.11842105263157894,1.0,0.5592105263157895,0.8955908289241622,0.9876357560568088,0.1044091710758378,0.012364243943191244,,0.09,0.7236842105263158
mlp,8,8,5,0.01,fixed horizon 50,196,58,138,0.9999991065626543,0.0,0.039473684210526314,1.0,0.5197368421052632,0.0,0.9605263157894737,1.0,0.03947368421052633,,0.03,0.5844298245614035
mlp,8,8,5,0.01,fixed horizon 100,196,58,138,0.9999991065626543,0.0,0.039473684210526314,1.0,0.5197368421052632,0.0,0.9605263157894737,1.0,0.03947368421052633,,0.03,0.5745614035087719
mlp,8,8,5,0.01,fixed horizon 148,196,58,138,0.9999991065626543,0.0,0.039473684210526314,1.0,0.5197368421052632,0.0,0.9605263157894737,1.0,0.03947368421052633,,0.03,0.6025219298245614
mlp,8,8,5,0.025,by final end,196,58,138,0.999998957732631,0.0,0.2236842105263158,1.0,0.6118421052631579,0.5625565610859729,0.902150809716599,0.43744343891402715,0.097849190283401,,0.17,0.9714912280701753
mlp,8,8,5,0.025,by earliest stop,196,58,138,0.999998957732631,0.0,0.15789473684210525,1.0,0.5789473684210527,0.6346560846560847,0.942314118629908,0.3653439153439153,0.05768588137009201,,0.12,0.7236842105263158
mlp,8,8,5,0.025,fixed horizon 50,196,58,138,0.9999895514456534,0.125,0.07894736842105263,0.875,0.4769736842105263,0.006666666666666667,0.9215789473684209,0.9933333333333333,0.07842105263157906,0.006666666666666667,0.09,0.5844298245614035
mlp,8,8,5,0.025,fixed horizon 100,196,58,138,0.9999895514456534,0.125,0.07894736842105263,0.875,0.4769736842105263,0.0033333333333333335,0.9213157894736842,0.9966666666666667,0.0786842105263158,0.0033333333333333335,0.09,0.5745614035087719
mlp,8,8,5,0.025,fixed horizon 148,196,58,138,0.9999895514456534,0.125,0.07894736842105263,0.875,0.4769736842105263,0.0022522522522522522,0.9212304409672831,0.9977477477477478,0.07876955903271687,0.0022522522522522522,0.09,0.6025219298245614
mlp,8,8,5,0.05,by final end,196,58,138,0.9999978076824511,0.4166666666666667,1.0,0.5833333333333334,0.7916666666666667,0.6849443319838057,0.6849443319838057,0.31505566801619433,0.31505566801619433,0.7548076923076923,0.86,0.9714912280701753
mlp,8,8,5,0.05,by earliest stop,196,58,138,0.9999978076824511,0.0,0.15789473684210525,1.0,0.5789473684210527,0.6346560846560847,0.942314118629908,0.3653439153439153,0.05768588137009201,,0.12,0.7236842105263158
mlp,8,8,5,0.05,fixed horizon 50,196,58,138,0.9999828425169195,0.125,0.07894736842105263,0.875,0.4769736842105263,0.0,0.9210526315789473,1.0,0.07894736842105265,0.0,0.09,0.5844298245614035
mlp,8,8,5,0.05,fixed horizon 100,196,58,138,1.022611940403711,0.041666666666666664,0.05263157894736842,0.9583333333333334,0.5054824561403509,0.9,0.994736842105263,0.09999999999999998,0.0052631578947369695,0.87,0.05,0.5745614035087719
mlp,8,8,5,0.05,fixed horizon 148,196,58,138,1.022611940403711,0.041666666666666664,0.09210526315789473,0.9583333333333334,0.5252192982456141,0.749034749034749,0.9768847795163587,0.250965250965251,0.02311522048364134,0.5878378378378378,0.08,0.6025219298245614
mlp,8,8,5,0.075,by final end,196,58,138,1.0402300807158038,0.5416666666666666,1.0,0.4583333333333333,0.7291666666666666,0.6866396761133603,0.6866396761133603,0.3133603238866397,0.3133603238866397,0.7137573964497042,0.89,0.9714912280701753
mlp,8,8,5,0.075,by earliest stop,196,58,138,1.0402300807158038,0.041666666666666664,0.15789473684210525,0.9583333333333334,0.5581140350877193,0.6865079365079364,0.9505012531328321,0.3134920634920636,0.04949874686716793,0.2634920634920635,0.13,0.7236842105263158
mlp,8,8,5,0.075,fixed horizon 50,196,58,138,1.0000107882541809,0.0,0.07894736842105263,1.0,0.5394736842105263,0.036666666666666674,0.9239473684210526,0.9633333333333334,0.07605263157894737,,0.06,0.5844298245614035
mlp,8,8,5,0.075,fixed horizon 100,196,58,138,1.0134815143310052,0.20833333333333334,0.21052631578947367,0.7916666666666666,0.5010964912280702,0.89,0.9768421052631578,0.10999999999999999,0.023157894736842155,0.8859999999999999,0.21,0.5745614035087719
mlp,8,8,5,0.075,fixed horizon 148,196,58,138,1.0472800844025454,0.125,0.19736842105263158,0.875,0.5361842105263158,0.7171171171171171,0.9441678520625887,0.2828828828828829,0.055832147937411314,0.6936936936936936,0.18,0.6025219298245614
mlp,8,8,5,0.1,by final end,196,58,138,1.0255476664017658,0.9583333333333334,1.0,0.041666666666666664,0.5208333333333334,0.5414220647773278,0.5414220647773278,0.4585779352226722,0.4585779352226722,0.6010033444816052,0.99,0.9714912280701753
mlp,8,8,5,0.1,by earliest stop,196,58,138,1.0255476664017658,0.3333333333333333,0.6842105263157895,0.6666666666666666,0.6754385964912281,0.8153846153846154,0.8736842105263157,0.18461538461538463,0.12631578947368427,0.875,0.6,0.7236842105263158
mlp,8,8,5,0.1,fixed horizon 50,196,58,138,0.9999845055279124,0.125,0.10526315789473684,0.875,0.4901315789473684,0.0125,0.8960526315789473,0.9875,0.10394736842105268,0.0,0.11,0.5844298245614035
mlp,8,8,5,0.1,fixed horizon 100,196,58,138,1.0050726341729816,0.375,0.35526315789473684,0.625,0.4901315789473684,0.8896296296296297,0.9607894736842106,0.11037037037037034,0.03921052631578936,0.8911111111111113,0.36,0.5745614035087719
mlp,8,8,5,0.1,fixed horizon 148,196,58,138,1.0254700746783507,0.3333333333333333,0.3684210526315789,0.6666666666666666,0.5175438596491228,0.6433397683397685,0.8685988620199147,0.35666023166023153,0.13140113798008535,0.6393581081081081,0.36,0.6025219298245614
mlp,8,8,5,0.15,by final end,196,58,138,1.013053463739195,1.0,1.0,0.0,0.5,0.4518218623481781,0.4518218623481781,0.5481781376518219,0.5481781376518219,0.4995192307692308,1.0,0.9714912280701753
mlp,8,8,5,0.15,by earliest stop,196,58,138,1.013053463739195,0.9583333333333334,0.9473684210526315,0.041666666666666664,0.4945175438596491,0.7310405643738976,0.7451963241436925,0.26895943562610236,0.2548036758563075,0.8153209109730851,0.95,0.7236842105263158
mlp,8,8,5,0.15,fixed horizon 50,196,58,138,0.9999931957733187,0.2916666666666667,0.19736842105263158,0.7083333333333334,0.45285087719298245,0.3066666666666667,0.863157894736842,0.6933333333333334,0.136842105263158,0.31714285714285717,0.22,0.5844298245614035
mlp,8,8,5,0.15,fixed horizon 100,196,58,138,1.042502917777984,0.75,0.8157894736842105,0.25,0.5328947368421053,0.8817741935483873,0.9035526315789476,0.11822580645161274,0.09644736842105239,0.8916666666666667,0.8,0.5745614035087719
mlp,8,8,5,0.15,fixed horizon 148,196,58,138,1.0616898815634344,0.7916666666666666,0.8289473684210527,0.20833333333333334,0.518640350877193,0.665057915057915,0.722350640113798,0.334942084942085,0.277649359886202,0.6795874822190612,0.82,0.6025219298245614
mlp,8,8,5,0.2,by final end,196,58,138,1.0154870779834648,1.0,1.0,0.0,0.5,0.3668016194331984,0.3668016194331984,0.6331983805668016,0.6331983805668016,0.39999999999999997,1.0,0.9714912280701753
mlp,8,8,5,0.2,by earliest stop,196,58,138,1.0154870779834648,1.0,1.0,0.0,0.5,0.6055137844611529,0.6055137844611529,0.3944862155388471,0.3944862155388471,0.6603174603174603,1.0,0.7236842105263158
mlp,8,8,5,0.2,fixed horizon 50,196,58,138,0.9999594462741663,0.4583333333333333,0.42105263157894735,0.5416666666666666,0.481359649122807,0.51,0.7936842105263158,0.49,0.20631578947368423,0.4927272727272728,0.43,0.5844298245614035
mlp,8,8,5,0.2,fixed horizon 100,196,58,138,0.9999849236404025,0.875,0.9078947368421053,0.125,0.5164473684210527,0.7791304347826087,0.7994736842105263,0.22086956521739132,0.20052631578947366,0.7342857142857142,0.9,0.5745614035087719
mlp,8,8,5,0.2,fixed horizon 148,196,58,138,1.0316511016527001,0.875,0.9342105263157895,0.125,0.5296052631578947,0.6343738104301483,0.6584281650071123,0.3656261895698517,0.3415718349928877,0.632882882882883,0.92,0.6025219298245614
mlp,8,8,5,0.3,by final end,196,58,138,0.9999252443078197,1.0,1.0,0.0,0.5,0.13405870445344129,0.13405870445344129,0.8659412955465587,0.8659412955465587,0.16514423076923077,1.0,0.9714912280701753
mlp,8,8,5,0.3,by earliest stop,196,58,138,0.9999252443078197,1.0,1.0,0.0,0.5,0.22130325814536336,0.22130325814536336,0.7786967418546367,0.7786967418546367,0.2726190476190476,1.0,0.7236842105263158
mlp,8,8,5,0.3,fixed horizon 50,196,58,138,0.9964029402399747,0.8333333333333334,0.9736842105263158,0.16666666666666666,0.5701754385964912,0.4337837837837838,0.4486842105263158,0.5662162162162162,0.5513157894736842,0.433,0.94,0.5844298245614035
mlp,8,8,5,0.3,fixed horizon 100,196,58,138,0.9976886438423519,1.0,1.0,0.0,0.5,0.36671052631578943,0.36671052631578943,0.6332894736842105,0.6332894736842105,0.4370833333333333,1.0,0.5745614035087719
mlp,8,8,5,0.3,fixed horizon 148,196,58,138,0.9992349802256248,0.9166666666666666,0.9605263157894737,0.08333333333333333,0.5219298245614035,0.35162902628656056,0.3772226173541963,0.6483709737134394,0.6227773826458036,0.43243243243243246,0.95,0.6025219298245614
mlp,8,8,6,0.01,by final end,196,58,138,1.2477615639560238,0.16666666666666666,0.9210526315789473,0.8333333333333334,0.8771929824561404,0.877032967032967,0.8867408906882591,0.12296703296703304,0.11325910931174088,0.9423076923076923,0.74,0.9714912280701753
mlp,8,8,6,0.01,by earliest stop,196,58,138,1.2477615639560238,0.0,0.0,1.0,0.5,,1.0,,0.0,,0.0,0.7236842105263158
mlp,8,8,6,0.01,fixed horizon 50,196,58,138,0.9999544974540667,0.0,0.0,1.0,0.5,,1.0,,0.0,,0.0,0.5844298245614035
mlp,8,8,6,0.01,fixed horizon 100,196,58,138,0.9999620899523051,0.0,0.0,1.0,0.5,,1.0,,0.0,,0.0,0.5745614035087719
mlp,8,8,6,0.01,fixed horizon 148,196,58,138,0.9999620899523051,0.0,0.0,1.0,0.5,,1.0,,0.0,,0.0,0.6025219298245614
mlp,8,8,6,0.025,by final end,196,58,138,1.0579345248719405,0.375,1.0,0.625,0.8125,0.7695344129554657,0.7695344129554657,0.23046558704453435,0.23046558704453435,0.7901709401709403,0.85,0.9714912280701753
mlp,8,8,6,0.025,by earliest stop,196,58,138,1.0579345248719405,0.0,0.0,1.0,0.5,,1.0,,0.0,,0.0,0.7236842105263158
mlp,8,8,6,0.025,fixed horizon 50,196,58,138,0.9998523671621147,0.0,0.013157894736842105,1.0,0.506578947368421,0.18,0.9892105263157895,0.8200000000000001,0.01078947368421046,,0.01,0.5844298245614035
mlp,8,8,6,0.025,fixed horizon 100,196,58,138,0.9998523671621147,0.0,0.013157894736842105,1.0,0.506578947368421,0.09,0.9880263157894738,0.91,0.011973684210526248,,0.01,0.5745614035087719
mlp,8,8,6,0.025,fixed horizon 148,196,58,138,0.9998523671621147,0.0,0.013157894736842105,1.0,0.506578947368421,0.060810810810810814,0.9876422475106685,0.9391891891891891,0.012357752489331464,,0.01,0.6025219298245614
mlp,8,8,6,0.05,by final end,196,58,138,1.0317991661789556,0.4583333333333333,1.0,0.5416666666666666,0.7708333333333333,0.7409412955465586,0.7409412955465586,0.25905870445344137,0.25905870445344137,0.7643356643356644,0.87,0.9714912280701753
mlp,8,8,6,0.05,by earliest stop,196,58,138,1.0317991661789556,0.0,0.0,1.0,0.5,,1.0,,0.0,,0.0,0.7236842105263158
mlp,8,8,6,0.05,fixed horizon 50,196,58,138,0.9990349282932983,0.08333333333333333,0.039473684210526314,0.9166666666666666,0.4780701754385965,0.18000000000000002,0.9676315789473683,0.82,0.03236842105263171,0.19,0.05,0.5844298245614035
mlp,8,8,6,0.05,fixed horizon 100,196,58,138,0.9996539083502013,0.08333333333333333,0.013157894736842105,0.9166666666666666,0.4649122807017544,0.09,0.9880263157894738,0.91,0.011973684210526248,0.475,0.03,0.5745614035087719
mlp,8,8,6,0.05,fixed horizon 148,196,58,138,0.9997694257048575,0.08333333333333333,0.17105263157894737,0.9166666666666666,0.543859649122807,0.724012474012474,0.9527916073968705,0.27598752598752596,0.04720839260312948,0.33108108108108103,0.15,0.6025219298245614
mlp,8,8,6,0.075,by final end,196,58,138,1.0101093538846737,0.5416666666666666,1.0,0.4583333333333333,0.7291666666666666,0.6314777327935224,0.6314777327935224,0.3685222672064776,0.3685222672064776,0.7118343195266271,0.89,0.9714912280701753
mlp,8,8,6,0.075,by earliest stop,196,58,138,1.0101093538846737,0.041666666666666664,0.2631578947368421,0.9583333333333334,0.6107456140350878,0.5855555555555557,0.8909356725146198,0.4144444444444443,0.1090643274853802,0.46984126984126984,0.21,0.7236842105263158
mlp,8,8,6,0.075,fixed horizon 50,196,58,138,0.9990041825985968,0.08333333333333333,0.039473684210526314,0.9166666666666666,0.4780701754385965,0.17333333333333334,0.9673684210526315,0.8266666666666667,0.032631578947368456,0.19,0.05,0.5844298245614035
mlp,8,8,6,0.075,fixed horizon 100,196,58,138,1.0137412577772325,0.08333333333333333,0.11842105263157894,0.9166666666666666,0.5175438596491228,0.7944444444444444,0.975657894736842,0.2055555555555556,0.024342105263158054,0.7949999999999999,0.11,0.5745614035087719
mlp,8,8,6,0.075,fixed horizon 148,196,58,138,0.999882655426,0.25,0.3026315789473684,0.75,0.5263157894736842,0.7159224441833136,0.914029160739687,0.28407755581668637,0.08597083926031301,0.7421171171171171,0.29,0.6025219298245614
mlp,8,8,6,0.1,by final end,196,58,138,1.0140004079166582,0.9583333333333334,1.0,0.041666666666666664,0.5208333333333334,0.5327682186234818,0.5327682186234818,0.4672317813765182,0.4672317813765182,0.6016722408026756,0.99,0.9714912280701753
mlp,8,8,6,0.1,by earliest stop,196,58,138,1.0140004079166582,0.4583333333333333,0.7105263157894737,0.5416666666666666,0.6260964912280702,0.8047619047619046,0.861278195488722,0.19523809523809543,0.13872180451127802,0.9203463203463204,0.65,0.7236842105263158
mlp,8,8,6,0.1,fixed horizon 50,196,58,138,0.9969304427024536,0.08333333333333333,0.09210526315789473,0.9166666666666666,0.5043859649122807,0.2514285714285714,0.9310526315789472,0.7485714285714287,0.06894736842105276,0.16,0.09,0.5844298245614035
mlp,8,8,6,0.1,fixed horizon 100,196,58,138,0.9997989638929816,0.2916666666666667,0.27631578947368424,0.7083333333333334,0.4923245614035088,0.7714285714285714,0.9368421052631577,0.22857142857142865,0.0631578947368423,0.7071428571428572,0.28,0.5745614035087719
mlp,8,8,6,0.1,fixed horizon 148,196,58,138,0.9988891105488426,0.2916666666666667,0.39473684210526316,0.7083333333333334,0.5515350877192983,0.6970720720720719,0.880423186344239,0.3029279279279281,0.119576813655761,0.5424710424710425,0.37,0.6025219298245614
mlp,8,8,6,0.15,by final end,196,58,138,1.0245487941414393,1.0,1.0,0.0,0.5,0.47325404858299586,0.47325404858299586,0.5267459514170041,0.5267459514170041,0.5089743589743589,1.0,0.9714912280701753
mlp,8,8,6,0.15,by earliest stop,196,58,138,1.0245487941414393,0.9166666666666666,0.9473684210526315,0.08333333333333333,0.5153508771929824,0.7680776014109347,0.7802840434419381,0.23192239858906527,0.21971595655806186,0.8235209235209237,0.94,0.7236842105263158
mlp,8,8,6,0.15,fixed horizon 50,196,58,138,0.9843984122500997,0.16666666666666666,0.21052631578947367,0.8333333333333334,0.5219298245614035,0.1775,0.8268421052631579,0.8225,0.17315789473684207,0.225,0.2,0.5844298245614035
mlp,8,8,6,0.15,fixed horizon 100,196,58,138,0.998029634680051,0.4583333333333333,0.4342105263157895,0.5416666666666666,0.48793859649122806,0.6481818181818182,0.847236842105263,0.3518181818181818,0.15276315789473704,0.65,0.44,0.5745614035087719
mlp,8,8,6,0.15,fixed horizon 148,196,58,138,0.9927808676192988,0.4166666666666667,0.618421052631579,0.5833333333333334,0.6008771929824561,0.6305347901092583,0.7715149359886202,0.3694652098907417,0.2284850640113798,0.6351351351351351,0.57,0.6025219298245614
mlp,8,8,6,0.2,by final end,196,58,138,1.030384669055933,1.0,1.0,0.0,0.5,0.40602226720647777,0.40602226720647777,0.5939777327935223,0.5939777327935223,0.4100160256410256,1.0,0.9714912280701753
mlp,8,8,6,0.2,by earliest stop,196,58,138,1.030384669055933,0.9583333333333334,0.9868421052631579,0.041666666666666664,0.5142543859649122,0.6657777777777778,0.6701754385964912,0.3342222222222222,0.3298245614035088,0.6621118012422361,0.98,0.7236842105263158
mlp,8,8,6,0.2,fixed horizon 50,196,58,138,0.9871812190001299,0.25,0.3815789473684211,0.75,0.5657894736842105,0.4296551724137931,0.7823684210526317,0.5703448275862069,0.2176315789473683,0.32666666666666666,0.35,0.5844298245614035
mlp,8,8,6,0.2,fixed horizon 100,196,58,138,0.9924400941515292,0.7916666666666666,0.8421052631578947,0.20833333333333334,0.525219298245614,0.7065625,0.7528947368421053,0.2934375,0.24710526315789472,0.7521052631578948,0.83,0.5745614035087719
mlp,8,8,6,0.2,fixed horizon 148,196,58,138,0.9930168294233476,0.8333333333333334,0.9078947368421053,0.16666666666666666,0.537280701754386,0.5754994124559342,0.6145981507823612,0.42450058754406583,0.38540184921763876,0.5844594594594594,0.89,0.6025219298245614
mlp,8,8,6,0.3,by final end,196,58,138,0.9624776720339189,1.0,1.0,0.0,0.5,0.1472925101214575,0.1472925101214575,0.8527074898785425,0.8527074898785425,0.21025641025641026,1.0,0.9714912280701753
mlp,8,8,6,0.3,by earliest stop,196,58,138,0.9624776720339189,1.0,1.0,0.0,0.5,0.2431495405179615,0.2431495405179615,0.7568504594820384,0.7568504594820384,0.34708994708994706,1.0,0.7236842105263158
mlp,8,8,6,0.3,fixed horizon 50,196,58,138,0.8466430319589047,0.8333333333333334,0.8947368421052632,0.16666666666666666,0.5307017543859649,0.2538235294117648,0.33236842105263165,0.7461764705882352,0.6676315789473684,0.33399999999999996,0.88,0.5844298245614035
mlp,8,8,6,0.3,fixed horizon 100,196,58,138,0.8957262084853311,1.0,1.0,0.0,0.5,0.24578947368421056,0.24578947368421056,0.7542105263157894,0.7542105263157894,0.36375,1.0,0.5745614035087719
mlp,8,8,6,0.3,fixed horizon 148,196,58,138,0.9197480590863315,1.0,0.9736842105263158,0.0,0.4868421052631579,0.22845142439737037,0.2487553342816501,0.7715485756026297,0.7512446657183499,0.3423423423423424,0.98,0.6025219298245614
mlp,8,8,7,0.01,by final end,196,58,138,1.0086943871583938,0.0,0.18421052631578946,1.0,0.5921052631578947,0.7031593406593407,0.9453188259109311,0.2968406593406593,0.05468117408906892,,0.14,0.9714912280701753
mlp,8,8,7,0.01,by earliest stop,196,58,138,1.0086943871583938,0.0,0.11842105263157894,1.0,0.5592105263157895,0.8955908289241622,0.9876357560568088,0.1044091710758378,0.012364243943191244,,0.09,0.7236842105263158
mlp,8,8,7,0.01,fixed horizon 50,196,58,138,0.9999824560657004,0.0,0.05263157894736842,1.0,0.5263157894736842,0.12,0.9536842105263158,0.88,0.0463157894736842,,0.04,0.5844298245614035
mlp,8,8,7,0.01,fixed horizon 100,196,58,138,0.9999824560657004,0.0,0.05263157894736842,1.0,0.5263157894736842,0.06,0.9505263157894737,0.94,0.049473684210526336,,0.04,0.5745614035087719
mlp,8,8,7,0.01,fixed horizon 148,196,58,138,0.9999824560657004,0.0,0.05263157894736842,1.0,0.5263157894736842,0.04054054054054054,0.94950213371266,0.9594594594594594,0.05049786628733999,,0.04,0.6025219298245614
mlp,8,8,7,0.025,by final end,196,58,138,0.9999822146779193,0.0,0.25,1.0,0.625,0.5303643724696356,0.8825910931174088,0.46963562753036436,0.1174089068825912,,0.19,0.9714912280701753
mlp,8,8,7,0.025,by earliest stop,196,58,138,0.9999822146779193,0.0,0.18421052631578946,1.0,0.5921052631578947,0.6045351473922903,0.9271512113617376,0.3954648526077097,0.07284878863826239,,0.14,0.7236842105263158
mlp,8,8,7,0.025,fixed horizon 50,196,58,138,0.9999567435108703,0.0,0.06578947368421052,1.0,0.5328947368421053,0.12,0.9421052631578949,0.88,0.05789473684210511,,0.05,0.5844298245614035
mlp,8,8,7,0.025,fixed horizon 100,196,58,138,0.9999567435108703,0.0,0.06578947368421052,1.0,0.5328947368421053,0.06,0.9381578947368421,0.94,0.06184210526315792,,0.05,0.5745614035087719
mlp,8,8,7,0.025,fixed horizon 148,196,58,138,0.9999567435108703,0.0,0.06578947368421052,1.0,0.5328947368421053,0.04054054054054054,0.9368776671408251,0.9594594594594594,0.0631223328591749,,0.05,0.6025219298245614
mlp,8,8,7,0.05,by final end,196,58,138,0.9999527150471529,0.3333333333333333,0.9342105263157895,0.6666666666666666,0.8004385964912281,0.6742686890574214,0.6956983805668017,0.32573131094257857,0.30430161943319833,0.74375,0.79,0.9714912280701753
mlp,8,8,7,0.05,by earliest stop,196,58,138,0.9999527150471529,0.0,0.19736842105263158,1.0,0.5986842105263158,0.5655026455026455,0.9142439431913116,0.4344973544973545,0.08575605680868836,,0.15,0.7236842105263158
mlp,8,8,7,0.05,fixed horizon 50,196,58,138,0.9998781956769174,0.0,0.07894736842105263,1.0,0.5394736842105263,0.12,0.9305263157894736,0.88,0.06947368421052635,,0.06,0.5844298245614035
mlp,8,8,7,0.05,fixed horizon 100,196,58,138,0.9999532647426164,0.041666666666666664,0.06578947368421052,0.9583333333333334,0.5120614035087719,0.06,0.9381578947368421,0.94,0.06184210526315792,0.86,0.06,0.5745614035087719
mlp,8,8,7,0.05,fixed horizon 148,196,58,138,1.000422931858333,0.08333333333333333,0.17105263157894737,0.9166666666666666,0.543859649122807,0.7396049896049894,0.9554587482219062,0.26039501039501056,0.04454125177809376,0.7567567567567568,0.15,0.6025219298245614
mlp,8,8,7,0.075,by final end,196,58,138,1.0007481425541338,0.4583333333333333,1.0,0.5416666666666666,0.7708333333333333,0.6083755060728745,0.6083755060728745,0.3916244939271255,0.3916244939271255,0.6344405594405594,0.87,0.9714912280701753
mlp,8,8,7,0.075,by earliest stop,196,58,138,1.0007481425541338,0.08333333333333333,0.32894736842105265,0.9166666666666666,0.6228070175438596,0.5549206349206349,0.8535923141186299,0.4450793650793651,0.1464076858813701,0.3571428571428571,0.27,0.7236842105263158
mlp,8,8,7,0.075,fixed horizon 50,196,58,138,1.000304893925732,0.08333333333333333,0.05263157894736842,0.9166666666666666,0.48464912280701755,0.14,0.9547368421052632,0.86,0.04526315789473678,0.36,0.06,0.5844298245614035
mlp,8,8,7,0.075,fixed horizon 100,196,58,138,0.9999750355687993,0.20833333333333334,0.25,0.7916666666666666,0.5208333333333333,0.7031578947368421,0.9257894736842104,0.2968421052631579,0.07421052631578962,0.8700000000000001,0.24,0.5745614035087719
mlp,8,8,7,0.075,fixed horizon 148,196,58,138,0.999958736268679,0.25,0.34210526315789475,0.75,0.5460526315789473,0.6101871101871101,0.8666429587482218,0.38981288981288986,0.13335704125177816,0.7421171171171171,0.32,0.6025219298245614
mlp,8,8,7,0.1,by final end,196,58,138,0.9999670148027224,0.5416666666666666,1.0,0.4583333333333333,0.7291666666666666,0.5686740890688258,0.5686740890688258,0.43132591093117423,0.43132591093117423,0.6282544378698224,0.89,0.9714912280701753
mlp,8,8,7,0.1,by earliest stop,196,58,138,0.9999670148027224,0.125,0.35526315789473684,0.875,0.6151315789473684,0.4513815402704292,0.8050960735171261,0.5486184597295708,0.1949039264828739,0.4158730158730159,0.3,0.7236842105263158
mlp,8,8,7,0.1,fixed horizon 50,196,58,138,1.0003510350983904,0.08333333333333333,0.05263157894736842,0.9166666666666666,0.48464912280701755,0.14,0.9547368421052632,0.86,0.04526315789473678,0.37,0.06,0.5844298245614035
mlp,8,8,7,0.1,fixed horizon 100,196,58,138,0.9999546920972414,0.25,0.3026315789473684,0.75,0.5263157894736842,0.6969565217391305,0.9082894736842105,0.3030434782608695,0.09171052631578946,0.8716666666666666,0.29,0.5745614035087719
mlp,8,8,7,0.1,fixed horizon 148,196,58,138,0.9999483384076783,0.25,0.42105263157894735,0.75,0.5855263157894737,0.6482263513513513,0.8518847795163584,0.3517736486486487,0.14811522048364156,0.740990990990991,0.38,0.6025219298245614
mlp,8,8,7,0.15,by final end,196,58,138,1.016012210188361,1.0,1.0,0.0,0.5,0.4778593117408907,0.4778593117408907,0.5221406882591093,0.5221406882591093,0.5084935897435897,1.0,0.9714912280701753
mlp,8,8,7,0.15,by earliest stop,196,58,138,1.016012210188361,0.9166666666666666,0.9473684210526315,0.08333333333333333,0.5153508771929824,0.774647266313933,0.7865079365079365,0.225352733686067,0.2134920634920635,0.81991341991342,0.94,0.7236842105263158
mlp,8,8,7,0.15,fixed horizon 50,196,58,138,1.0616179819500917,0.20833333333333334,0.09210526315789473,0.7916666666666666,0.44188596491228066,0.52,0.9557894736842105,0.48,0.04421052631578948,0.508,0.12,0.5844298245614035
mlp,8,8,7,0.15,fixed horizon 100,196,58,138,0.9999490881891739,0.5416666666666666,0.6842105263157895,0.4583333333333333,0.5712719298245614,0.7626923076923077,0.8376315789473684,0.23730769230769233,0.1623684210526316,0.8269230769230769,0.65,0.5745614035087719
mlp,8,8,7,0.15,fixed horizon 148,196,58,138,1.0042922072039633,0.7916666666666666,0.8157894736842105,0.20833333333333334,0.5120614035087719,0.6046207497820402,0.6774537695590328,0.39537925021795983,0.3225462304409672,0.6266002844950215,0.81,0.6025219298245614
mlp,8,8,7,0.2,by final end,196,58,138,0.9997619228361284,1.0,1.0,0.0,0.5,0.40080971659919024,0.40080971659919024,0.5991902834008098,0.5991902834008098,0.4398237179487179,1.0,0.9714912280701753
mlp,8,8,7,0.2,by earliest stop,196,58,138,0.9997619228361284,0.9583333333333334,0.9605263157894737,0.041666666666666664,0.5010964912280702,0.6467492933246357,0.6606934001670843,0.3532507066753643,0.33930659983291567,0.7119392684610076,0.96,0.7236842105263158
mlp,8,8,7,0.2,fixed horizon 50,196,58,138,1.0265398964287216,0.375,0.35526315789473684,0.625,0.4901315789473684,0.5881481481481482,0.8536842105263157,0.4118518518518518,0.1463157894736843,0.5866666666666667,0.36,0.5844298245614035
mlp,8,8,7,0.2,fixed horizon 100,196,58,138,0.999596719494568,0.7916666666666666,0.881578947368421,0.20833333333333334,0.5449561403508771,0.7644776119402985,0.7923684210526316,0.2355223880597015,0.2076315789473684,0.7978947368421053,0.86,0.5745614035087719
mlp,8,8,7,0.2,fixed horizon 148,196,58,138,0.9999498379706696,0.8333333333333334,0.881578947368421,0.16666666666666666,0.5241228070175439,0.5576845502218637,0.6100640113798009,0.4423154497781363,0.38993598862019907,0.6047297297297296,0.87,0.6025219298245614
mlp,8,8,7,0.3,by final end,196,58,138,0.9330884991651146,1.0,1.0,0.0,0.5,0.09635627530364373,0.09635627530364373,0.9036437246963562,0.9036437246963562,0.15536858974358972,1.0,0.9714912280701753
mlp,8,8,7,0.3,by earliest stop,196,58,138,0.9330884991651146,1.0,1.0,0.0,0.5,0.1590643274853801,0.1590643274853801,0.8409356725146199,0.8409356725146199,0.2564814814814815,1.0,0.7236842105263158
mlp,8,8,7,0.3,fixed horizon 50,196,58,138,0.9949213025013882,0.75,0.9210526315789473,0.25,0.5855263157894737,0.5299999999999998,0.5671052631578948,0.4700000000000002,0.4328947368421052,0.5722222222222222,0.88,0.5844298245614035
mlp,8,8,7,0.3,fixed horizon 100,196,58,138,0.932862761304428,0.9166666666666666,0.9868421052631579,0.08333333333333333,0.5350877192982456,0.25079999999999997,0.26065789473684214,0.7492000000000001,0.7393421052631579,0.3181818181818182,0.97,0.5745614035087719
mlp,8,8,7,0.3,fixed horizon 148,196,58,138,0.8976789501322516,0.9583333333333334,0.9868421052631579,0.041666666666666664,0.5142543859649122,0.14981981981981982,0.16100640113798007,0.8501801801801802,0.83899359886202,0.24059929494712104,0.98,0.6025219298245614
mlp,8,8,8,0.01,by final end,196,58,138,1.2202106842273683,0.20833333333333334,0.9605263157894737,0.7916666666666666,0.8760964912280702,0.8708113804004215,0.8759109311740891,0.1291886195995785,0.12408906882591086,0.9115384615384615,0.78,0.9714912280701753
mlp,8,8,8,0.01,by earliest stop,196,58,138,1.2202106842273683,0.0,0.0,1.0,0.5,,1.0,,0.0,,0.0,0.7236842105263158
mlp,8,8,8,0.01,fixed horizon 50,196,58,138,1.0069917314152712,0.0,0.0,1.0,0.5,,1.0,,0.0,,0.0,0.5844298245614035
mlp,8,8,8,0.01,fixed horizon 100,196,58,138,1.007499906569435,0.0,0.0,1.0,0.5,,1.0,,0.0,,0.0,0.5745614035087719
mlp,8,8,8,0.01,fixed horizon 148,196,58,138,1.0808365636801227,0.0,0.0,1.0,0.5,,1.0,,0.0,,0.0,0.6025219298245614
mlp,8,8,8,0.025,by final end,196,58,138,1.0956210727382745,0.3333333333333333,1.0,0.6666666666666666,0.8333333333333333,0.8077682186234818,0.8077682186234818,0.1922317813765182,0.1922317813765182,0.8298076923076922,0.84,0.9714912280701753
mlp,8,8,8,0.025,by earliest stop,196,58,138,1.0956210727382745,0.0,0.013157894736842105,1.0,0.506578947368421,0.8666666666666667,0.9982456140350878,0.1333333333333333,0.0017543859649121751,,0.01,0.7236842105263158
mlp,8,8,8,0.025,fixed horizon 50,196,58,138,1.0068144395872265,0.0,0.0,1.0,0.5,,1.0,,0.0,,0.0,0.5844298245614035
mlp,8,8,8,0.025,fixed horizon 100,196,58,138,1.0069193266110714,0.0,0.0,1.0,0.5,,1.0,,0.0,,0.0,0.5745614035087719
mlp,8,8,8,0.025,fixed horizon 148,196,58,138,1.0678802155914116,0.0,0.039473684210526314,1.0,0.5197368421052632,0.8175675675675675,0.9927987197724041,0.18243243243243246,0.007201280227595919,,0.03,0.6025219298245614
mlp,8,8,8,0.05,by final end,196,58,138,1.138203736972986,0.375,1.0,0.625,0.8125,0.7051366396761134,0.7051366396761134,0.2948633603238866,0.2948633603238866,0.764957264957265,0.85,0.9714912280701753
mlp,8,8,8,0.05,by earliest stop,196,58,138,1.138203736972986,0.0,0.3026315789473684,1.0,0.6513157894736842,0.9345755693581781,0.9802005012531328,0.0654244306418219,0.01979949874686715,,0.23,0.7236842105263158
mlp,8,8,8,0.05,fixed horizon 50,196,58,138,1.0131003294389924,0.08333333333333333,0.039473684210526314,0.9166666666666666,0.4780701754385965,0.4000000000000001,0.976315789473684,0.5999999999999999,0.023684210526315974,0.4,0.05,0.5844298245614035
mlp,8,8,8,0.05,fixed horizon 100,196,58,138,1.0190675495062174,0.0,0.013157894736842105,1.0,0.506578947368421,0.51,0.9935526315789472,0.49,0.006447368421052757,,0.01,0.5745614035087719
mlp,8,8,8,0.05,fixed horizon 148,196,58,138,1.0638893064167112,0.08333333333333333,0.14473684210526316,0.9166666666666666,0.5307017543859649,0.8366093366093366,0.9763513513513514,0.16339066339066344,0.023648648648648574,0.8851351351351351,0.13,0.6025219298245614
mlp,8,8,8,0.075,by final end,196,58,138,1.1995968669294887,0.9166666666666666,1.0,0.08333333333333333,0.5416666666666666,0.6118421052631579,0.6118421052631579,0.38815789473684215,0.38815789473684215,0.6459790209790209,0.98,0.9714912280701753
mlp,8,8,8,0.075,by earliest stop,196,58,138,1.1995968669294887,0.041666666666666664,0.42105263157894735,0.9583333333333334,0.6896929824561404,0.9398809523809524,0.9746867167919799,0.06011904761904763,0.025313283208020065,0.9841269841269841,0.33,0.7236842105263158
mlp,8,8,8,0.075,fixed horizon 50,196,58,138,1.0631217073476344,0.0,0.013157894736842105,1.0,0.506578947368421,0.96,0.9994736842105264,0.040000000000000036,0.000526315789473597,,0.01,0.5844298245614035
mlp,8,8,8,0.075,fixed horizon 100,196,58,138,1.1197106331510218,0.041666666666666664,0.06578947368421052,0.9583333333333334,0.5120614035087719,0.8080000000000002,0.9873684210526317,0.19199999999999984,0.012631578947368327,0.8,0.06,0.5745614035087719
mlp,8,8,8,0.075,fixed horizon 148,196,58,138,1.0749995963585948,0.20833333333333334,0.2894736842105263,0.7916666666666666,0.5405701754385965,0.754914004914005,0.929054054054054,0.24508599508599505,0.07094594594594605,0.7621621621621623,0.27,0.6025219298245614
mlp,8,8,8,0.1,by final end,196,58,138,1.1211430946434695,0.9583333333333334,1.0,0.041666666666666664,0.5208333333333334,0.5707742914979758,0.5707742914979758,0.42922570850202424,0.42922570850202424,0.5869565217391303,0.99,0.9714912280701753
mlp,8,8,8,0.1,by earliest stop,196,58,138,1.1211430946434695,0.5833333333333334,0.7236842105263158,0.4166666666666667,0.5701754385964912,0.9029148629148626,0.9297410192147035,0.09708513708513744,0.07025898078529647,0.9142857142857144,0.69,0.7236842105263158
mlp,8,8,8,0.1,fixed horizon 50,196,58,138,1.1171685717016244,0.0,0.013157894736842105,1.0,0.506578947368421,0.8,0.9973684210526316,0.19999999999999996,0.0026315789473684292,,0.01,0.5844298245614035
mlp,8,8,8,0.1,fixed horizon 100,196,58,138,1.127945355435501,0.16666666666666666,0.17105263157894737,0.8333333333333334,0.5021929824561404,0.8438461538461539,0.9732894736842105,0.1561538461538461,0.026710526315789518,0.905,0.17,0.5745614035087719
mlp,8,8,8,0.1,fixed horizon 148,196,58,138,1.0938069078858146,0.2916666666666667,0.39473684210526316,0.7083333333333334,0.5515350877192983,0.7729729729729727,0.9103840682788051,0.22702702702702726,0.08961593172119486,0.774131274131274,0.37,0.6025219298245614
mlp,8,8,8,0.15,by final end,196,58,138,1.1096429730087864,0.9583333333333334,1.0,0.041666666666666664,0.5208333333333334,0.510576923076923,0.510576923076923,0.48942307692307696,0.48942307692307696,0.5452341137123746,0.99,0.9714912280701753
mlp,8,8,8,0.15,by earliest stop,196,58,138,1.1096429730087864,0.7916666666666666,0.9210526315789473,0.20833333333333334,0.5646929824561403,0.8260317460317458,0.8397660818713448,0.17396825396825422,0.16023391812865517,0.871345029239766,0.89,0.7236842105263158
mlp,8,8,8,0.15,fixed horizon 50,196,58,138,1.1568488917561732,0.08333333333333333,0.13157894736842105,0.9166666666666666,0.5241228070175439,0.6679999999999999,0.9563157894736843,0.3320000000000001,0.04368421052631566,0.66,0.12,0.5844298245614035
mlp,8,8,8,0.15,fixed horizon 100,196,58,138,1.1485187501158467,0.4166666666666667,0.47368421052631576,0.5833333333333334,0.5285087719298246,0.8588888888888888,0.9331578947368421,0.1411111111111112,0.06684210526315792,0.8459999999999999,0.46,0.5745614035087719
mlp,8,8,8,0.15,fixed horizon 148,196,58,138,1.135375976723618,0.4166666666666667,0.5131578947368421,0.5833333333333334,0.5482456140350878,0.5916493416493415,0.7904516358463727,0.40835065835065854,0.20954836415362732,0.5716216216216216,0.49,0.6025219298245614
mlp,8,8,8,0.2,by final end,196,58,138,1.170927950833516,1.0,1.0,0.0,0.5,0.408830971659919,0.408830971659919,0.591169028340081,0.591169028340081,0.4280448717948717,1.0,0.9714912280701753
mlp,8,8,8,0.2,by earliest stop,196,58,138,1.170927950833516,1.0,1.0,0.0,0.5,0.6748955722639933,0.6748955722639933,0.3251044277360067,0.3251044277360067,0.7066137566137566,1.0,0.7236842105263158
mlp,8,8,8,0.2,fixed horizon 50,196,58,138,1.1888243271164045,0.2916666666666667,0.3157894736842105,0.7083333333333334,0.5120614035087719,0.84,0.9494736842105262,0.16000000000000003,0.05052631578947375,0.8714285714285716,0.31,0.5844298245614035
mlp,8,8,8,0.2,fixed horizon 100,196,58,138,1.168437156874981,0.7916666666666666,0.868421052631579,0.20833333333333334,0.5383771929824561,0.8166666666666667,0.8407894736842104,0.18333333333333335,0.15921052631578958,0.8231578947368421,0.85,0.5745614035087719
mlp,8,8,8,0.2,fixed horizon 148,196,58,138,1.170652275107902,0.7916666666666666,0.881578947368421,0.20833333333333334,0.5449561403508771,0.6225292456635741,0.6672297297297297,0.37747075433642585,0.3327702702702703,0.6223328591749645,0.86,0.6025219298245614
mlp,8,8,8,0.3,by final end,196,58,138,1.2398836195004603,1.0,1.0,0.0,0.5,0.22482287449392716,0.22482287449392716,0.7751771255060729,0.7751771255060729,0.25256410256410255,1.0,0.9714912280701753
mlp,8,8,8,0.3,by earliest stop,196,58,138,1.2398836195004603,1.0,1.0,0.0,0.5,0.37113617376775265,0.37113617376775265,0.6288638262322473,0.6288638262322473,0.41693121693121693,1.0,0.7236842105263158
mlp,8,8,8,0.3,fixed horizon 50,196,58,138,1.53750787257762,0.5416666666666666,0.6842105263157895,0.4583333333333333,0.5712719298245614,0.428076923076923,0.6086842105263157,0.571923076923077,0.3913157894736843,0.4,0.65,0.5844298245614035
mlp,8,8,8,0.3,fixed horizon 100,196,58,138,1.577720807824268,0.8333333333333334,0.9473684210526315,0.16666666666666666,0.5570175438596491,0.4201388888888889,0.4506578947368421,0.5798611111111112,0.549342105263158,0.429,0.92,0.5745614035087719
mlp,8,8,8,0.3,fixed horizon 148,196,58,138,1.0638717257690724,1.0,0.9736842105263158,0.0,0.4868421052631579,0.5353360116873631,0.5475640113798008,0.4646639883126369,0.4524359886201992,0.563063063063063,0.98,0.6025219298245614
mlp,8,8,9,0.01,by final end,196,58,138,1.2324178384308218,0.16666666666666666,0.9210526315789473,0.8333333333333334,0.8771929824561404,0.876978021978022,0.8866902834008098,0.123021978021978,0.1133097165991902,0.9423076923076923,0.74,0.9714912280701753
mlp,8,8,9,0.01,by earliest stop,196,58,138,1.2324178384308218,0.0,0.0,1.0,0.5,,1.0,,0.0,,0.0,0.7236842105263158
mlp,8,8,9,0.01,fixed horizon 50,196,58,138,1.0000003318953121,0.0,0.039473684210526314,1.0,0.5197368421052632,0.0,0.9605263157894737,1.0,0.03947368421052633,,0.03,0.5844298245614035
mlp,8,8,9,0.01,fixed horizon 100,196,58,138,1.0000003318953121,0.0,0.039473684210526314,1.0,0.5197368421052632,0.0,0.9605263157894737,1.0,0.03947368421052633,,0.03,0.5745614035087719
mlp,8,8,9,0.01,fixed horizon 148,196,58,138,1.0000003318953121,0.0,0.039473684210526314,1.0,0.5197368421052632,0.0,0.9605263157894737,1.0,0.03947368421052633,,0.03,0.6025219298245614
mlp,8,8,9,0.025,by final end,196,58,138,1.0542646977296688,0.375,1.0,0.625,0.8125,0.7695091093117409,0.7695091093117409,0.23049089068825912,0.23049089068825912,0.7901709401709403,0.85,0.9714912280701753
mlp,8,8,9,0.025,by earliest stop,196,58,138,1.0542646977296688,0.0,0.0,1.0,0.5,,1.0,,0.0,,0.0,0.7236842105263158
mlp,8,8,9,0.025,fixed horizon 50,196,58,138,0.9999936551695613,0.0,0.06578947368421052,1.0,0.5328947368421053,0.032,0.9363157894736842,0.968,0.06368421052631579,,0.05,0.5844298245614035
mlp,8,8,9,0.025,fixed horizon 100,196,58,138,0.9999936551695613,0.0,0.06578947368421052,1.0,0.5328947368421053,0.016,0.9352631578947368,0.984,0.0647368421052632,,0.05,0.5745614035087719
mlp,8,8,9,0.025,fixed horizon 148,196,58,138,0.9999936551695613,0.0,0.06578947368421052,1.0,0.5328947368421053,0.010810810810810811,0.9349217638691324,0.9891891891891892,0.0650782361308676,,0.05,0.6025219298245614
mlp,8,8,9,0.05,by final end,196,58,138,1.0283176810535426,0.5,1.0,0.5,0.75,0.7397267206477732,0.7397267206477732,0.26027327935222677,0.26027327935222677,0.7745192307692307,0.88,0.9714912280701753
mlp,8,8,9,0.05,by earliest stop,196,58,138,1.0283176810535426,0.0,0.0,1.0,0.5,,1.0,,0.0,,0.0,0.7236842105263158
mlp,8,8,9,0.05,fixed horizon 50,196,58,138,1.0000151274005777,0.0,0.06578947368421052,1.0,0.5328947368421053,0.092,0.9402631578947368,0.908,0.0597368421052632,,0.05,0.5844298245614035
mlp,8,8,9,0.05,fixed horizon 100,196,58,138,1.000041221517517,0.041666666666666664,0.05263157894736842,0.9583333333333334,0.5054824561403509,0.0425,0.9496052631578946,0.9575,0.05039473684210538,0.86,0.05,0.5745614035087719
mlp,8,8,9,0.05,fixed horizon 148,196,58,138,1.0002863887069313,0.041666666666666664,0.15789473684210525,0.9583333333333334,0.5581140350877193,0.7792792792792794,0.965149359886202,0.22072072072072058,0.034850640113798015,0.581081081081081,0.13,0.6025219298245614
mlp,8,8,9,0.075,by final end,196,58,138,1.3273842410219951,0.9583333333333334,1.0,0.041666666666666664,0.5208333333333334,0.6133603238866396,0.6133603238866396,0.38663967611336036,0.38663967611336036,0.6457357859531773,0.99,0.9714912280701753
mlp,8,8,9,0.075,by earliest stop,196,58,138,1.3273842410219951,0.08333333333333333,0.42105263157894735,0.9166666666666666,0.6688596491228069,0.9488095238095238,0.9784461152882205,0.05119047619047623,0.021553884711779547,0.9888888888888889,0.34,0.7236842105263158
mlp,8,8,9,0.075,fixed horizon 50,196,58,138,1.0000258389706238,0.0,0.06578947368421052,1.0,0.5328947368421053,0.096,0.9405263157894735,0.904,0.059473684210526456,,0.05,0.5844298245614035
mlp,8,8,9,0.075,fixed horizon 100,196,58,138,1.0081618838246862,0.041666666666666664,0.05263157894736842,0.9583333333333334,0.5054824561403509,0.7375,0.9861842105263158,0.26249999999999996,0.013815789473684226,0.79,0.05,0.5745614035087719
mlp,8,8,9,0.075,fixed horizon 148,196,58,138,1.0017804322980768,0.20833333333333334,0.27631578947368424,0.7916666666666666,0.5339912280701754,0.7551480051480051,0.9323435277382647,0.24485199485199494,0.06765647226173532,0.7783783783783783,0.26,0.6025219298245614
mlp,8,8,9,0.1,by final end,196,58,138,1.1073108444000748,0.9583333333333334,1.0,0.041666666666666664,0.5208333333333334,0.544660931174089,0.544660931174089,0.455339068825911,0.455339068825911,0.5717391304347825,0.99,0.9714912280701753
mlp,8,8,9,0.1,by earliest stop,196,58,138,1.1073108444000748,0.75,0.8947368421052632,0.25,0.5723684210526316,0.8830065359477123,0.8953216374269006,0.11699346405228772,0.10467836257309937,0.9179894179894181,0.86,0.7236842105263158
mlp,8,8,9,0.1,fixed horizon 50,196,58,138,1.0000179217231984,0.08333333333333333,0.07894736842105263,0.9166666666666666,0.49780701754385964,0.16333333333333333,0.9339473684210525,0.8366666666666667,0.06605263157894747,0.52,0.08,0.5844298245614035
mlp,8,8,9,0.1,fixed horizon 100,196,58,138,1.0043538932413862,0.16666666666666666,0.2236842105263158,0.8333333333333334,0.5285087719298246,0.8035294117647059,0.9560526315789474,0.19647058823529406,0.043947368421052624,0.8324999999999999,0.21,0.5745614035087719
mlp,8,8,9,0.1,fixed horizon 148,196,58,138,1.000547269020322,0.25,0.3684210526315789,0.75,0.5592105263157895,0.768581081081081,0.9147403982930298,0.23141891891891897,0.08525960170697022,0.7421171171171171,0.34,0.6025219298245614
mlp,8,8,9,0.15,by final end,196,58,138,1.1677521855020763,1.0,1.0,0.0,0.5,0.5158653846153844,0.5158653846153844,0.48413461538461555,0.48413461538461555,0.5505608974358974,1.0,0.9714912280701753
mlp,8,8,9,0.15,by earliest stop,196,58,138,1.1677521855020763,0.9583333333333334,0.9473684210526315,0.041666666666666664,0.4945175438596491,0.8426807760141093,0.8509607351712615,0.1573192239858907,0.14903926482873853,0.9033816425120773,0.95,0.7236842105263158
mlp,8,8,9,0.15,fixed horizon 50,196,58,138,1.000000411899515,0.25,0.18421052631578946,0.75,0.46710526315789475,0.33285714285714285,0.8771052631578947,0.6671428571428571,0.12289473684210528,0.37000000000000005,0.2,0.5844298245614035
mlp,8,8,9,0.15,fixed horizon 100,196,58,138,1.0170463143836883,0.4166666666666667,0.618421052631579,0.5833333333333334,0.6008771929824561,0.8776595744680851,0.9243421052631579,0.12234042553191493,0.07565789473684215,0.843,0.57,0.5745614035087719
mlp,8,8,9,0.15,fixed horizon 148,196,58,138,1.1239306254377448,0.5833333333333334,0.618421052631579,0.4166666666666667,0.5175438596491229,0.8990799309948245,0.9375889046941679,0.10092006900517547,0.06241109530583211,0.914092664092664,0.61,0.6025219298245614
mlp,8,8,9,0.2,by final end,196,58,138,1.5440238137018574,0.9583333333333334,1.0,0.041666666666666664,0.5208333333333334,0.48934716599190287,0.48934716599190287,0.5106528340080971,0.5106528340080971,0.5632107023411371,0.99,0.9714912280701753
mlp,8,8,9,0.2,by earliest stop,196,58,138,1.5440238137018574,0.7083333333333334,0.7763157894736842,0.2916666666666667,0.5339912280701754,0.7331181059994619,0.7928153717627402,0.2668818940005381,0.2071846282372598,0.8704014939309057,0.76,0.7236842105263158
mlp,8,8,9,0.2,fixed horizon 50,196,58,138,1.0000026938621767,0.375,0.3815789473684211,0.625,0.5032894736842105,0.569655172413793,0.8357894736842105,0.43034482758620696,0.16421052631578947,0.6022222222222222,0.38,0.5844298245614035
mlp,8,8,9,0.2,fixed horizon 100,196,58,138,1.1119182051150425,0.8333333333333334,0.9342105263157895,0.16666666666666666,0.5504385964912281,0.7688732394366197,0.7840789473684211,0.23112676056338033,0.2159210526315789,0.7685000000000001,0.91,0.5745614035087719
mlp,8,8,9,0.2,fixed horizon 148,196,58,138,1.1631720844583457,0.8333333333333334,0.8552631578947368,0.16666666666666666,0.5109649122807017,0.7556133056133056,0.7909850640113799,0.24438669438669436,0.2090149359886201,0.7611486486486486,0.85,0.6025219298245614
mlp,8,8,9,0.3,by final end,196,58,138,1.2353840173744473,1.0,1.0,0.0,0.5,0.30776821862348175,0.30776821862348175,0.6922317813765182,0.6922317813765182,0.3142628205128205,1.0,0.9714912280701753
mlp,8,8,9,0.3,by earliest stop,196,58,138,1.2353840173744473,1.0,1.0,0.0,0.5,0.508061821219716,0.508061821219716,0.491938178780284,0.491938178780284,0.5187830687830688,1.0,0.7236842105263158
mlp,8,8,9,0.3,fixed horizon 50,196,58,138,0.9888250828562865,0.9583333333333334,1.0,0.041666666666666664,0.5208333333333334,0.34394736842105267,0.34394736842105267,0.6560526315789473,0.6560526315789473,0.388695652173913,0.99,0.5844298245614035
mlp,8,8,9,0.3,fixed horizon 100,196,58,138,1.0517953237951214,1.0,1.0,0.0,0.5,0.3071052631578947,0.3071052631578947,0.6928947368421052,0.6928947368421052,0.3720833333333334,1.0,0.5745614035087719
mlp,8,8,9,0.3,fixed horizon 148,196,58,138,1.0001666527051258,1.0,0.9736842105263158,0.0,0.4868421052631579,0.4553506208911615,0.4696834992887625,0.5446493791088385,0.5303165007112375,0.5073198198198199,0.98,0.6025219298245614
mlp,9,9,0,0.01,by final end,201,60,141,1.0302055028432484,0.0,0.328125,1.0,0.6640625,0.9633699633699633,0.9879807692307693,0.03663003663003672,0.012019230769230727,,0.21,0.98046875
mlp,9,9,0,0.01,by earliest stop,201,60,141,1.0302055028432484,0.0,0.0,1.0,0.5,,1.0,,0.0,,0.0,0.71875
mlp,9,9,0,0.01,fixed horizon 50,201,60,141,1.0044584890922887,0.0,0.0,1.0,0.5,,1.0,,0.0,,0.0,0.5750868055555556
mlp,9,9,0,0.01,fixed horizon 100,201,60,141,1.0044584890922887,0.0,0.0,1.0,0.5,,1.0,,0.0,,0.0,0.5946180555555555
mlp,9,9,0,0.01,fixed horizon 148,201,60,141,1.0044584890922887,0.0,0.0,1.0,0.5,,1.0,,0.0,,0.0,0.6870659722222222
mlp,9,9,0,0.025,by final end,201,60,141,1.004456097317735,0.0,0.5,1.0,0.75,0.9268629807692308,0.9634314903846153,0.0731370192307692,0.036568509615384714,,0.32,0.98046875
mlp,9,9,0,0.025,by earliest stop,201,60,141,1.004456097317735,0.0,0.0,1.0,0.5,,1.0,,0.0,,0.0,0.71875
mlp,9,9,0,0.025,fixed horizon 50,201,60,141,1.0040286371445886,0.0,0.0,1.0,0.5,,1.0,,0.0,,0.0,0.5750868055555556
mlp,9,9,0,0.025,fixed horizon 100,201,60,141,1.0040286371445886,0.0,0.0,1.0,0.5,,1.0,,0.0,,0.0,0.5946180555555555
mlp,9,9,0,0.025,fixed horizon 148,201,60,141,1.0040286371445886,0.0,0.0,1.0,0.5,,1.0,,0.0,,0.0,0.6870659722222222
mlp,9,9,0,0.05,by final end,201,60,141,1.1588085332235036,0.05555555555555555,0.96875,0.9444444444444444,0.9565972222222222,0.8084367245657568,0.8144230769230769,0.19156327543424323,0.18557692307692308,0.8442307692307692,0.64,0.98046875
mlp,9,9,0,0.05,by earliest stop,201,60,141,1.1588085332235036,0.0,0.0,1.0,0.5,,1.0,,0.0,,0.0,0.71875
mlp,9,9,0,0.05,fixed horizon 50,201,60,141,1.041363528106101,0.0,0.0,1.0,0.5,,1.0,,0.0,,0.0,0.5750868055555556
mlp,9,9,0,0.05,fixed horizon 100,201,60,141,1.042844907754638,0.0,0.0,1.0,0.5,,1.0,,0.0,,0.0,0.5946180555555555
mlp,9,9,0,0.05,fixed horizon 148,201,60,141,1.0435606612373995,0.0,0.0,1.0,0.5,,1.0,,0.0,,0.0,0.6870659722222222
mlp,9,9,0,0.075,by final end,201,60,141,1.1022221536495271,0.08333333333333333,0.96875,0.9166666666666666,0.9427083333333333,0.7653225806451613,0.77265625,0.23467741935483866,0.22734374999999996,0.8038461538461538,0.65,0.98046875
mlp,9,9,0,0.075,by earliest stop,201,60,141,1.1022221536495271,0.0,0.0,1.0,0.5,,1.0,,0.0,,0.0,0.71875
mlp,9,9,0,0.075,fixed horizon 50,201,60,141,1.0251332660429715,0.027777777777777776,0.078125,0.9722222222222222,0.5251736111111112,0.54,0.9640625,0.45999999999999996,0.035937499999999956,0.54,0.06,0.5750868055555556
mlp,9,9,0,0.075,fixed horizon 100,201,60,141,1.0425617396391964,0.0,0.03125,1.0,0.515625,0.81,0.9940625000000001,0.18999999999999995,0.005937499999999929,,0.02,0.5946180555555555
mlp,9,9,0,0.075,fixed horizon 148,201,60,141,1.0425617396391964,0.0,0.03125,1.0,0.515625,0.5472972972972974,0.9858530405405406,0.45270270270270263,0.01414695945945943,,0.02,0.6870659722222222
mlp,9,9,0,0.1,by final end,201,60,141,1.1050430562570268,0.3611111111111111,0.984375,0.6388888888888888,0.8116319444444444,0.633974358974359,0.6396935096153846,0.36602564102564095,0.3603064903846154,0.6566568047337278,0.76,0.98046875
mlp,9,9,0,0.1,by earliest stop,201,60,141,1.1050430562570268,0.0,0.0,1.0,0.5,,1.0,,0.0,,0.0,0.71875
mlp,9,9,0,0.1,fixed horizon 50,201,60,141,1.024070860174067,0.027777777777777776,0.09375,0.9722222222222222,0.5329861111111112,0.5133333333333333,0.954375,0.4866666666666667,0.04562500000000003,0.5,0.07,0.5750868055555556
mlp,9,9,0,0.1,fixed horizon 100,201,60,141,1.0419784274444932,0.0,0.046875,1.0,0.5234375,0.8166666666666668,0.99140625,0.18333333333333324,0.008593749999999956,,0.03,0.5946180555555555
mlp,9,9,0,0.1,fixed horizon 148,201,60,141,1.051775398079618,0.0,0.03125,1.0,0.515625,0.5540540540540541,0.9860641891891893,0.44594594594594594,0.013935810810810745,,0.02,0.6870659722222222
mlp,9,9,0,0.15,by final end,201,60,141,1.068288037158917,0.6944444444444444,0.984375,0.3055555555555556,0.6449652777777778,0.5222832722832724,0.5297475961538461,0.4777167277167276,0.47025240384615385,0.5550769230769231,0.88,0.98046875
mlp,9,9,0,0.15,by earliest stop,201,60,141,1.068288037158917,0.0,0.03125,1.0,0.515625,0.35892116182572614,0.979966286307054,0.6410788381742738,0.020033713692946042,,0.02,0.71875
mlp,9,9,0,0.15,fixed horizon 50,201,60,141,1.0380096815062596,0.05555555555555555,0.1875,0.9444444444444444,0.5659722222222222,0.5283333333333333,0.9115625,0.4716666666666667,0.08843749999999995,0.46,0.14,0.5750868055555556
mlp,9,9,0,0.15,fixed horizon 100,201,60,141,1.0632841846811751,0.08333333333333333,0.203125,0.9166666666666666,0.5598958333333333,0.11461538461538465,0.82015625,0.8853846153846153,0.17984374999999997,0.11,0.16,0.5946180555555555
mlp,9,9,0,0.15,fixed horizon 148,201,60,141,1.0952861766046944,0.027777777777777776,0.09375,0.9722222222222222,0.5329861111111112,0.213963963963964,0.9263091216216216,0.786036036036036,0.0736908783783784,0.08783783783783784,0.07,0.6870659722222222
mlp,9,9,0,0.2,by final end,201,60,141,1.046303685868922,0.8888888888888888,0.984375,0.1111111111111111,0.5477430555555556,0.4754884004884006,0.48368389423076924,0.5245115995115994,0.5163161057692307,0.5071514423076924,0.95,0.98046875
mlp,9,9,0,0.2,by earliest stop,201,60,141,1.046303685868922,0.0,0.28125,1.0,0.640625,0.8745965882895343,0.9647302904564315,0.12540341171046565,0.03526970954356845,,0.18,0.71875
mlp,9,9,0,0.2,fixed horizon 50,201,60,141,1.111032142447634,0.1111111111111111,0.28125,0.8888888888888888,0.5850694444444444,0.3011111111111111,0.8034375,0.6988888888888889,0.19656249999999997,0.195,0.22,0.5750868055555556
mlp,9,9,0,0.2,fixed horizon 100,201,60,141,1.145044662470688,0.08333333333333333,0.234375,0.9166666666666666,0.5755208333333333,0.2806666666666667,0.8314062499999999,0.7193333333333334,0.1685937500000001,0.10999999999999999,0.18,0.5946180555555555
mlp,9,9,0,0.2,fixed horizon 148,201,60,141,1.094657877271958,0.1111111111111111,0.40625,0.8888888888888888,0.6475694444444444,0.6143451143451143,0.8433277027027027,0.3856548856548857,0.15667229729729726,0.27533783783783783,0.3,0.6870659722222222
mlp,9,9,0,0.3,by final end,201,60,141,0.9768169995295705,1.0,1.0,0.0,0.5,0.18037860576923076,0.18037860576923076,0.8196213942307693,0.8196213942307693,0.22868589743589743,1.0,0.98046875
mlp,9,9,0,0.3,by earliest stop,201,60,141,0.9768169995295705,0.8888888888888888,0.9375,0.1111111111111111,0.5243055555555556,0.33796680497925313,0.37934387966804983,0.6620331950207469,0.6206561203319502,0.41753112033195017,0.92,0.71875
mlp,9,9,0,0.3,fixed horizon 50,201,60,141,0.9812649647552849,0.6388888888888888,0.65625,0.3611111111111111,0.5086805555555556,0.055238095238095246,0.38,0.9447619047619048,0.62,0.1382608695652174,0.65,0.5750868055555556
mlp,9,9,0,0.3,fixed horizon 100,201,60,141,0.9681050063961446,0.75,0.78125,0.25,0.515625,0.26880000000000004,0.42874999999999996,0.7312,0.57125,0.26185185185185184,0.77,0.5946180555555555
mlp,9,9,0,0.3,fixed horizon 148,201,60,141,0.9681050063961446,0.7222222222222222,0.796875,0.2777777777777778,0.5373263888888888,0.240990990990991,0.39516469594594594,0.759009009009009,0.6048353040540541,0.27936590436590436,0.77,0.6870659722222222
mlp,9,9,1,0.01,by final end,201,60,141,1.0012321259555539,0.0,0.5,1.0,0.75,0.9358173076923078,0.9679086538461539,0.06418269230769225,0.03209134615384612,,0.32,0.98046875
mlp,9,9,1,0.01,by earliest stop,201,60,141,1.0012321259555539,0.0,0.03125,1.0,0.515625,0.9398340248962656,0.9981198132780082,0.06016597510373445,0.00188018672199175,,0.02,0.71875
mlp,9,9,1,0.01,fixed horizon 50,201,60,141,1.0000322862997864,0.0,0.0,1.0,0.5,,1.0,,0.0,,0.0,0.5750868055555556
mlp,9,9,1,0.01,fixed horizon 100,201,60,141,1.0000959390758273,0.0,0.0,1.0,0.5,,1.0,,0.0,,0.0,0.5946180555555555
mlp,9,9,1,0.01,fixed horizon 148,201,60,141,1.0007377470667802,0.0,0.0,1.0,0.5,,1.0,,0.0,,0.0,0.6870659722222222
mlp,9,9,1,0.025,by final end,201,60,141,1.0000563791994055,0.0,0.515625,1.0,0.7578125,0.9361305361305362,0.9670673076923078,0.0638694638694638,0.032932692307692246,,0.33,0.98046875
mlp,9,9,1,0.025,by earliest stop,201,60,141,1.0000563791994055,0.0,0.03125,1.0,0.515625,0.9253112033195021,0.9976659751037344,0.07468879668049788,0.002334024896265552,,0.02,0.71875
mlp,9,9,1,0.025,fixed horizon 50,201,60,141,1.0000105374778472,0.0,0.03125,1.0,0.515625,0.02,0.969375,0.98,0.030625000000000013,,0.02,0.5750868055555556
mlp,9,9,1,0.025,fixed horizon 100,201,60,141,1.0000287919020618,0.0,0.0,1.0,0.5,,1.0,,0.0,,0.0,0.5946180555555555
mlp,9,9,1,0.025,fixed horizon 148,201,60,141,1.0000287919020618,0.0,0.0,1.0,0.5,,1.0,,0.0,,0.0,0.6870659722222222
mlp,9,9,1,0.05,by final end,201,60,141,1.0000395770802242,0.0,0.609375,1.0,0.8046875,0.8610946745562129,0.9153545673076924,0.1389053254437871,0.08464543269230762,,0.39,0.98046875
mlp,9,9,1,0.05,by earliest stop,201,60,141,1.0000395770802242,0.0,0.03125,1.0,0.515625,0.6597510373443984,0.9893672199170125,0.34024896265560156,0.010632780082987514,,0.02,0.71875
mlp,9,9,1,0.05,fixed horizon 50,201,60,141,0.9999728304583179,0.027777777777777776,0.09375,0.9722222222222222,0.5329861111111112,0.10000000000000002,0.915625,0.9,0.08437499999999998,0.0,0.07,0.5750868055555556
mlp,9,9,1,0.05,fixed horizon 100,201,60,141,1.0000030682317949,0.0,0.0625,1.0,0.53125,0.27749999999999997,0.95484375,0.7225,0.04515625000000001,,0.04,0.5946180555555555
mlp,9,9,1,0.05,fixed horizon 148,201,60,141,0.999982210693826,0.027777777777777776,0.0625,0.9722222222222222,0.5173611111111112,0.23986486486486489,0.9524915540540541,0.7601351351351351,0.04750844594594594,0.0,0.05,0.6870659722222222
mlp,9,9,1,0.075,by final end,201,60,141,1.000244008708364,0.0,0.921875,1.0,0.9609375,0.8605932203389829,0.871484375,0.1394067796610171,0.12851562500000002,,0.59,0.98046875
mlp,9,9,1,0.075,by earliest stop,201,60,141,1.000244008708364,0.0,0.03125,1.0,0.515625,0.6597510373443984,0.9893672199170125,0.34024896265560156,0.010632780082987514,,0.02,0.71875
mlp,9,9,1,0.075,fixed horizon 50,201,60,141,0.9997130394409703,0.1111111111111111,0.15625,0.8888888888888888,0.5225694444444444,0.05800000000000001,0.8528125,0.942,0.14718750000000003,0.0,0.14,0.5750868055555556
mlp,9,9,1,0.075,fixed horizon 100,201,60,141,0.9997130394409703,0.1111111111111111,0.15625,0.8888888888888888,0.5225694444444444,0.029000000000000005,0.84828125,0.971,0.15171875,0.0,0.14,0.5946180555555555
mlp,9,9,1,0.075,fixed horizon 148,201,60,141,0.9997130394409703,0.1111111111111111,0.171875,0.8888888888888888,0.5303819444444444,0.10626535626535626,0.8463893581081081,0.8937346437346437,0.15361064189189189,0.0,0.15,0.6870659722222222
mlp,9,9,1,0.1,by final end,201,60,141,1.0044781815469679,0.3333333333333333,0.984375,0.6666666666666666,0.8255208333333333,0.634188034188034,0.6399038461538462,0.36581196581196596,0.3600961538461538,0.6613782051282051,0.75,0.98046875
mlp,9,9,1,0.1,by earliest stop,201,60,141,1.0044781815469679,0.0,0.03125,1.0,0.515625,0.36721991701244816,0.980225622406639,0.6327800829875518,0.01977437759336098,,0.02,0.71875
mlp,9,9,1,0.1,fixed horizon 50,201,60,141,1.0257453564305863,0.1388888888888889,0.140625,0.8611111111111112,0.5008680555555556,0.20888888888888887,0.8887499999999999,0.7911111111111111,0.11125000000000007,0.12,0.14,0.5750868055555556
mlp,9,9,1,0.1,fixed horizon 100,201,60,141,1.0321253676571598,0.08333333333333333,0.125,0.9166666666666666,0.5208333333333333,0.16,0.895,0.84,0.10499999999999998,0.06,0.11,0.5946180555555555
mlp,9,9,1,0.1,fixed horizon 148,201,60,141,1.0011563850036214,0.0,0.046875,1.0,0.5234375,0.4234234234234234,0.972972972972973,0.5765765765765767,0.027027027027026973,,0.03,0.6870659722222222
mlp,9,9,1,0.15,by final end,201,60,141,1.064112834385492,0.7222222222222222,0.984375,0.2777777777777778,0.6310763888888888,0.5234737484737485,0.5309194711538462,0.4765262515262515,0.4690805288461538,0.544008875739645,0.89,0.98046875
mlp,9,9,1,0.15,by earliest stop,201,60,141,1.064112834385492,0.0,0.03125,1.0,0.515625,0.8796680497925311,0.9962396265560166,0.1203319502074689,0.003760373443983389,,0.02,0.71875
mlp,9,9,1,0.15,fixed horizon 50,201,60,141,1.0603382163321238,0.05555555555555555,0.171875,0.9444444444444444,0.5581597222222222,0.6272727272727273,0.9359375000000001,0.3727272727272727,0.06406249999999991,0.35,0.13,0.5750868055555556
mlp,9,9,1,0.15,fixed horizon 100,201,60,141,1.0671170222959319,0.027777777777777776,0.09375,0.9722222222222222,0.5329861111111112,0.40833333333333327,0.94453125,0.5916666666666668,0.055468749999999956,0.32,0.07,0.5946180555555555
mlp,9,9,1,0.15,fixed horizon 148,201,60,141,1.0823563844254682,0.027777777777777776,0.125,0.9722222222222222,0.5486111111111112,0.2483108108108108,0.9060388513513513,0.7516891891891893,0.09396114864864868,0.25,0.09,0.6870659722222222
mlp,9,9,1,0.2,by final end,201,60,141,1.1944201170405218,0.6944444444444444,0.984375,0.3055555555555556,0.6449652777777778,0.5173382173382174,0.5248798076923077,0.4826617826617826,0.4751201923076923,0.5772307692307692,0.88,0.98046875
mlp,9,9,1,0.2,by earliest stop,201,60,141,1.1944201170405218,0.027777777777777776,0.3125,0.9722222222222222,0.6423611111111112,0.8522821576763487,0.953838174273859,0.14771784232365126,0.046161825726141026,0.9087136929460581,0.21,0.71875
mlp,9,9,1,0.2,fixed horizon 50,201,60,141,1.0736008223800888,0.1388888888888889,0.25,0.8611111111111112,0.5555555555555556,0.475,0.86875,0.525,0.13124999999999998,0.184,0.21,0.5750868055555556
mlp,9,9,1,0.2,fixed horizon 100,201,60,141,1.1206306685944776,0.1388888888888889,0.28125,0.8611111111111112,0.5711805555555556,0.5555555555555556,0.875,0.4444444444444444,0.125,0.6279999999999999,0.23,0.5946180555555555
mlp,9,9,1,0.2,fixed horizon 148,201,60,141,1.2131934243657974,0.08333333333333333,0.265625,0.9166666666666666,0.5911458333333333,0.53060413354531,0.875316722972973,0.46939586645469,0.12468327702702697,0.713963963963964,0.2,0.6870659722222222
mlp,9,9,1,0.3,by final end,201,60,141,0.946223421452119,1.0,1.0,0.0,0.5,0.16268028846153845,0.16268028846153845,0.8373197115384615,0.8373197115384615,0.23936965811965813,1.0,0.98046875
mlp,9,9,1,0.3,by earliest stop,201,60,141,0.946223421452119,0.8333333333333334,0.90625,0.16666666666666666,0.5364583333333334,0.2706395764773215,0.33901711618257263,0.7293604235226785,0.6609828838174274,0.39432918395574,0.88,0.71875
mlp,9,9,1,0.3,fixed horizon 50,201,60,141,0.9831888421033816,0.6944444444444444,0.703125,0.3055555555555556,0.5043402777777778,0.035555555555555556,0.321875,0.9644444444444444,0.678125,0.0912,0.7,0.5750868055555556
mlp,9,9,1,0.3,fixed horizon 100,201,60,141,0.9908624502566917,0.8055555555555556,0.828125,0.19444444444444445,0.5112847222222222,0.16,0.304375,0.84,0.6956249999999999,0.15827586206896552,0.82,0.5946180555555555
mlp,9,9,1,0.3,fixed horizon 148,201,60,141,0.9548074343489587,0.8055555555555556,0.90625,0.19444444444444445,0.5503472222222222,0.24324324324324326,0.31418918918918914,0.7567567567567568,0.6858108108108109,0.20829450139794967,0.87,0.6870659722222222
mlp,9,9,2,0.01,by final end,201,60,141,1.560825545703043,0.0,0.53125,1.0,0.765625,0.9673642533936653,0.9826622596153847,0.032635746606334726,0.01733774038461533,,0.34,0.98046875
mlp,9,9,2,0.01,by earliest stop,201,60,141,1.560825545703043,0.0,0.0,1.0,0.5,,1.0,,0.0,,0.0,0.71875
mlp,9,9,2,0.01,fixed horizon 50,201,60,141,1.00406426618461,0.0,0.0,1.0,0.5,,1.0,,0.0,,0.0,0.5750868055555556
mlp,9,9,2,0.01,fixed horizon 100,201,60,141,1.0177645538759836,0.0,0.0,1.0,0.5,,1.0,,0.0,,0.0,0.5946180555555555
mlp,9,9,2,0.01,fixed horizon 148,201,60,141,1.0408836566089616,0.0,0.0,1.0,0.5,,1.0,,0.0,,0.0,0.6870659722222222
mlp,9,9,2,0.025,by final end,201,60,141,1.415481711916619,0.0,0.890625,1.0,0.9453125,0.9256410256410257,0.9337740384615385,0.07435897435897432,0.0662259615384615,,0.57,0.98046875
mlp,9,9,2,0.025,by earliest stop,201,60,141,1.415481711916619,0.0,0.0,1.0,0.5,,1.0,,0.0,,0.0,0.71875
mlp,9,9,2,0.025,fixed horizon 50,201,60,141,1.0037271062369086,0.0,0.0,1.0,0.5,,1.0,,0.0,,0.0,0.5750868055555556
mlp,9,9,2,0.025,fixed horizon 100,201,60,141,1.016761678893023,0.0,0.0,1.0,0.5,,1.0,,0.0,,0.0,0.5946180555555555
mlp,9,9,2,0.025,fixed horizon 148,201,60,141,1.0402287733717912,0.0,0.015625,1.0,0.5078125,0.9662162162162162,0.9994721283783784,0.03378378378378377,0.0005278716216216006,,0.01,0.6870659722222222
mlp,9,9,2,0.05,by final end,201,60,141,1.5232805177173325,0.027777777777777776,0.890625,0.9722222222222222,0.9314236111111112,0.83306342780027,0.8513221153846154,0.16693657219973002,0.14867788461538456,0.8173076923076923,0.58,0.98046875
mlp,9,9,2,0.05,by earliest stop,201,60,141,1.5232805177173325,0.0,0.0,1.0,0.5,,1.0,,0.0,,0.0,0.71875
mlp,9,9,2,0.05,fixed horizon 50,201,60,141,1.0356963471381138,0.0,0.0,1.0,0.5,,1.0,,0.0,,0.0,0.5750868055555556
mlp,9,9,2,0.05,fixed horizon 100,201,60,141,1.0503503216109622,0.0,0.015625,1.0,0.5078125,0.72,0.995625,0.28,0.004375000000000018,,0.01,0.5946180555555555
mlp,9,9,2,0.05,fixed horizon 148,201,60,141,1.0503503216109622,0.0,0.015625,1.0,0.5078125,0.4864864864864865,0.9919763513513513,0.5135135135135135,0.008023648648648685,,0.01,0.6870659722222222
mlp,9,9,2,0.075,by final end,201,60,141,1.2085389647241926,0.16666666666666666,0.984375,0.8333333333333334,0.9088541666666667,0.7272893772893775,0.7315504807692308,0.2727106227106225,0.2684495192307692,0.7519230769230769,0.69,0.98046875
mlp,9,9,2,0.075,by earliest stop,201,60,141,1.2085389647241926,0.0,0.0,1.0,0.5,,1.0,,0.0,,0.0,0.71875
mlp,9,9,2,0.075,fixed horizon 50,201,60,141,1.0417051628443592,0.0,0.0625,1.0,0.53125,0.625,0.9765625,0.375,0.0234375,,0.04,0.5750868055555556
mlp,9,9,2,0.075,fixed horizon 100,201,60,141,1.0561050836896815,0.0,0.046875,1.0,0.5234375,0.7333333333333334,0.9875,0.2666666666666666,0.012499999999999956,,0.03,0.5946180555555555
mlp,9,9,2,0.075,fixed horizon 148,201,60,141,1.0561050836896815,0.0,0.046875,1.0,0.5234375,0.4954954954954955,0.9763513513513513,0.5045045045045045,0.023648648648648685,,0.03,0.6870659722222222
mlp,9,9,2,0.1,by final end,201,60,141,1.4254203426079735,0.3333333333333333,0.984375,0.6666666666666666,0.8255208333333333,0.6505799755799756,0.6560396634615385,0.3494200244200244,0.3439603365384615,0.6649038461538462,0.75,0.98046875
mlp,9,9,2,0.1,by earliest stop,201,60,141,1.4254203426079735,0.0,0.0,1.0,0.5,,1.0,,0.0,,0.0,0.71875
mlp,9,9,2,0.1,fixed horizon 50,201,60,141,1.0956168715158747,0.027777777777777776,0.078125,0.9722222222222222,0.5251736111111112,0.576,0.9668749999999999,0.42400000000000004,0.03312500000000007,0.58,0.06,0.5750868055555556
mlp,9,9,2,0.1,fixed horizon 100,201,60,141,1.044121199315023,0.0,0.046875,1.0,0.5234375,0.7166666666666667,0.98671875,0.2833333333333333,0.013281250000000022,,0.03,0.5946180555555555
mlp,9,9,2,0.1,fixed horizon 148,201,60,141,1.0836480191932871,0.0,0.03125,1.0,0.515625,0.7027027027027027,0.9907094594594594,0.29729729729729726,0.00929054054054057,,0.02,0.6870659722222222
mlp,9,9,2,0.15,by final end,201,60,141,1.1068044487184165,0.6944444444444444,0.984375,0.3055555555555556,0.6449652777777778,0.5379426129426129,0.5451622596153847,0.4620573870573871,0.45483774038461533,0.5703076923076923,0.88,0.98046875
mlp,9,9,2,0.15,by earliest stop,201,60,141,1.1068044487184165,0.0,0.046875,1.0,0.5234375,0.615491009681881,0.9819761410788381,0.384508990318119,0.018023858921161873,,0.03,0.71875
mlp,9,9,2,0.15,fixed horizon 50,201,60,141,1.219527562866037,0.0,0.046875,1.0,0.5234375,0.96,0.998125,0.040000000000000036,0.00187499999999996,,0.03,0.5750868055555556
mlp,9,9,2,0.15,fixed horizon 100,201,60,141,1.4120928705512041,0.0,0.0625,1.0,0.53125,0.6625,0.9789062500000001,0.3375,0.02109374999999991,,0.04,0.5946180555555555
mlp,9,9,2,0.15,fixed horizon 148,201,60,141,1.4120928705512041,0.0,0.0625,1.0,0.53125,0.44763513513513514,0.9654771959459459,0.5523648648648649,0.03452280405405406,,0.04,0.6870659722222222
mlp,9,9,2,0.2,by final end,201,60,141,1.4959882410076584,0.6666666666666666,0.984375,0.3333333333333333,0.6588541666666666,0.5199938949938949,0.5274939903846153,0.4800061050061051,0.4725060096153847,0.5862179487179487,0.87,0.98046875
mlp,9,9,2,0.2,by earliest stop,201,60,141,1.4959882410076584,0.0,0.109375,1.0,0.5546875,0.3461766449318317,0.9284880705394191,0.6538233550681682,0.07151192946058094,,0.07,0.71875
mlp,9,9,2,0.2,fixed horizon 50,201,60,141,1.4341225107123265,0.0,0.140625,1.0,0.5703125,0.9088888888888889,0.9871875,0.09111111111111114,0.012812500000000004,,0.09,0.5750868055555556
mlp,9,9,2,0.2,fixed horizon 100,201,60,141,1.6477016114413865,0.0,0.140625,1.0,0.5703125,0.8844444444444445,0.98375,0.11555555555555552,0.016249999999999987,,0.09,0.5946180555555555
mlp,9,9,2,0.2,fixed horizon 148,201,60,141,1.7240904529975078,0.08333333333333333,0.203125,0.9166666666666666,0.5598958333333333,0.683991683991684,0.9358108108108107,0.316008316008316,0.06418918918918926,0.7364864864864865,0.16,0.6870659722222222
mlp,9,9,2,0.3,by final end,201,60,141,1.3019818215540702,1.0,1.0,0.0,0.5,0.24128605769230768,0.24128605769230768,0.7587139423076923,0.7587139423076923,0.27569444444444446,1.0,0.98046875
mlp,9,9,2,0.3,by earliest stop,201,60,141,1.3019818215540702,0.7777777777777778,0.84375,0.2222222222222222,0.5329861111111112,0.4091747349008759,0.501491182572614,0.5908252650991241,0.49850881742738595,0.45020746887966795,0.82,0.71875
mlp,9,9,2,0.3,fixed horizon 50,201,60,141,1.4188805566817537,0.5555555555555556,0.578125,0.4444444444444444,0.5112847222222222,0.18702702702702698,0.53,0.812972972972973,0.47,0.2,0.57,0.5750868055555556
mlp,9,9,2,0.3,fixed horizon 100,201,60,141,1.2856898564495731,0.6944444444444444,0.734375,0.3055555555555556,0.5199652777777778,0.681063829787234,0.76578125,0.318936170212766,0.23421875000000003,0.7539999999999999,0.72,0.5946180555555555
mlp,9,9,2,0.3,fixed horizon 148,201,60,141,1.3010588440106716,0.6944444444444444,0.796875,0.3055555555555556,0.5512152777777778,0.550344462109168,0.6416807432432432,0.449655537890832,0.3583192567567568,0.6086486486486486,0.76,0.6870659722222222
mlp,9,9,3,0.01,by final end,201,60,141,1.0025733285790788,0.0,0.046875,1.0,0.5234375,0.635897435897436,0.9829326923076923,0.36410256410256403,0.017067307692307687,,0.03,0.98046875
mlp,9,9,3,0.01,by earliest stop,201,60,141,1.0025733285790788,0.0,0.015625,1.0,0.5078125,0.950207468879668,0.9992219917012448,0.049792531120331995,0.000778008298755184,,0.01,0.71875
mlp,9,9,3,0.01,fixed horizon 50,201,60,141,1.0000918077620893,0.0,0.0,1.0,0.5,,1.0,,0.0,,0.0,0.5750868055555556
mlp,9,9,3,0.01,fixed horizon 100,201,60,141,1.0001060608130632,0.0,0.0,1.0,0.5,,1.0,,0.0,,0.0,0.5946180555555555
mlp,9,9,3,0.01,fixed horizon 148,201,60,141,1.0017455806640827,0.0,0.0,1.0,0.5,,1.0,,0.0,,0.0,0.6870659722222222
mlp,9,9,3,0.025,by final end,201,60,141,1.000620040310983,0.0,0.046875,1.0,0.5234375,0.5557692307692308,0.9791766826923076,0.4442307692307692,0.02082331730769238,,0.03,0.98046875
mlp,9,9,3,0.025,by earliest stop,201,60,141,1.000620040310983,0.0,0.03125,1.0,0.515625,0.7240663900414939,0.9913770746887967,0.27593360995850613,0.008622925311203344,,0.02,0.71875
mlp,9,9,3,0.025,fixed horizon 50,201,60,141,1.0000708632088042,0.0,0.0,1.0,0.5,,1.0,,0.0,,0.0,0.5750868055555556
mlp,9,9,3,0.025,fixed horizon 100,201,60,141,1.0000726185187356,0.0,0.0,1.0,0.5,,1.0,,0.0,,0.0,0.5946180555555555
mlp,9,9,3,0.025,fixed horizon 148,201,60,141,1.000620040310983,0.0,0.015625,1.0,0.5078125,0.8445945945945946,0.9975717905405406,0.15540540540540537,0.0024282094594594295,,0.01,0.6870659722222222
mlp,9,9,3,0.05,by final end,201,60,141,0.9999858076797804,0.1111111111111111,0.9375,0.8888888888888888,0.9131944444444444,0.736025641025641,0.7525240384615384,0.26397435897435895,0.24747596153846163,0.7999999999999999,0.64,0.98046875
mlp,9,9,3,0.05,by earliest stop,201,60,141,0.9999858076797804,0.0,0.046875,1.0,0.5234375,0.2766251728907331,0.9660918049792531,0.7233748271092669,0.033908195020746934,,0.03,0.71875
mlp,9,9,3,0.05,fixed horizon 50,201,60,141,1.0009855778721681,0.0,0.015625,1.0,0.5078125,0.26,0.9884375,0.74,0.011562500000000031,,0.01,0.5750868055555556
mlp,9,9,3,0.05,fixed horizon 100,201,60,141,1.0033025721893516,0.0,0.015625,1.0,0.5078125,0.71,0.99546875,0.29000000000000004,0.004531249999999987,,0.01,0.5946180555555555
mlp,9,9,3,0.05,fixed horizon 148,201,60,141,0.9999858076797804,0.0,0.046875,1.0,0.5234375,0.45045045045045046,0.9742398648648649,0.5495495495495495,0.025760135135135087,,0.03,0.6870659722222222
mlp,9,9,3,0.075,by final end,201,60,141,0.9999527324767918,0.1388888888888889,0.96875,0.8611111111111112,0.9149305555555556,0.7066687344913152,0.7158353365384615,0.2933312655086848,0.28416466346153846,0.635,0.67,0.98046875
mlp,9,9,3,0.075,by earliest stop,201,60,141,0.9999527324767918,0.027777777777777776,0.078125,0.9722222222222222,0.5251736111111112,0.16597510373443985,0.9348418049792531,0.8340248962655601,0.06515819502074693,0.0,0.06,0.71875
mlp,9,9,3,0.075,fixed horizon 50,201,60,141,1.0014510211319534,0.027777777777777776,0.09375,0.9722222222222222,0.5329861111111112,0.4533333333333334,0.94875,0.5466666666666666,0.05125000000000002,0.54,0.07,0.5750868055555556
mlp,9,9,3,0.075,fixed horizon 100,201,60,141,0.9999658803835699,0.027777777777777776,0.0625,0.9722222222222222,0.5173611111111112,0.355,0.9596875,0.645,0.04031249999999997,0.0,0.05,0.5946180555555555
mlp,9,9,3,0.075,fixed horizon 148,201,60,141,0.9999527324767918,0.027777777777777776,0.078125,0.9722222222222222,0.5251736111111112,0.2702702702702703,0.9429898648648649,0.7297297297297297,0.05701013513513509,0.0,0.06,0.6870659722222222
mlp,9,9,3,0.1,by final end,201,60,141,0.999283113693306,0.3055555555555556,0.984375,0.6944444444444444,0.8394097222222222,0.6118742368742368,0.6179387019230769,0.3881257631257632,0.38206129807692313,0.4122377622377622,0.74,0.98046875
mlp,9,9,3,0.1,by earliest stop,201,60,141,0.999283113693306,0.1388888888888889,0.15625,0.8611111111111112,0.5086805555555556,0.08298755186721993,0.8567168049792531,0.91701244813278,0.14328319502074693,0.0,0.15,0.71875
mlp,9,9,3,0.1,fixed horizon 50,201,60,141,1.000490504930977,0.05555555555555555,0.109375,0.9444444444444444,0.5269097222222222,0.31714285714285717,0.9253125,0.6828571428571428,0.07468750000000002,0.32,0.09,0.5750868055555556
mlp,9,9,3,0.1,fixed horizon 100,201,60,141,0.999283113693306,0.1388888888888889,0.171875,0.8611111111111112,0.5164930555555556,0.19363636363636363,0.86140625,0.8063636363636364,0.13859374999999996,0.0,0.16,0.5946180555555555
mlp,9,9,3,0.1,fixed horizon 148,201,60,141,0.999952321604705,0.027777777777777776,0.09375,0.9722222222222222,0.5329861111111112,0.23986486486486483,0.9287373310810811,0.7601351351351352,0.07126266891891886,0.0,0.07,0.6870659722222222
mlp,9,9,3,0.15,by final end,201,60,141,0.9960894916812666,0.4444444444444444,0.984375,0.5555555555555556,0.7699652777777778,0.48253968253968244,0.49062500000000003,0.5174603174603176,0.5093749999999999,0.28954326923076923,0.79,0.98046875
mlp,9,9,3,0.15,by earliest stop,201,60,141,0.9960894916812666,0.25,0.265625,0.75,0.5078125,0.02074688796680498,0.7398858921161826,0.979253112033195,0.2601141078838174,0.0,0.26,0.71875
mlp,9,9,3,0.15,fixed horizon 50,201,60,141,0.9984607755972706,0.25,0.25,0.75,0.5,0.125,0.78125,0.875,0.21875,0.06444444444444446,0.25,0.5750868055555556
mlp,9,9,3,0.15,fixed horizon 100,201,60,141,1.0004874218249244,0.05555555555555555,0.140625,0.9444444444444444,0.5425347222222222,0.2466666666666667,0.8940625,0.7533333333333333,0.10593750000000002,0.16,0.11,0.5946180555555555
mlp,9,9,3,0.15,fixed horizon 148,201,60,141,0.9983961282805132,0.2222222222222222,0.25,0.7777777777777778,0.5138888888888888,0.18496621621621623,0.7962415540540541,0.8150337837837838,0.20375844594594594,0.0016891891891891893,0.24,0.6870659722222222
mlp,9,9,3,0.2,by final end,201,60,141,1.0076305786302984,0.8888888888888888,0.984375,0.1111111111111111,0.5477430555555556,0.4496336996336997,0.4582331730769231,0.5503663003663003,0.5417668269230769,0.5009014423076923,0.95,0.98046875
mlp,9,9,3,0.2,by earliest stop,201,60,141,1.0076305786302984,0.05555555555555555,0.359375,0.9444444444444444,0.6519097222222222,0.7389500270611582,0.9061851659751037,0.2610499729388418,0.09381483402489632,0.553941908713693,0.25,0.71875
mlp,9,9,3,0.2,fixed horizon 50,201,60,141,0.9893732355864012,0.3333333333333333,0.4375,0.6666666666666666,0.5520833333333333,0.12928571428571428,0.6190625000000001,0.8707142857142858,0.38093749999999993,0.025000000000000005,0.4,0.5750868055555556
mlp,9,9,3,0.2,fixed horizon 100,201,60,141,1.0075914902320224,0.19444444444444445,0.375,0.8055555555555556,0.5902777777777778,0.33916666666666667,0.7521875,0.6608333333333334,0.2478125,0.5399999999999999,0.31,0.5946180555555555
mlp,9,9,3,0.2,fixed horizon 148,201,60,141,1.0075914902320224,0.19444444444444445,0.453125,0.8055555555555556,0.6293402777777778,0.34599254426840637,0.7036528716216217,0.6540074557315936,0.2963471283783783,0.36486486486486486,0.36,0.6870659722222222
mlp,9,9,3,0.3,by final end,201,60,141,0.9388019719387517,1.0,1.0,0.0,0.5,0.1592848557692308,0.1592848557692308,0.8407151442307692,0.8407151442307692,0.17537393162393164,1.0,0.98046875
mlp,9,9,3,0.3,by earliest stop,201,60,141,0.9388019719387517,0.9166666666666666,0.9375,0.08333333333333333,0.5104166666666666,0.28561549100968187,0.33026452282157676,0.7143845089903181,0.6697354771784232,0.307556896768515,0.93,0.71875
mlp,9,9,3,0.3,fixed horizon 50,201,60,141,0.8789554258283919,0.7777777777777778,0.703125,0.2222222222222222,0.4626736111111111,0.03866666666666667,0.3240625,0.9613333333333334,0.6759375000000001,0.09357142857142857,0.73,0.5750868055555556
mlp,9,9,3,0.3,fixed horizon 100,201,60,141,0.9293031277313448,0.75,0.78125,0.25,0.515625,0.24220000000000003,0.40796875,0.7578,0.59203125,0.27629629629629626,0.77,0.5946180555555555
mlp,9,9,3,0.3,fixed horizon 148,201,60,141,0.9312859136118551,0.8055555555555556,0.859375,0.19444444444444445,0.5269097222222222,0.23083538083538083,0.3389991554054054,0.7691646191646192,0.6610008445945946,0.23671947809878843,0.84,0.6870659722222222
mlp,9,9,4,0.01,by final end,201,60,141,1.2089504411672958,0.0,0.53125,1.0,0.765625,0.9673076923076924,0.9826322115384616,0.032692307692307576,0.017367788461538414,,0.34,0.98046875
mlp,9,9,4,0.01,by earliest stop,201,60,141,1.2089504411672958,0.0,0.0,1.0,0.5,,1.0,,0.0,,0.0,0.71875
mlp,9,9,4,0.01,fixed horizon 50,201,60,141,0.9999872959508307,0.0,0.015625,1.0,0.5078125,0.0,0.984375,1.0,0.015625,,0.01,0.5750868055555556
mlp,9,9,4,0.01,fixed horizon 100,201,60,141,1.0007953936819314,0.0,0.0,1.0,0.5,,1.0,,0.0,,0.0,0.5946180555555555
mlp,9,9,4,0.01,fixed horizon 148,201,60,141,1.0014145759313215,0.0,0.0,1.0,0.5,,1.0,,0.0,,0.0,0.6870659722222222
mlp,9,9,4,0.025,by final end,201,60,141,1.0999904830868912,0.0,0.859375,1.0,0.9296875,0.9289510489510492,0.9389423076923078,0.07104895104895081,0.0610576923076922,,0.55,0.98046875
mlp,9,9,4,0.025,by earliest stop,201,60,141,1.0999904830868912,0.0,0.0,1.0,0.5,,1.0,,0.0,,0.0,0.71875
mlp,9,9,4,0.025,fixed horizon 50,201,60,141,0.9999843775244299,0.0,0.015625,1.0,0.5078125,0.0,0.984375,1.0,0.015625,,0.01,0.5750868055555556
mlp,9,9,4,0.025,fixed horizon 100,201,60,141,1.000029675826837,0.0,0.0,1.0,0.5,,1.0,,0.0,,0.0,0.5946180555555555
mlp,9,9,4,0.025,fixed horizon 148,201,60,141,1.0007702264260454,0.0,0.0,1.0,0.5,,1.0,,0.0,,0.0,0.6870659722222222
mlp,9,9,4,0.05,by final end,201,60,141,1.1086295712023486,0.05555555555555555,0.9375,0.9444444444444444,0.9409722222222222,0.8490384615384615,0.8584735576923077,0.15096153846153848,0.1415264423076923,0.8980769230769231,0.62,0.98046875
mlp,9,9,4,0.05,by earliest stop,201,60,141,1.1086295712023486,0.0,0.0,1.0,0.5,,1.0,,0.0,,0.0,0.71875
mlp,9,9,4,0.05,fixed horizon 50,201,60,141,1.0002224697187303,0.0,0.03125,1.0,0.515625,0.28,0.9775,0.72,0.022499999999999964,,0.02,0.5750868055555556
mlp,9,9,4,0.05,fixed horizon 100,201,60,141,1.0095683680055527,0.0,0.03125,1.0,0.515625,0.925,0.99765625,0.07499999999999996,0.002343749999999978,,0.02,0.5946180555555555
mlp,9,9,4,0.05,fixed horizon 148,201,60,141,1.0200677364548858,0.0,0.03125,1.0,0.515625,0.6959459459459459,0.9904983108108107,0.30405405405405406,0.009501689189189255,,0.02,0.6870659722222222
mlp,9,9,4,0.075,by final end,201,60,141,1.2086923847118638,0.19444444444444445,0.984375,0.8055555555555556,0.8949652777777778,0.7016178266178266,0.706280048076923,0.29838217338217343,0.293719951923077,0.7241758241758242,0.7,0.98046875
mlp,9,9,4,0.075,by earliest stop,201,60,141,1.2086923847118638,0.0,0.0,1.0,0.5,,1.0,,0.0,,0.0,0.71875
mlp,9,9,4,0.075,fixed horizon 50,201,60,141,1.0019308729679224,0.027777777777777776,0.046875,0.9722222222222222,0.5095486111111112,0.22666666666666668,0.9637499999999999,0.7733333333333333,0.036250000000000115,0.26,0.04,0.5750868055555556
mlp,9,9,4,0.075,fixed horizon 100,201,60,141,0.9999843775244299,0.0,0.046875,1.0,0.5234375,0.5666666666666667,0.9796875,0.43333333333333335,0.020312499999999956,,0.03,0.5946180555555555
mlp,9,9,4,0.075,fixed horizon 148,201,60,141,1.000221513926117,0.0,0.03125,1.0,0.515625,0.5912162162162162,0.9872255067567568,0.40878378378378377,0.012774493243243201,,0.02,0.6870659722222222
mlp,9,9,4,0.1,by final end,201,60,141,1.1283237360555238,0.3333333333333333,0.984375,0.6666666666666666,0.8255208333333333,0.6503052503052503,0.6557692307692309,0.3496947496947497,0.3442307692307691,0.6655448717948718,0.75,0.98046875
mlp,9,9,4,0.1,by earliest stop,201,60,141,1.1283237360555238,0.0,0.0,1.0,0.5,,1.0,,0.0,,0.0,0.71875
mlp,9,9,4,0.1,fixed horizon 50,201,60,141,1.007005115117409,0.027777777777777776,0.09375,0.9722222222222222,0.5329861111111112,0.48999999999999994,0.9521875,0.51,0.047812500000000036,0.26,0.07,0.5750868055555556
mlp,9,9,4,0.1,fixed horizon 100,201,60,141,0.9999732302143879,0.027777777777777776,0.109375,0.9722222222222222,0.5407986111111112,0.16285714285714287,0.9084375,0.8371428571428572,0.09156249999999999,0.0,0.08,0.5946180555555555
mlp,9,9,4,0.1,fixed horizon 148,201,60,141,0.9997742102898762,0.1111111111111111,0.140625,0.8888888888888888,0.5147569444444444,0.12762762762762764,0.8773226351351351,0.8723723723723724,0.12267736486486491,0.0,0.13,0.6870659722222222
mlp,9,9,4,0.15,by final end,201,60,141,1.0058123819584281,0.75,0.984375,0.25,0.6171875,0.47957875457875443,0.4877103365384615,0.5204212454212456,0.5122896634615385,0.5268518518518519,0.9,0.98046875
mlp,9,9,4,0.15,by earliest stop,201,60,141,1.0058123819584281,0.027777777777777776,0.09375,0.9722222222222222,0.5329861111111112,0.07745504840940526,0.9135114107883817,0.9225449515905948,0.08648858921161828,0.05394190871369295,0.07,0.71875
mlp,9,9,4,0.15,fixed horizon 50,201,60,141,1.0076128589231923,0.05555555555555555,0.1875,0.9444444444444444,0.5659722222222222,0.3666666666666667,0.88125,0.6333333333333333,0.11875000000000002,0.33,0.14,0.5750868055555556
mlp,9,9,4,0.15,fixed horizon 100,201,60,141,1.0015300183071407,0.05555555555555555,0.1875,0.9444444444444444,0.5659722222222222,0.1566666666666667,0.8418749999999999,0.8433333333333333,0.15812500000000007,0.15000000000000002,0.14,0.5946180555555555
mlp,9,9,4,0.15,fixed horizon 148,201,60,141,0.9983872484097718,0.2222222222222222,0.234375,0.7777777777777778,0.5060763888888888,0.1581081081081081,0.8026815878378378,0.8418918918918918,0.19731841216216217,0.0016891891891891893,0.23,0.6870659722222222
mlp,9,9,4,0.2,by final end,201,60,141,1.0360529953079611,0.8888888888888888,0.984375,0.1111111111111111,0.5477430555555556,0.46208791208791217,0.47049278846153847,0.5379120879120878,0.5295072115384616,0.48978365384615385,0.95,0.98046875
mlp,9,9,4,0.2,by earliest stop,201,60,141,1.0360529953079611,0.05555555555555555,0.421875,0.9444444444444444,0.6831597222222222,0.8460119870908253,0.9350363070539419,0.15398801290917474,0.06496369294605808,0.504149377593361,0.29,0.71875
mlp,9,9,4,0.2,fixed horizon 50,201,60,141,1.011568225325438,0.2777777777777778,0.40625,0.7222222222222222,0.5642361111111112,0.09538461538461539,0.6325,0.9046153846153846,0.36750000000000005,0.078,0.36,0.5750868055555556
mlp,9,9,4,0.2,fixed horizon 100,201,60,141,1.0145494437612395,0.2777777777777778,0.375,0.7222222222222222,0.5486111111111112,0.05541666666666667,0.64578125,0.9445833333333333,0.35421875,0.045,0.34,0.5946180555555555
mlp,9,9,4,0.2,fixed horizon 148,201,60,141,0.9983097223316859,0.2777777777777778,0.390625,0.7222222222222222,0.5564236111111112,0.42648648648648646,0.7759712837837838,0.5735135135135135,0.22402871621621623,0.16756756756756758,0.35,0.6870659722222222
mlp,9,9,4,0.3,by final end,201,60,141,0.9221247847934775,1.0,1.0,0.0,0.5,0.15282451923076923,0.15282451923076923,0.8471754807692308,0.8471754807692308,0.21474358974358973,1.0,0.98046875
mlp,9,9,4,0.3,by earliest stop,201,60,141,0.9221247847934775,0.8888888888888888,0.921875,0.1111111111111111,0.5164930555555556,0.2622547295871721,0.31989107883817425,0.7377452704128279,0.6801089211618258,0.37694502074688796,0.91,0.71875
mlp,9,9,4,0.3,fixed horizon 50,201,60,141,0.9419981565040966,0.6666666666666666,0.65625,0.3333333333333333,0.49479166666666663,0.05190476190476191,0.3778125,0.9480952380952381,0.6221875,0.17833333333333332,0.66,0.5750868055555556
mlp,9,9,4,0.3,fixed horizon 100,201,60,141,0.9248449456924647,0.7777777777777778,0.78125,0.2222222222222222,0.5017361111111112,0.1464,0.333125,0.8536,0.666875,0.12642857142857142,0.78,0.5946180555555555
mlp,9,9,4,0.3,fixed horizon 148,201,60,141,0.8845354340081112,0.8611111111111112,0.859375,0.1388888888888889,0.4991319444444444,0.17088452088452089,0.28747888513513514,0.8291154791154791,0.7125211148648649,0.12183958151700088,0.86,0.6870659722222222
mlp,9,9,5,0.01,by final end,201,60,141,1.0121452779969082,0.0,0.515625,1.0,0.7578125,0.9445804195804196,0.9714242788461539,0.055419580419580394,0.0285757211538461,,0.33,0.98046875
mlp,9,9,5,0.01,by earliest stop,201,60,141,1.0121452779969082,0.0,0.0,1.0,0.5,,1.0,,0.0,,0.0,0.71875
mlp,9,9,5,0.01,fixed horizon 50,201,60,141,1.000053224803854,0.0,0.0,1.0,0.5,,1.0,,0.0,,0.0,0.5750868055555556
mlp,9,9,5,0.01,fixed horizon 100,201,60,141,1.0000851445623087,0.0,0.0,1.0,0.5,,1.0,,0.0,,0.0,0.5946180555555555
mlp,9,9,5,0.01,fixed horizon 148,201,60,141,1.0000851445623087,0.0,0.0,1.0,0.5,,1.0,,0.0,,0.0,0.6870659722222222
mlp,9,9,5,0.025,by final end,201,60,141,1.0005862528169283,0.0,0.546875,1.0,0.7734375,0.9339010989010988,0.9638521634615385,0.06609890109890115,0.03614783653846154,,0.35,0.98046875
mlp,9,9,5,0.025,by earliest stop,201,60,141,1.0005862528169283,0.0,0.03125,1.0,0.515625,0.8651452282157677,0.9957857883817427,0.13485477178423233,0.004214211618257302,,0.02,0.71875
mlp,9,9,5,0.025,fixed horizon 50,201,60,141,1.000000244772508,0.0,0.03125,1.0,0.515625,0.01,0.9690624999999999,0.99,0.030937500000000062,,0.02,0.5750868055555556
mlp,9,9,5,0.025,fixed horizon 100,201,60,141,1.0000120431845996,0.0,0.0,1.0,0.5,,1.0,,0.0,,0.0,0.5946180555555555
mlp,9,9,5,0.025,fixed horizon 148,201,60,141,1.0000120431845996,0.0,0.0,1.0,0.5,,1.0,,0.0,,0.0,0.6870659722222222
mlp,9,9,5,0.05,by final end,201,60,141,1.0012120232709953,0.05555555555555555,0.9375,0.9444444444444444,0.9409722222222222,0.8236538461538461,0.8346754807692307,0.17634615384615393,0.1653245192307693,0.8788461538461538,0.62,0.98046875
mlp,9,9,5,0.05,by earliest stop,201,60,141,1.0012120232709953,0.0,0.03125,1.0,0.515625,0.8589211618257262,0.995591286307054,0.1410788381742738,0.004408713692946042,,0.02,0.71875
mlp,9,9,5,0.05,fixed horizon 50,201,60,141,1.0000027073367443,0.027777777777777776,0.046875,0.9722222222222222,0.5095486111111112,0.013333333333333334,0.95375,0.9866666666666667,0.04625000000000001,0.04,0.04,0.5750868055555556
mlp,9,9,5,0.05,fixed horizon 100,201,60,141,1.000028457663796,0.0,0.015625,1.0,0.5078125,0.71,0.99546875,0.29000000000000004,0.004531249999999987,,0.01,0.5946180555555555
mlp,9,9,5,0.05,fixed horizon 148,201,60,141,0.9999897168133257,0.0,0.046875,1.0,0.5234375,0.31981981981981983,0.9681165540540541,0.6801801801801801,0.03188344594594594,,0.03,0.6870659722222222
mlp,9,9,5,0.075,by final end,201,60,141,1.0000538126548797,0.1111111111111111,0.96875,0.8888888888888888,0.9288194444444444,0.7299937965260547,0.7384314903846154,0.2700062034739453,0.2615685096153846,0.79375,0.66,0.98046875
mlp,9,9,5,0.075,by earliest stop,201,60,141,1.0000538126548797,0.0,0.0625,1.0,0.53125,0.4242738589211618,0.9640171161825726,0.5757261410788381,0.035982883817427425,,0.04,0.71875
mlp,9,9,5,0.075,fixed horizon 50,201,60,141,0.9999073436863519,0.1111111111111111,0.140625,0.8888888888888888,0.5147569444444444,0.06666666666666668,0.86875,0.9333333333333333,0.13124999999999998,0.005,0.13,0.5750868055555556
mlp,9,9,5,0.075,fixed horizon 100,201,60,141,0.9998889050141145,0.1111111111111111,0.125,0.8888888888888888,0.5069444444444444,0.18125,0.89765625,0.81875,0.10234374999999996,0.005,0.12,0.5946180555555555
mlp,9,9,5,0.075,fixed horizon 148,201,60,141,0.9999822882439919,0.027777777777777776,0.078125,0.9722222222222222,0.5251736111111112,0.19594594594594594,0.9371832770270271,0.8040540540540541,0.06281672297297292,0.0,0.06,0.6870659722222222
mlp,9,9,5,0.1,by final end,201,60,141,1.0000027073367443,0.3333333333333333,0.984375,0.6666666666666666,0.8255208333333333,0.6287545787545789,0.6345552884615384,0.37124542124542115,0.3654447115384616,0.6213141025641026,0.75,0.98046875
mlp,9,9,5,0.1,by earliest stop,201,60,141,1.0000027073367443,0.027777777777777776,0.078125,0.9722222222222222,0.5251736111111112,0.3394190871369295,0.9483921161825726,0.6605809128630705,0.051607883817427425,0.008298755186721992,0.06,0.71875
mlp,9,9,5,0.1,fixed horizon 50,201,60,141,1.0059711988907711,0.05555555555555555,0.140625,0.9444444444444444,0.5425347222222222,0.36666666666666664,0.9109375,0.6333333333333333,0.08906250000000004,0.38,0.11,0.5750868055555556
mlp,9,9,5,0.1,fixed horizon 100,201,60,141,1.045701512970068,0.0,0.046875,1.0,0.5234375,0.5433333333333333,0.97859375,0.45666666666666667,0.02140624999999996,,0.03,0.5946180555555555
mlp,9,9,5,0.1,fixed horizon 148,201,60,141,1.045701512970068,0.0,0.046875,1.0,0.5234375,0.3671171171171171,0.9703336148648649,0.632882882882883,0.029666385135135087,,0.03,0.6870659722222222
mlp,9,9,5,0.15,by final end,201,60,141,1.062045445017209,0.6944444444444444,0.984375,0.3055555555555556,0.6449652777777778,0.5146520146520146,0.5222355769230769,0.4853479853479854,0.47776442307692313,0.5512307692307692,0.88,0.98046875
mlp,9,9,5,0.15,by earliest stop,201,60,141,1.062045445017209,0.0,0.046875,1.0,0.5234375,0.22821576763485477,0.9638226141078838,0.7717842323651453,0.036177385892116165,,0.03,0.71875
mlp,9,9,5,0.15,fixed horizon 50,201,60,141,1.000406638375447,0.1388888888888889,0.25,0.8611111111111112,0.5555555555555556,0.3425,0.8356250000000001,0.6575,0.16437499999999994,0.176,0.21,0.5750868055555556
mlp,9,9,5,0.15,fixed horizon 100,201,60,141,1.0648560653459513,0.0,0.078125,1.0,0.5390625,0.568,0.96625,0.43200000000000005,0.03374999999999995,,0.05,0.5946180555555555
mlp,9,9,5,0.15,fixed horizon 148,201,60,141,1.0368848339057104,0.0,0.0625,1.0,0.53125,0.38006756756756754,0.961254222972973,0.6199324324324325,0.03874577702702697,,0.04,0.6870659722222222
mlp,9,9,5,0.2,by final end,201,60,141,1.1268770144480955,0.7222222222222222,0.984375,0.2777777777777778,0.6310763888888888,0.5006410256410256,0.5084435096153845,0.49935897435897436,0.49155649038461546,0.5496301775147929,0.89,0.98046875
mlp,9,9,5,0.2,by earliest stop,201,60,141,1.1268770144480955,0.0,0.15625,1.0,0.578125,0.7116182572614108,0.9549403526970954,0.2883817427385892,0.04505964730290457,,0.1,0.71875
mlp,9,9,5,0.2,fixed horizon 50,201,60,141,1.0358158297645355,0.08333333333333333,0.25,0.9166666666666666,0.5833333333333333,0.46249999999999997,0.865625,0.5375000000000001,0.13437500000000002,0.25333333333333335,0.19,0.5750868055555556
mlp,9,9,5,0.2,fixed horizon 100,201,60,141,1.0682342207920987,0.1388888888888889,0.28125,0.8611111111111112,0.5711805555555556,0.5088888888888888,0.8618750000000001,0.49111111111111116,0.13812499999999994,0.546,0.23,0.5946180555555555
mlp,9,9,5,0.2,fixed horizon 148,201,60,141,1.0682342207920987,0.1388888888888889,0.28125,0.8611111111111112,0.5711805555555556,0.3438438438438438,0.815456081081081,0.6561561561561562,0.18454391891891897,0.3689189189189189,0.23,0.6870659722222222
mlp,9,9,5,0.3,by final end,201,60,141,0.9762951391023473,0.9722222222222222,1.0,0.027777777777777776,0.5138888888888888,0.1787560096153846,0.1787560096153846,0.8212439903846154,0.8212439903846154,0.20406593406593404,0.99,0.98046875
mlp,9,9,5,0.3,by earliest stop,201,60,141,0.9762951391023473,0.7777777777777778,0.859375,0.2222222222222222,0.5407986111111112,0.2667672576386269,0.369878112033195,0.7332327423613731,0.630121887966805,0.2697095435684647,0.83,0.71875
mlp,9,9,5,0.3,fixed horizon 50,201,60,141,0.9854525855578239,0.6111111111111112,0.578125,0.3888888888888889,0.4835069444444444,0.08864864864864865,0.473125,0.9113513513513514,0.526875,0.18090909090909094,0.59,0.5750868055555556
mlp,9,9,5,0.3,fixed horizon 100,201,60,141,0.9663323667761696,0.7222222222222222,0.765625,0.2777777777777778,0.5217013888888888,0.2914285714285714,0.4575,0.7085714285714286,0.5425,0.3365384615384616,0.75,0.5946180555555555
mlp,9,9,5,0.3,fixed horizon 148,201,60,141,0.9670643110277635,0.8055555555555556,0.859375,0.19444444444444445,0.5269097222222222,0.2678132678132678,0.37077702702702703,0.7321867321867321,0.629222972972973,0.28657968313140725,0.84,0.6870659722222222
mlp,9,9,6,0.01,by final end,201,60,141,1.0124384485259632,0.0,0.515625,1.0,0.7578125,0.9445804195804196,0.9714242788461539,0.055419580419580394,0.0285757211538461,,0.33,0.98046875
mlp,9,9,6,0.01,by earliest stop,201,60,141,1.0124384485259632,0.0,0.0,1.0,0.5,,1.0,,0.0,,0.0,0.71875
mlp,9,9,6,0.01,fixed horizon 50,201,60,141,1.000158916190875,0.0,0.0,1.0,0.5,,1.0,,0.0,,0.0,0.5750868055555556
mlp,9,9,6,0.01,fixed horizon 100,201,60,141,1.000184414589284,0.0,0.0,1.0,0.5,,1.0,,0.0,,0.0,0.5946180555555555
mlp,9,9,6,0.01,fixed horizon 148,201,60,141,1.000184414589284,0.0,0.0,1.0,0.5,,1.0,,0.0,,0.0,0.6870659722222222
mlp,9,9,6,0.025,by final end,201,60,141,1.0006350769706782,0.0,0.546875,1.0,0.7734375,0.934010989010989,0.9639122596153846,0.065989010989011,0.036087740384615374,,0.35,0.98046875
mlp,9,9,6,0.025,by earliest stop,201,60,141,1.0006350769706782,0.0,0.03125,1.0,0.515625,0.8672199170124482,0.995850622406639,0.13278008298755184,0.004149377593360981,,0.02,0.71875
mlp,9,9,6,0.025,fixed horizon 50,201,60,141,1.0001404376781813,0.0,0.0,1.0,0.5,,1.0,,0.0,,0.0,0.5750868055555556
mlp,9,9,6,0.025,fixed horizon 100,201,60,141,1.0001404376781813,0.0,0.0,1.0,0.5,,1.0,,0.0,,0.0,0.5946180555555555
mlp,9,9,6,0.025,fixed horizon 148,201,60,141,1.0001404376781813,0.0,0.0,1.0,0.5,,1.0,,0.0,,0.0,0.6870659722222222
mlp,9,9,6,0.05,by final end,201,60,141,1.00129219423888,0.05555555555555555,0.96875,0.9444444444444444,0.9565972222222222,0.7773263027295285,0.7842848557692308,0.22267369727047148,0.2157151442307692,0.8423076923076923,0.64,0.98046875
mlp,9,9,6,0.05,by earliest stop,201,60,141,1.00129219423888,0.0,0.03125,1.0,0.515625,0.8589211618257262,0.995591286307054,0.1410788381742738,0.004408713692946042,,0.02,0.71875
mlp,9,9,6,0.05,fixed horizon 50,201,60,141,0.9998256187676151,0.1111111111111111,0.125,0.8888888888888888,0.5069444444444444,0.037500000000000006,0.8796875,0.9625,0.12031250000000004,0.005,0.12,0.5750868055555556
mlp,9,9,6,0.05,fixed horizon 100,201,60,141,0.9999967906449259,0.0,0.0625,1.0,0.53125,0.25,0.953125,0.75,0.046875,,0.04,0.5946180555555555
mlp,9,9,6,0.05,fixed horizon 148,201,60,141,0.9999967906449259,0.0,0.046875,1.0,0.5234375,0.31981981981981983,0.9681165540540541,0.6801801801801801,0.03188344594594594,,0.03,0.6870659722222222
mlp,9,9,6,0.075,by final end,201,60,141,0.9997205914542789,0.16666666666666666,0.96875,0.8333333333333334,0.9010416666666667,0.6705334987593052,0.680829326923077,0.32946650124069476,0.31917067307692304,0.27339743589743587,0.68,0.98046875
mlp,9,9,6,0.075,by earliest stop,201,60,141,0.9997205914542789,0.1111111111111111,0.15625,0.8888888888888888,0.5225694444444444,0.16887966804979254,0.8701374481327802,0.8311203319502074,0.12986255186721984,0.0,0.14,0.71875
mlp,9,9,6,0.075,fixed horizon 50,201,60,141,0.999628830933597,0.1111111111111111,0.15625,0.8888888888888888,0.5225694444444444,0.05800000000000001,0.8528125,0.942,0.14718750000000003,0.0,0.14,0.5750868055555556
mlp,9,9,6,0.075,fixed horizon 100,201,60,141,0.999628830933597,0.1111111111111111,0.171875,0.8888888888888888,0.5303819444444444,0.10636363636363635,0.84640625,0.8936363636363637,0.15359374999999997,0.0,0.15,0.5946180555555555
mlp,9,9,6,0.075,fixed horizon 148,201,60,141,0.9996661378236558,0.1111111111111111,0.171875,0.8888888888888888,0.5303819444444444,0.07186732186732187,0.8404771959459459,0.9281326781326782,0.15952280405405406,0.0,0.15,0.6870659722222222
mlp,9,9,6,0.1,by final end,201,60,141,0.9996269020438013,0.3055555555555556,0.984375,0.6944444444444444,0.8394097222222222,0.6043040293040294,0.6104867788461539,0.3956959706959706,0.3895132211538461,0.46486013986013985,0.74,0.98046875
mlp,9,9,6,0.1,by earliest stop,201,60,141,0.9996269020438013,0.1111111111111111,0.15625,0.8888888888888888,0.5225694444444444,0.16763485477178425,0.8699429460580913,0.8323651452282157,0.1300570539419087,0.0,0.14,0.71875
mlp,9,9,6,0.1,fixed horizon 50,201,60,141,1.0146179290644657,0.08333333333333333,0.09375,0.9166666666666666,0.5052083333333333,0.2833333333333333,0.9328124999999999,0.7166666666666667,0.06718750000000007,0.2866666666666667,0.09,0.5750868055555556
mlp,9,9,6,0.1,fixed horizon 100,201,60,141,0.9984500723447295,0.2222222222222222,0.203125,0.7777777777777778,0.4904513888888889,0.08,0.8131250000000001,0.92,0.1868749999999999,0.0025,0.21,0.5946180555555555
mlp,9,9,6,0.1,fixed horizon 148,201,60,141,0.9984500723447295,0.2222222222222222,0.203125,0.7777777777777778,0.4904513888888889,0.05405405405405406,0.8078547297297298,0.9459459459459459,0.19214527027027017,0.0016891891891891893,0.21,0.6870659722222222
mlp,9,9,6,0.15,by final end,201,60,141,0.9962694604104461,0.4444444444444444,0.984375,0.5555555555555556,0.7699652777777778,0.4755494505494506,0.48374399038461535,0.5244505494505494,0.5162560096153846,0.32439903846153845,0.79,0.98046875
mlp,9,9,6,0.15,by earliest stop,201,60,141,0.9962694604104461,0.2222222222222222,0.265625,0.7777777777777778,0.5217013888888888,0.022455455211130095,0.7403397302904564,0.9775445447888699,0.2596602697095436,0.0,0.25,0.71875
mlp,9,9,6,0.15,fixed horizon 50,201,60,141,0.9985524349060226,0.25,0.34375,0.75,0.546875,0.11272727272727273,0.695,0.8872727272727272,0.30500000000000005,0.024444444444444446,0.31,0.5750868055555556
mlp,9,9,6,0.15,fixed horizon 100,201,60,141,0.992938651121327,0.2777777777777778,0.3125,0.7222222222222222,0.5173611111111112,0.042,0.700625,0.958,0.29937499999999995,0.0,0.3,0.5946180555555555
mlp,9,9,6,0.15,fixed horizon 148,201,60,141,0.992938651121327,0.2777777777777778,0.3125,0.7222222222222222,0.5173611111111112,0.028378378378378376,0.6963682432432433,0.9716216216216216,0.3036317567567567,0.0,0.3,0.6870659722222222
mlp,9,9,6,0.2,by final end,201,60,141,0.9852440407797842,0.8055555555555556,1.0,0.19444444444444445,0.5972222222222222,0.2901141826923077,0.2901141826923077,0.7098858173076923,0.7098858173076923,0.2555039787798408,0.93,0.98046875
mlp,9,9,6,0.2,by earliest stop,201,60,141,0.9852440407797842,0.4166666666666667,0.453125,0.5833333333333334,0.5182291666666667,0.044498497639147226,0.5670383817427386,0.9555015023608527,0.4329616182572614,0.004702627939142462,0.44,0.71875
mlp,9,9,6,0.2,fixed horizon 50,201,60,141,0.9717467094121711,0.4166666666666667,0.5,0.5833333333333334,0.5416666666666667,0.04125,0.520625,0.95875,0.479375,0.018666666666666668,0.47,0.5750868055555556
mlp,9,9,6,0.2,fixed horizon 100,201,60,141,0.9717467094121711,0.4166666666666667,0.5,0.5833333333333334,0.5416666666666667,0.021875,0.5109375,0.978125,0.48906249999999996,0.009333333333333334,0.47,0.5946180555555555
mlp,9,9,6,0.2,fixed horizon 148,201,60,141,0.9790228423660261,0.4166666666666667,0.484375,0.5833333333333334,0.5338541666666667,0.017872711421098517,0.5242820945945945,0.9821272885789015,0.4757179054054055,0.006756756756756757,0.46,0.6870659722222222
mlp,9,9,6,0.3,by final end,201,60,141,0.9717467094121711,1.0,1.0,0.0,0.5,0.14305889423076923,0.14305889423076923,0.8569411057692308,0.8569411057692308,0.16629273504273506,1.0,0.98046875
mlp,9,9,6,0.3,by earliest stop,201,60,141,0.9717467094121711,0.9166666666666666,0.90625,0.08333333333333333,0.4947916666666667,0.21426527400200315,0.2879279045643154,0.7857347259979969,0.7120720954356846,0.28064881176914375,0.91,0.71875
mlp,9,9,6,0.3,fixed horizon 50,201,60,141,0.9265125324026237,0.6944444444444444,0.65625,0.3055555555555556,0.4809027777777778,0.0580952380952381,0.381875,0.9419047619047619,0.618125,0.16,0.67,0.5750868055555556
mlp,9,9,6,0.3,fixed horizon 100,201,60,141,0.928297452479681,0.7777777777777778,0.828125,0.2222222222222222,0.5251736111111112,0.22773584905660377,0.36046875,0.7722641509433963,0.63953125,0.2914285714285714,0.81,0.5946180555555555
mlp,9,9,6,0.3,fixed horizon 148,201,60,141,0.9520464695007843,0.8055555555555556,0.859375,0.19444444444444445,0.5269097222222222,0.2567567567567568,0.36127533783783783,0.7432432432432432,0.6387246621621622,0.3168685927306617,0.84,0.6870659722222222
mlp,9,9,7,0.01,by final end,201,60,141,1.0195828345243192,0.0,0.03125,1.0,0.515625,0.4423076923076923,0.9825721153846154,0.5576923076923077,0.01742788461538458,,0.02,0.98046875
mlp,9,9,7,0.01,by earliest stop,201,60,141,1.0195828345243192,0.0,0.03125,1.0,0.515625,0.9543568464730291,0.9985736514522822,0.0456431535269709,0.0014263485477178373,,0.02,0.71875
mlp,9,9,7,0.01,fixed horizon 50,201,60,141,1.0001492713153743,0.0,0.0,1.0,0.5,,1.0,,0.0,,0.0,0.5750868055555556
mlp,9,9,7,0.01,fixed horizon 100,201,60,141,1.0001736669746262,0.0,0.0,1.0,0.5,,1.0,,0.0,,0.0,0.5946180555555555
mlp,9,9,7,0.01,fixed horizon 148,201,60,141,1.0001736669746262,0.0,0.0,1.0,0.5,,1.0,,0.0,,0.0,0.6870659722222222
mlp,9,9,7,0.025,by final end,201,60,141,1.0134573567615761,0.0,0.03125,1.0,0.515625,0.4346153846153846,0.9823317307692307,0.5653846153846154,0.01766826923076925,,0.02,0.98046875
mlp,9,9,7,0.025,by earliest stop,201,60,141,1.0134573567615761,0.0,0.03125,1.0,0.515625,0.9377593360995851,0.998054979253112,0.06224066390041494,0.00194502074688796,,0.02,0.71875
mlp,9,9,7,0.025,fixed horizon 50,201,60,141,1.0001312643811127,0.0,0.0,1.0,0.5,,1.0,,0.0,,0.0,0.5750868055555556
mlp,9,9,7,0.025,fixed horizon 100,201,60,141,1.0001326521712715,0.0,0.0,1.0,0.5,,1.0,,0.0,,0.0,0.5946180555555555
mlp,9,9,7,0.025,fixed horizon 148,201,60,141,1.0001326521712715,0.0,0.0,1.0,0.5,,1.0,,0.0,,0.0,0.6870659722222222
mlp,9,9,7,0.05,by final end,201,60,141,1.3121463447825674,0.05555555555555555,0.96875,0.9444444444444444,0.9565972222222222,0.8099875930521092,0.8159254807692308,0.1900124069478908,0.18407451923076923,0.8548076923076924,0.64,0.98046875
mlp,9,9,7,0.05,by earliest stop,201,60,141,1.3121463447825674,0.0,0.0,1.0,0.5,,1.0,,0.0,,0.0,0.71875
mlp,9,9,7,0.05,fixed horizon 50,201,60,141,1.0398587642275077,0.0,0.015625,1.0,0.5078125,0.64,0.994375,0.36,0.005624999999999991,,0.01,0.5750868055555556
mlp,9,9,7,0.05,fixed horizon 100,201,60,141,1.0433539020020306,0.0,0.0,1.0,0.5,,1.0,,0.0,,0.0,0.5946180555555555
mlp,9,9,7,0.05,fixed horizon 148,201,60,141,1.0433539020020306,0.0,0.0,1.0,0.5,,1.0,,0.0,,0.0,0.6870659722222222
mlp,9,9,7,0.075,by final end,201,60,141,1.3796800138676335,0.16666666666666666,0.96875,0.8333333333333334,0.9010416666666667,0.7214640198511166,0.7301682692307692,0.27853598014888337,0.26983173076923084,0.7487179487179487,0.68,0.98046875
mlp,9,9,7,0.075,by earliest stop,201,60,141,1.3796800138676335,0.0,0.0,1.0,0.5,,1.0,,0.0,,0.0,0.71875
mlp,9,9,7,0.075,fixed horizon 50,201,60,141,1.050853258286227,0.027777777777777776,0.0625,0.9722222222222222,0.5173611111111112,0.515,0.9696875,0.485,0.030312499999999964,0.52,0.05,0.5750868055555556
mlp,9,9,7,0.075,fixed horizon 100,201,60,141,1.0443504348036876,0.0,0.03125,1.0,0.515625,0.96,0.99875,0.040000000000000036,0.0012499999999999734,,0.02,0.5946180555555555
mlp,9,9,7,0.075,fixed horizon 148,201,60,141,1.0484669249227272,0.0,0.03125,1.0,0.515625,0.6655405405405406,0.9895481418918919,0.33445945945945943,0.010451858108108114,,0.02,0.6870659722222222
mlp,9,9,7,0.1,by final end,201,60,141,1.389986840414609,0.3333333333333333,0.984375,0.6666666666666666,0.8255208333333333,0.6512820512820513,0.6567307692307693,0.3487179487179487,0.34326923076923066,0.6655448717948719,0.75,0.98046875
mlp,9,9,7,0.1,by earliest stop,201,60,141,1.389986840414609,0.0,0.0,1.0,0.5,,1.0,,0.0,,0.0,0.71875
mlp,9,9,7,0.1,fixed horizon 50,201,60,141,1.0456708689095902,0.027777777777777776,0.078125,0.9722222222222222,0.5251736111111112,0.472,0.95875,0.528,0.04125000000000001,0.52,0.06,0.5750868055555556
mlp,9,9,7,0.1,fixed horizon 100,201,60,141,1.0487505235920511,0.0,0.046875,1.0,0.5234375,0.51,0.97703125,0.49,0.022968749999999982,,0.03,0.5946180555555555
mlp,9,9,7,0.1,fixed horizon 148,201,60,141,1.0493582563188757,0.0,0.03125,1.0,0.515625,0.6722972972972974,0.9897592905405406,0.32770270270270263,0.01024070945945943,,0.02,0.6870659722222222
mlp,9,9,7,0.15,by final end,201,60,141,1.0490758560015505,0.7222222222222222,0.984375,0.2777777777777778,0.6310763888888888,0.5084554334554334,0.5161358173076923,0.4915445665445666,0.4838641826923077,0.5382396449704142,0.89,0.98046875
mlp,9,9,7,0.15,by earliest stop,201,60,141,1.0490758560015505,0.0,0.046875,1.0,0.5234375,0.4785615491009682,0.9755575726141079,0.5214384508990317,0.024442427385892085,,0.03,0.71875
mlp,9,9,7,0.15,fixed horizon 50,201,60,141,1.0057257760716196,0.05555555555555555,0.203125,0.9444444444444444,0.5737847222222222,0.4430769230769232,0.8868750000000001,0.5569230769230769,0.11312499999999992,0.4,0.15,0.5750868055555556
mlp,9,9,7,0.15,fixed horizon 100,201,60,141,1.0544464307974626,0.0,0.078125,1.0,0.5390625,0.562,0.9657812499999999,0.43799999999999994,0.034218750000000075,,0.05,0.5946180555555555
mlp,9,9,7,0.15,fixed horizon 148,201,60,141,1.0694594140606657,0.0,0.0625,1.0,0.53125,0.4391891891891892,0.9649493243243243,0.5608108108108107,0.03505067567567566,,0.04,0.6870659722222222
mlp,9,9,7,0.2,by final end,201,60,141,1.1462695943811843,0.75,0.984375,0.25,0.6171875,0.4942612942612942,0.5021634615384616,0.5057387057387057,0.4978365384615384,0.5260683760683761,0.9,0.98046875
mlp,9,9,7,0.2,by earliest stop,201,60,141,1.1462695943811843,0.0,0.09375,1.0,0.546875,0.7102351313969572,0.9728345435684648,0.28976486860304285,0.02716545643153523,,0.06,0.71875
mlp,9,9,7,0.2,fixed horizon 50,201,60,141,1.0435820157579307,0.1111111111111111,0.25,0.8888888888888888,0.5694444444444444,0.44000000000000006,0.86,0.5599999999999999,0.14,0.405,0.2,0.5750868055555556
mlp,9,9,7,0.2,fixed horizon 100,201,60,141,1.0712148113944324,0.1111111111111111,0.296875,0.8888888888888888,0.5928819444444444,0.5431578947368422,0.8643749999999999,0.4568421052631578,0.1356250000000001,0.6275,0.23,0.5946180555555555
mlp,9,9,7,0.2,fixed horizon 148,201,60,141,1.0361223594524942,0.19444444444444445,0.515625,0.8055555555555556,0.6605902777777778,0.5573300573300574,0.7717483108108107,0.44266994266994264,0.22825168918918926,0.5453667953667953,0.4,0.6870659722222222
mlp,9,9,7,0.3,by final end,201,60,141,0.981236966069973,1.0,1.0,0.0,0.5,0.17689302884615385,0.17689302884615385,0.8231069711538461,0.8231069711538461,0.20795940170940172,1.0,0.98046875
mlp,9,9,7,0.3,by earliest stop,201,60,141,0.981236966069973,0.8888888888888888,0.9375,0.1111111111111111,0.5243055555555556,0.3284232365145228,0.37039678423236516,0.6715767634854772,0.6296032157676348,0.3642375518672199,0.92,0.71875
mlp,9,9,7,0.3,fixed horizon 50,201,60,141,1.1273804371914347,0.5833333333333334,0.625,0.4166666666666667,0.5208333333333334,0.0865,0.4290625,0.9135,0.5709375,0.16095238095238096,0.61,0.5750868055555556
mlp,9,9,7,0.3,fixed horizon 100,201,60,141,0.9779645650510013,0.7777777777777778,0.796875,0.2222222222222222,0.5095486111111112,0.27725490196078434,0.4240625,0.7227450980392156,0.5759375,0.2867857142857143,0.79,0.5946180555555555
mlp,9,9,7,0.3,fixed horizon 148,201,60,141,0.981236966069973,0.8055555555555556,0.859375,0.19444444444444445,0.5269097222222222,0.27506142506142506,0.37700591216216217,0.7249385749385749,0.6229940878378378,0.27586206896551724,0.84,0.6870659722222222
mlp,9,9,8,0.01,by final end,201,60,141,1.194578763050491,0.0,0.53125,1.0,0.765625,0.9673076923076924,0.9826322115384616,0.032692307692307576,0.017367788461538414,,0.34,0.98046875
mlp,9,9,8,0.01,by earliest stop,201,60,141,1.194578763050491,0.0,0.0,1.0,0.5,,1.0,,0.0,,0.0,0.71875
mlp,9,9,8,0.01,fixed horizon 50,201,60,141,1.0002079380336957,0.0,0.0,1.0,0.5,,1.0,,0.0,,0.0,0.5750868055555556
mlp,9,9,8,0.01,fixed horizon 100,201,60,141,1.000896485614488,0.0,0.0,1.0,0.5,,1.0,,0.0,,0.0,0.5946180555555555
mlp,9,9,8,0.01,fixed horizon 148,201,60,141,1.0013457218938646,0.0,0.0,1.0,0.5,,1.0,,0.0,,0.0,0.6870659722222222
mlp,9,9,8,0.025,by final end,201,60,141,1.0945177141122038,0.0,0.84375,1.0,0.921875,0.9287037037037038,0.9398437500000001,0.07129629629629619,0.06015624999999991,,0.54,0.98046875
mlp,9,9,8,0.025,by earliest stop,201,60,141,1.0945177141122038,0.0,0.0,1.0,0.5,,1.0,,0.0,,0.0,0.71875
mlp,9,9,8,0.025,fixed horizon 50,201,60,141,1.0001883709825377,0.0,0.0,1.0,0.5,,1.0,,0.0,,0.0,0.5750868055555556
mlp,9,9,8,0.025,fixed horizon 100,201,60,141,1.0002280669918344,0.0,0.0,1.0,0.5,,1.0,,0.0,,0.0,0.5946180555555555
mlp,9,9,8,0.025,fixed horizon 148,201,60,141,1.000815409457171,0.0,0.015625,1.0,0.5078125,0.9527027027027027,0.9992609797297297,0.04729729729729726,0.0007390202702702853,,0.01,0.6870659722222222
mlp,9,9,8,0.05,by final end,201,60,141,1.309499672466936,0.05555555555555555,0.96875,0.9444444444444444,0.9565972222222222,0.8430210918114145,0.8479266826923076,0.1569789081885855,0.15207331730769236,0.8798076923076923,0.64,0.98046875
mlp,9,9,8,0.05,by earliest stop,201,60,141,1.309499672466936,0.0,0.0,1.0,0.5,,1.0,,0.0,,0.0,0.71875
mlp,9,9,8,0.05,fixed horizon 50,201,60,141,1.0315065363576972,0.0,0.015625,1.0,0.5078125,0.38,0.9903124999999999,0.62,0.009687500000000071,,0.01,0.5750868055555556
mlp,9,9,8,0.05,fixed horizon 100,201,60,141,1.037538291233989,0.0,0.03125,1.0,0.515625,0.99,0.9996875000000001,0.010000000000000009,0.00031249999999993783,,0.02,0.5946180555555555
mlp,9,9,8,0.05,fixed horizon 148,201,60,141,1.0445014956060639,0.0,0.03125,1.0,0.515625,0.6824324324324325,0.9900760135135135,0.31756756756756754,0.009923986486486513,,0.02,0.6870659722222222
mlp,9,9,8,0.075,by final end,201,60,141,1.5856600213465395,0.1111111111111111,0.9375,0.8888888888888888,0.9131944444444444,0.7418589743589743,0.7579927884615384,0.2581410256410257,0.2420072115384616,0.7264423076923077,0.64,0.98046875
mlp,9,9,8,0.075,by earliest stop,201,60,141,1.5856600213465395,0.0,0.0,1.0,0.5,,1.0,,0.0,,0.0,0.71875
mlp,9,9,8,0.075,fixed horizon 50,201,60,141,1.0277840351132603,0.0,0.015625,1.0,0.5078125,0.38,0.9903124999999999,0.62,0.009687500000000071,,0.01,0.5750868055555556
mlp,9,9,8,0.075,fixed horizon 100,201,60,141,1.047334454737325,0.0,0.03125,1.0,0.515625,0.88,0.99625,0.12,0.003750000000000031,,0.02,0.5946180555555555
mlp,9,9,8,0.075,fixed horizon 148,201,60,141,1.0431961838339876,0.0,0.03125,1.0,0.515625,0.6824324324324325,0.9900760135135135,0.31756756756756754,0.009923986486486513,,0.02,0.6870659722222222
mlp,9,9,8,0.1,by final end,201,60,141,1.6757754328300771,0.3333333333333333,0.984375,0.6666666666666666,0.8255208333333333,0.6520146520146519,0.6574519230769231,0.3479853479853481,0.34254807692307687,0.6653846153846156,0.75,0.98046875
mlp,9,9,8,0.1,by earliest stop,201,60,141,1.6757754328300771,0.0,0.0,1.0,0.5,,1.0,,0.0,,0.0,0.71875
mlp,9,9,8,0.1,fixed horizon 50,201,60,141,1.0460445299757613,0.0,0.0625,1.0,0.53125,0.8200000000000001,0.98875,0.17999999999999994,0.011249999999999982,,0.04,0.5750868055555556
mlp,9,9,8,0.1,fixed horizon 100,201,60,141,1.0576125880033456,0.0,0.046875,1.0,0.5234375,0.44,0.9737500000000001,0.56,0.026249999999999885,,0.03,0.5946180555555555
mlp,9,9,8,0.1,fixed horizon 148,201,60,141,1.0924118057440575,0.0,0.03125,1.0,0.515625,0.6858108108108107,0.9901815878378378,0.31418918918918926,0.009818412162162171,,0.02,0.6870659722222222
mlp,9,9,8,0.15,by final end,201,60,141,1.5269141880773118,0.6944444444444444,0.984375,0.3055555555555556,0.6449652777777778,0.5590048840048841,0.5658954326923077,0.44099511599511587,0.4341045673076923,0.5856153846153846,0.88,0.98046875
mlp,9,9,8,0.15,by earliest stop,201,60,141,1.5269141880773118,0.0,0.03125,1.0,0.515625,0.9024896265560166,0.9969528008298756,0.09751037344398339,0.003047199170124415,,0.02,0.71875
mlp,9,9,8,0.15,fixed horizon 50,201,60,141,1.194080832091061,0.027777777777777776,0.09375,0.9722222222222222,0.5329861111111112,0.5866666666666666,0.96125,0.41333333333333344,0.03874999999999995,0.74,0.07,0.5750868055555556
mlp,9,9,8,0.15,fixed horizon 100,201,60,141,1.4577038193075915,0.0,0.0625,1.0,0.53125,0.8925,0.99328125,0.10750000000000004,0.0067187499999999956,,0.04,0.5946180555555555
mlp,9,9,8,0.15,fixed horizon 148,201,60,141,1.5043559402566806,0.0,0.046875,1.0,0.5234375,0.7905405405405407,0.9901815878378378,0.20945945945945932,0.009818412162162171,,0.03,0.6870659722222222
mlp,9,9,8,0.2,by final end,201,60,141,1.6794186662181263,0.7222222222222222,0.984375,0.2777777777777778,0.6310763888888888,0.5114774114774115,0.5191105769230768,0.48852258852258845,0.4808894230769232,0.547707100591716,0.89,0.98046875
mlp,9,9,8,0.2,by earliest stop,201,60,141,1.6794186662181263,0.0,0.078125,1.0,0.5390625,0.562655601659751,0.965832468879668,0.43734439834024896,0.034167531120331995,,0.05,0.71875
mlp,9,9,8,0.2,fixed horizon 50,201,60,141,1.8504334996226237,0.05555555555555555,0.1875,0.9444444444444444,0.5659722222222222,0.48333333333333334,0.903125,0.5166666666666666,0.09687500000000004,0.48,0.14,0.5750868055555556
mlp,9,9,8,0.2,fixed horizon 100,201,60,141,1.7257654909790503,0.05555555555555555,0.25,0.9444444444444444,0.5972222222222222,0.186875,0.79671875,0.813125,0.20328124999999997,0.18,0.18,0.5946180555555555
mlp,9,9,8,0.2,fixed horizon 148,201,60,141,1.584318518230155,0.0,0.140625,1.0,0.5703125,0.7342342342342342,0.9626266891891893,0.2657657657657658,0.037373310810810745,,0.09,0.6870659722222222
mlp,9,9,8,0.3,by final end,201,60,141,1.2864879786523786,1.0,1.0,0.0,0.5,0.3029447115384616,0.3029447115384616,0.6970552884615384,0.6970552884615384,0.3854700854700855,1.0,0.98046875
mlp,9,9,8,0.3,by earliest stop,201,60,141,1.2864879786523786,0.6666666666666666,0.828125,0.3333333333333333,0.5807291666666666,0.5593047835277538,0.6350492738589212,0.4406952164722462,0.3649507261410788,0.7031466113416321,0.77,0.71875
mlp,9,9,8,0.3,fixed horizon 50,201,60,141,1.6569989015864859,0.19444444444444445,0.40625,0.8055555555555556,0.6059027777777778,0.4323076923076924,0.7693749999999999,0.5676923076923076,0.23062500000000008,0.6057142857142858,0.33,0.5750868055555556
mlp,9,9,8,0.3,fixed horizon 100,201,60,141,1.5438320425869025,0.3611111111111111,0.515625,0.6388888888888888,0.5772569444444444,0.3575757575757576,0.66875,0.6424242424242423,0.33125000000000004,0.47538461538461535,0.46,0.5946180555555555
mlp,9,9,8,0.3,fixed horizon 148,201,60,141,1.2292484279378775,0.75,0.859375,0.25,0.5546875,0.5708845208845209,0.6312288851351352,0.4291154791154791,0.3687711148648648,0.7337337337337339,0.82,0.6870659722222222
mlp,9,9,9,0.01,by final end,201,60,141,1.2011669551080917,0.0,0.53125,1.0,0.765625,0.9673076923076924,0.9826322115384616,0.032692307692307576,0.017367788461538414,,0.34,0.98046875
mlp,9,9,9,0.01,by earliest stop,201,60,141,1.2011669551080917,0.0,0.0,1.0,0.5,,1.0,,0.0,,0.0,0.71875
mlp,9,9,9,0.01,fixed horizon 50,201,60,141,1.0000885096846204,0.0,0.0,1.0,0.5,,1.0,,0.0,,0.0,0.5750868055555556
mlp,9,9,9,0.01,fixed horizon 100,201,60,141,1.0001245424732024,0.0,0.0,1.0,0.5,,1.0,,0.0,,0.0,0.5946180555555555
mlp,9,9,9,0.01,fixed horizon 148,201,60,141,1.0001245424732024,0.0,0.0,1.0,0.5,,1.0,,0.0,,0.0,0.6870659722222222
mlp,9,9,9,0.025,by final end,201,60,141,1.0941266307894992,0.0,0.859375,1.0,0.9296875,0.9278321678321679,0.9379807692307693,0.07216783216783207,0.06201923076923066,,0.55,0.98046875
mlp,9,9,9,0.025,by earliest stop,201,60,141,1.0941266307894992,0.0,0.0,1.0,0.5,,1.0,,0.0,,0.0,0.71875
mlp,9,9,9,0.025,fixed horizon 50,201,60,141,0.999999905092988,0.0,0.03125,1.0,0.515625,0.01,0.9690624999999999,0.99,0.030937500000000062,,0.02,0.5750868055555556
mlp,9,9,9,0.025,fixed horizon 100,201,60,141,1.0000393284562636,0.0,0.0,1.0,0.5,,1.0,,0.0,,0.0,0.5946180555555555
mlp,9,9,9,0.025,fixed horizon 148,201,60,141,1.0000393284562636,0.0,0.0,1.0,0.5,,1.0,,0.0,,0.0,0.6870659722222222
mlp,9,9,9,0.05,by final end,201,60,141,1.0092480857387407,0.05555555555555555,0.96875,0.9444444444444444,0.9565972222222222,0.822890818858561,0.8284254807692308,0.17710918114143903,0.17157451923076916,0.8740384615384615,0.64,0.98046875
mlp,9,9,9,0.05,by earliest stop,201,60,141,1.0092480857387407,0.0,0.03125,1.0,0.515625,0.9211618257261411,0.9975363070539419,0.07883817427385886,0.0024636929460580825,,0.02,0.71875
mlp,9,9,9,0.05,fixed horizon 50,201,60,141,0.9999939020157478,0.0,0.0625,1.0,0.53125,0.14500000000000002,0.9465625,0.855,0.05343750000000003,,0.04,0.5750868055555556
mlp,9,9,9,0.05,fixed horizon 100,201,60,141,0.9999733453532988,0.027777777777777776,0.0625,0.9722222222222222,0.5173611111111112,0.0025,0.93765625,0.9975,0.06234375000000003,0.0,0.05,0.5946180555555555
mlp,9,9,9,0.05,fixed horizon 148,201,60,141,0.9999733453532988,0.027777777777777776,0.078125,0.9722222222222222,0.5251736111111112,0.1918918918918919,0.9368665540540541,0.8081081081081081,0.06313344594594594,0.0,0.06,0.6870659722222222
mlp,9,9,9,0.075,by final end,201,60,141,1.0007652096678,0.05555555555555555,0.96875,0.9444444444444444,0.9565972222222222,0.7666253101736974,0.7739182692307692,0.2333746898263026,0.22608173076923077,0.8201923076923077,0.64,0.98046875
mlp,9,9,9,0.075,by earliest stop,201,60,141,1.0007652096678,0.0,0.03125,1.0,0.515625,0.8485477178423236,0.9952671161825726,0.15145228215767637,0.004732883817427425,,0.02,0.71875
mlp,9,9,9,0.075,fixed horizon 50,201,60,141,0.99969628247737,0.1111111111111111,0.15625,0.8888888888888888,0.5225694444444444,0.044000000000000004,0.850625,0.956,0.14937500000000004,0.0,0.14,0.5750868055555556
mlp,9,9,9,0.075,fixed horizon 100,201,60,141,0.9996706918874667,0.1111111111111111,0.171875,0.8888888888888888,0.5303819444444444,0.10272727272727272,0.84578125,0.8972727272727272,0.15421874999999996,0.0,0.15,0.5946180555555555
mlp,9,9,9,0.075,fixed horizon 148,201,60,141,0.9996706918874667,0.1111111111111111,0.171875,0.8888888888888888,0.5303819444444444,0.06941031941031942,0.8400548986486487,0.9305896805896806,0.15994510135135132,0.0,0.15,0.6870659722222222
mlp,9,9,9,0.1,by final end,201,60,141,0.9996213112972687,0.2777777777777778,0.984375,0.7222222222222222,0.8532986111111112,0.6054945054945055,0.6116586538461538,0.39450549450549455,0.3883413461538462,0.44000000000000006,0.73,0.98046875
mlp,9,9,9,0.1,by earliest stop,201,60,141,0.9996213112972687,0.1111111111111111,0.15625,0.8888888888888888,0.5225694444444444,0.16763485477178425,0.8699429460580913,0.8323651452282157,0.1300570539419087,0.0,0.14,0.71875
mlp,9,9,9,0.1,fixed horizon 50,201,60,141,1.0020790042843923,0.027777777777777776,0.09375,0.9722222222222222,0.5329861111111112,0.45999999999999996,0.949375,0.54,0.05062500000000003,0.54,0.07,0.5750868055555556
mlp,9,9,9,0.1,fixed horizon 100,201,60,141,0.9996368234078301,0.1111111111111111,0.171875,0.8888888888888888,0.5303819444444444,0.10272727272727272,0.84578125,0.8972727272727272,0.15421874999999996,0.0,0.15,0.5946180555555555
mlp,9,9,9,0.1,fixed horizon 148,201,60,141,1.0032164278821873,0.0,0.046875,1.0,0.5234375,0.43018018018018017,0.9732896959459459,0.5698198198198199,0.026710304054054057,,0.03,0.6870659722222222
mlp,9,9,9,0.15,by final end,201,60,141,1.145875121450271,0.75,0.984375,0.25,0.6171875,0.5246336996336995,0.532061298076923,0.47536630036630045,0.46793870192307696,0.5440883190883191,0.9,0.98046875
mlp,9,9,9,0.15,by earliest stop,201,60,141,1.145875121450271,0.0,0.03125,1.0,0.515625,0.9585062240663901,0.9987033195020747,0.04149377593360992,0.0012966804979253066,,0.02,0.71875
mlp,9,9,9,0.15,fixed horizon 50,201,60,141,1.022989281776212,0.16666666666666666,0.28125,0.8333333333333334,0.5572916666666667,0.20222222222222225,0.775625,0.7977777777777777,0.224375,0.15666666666666665,0.24,0.5750868055555556
mlp,9,9,9,0.15,fixed horizon 100,201,60,141,1.0745066552423959,0.0,0.0625,1.0,0.53125,0.62,0.97625,0.38,0.02375000000000005,,0.04,0.5946180555555555
mlp,9,9,9,0.15,fixed horizon 148,201,60,141,1.105824931159478,0.0,0.0625,1.0,0.53125,0.5506756756756757,0.9719172297297297,0.44932432432432434,0.028082770270270285,,0.04,0.6870659722222222
mlp,9,9,9,0.2,by final end,201,60,141,1.126107138789272,0.75,0.984375,0.25,0.6171875,0.48840048840048833,0.49639423076923084,0.5115995115995117,0.5036057692307692,0.5343304843304844,0.9,0.98046875
mlp,9,9,9,0.2,by earliest stop,201,60,141,1.126107138789272,0.0,0.140625,1.0,0.5703125,0.6768095896726601,0.9545513485477177,0.32319041032733986,0.045448651452282274,,0.09,0.71875
mlp,9,9,9,0.2,fixed horizon 50,201,60,141,1.039006890887257,0.25,0.359375,0.75,0.5546875,0.1391304347826087,0.690625,0.8608695652173913,0.30937499999999996,0.09111111111111111,0.32,0.5750868055555556
mlp,9,9,9,0.2,fixed horizon 100,201,60,141,1.0395652444449432,0.2777777777777778,0.390625,0.7222222222222222,0.5564236111111112,0.37640000000000007,0.7564062500000001,0.6235999999999999,0.24359374999999994,0.374,0.35,0.5946180555555555
mlp,9,9,9,0.2,fixed horizon 148,201,60,141,1.075577039027793,0.16666666666666666,0.4375,0.8333333333333334,0.6354166666666667,0.5885617760617761,0.819995777027027,0.41143822393822393,0.18000422297297303,0.18243243243243246,0.34,0.6870659722222222
mlp,9,9,9,0.3,by final end,201,60,141,1.0383953219551767,1.0,1.0,0.0,0.5,0.22863581730769228,0.22863581730769228,0.7713641826923077,0.7713641826923077,0.28360042735042734,1.0,0.98046875
mlp,9,9,9,0.3,by earliest stop,201,60,141,1.0383953219551767,0.9166666666666666,0.9375,0.08333333333333333,0.5104166666666666,0.4481327800829875,0.4826244813278008,0.5518672199170125,0.5173755186721992,0.5670816044260026,0.93,0.71875
mlp,9,9,9,0.3,fixed horizon 50,201,60,141,0.975719411292955,0.75,0.640625,0.25,0.4453125,0.06682926829268293,0.40218750000000003,0.933170731707317,0.5978125,0.19703703703703704,0.68,0.5750868055555556
mlp,9,9,9,0.3,fixed horizon 100,201,60,141,0.9794974014860394,0.7777777777777778,0.828125,0.2222222222222222,0.5251736111111112,0.3022641509433962,0.4221875,0.6977358490566038,0.5778125000000001,0.2892857142857143,0.81,0.5946180555555555
mlp,9,9,9,0.3,fixed horizon 148,201,60,141,1.0091062877689332,0.8055555555555556,0.90625,0.19444444444444445,0.5503472222222222,0.31721808014911457,0.38122888513513514,0.6827819198508854,0.6187711148648649,0.3569431500465983,0.87,0.6870659722222222
