model,cp_seed,alpha,eval_time,roc_auc_max_score_macro,realized_fpr_macro,catch_rate_macro,balanced_accuracy_macro,caught_alarm_fraction_macro,effective_alarm_fraction_macro,caught_lead_fraction_macro,effective_lead_fraction_macro
lstm,0,0.01,by earliest stop,0.6517104515167393,0.04024822695035461,0.06686432525553637,0.5133080491525909,0.27204929409822715,0.9497099672503178,0.7279507059017729,0.05029003274968229
lstm,1,0.01,by earliest stop,0.6517104515167393,0.04042553191489361,0.05931822701931937,0.5094463475522129,0.48501541697797335,0.962899714759158,0.5149845830220267,0.037100285240842065
lstm,2,0.01,by earliest stop,0.6517104515167393,0.06347517730496453,0.08936222791253703,0.5129435253037863,0.5053260025154943,0.9511812032774623,0.49467399748450563,0.048818796722537694
lstm,3,0.01,by earliest stop,0.6517104515167393,0.048758865248226944,0.07722197960519628,0.5142315571784846,0.44344399390757233,0.9585121998198722,0.5565560060924276,0.04148780018012764
lstm,4,0.01,by earliest stop,0.6517104515167393,0.012188989652366002,0.0473137611295506,0.5175623857385923,0.4374561049074255,0.9769280015753379,0.5625438950925745,0.023071998424662
lstm,5,0.01,by earliest stop,0.6517104515167393,0.043203309692671395,0.06457308262639692,0.5106848864668627,0.16904472057385356,0.9543378676605846,0.8309552794261463,0.04566213233941537
lstm,6,0.01,by earliest stop,0.6517104515167393,0.05514184397163121,0.08561849532864925,0.515238325678509,0.3007377881551439,0.9376631359405325,0.699262211844856,0.062336864059467444
lstm,7,0.01,by earliest stop,0.6517104515167393,0.04029255319148936,0.1095226078142538,0.5346150273113822,0.5539796262618288,0.9420148392877733,0.44602037373817116,0.05798516071222672
lstm,8,0.01,by earliest stop,0.6517104515167393,0.018483315893500756,0.03737655925155925,0.5094466216790292,0.12149112609470664,0.9683772606710586,0.8785088739052933,0.031622739328941385
lstm,9,0.01,by earliest stop,0.6517104515167393,0.016666666666666666,0.0487336780099938,0.5160335056716636,0.43216045103032935,0.9728002267792778,0.5678395489696706,0.027199773220722236
lstm,0,0.025,by earliest stop,0.6517104515167393,0.05304300856489556,0.10295148842805169,0.5249542399315781,0.3041371184262272,0.9292611284652945,0.6958628815737729,0.07073887153470548
lstm,1,0.025,by earliest stop,0.6517104515167393,0.07145317404952913,0.16860780840423345,0.5485773171773521,0.4820188568932996,0.8977329174598745,0.5179811431067004,0.10226708254012544
lstm,2,0.025,by earliest stop,0.6517104515167393,0.09785756501182033,0.16227775741161876,0.5322100961998992,0.48856454519809056,0.9098430696317653,0.5114354548019094,0.09015693036823466
lstm,3,0.025,by earliest stop,0.6517104515167393,0.08457446808510638,0.16516377150126388,0.5402946517080787,0.536998904071965,0.8979497308780916,0.4630010959280349,0.10205026912190847
lstm,4,0.025,by earliest stop,0.6517104515167393,0.03504510134480487,0.1288714103044536,0.5469131544798244,0.6614912758803123,0.9466554342817851,0.3385087241196877,0.05334456571821493
lstm,5,0.025,by earliest stop,0.6517104515167393,0.0825607613588523,0.12355077988767164,0.5204950092644097,0.395039926410456,0.9121302151098535,0.6049600735895441,0.08786978489014662
lstm,6,0.025,by earliest stop,0.6517104515167393,0.06708037825059102,0.14259709578486207,0.5377583587671355,0.4283492751935765,0.9120813970633537,0.5716507248064235,0.08791860293664641
lstm,7,0.025,by earliest stop,0.6517104515167393,0.0739139034921222,0.18715640292725694,0.5566212497175674,0.5655178863069369,0.9103199243885062,0.43448211369306305,0.08968007561149378
lstm,8,0.025,by earliest stop,0.6517104515167393,0.029933534860287565,0.08268747966328611,0.5263769724014993,0.5027515459539168,0.9510397356188399,0.49724845404608325,0.04896026438116009
lstm,9,0.025,by earliest stop,0.6517104515167393,0.03268321513002364,0.09651750054710581,0.5319171427085411,0.4509623566253197,0.9492072692635869,0.5490376433746803,0.05079273073641303
lstm,0,0.05,by earliest stop,0.6517104515167393,0.13136820330969268,0.23280396763184585,0.5507178821610765,0.4188768108636583,0.8659047282352809,0.5811231891363416,0.13409527176471916
lstm,1,0.05,by earliest stop,0.6517104515167393,0.09971511866532626,0.2135123571025383,0.5568986192186061,0.5273646059214349,0.8998461711055711,0.4726353940785652,0.10015382889442889
lstm,2,0.05,by earliest stop,0.6517104515167393,0.1311080766502821,0.22170672701613375,0.5452993251829258,0.567931570571362,0.9034072553010619,0.43206842942863793,0.09659274469893811
lstm,3,0.05,by earliest stop,0.6517104515167393,0.125311112334959,0.25817061861235596,0.5664297531386985,0.7308973741758595,0.8994451726101282,0.26910262582414046,0.1005548273898719
lstm,4,0.05,by earliest stop,0.6517104515167393,0.058376932914777344,0.1586810506845564,0.5501520588848895,0.6472630830448752,0.9328328722352536,0.35273691695512477,0.06716712776474644
lstm,5,0.05,by earliest stop,0.6517104515167393,0.11840518836346417,0.26445691380212233,0.5730258627193291,0.6399012008611623,0.9017667007823157,0.36009879913883774,0.09823329921768435
lstm,6,0.05,by earliest stop,0.6517104515167393,0.08415577938001262,0.2066221574087881,0.5612331890143877,0.5475432706578206,0.8978148261718315,0.4524567293421794,0.10218517382816841
lstm,7,0.05,by earliest stop,0.6517104515167393,0.11795868510666314,0.32837920693939593,0.6052102609163664,0.6906351805536042,0.8745980425687027,0.30936481944639577,0.1254019574312973
lstm,8,0.05,by earliest stop,0.6517104515167393,0.09221117699492307,0.18581209542754934,0.5468004592163132,0.5697559748447876,0.9406417669770104,0.43024402515521243,0.05935823302298963
lstm,9,0.05,by earliest stop,0.6517104515167393,0.07149252316949448,0.19819311638680834,0.5633502966086569,0.664207055053262,0.9404226624692307,0.3357929449467379,0.0595773375307694
lstm,0,0.075,by earliest stop,0.6517104515167393,0.1703548163137025,0.299036052449457,0.5643406180678772,0.501797357444899,0.8416654757234683,0.498202642555101,0.15833452427653177
lstm,1,0.075,by earliest stop,0.6517104515167393,0.1270391090795236,0.250183645496596,0.5615722682085362,0.5921590979867598,0.8847053460244624,0.4078409020132402,0.11529465397553769
lstm,2,0.075,by earliest stop,0.6517104515167393,0.15839033626105764,0.2605171152026926,0.5510633894708175,0.5062051935332513,0.8654167431380901,0.49379480646674867,0.13458325686190986
lstm,3,0.075,by earliest stop,0.6517104515167393,0.12257185503013082,0.2894364836726949,0.5834323143212821,0.725013371056145,0.8959549660011941,0.27498662894385495,0.10404503399880594
lstm,4,0.075,by earliest stop,0.6517104515167393,0.126275506750569,0.21130500882158634,0.5425147510355087,0.45430159009287235,0.8584376891929022,0.5456984099071277,0.14156231080709766
lstm,5,0.075,by earliest stop,0.6517104515167393,0.15589199327567185,0.28407650545726293,0.5640922560907955,0.563790448867408,0.8708386671966244,0.4362095511325919,0.12916133280337572
lstm,6,0.075,by earliest stop,0.6517104515167393,0.09556655110644532,0.2634217799793147,0.5839276144364347,0.5432965735834888,0.8944059816775105,0.4567034264165112,0.10559401832248949
lstm,7,0.075,by earliest stop,0.6517104515167393,0.1601346074933029,0.3406473313095,0.5902563619080985,0.6156394122286171,0.826942933964115,0.3843605877713829,0.17305706603588508
lstm,8,0.075,by earliest stop,0.6517104515167393,0.15978510718770061,0.2583288007036485,0.5492718467579739,0.5546984606715318,0.8844952008716287,0.4453015393284682,0.11550479912837117
lstm,9,0.075,by earliest stop,0.6517104515167393,0.1609569265334444,0.30235864217441705,0.5707008578204863,0.6057227439814664,0.8815525260613043,0.39427725601853353,0.11844747393869573
lstm,0,0.1,by earliest stop,0.6517104515167393,0.20228018289969113,0.3958851689353687,0.5968024930178387,0.5856998588018598,0.817932463846395,0.41430014119814024,0.18206753615360505
lstm,1,0.1,by earliest stop,0.6517104515167393,0.16333164765487765,0.2586709506834659,0.5476696515142941,0.5771924141348901,0.8851608313864071,0.4228075858651099,0.1148391686135928
lstm,2,0.1,by earliest stop,0.6517104515167393,0.19469134777134717,0.3092064006037456,0.5572575264161992,0.4348589281196006,0.8121557074094229,0.5651410718803994,0.18784429259057717
lstm,3,0.1,by earliest stop,0.6517104515167393,0.15953149704296435,0.3840500187196277,0.6122592608383316,0.7359026688613816,0.8810438236046882,0.26409733113861844,0.11895617639531164
lstm,4,0.1,by earliest stop,0.6517104515167393,0.14590985159419181,0.2967011791270709,0.5753956637664396,0.36144233947090015,0.8230765675201639,0.6385576605290999,0.1769234324798361
lstm,5,0.1,by earliest stop,0.6517104515167393,0.23835591016008145,0.39526819824381987,0.5784561440418692,0.5990183178579074,0.8472389263886797,0.4009816821420926,0.15276107361132038
lstm,6,0.1,by earliest stop,0.6517104515167393,0.13798106009154262,0.310278402880791,0.5861486713946242,0.5509252546980835,0.8792758000713142,0.44907474530191643,0.12072419992868584
lstm,7,0.1,by earliest stop,0.6517104515167393,0.21012677996610796,0.40413041879923844,0.5970018194165652,0.584103395800319,0.7942459911363311,0.415896604199681,0.20575400886366885
lstm,8,0.1,by earliest stop,0.6517104515167393,0.18878063844939635,0.3120813526492924,0.561650357099948,0.6134626832399788,0.8590066246119814,0.38653731676002134,0.1409933753880186
lstm,9,0.1,by earliest stop,0.6517104515167393,0.2032189872165909,0.37059241628303197,0.5836867145332205,0.611985011771151,0.8285001992827228,0.38801498822884894,0.1714998007172772
lstm,0,0.15,by earliest stop,0.6517104515167393,0.26776875375065373,0.47957134956803565,0.605901297908691,0.6248345250547092,0.7840358124423604,0.37516547494529084,0.2159641875576396
lstm,1,0.15,by earliest stop,0.6517104515167393,0.2903820853144371,0.41443205350020945,0.5620249840928861,0.5821705919308204,0.8383460610588205,0.41782940806917956,0.16165393894117952
lstm,2,0.15,by earliest stop,0.6517104515167393,0.2456170102300168,0.42063340749376144,0.5875081986318723,0.5418242215413274,0.7734805423857753,0.45817577845867263,0.2265194576142246
lstm,3,0.15,by earliest stop,0.6517104515167393,0.21907756156657804,0.4598459308676646,0.6203841846505432,0.6315793673462862,0.8264584815192173,0.3684206326537139,0.1735415184807827
lstm,4,0.15,by earliest stop,0.6517104515167393,0.204319391734247,0.3562974606828917,0.5759890344743224,0.48811676615932065,0.815211104424766,0.5118832338406794,0.1847888955752341
lstm,5,0.15,by earliest stop,0.6517104515167393,0.3246852826456689,0.4840293598931602,0.5796720386237457,0.6371318356547064,0.8064095876593816,0.36286816434529356,0.1935904123406184
lstm,6,0.15,by earliest stop,0.6517104515167393,0.3068072837630961,0.5013675378220132,0.5972801270294585,0.629727731962184,0.7795386706605356,0.37027226803781604,0.22046132933946444
lstm,7,0.15,by earliest stop,0.6517104515167393,0.31051864028802934,0.5015053279854573,0.595493343848714,0.5345273935779391,0.7373554873442817,0.46547260642206095,0.2626445126557183
lstm,8,0.15,by earliest stop,0.6517104515167393,0.2613673208765043,0.4034330615765459,0.5710328703500208,0.5170261199087249,0.7982513671094505,0.482973880091275,0.20174863289054948
lstm,9,0.15,by earliest stop,0.6517104515167393,0.29778926236526115,0.4887527556073444,0.5954817466210416,0.6349544684147598,0.7724579271543661,0.3650455315852402,0.22754207284563388
lstm,0,0.2,by earliest stop,0.6517104515167393,0.34211825549458996,0.5558450164319583,0.6068633804686842,0.5917918905446932,0.7316232902491395,0.40820810945530683,0.2683767097508604
lstm,1,0.2,by earliest stop,0.6517104515167393,0.39042736494827773,0.6242350960181718,0.6169038655349471,0.6439224034734017,0.7604056728470744,0.3560775965265983,0.23959432715292558
lstm,2,0.2,by earliest stop,0.6517104515167393,0.3942673418007752,0.5633591847360598,0.5845459214676423,0.5798364956683649,0.7310077339627549,0.4201635043316351,0.26899226603724513
lstm,3,0.2,by earliest stop,0.6517104515167393,0.3651253105023403,0.54989223286799,0.5923834611828249,0.5817555273952422,0.7646780868591578,0.41824447260475783,0.23532191314084208
lstm,4,0.2,by earliest stop,0.6517104515167393,0.3844025137556164,0.5890459143577449,0.6023217003010642,0.6340071902237708,0.7461478962594251,0.36599280977622917,0.2538521037405749
lstm,5,0.2,by earliest stop,0.6517104515167393,0.39135080393413524,0.5750277242689971,0.5918384601674309,0.5069876778861448,0.6992587129277061,0.4930123221138552,0.30074128707229386
lstm,6,0.2,by earliest stop,0.6517104515167393,0.34455332266758576,0.5362262812845716,0.5958364793084929,0.5492803057151748,0.7362331207356041,0.4507196942848252,0.26376687926439585
lstm,7,0.2,by earliest stop,0.6517104515167393,0.3631513736281333,0.5634702966501053,0.6001594615109859,0.5277353850583234,0.6806723132519747,0.4722646149416766,0.31932768674802525
lstm,8,0.2,by earliest stop,0.6517104515167393,0.36638178267919147,0.5273729765764529,0.5804955969486307,0.5474416511498105,0.7473556291366719,0.45255834885018953,0.25264437086332814
lstm,9,0.2,by earliest stop,0.6517104515167393,0.4061643336288213,0.5828424192913508,0.5883390428312647,0.5345426859912744,0.6767723456343653,0.4654573140087256,0.3232276543656348
lstm,0,0.3,by earliest stop,0.6517104515167393,0.5488177534551058,0.7192948473746759,0.585238546959785,0.4674993587651599,0.5920884705584777,0.5325006412348401,0.40791152944152226
lstm,1,0.3,by earliest stop,0.6517104515167393,0.5229387611226397,0.7125072620448445,0.5947842504611024,0.4752565519353925,0.592002519001653,0.5247434480646075,0.407997480998347
lstm,2,0.3,by earliest stop,0.6517104515167393,0.49813635913658716,0.658463062453199,0.5801633516583059,0.4604867091475689,0.6263084764743521,0.5395132908524312,0.37369152352564805
lstm,3,0.3,by earliest stop,0.6517104515167393,0.5095890946566896,0.7149723174382869,0.6026916113907986,0.4648138501687038,0.5997894051242949,0.5351861498312962,0.4002105948757051
lstm,4,0.3,by earliest stop,0.6517104515167393,0.5480084008343196,0.7122254530754778,0.5821085261205792,0.414726381067554,0.5749667125295912,0.585273618932446,0.4250332874704088
lstm,5,0.3,by earliest stop,0.6517104515167393,0.4975664831665587,0.688300874655598,0.5953671957445197,0.41997382771839853,0.5773403629493107,0.5800261722816015,0.4226596370506893
lstm,6,0.3,by earliest stop,0.6517104515167393,0.519906233289139,0.7064916772871471,0.5932927219990041,0.47352949872982864,0.6029964908299402,0.5264705012701714,0.3970035091700598
lstm,7,0.3,by earliest stop,0.6517104515167393,0.5020255518122481,0.6519291576448837,0.5749518029163179,0.4590058433592854,0.6206894274542641,0.5409941566407146,0.37931057254573586
lstm,8,0.3,by earliest stop,0.6517104515167393,0.4884223166035791,0.6764232568422152,0.594000470119318,0.5125482361273785,0.6413836709735573,0.4874517638726214,0.3586163290264427
lstm,9,0.3,by earliest stop,0.6517104515167393,0.5058411721913377,0.6777845369918513,0.5859716824002568,0.454443509496229,0.6131564386930155,0.545556490503771,0.38684356130698455
lstm,0,0.01,by final end,0.8715333416097033,0.04024822695035461,0.10107004649716753,0.5304109097734064,0.21206997863247865,0.9300523886908406,0.7879300213675213,0.06994761130915929
lstm,1,0.01,by final end,0.8715333416097033,0.04676081456596574,0.21260012041341475,0.5829196529237245,0.4577602929165429,0.9299353581002505,0.542239707083457,0.07006464189974954
lstm,2,0.01,by final end,0.8715333416097033,0.06764184397163121,0.10778328054411598,0.5200707182862423,0.25053504962779155,0.9267966266070665,0.7494649503722085,0.07320337339293356
lstm,3,0.01,by final end,0.8715333416097033,0.048758865248226944,0.11849569556931472,0.5348684151605438,0.33854413438312897,0.9270735079852741,0.6614558656168711,0.07292649201472587
lstm,4,0.01,by final end,0.8715333416097033,0.02490725102684238,0.22498865538309976,0.6000407021781287,0.4135387200029635,0.9153823936615426,0.5864612799970366,0.08461760633845744
lstm,5,0.01,by final end,0.8715333416097033,0.04505516154452324,0.16617293741699507,0.5605588879362359,0.36444872179641086,0.9177616006034173,0.6355512782035891,0.08223839939658274
lstm,6,0.01,by final end,0.8715333416097033,0.06284698963640196,0.305399724794137,0.6212763675788675,0.45423399517149515,0.8816035394192928,0.5457660048285049,0.11839646058070716
lstm,7,0.01,by final end,0.8715333416097033,0.042144405043341215,0.13084997142773241,0.5443527831921956,0.33363836684149184,0.9045379624637178,0.6663616331585082,0.09546203753628221
lstm,8,0.01,by final end,0.8715333416097033,0.029349725416125284,0.14721540124261484,0.5589328379132448,0.28871212766561605,0.9340820395898326,0.711287872334384,0.06591796041016743
lstm,9,0.01,by final end,0.8715333416097033,0.02966073576375928,0.23754010189008157,0.6039396830631611,0.4980662991692404,0.917368454358414,0.5019337008307596,0.08263154564158606
lstm,0,0.025,by final end,0.8715333416097033,0.05859856412045111,0.2268981064755903,0.5841497711775696,0.3993427947235513,0.8710209746304839,0.6006572052764487,0.12897902536951605
lstm,1,0.025,by final end,0.8715333416097033,0.07778845670060125,0.3967787370698519,0.6594951401846253,0.49400724506409394,0.8211442483992766,0.5059927549359061,0.17885575160072345
lstm,2,0.025,by final end,0.8715333416097033,0.10804275019700552,0.2057127255605457,0.5488349876817701,0.2763363809592663,0.8601994699285281,0.7236636190407337,0.13980053007147183
lstm,3,0.025,by final end,0.8715333416097033,0.10132978723404255,0.2682391351905653,0.5834546739782613,0.3804773457121018,0.8260543103083791,0.6195226542878981,0.17394568969162089
lstm,4,0.025,by final end,0.8715333416097033,0.05803720038673593,0.3625234359739954,0.6522431177936298,0.4464587317911452,0.8362503775704043,0.5535412682088547,0.1637496224295957
lstm,5,0.025,by final end,0.8715333416097033,0.09931271067659109,0.33168463413878224,0.6161859617310956,0.42682940398973,0.8285690401346002,0.57317059601027,0.17143095986539966
lstm,6,0.025,by final end,0.8715333416097033,0.07478552391536178,0.4336188599845078,0.679416668034573,0.5361660621485672,0.8145483659438714,0.4638339378514328,0.18545163405612852
lstm,7,0.025,by final end,0.8715333416097033,0.08210440782624355,0.25695757275952047,0.5874265824666385,0.38298932449255724,0.8291879938156974,0.6170106755074427,0.17081200618430253
lstm,8,0.025,by final end,0.8715333416097033,0.04292760395738018,0.24085111836242143,0.5989617572025207,0.4296139574711003,0.8790599702573626,0.5703860425288997,0.12094002974263732
lstm,9,0.025,by final end,0.8715333416097033,0.052060262950520506,0.3797571196065332,0.6638484283280064,0.5482043827227279,0.8541151745808875,0.4517956172772721,0.14588482541911243
lstm,0,0.05,by final end,0.8715333416097033,0.1407696668957982,0.4206080530868584,0.6399191930955301,0.40134735696483304,0.7361215670231401,0.598652643035167,0.2638784329768598
lstm,1,0.05,by final end,0.8715333416097033,0.12200359766343034,0.5540293558957347,0.7160128791161522,0.5073708493485537,0.7261937089886523,0.4926291506514463,0.27380629101134774
lstm,2,0.05,by final end,0.8715333416097033,0.14129326183546728,0.26514169516506075,0.5619242166647967,0.2940819678335525,0.8211428850125191,0.7059180321664476,0.17885711498748086
lstm,3,0.05,by final end,0.8715333416097033,0.15176330135690735,0.4404911126451097,0.6443639056441012,0.43242224251856937,0.7551917253689439,0.5675777574814307,0.24480827463105612
lstm,4,0.05,by final end,0.8715333416097033,0.10455821351727226,0.4725738754366845,0.6840078309597061,0.45079297656814427,0.7765433543922294,0.5492070234318558,0.22345664560777054
lstm,5,0.05,by final end,0.8715333416097033,0.14585269769905213,0.5234650647453558,0.6888061835231518,0.4427045378926577,0.7231423796191737,0.5572954621073423,0.2768576203808263
lstm,6,0.05,by final end,0.8715333416097033,0.13150761049444173,0.5373438300601605,0.7029181097828594,0.4824959615704808,0.7356995390218131,0.5175040384295192,0.2643004609781868
lstm,7,0.05,by final end,0.8715333416097033,0.12456977548035149,0.46067903460890786,0.6680546295642782,0.37627747754195123,0.713765955176401,0.6237225224580488,0.28623404482359904
lstm,8,0.05,by final end,0.8715333416097033,0.10812922270020282,0.3224545794808112,0.6071626783903042,0.404014571545457,0.8171818034561783,0.5959854284545429,0.18281819654382173
lstm,9,0.05,by final end,0.8715333416097033,0.12093580037105205,0.5696800800979782,0.724372139863463,0.49957395137870736,0.7520599892333861,0.5004260486212926,0.24794001076661393
lstm,0,0.075,by final end,0.8715333416097033,0.19211015807187698,0.5878181478576463,0.6978539948928847,0.39908541923946883,0.6665159534439338,0.6009145807605312,0.3334840465560662
lstm,1,0.075,by final end,0.8715333416097033,0.15130661288469863,0.5590080965143478,0.7038507418148245,0.44633841618411757,0.6767674612682835,0.5536615838158825,0.32323253873171653
lstm,2,0.075,by final end,0.8715333416097033,0.17577042126409348,0.49112887464740396,0.6576792266916552,0.35941020733912044,0.7211302479757572,0.6405897926608797,0.2788697520242428
lstm,3,0.075,by final end,0.8715333416097033,0.18227110885686523,0.645835052303543,0.7317819717233389,0.5134705793717556,0.6885424722378517,0.4865294206282444,0.3114575277621483
lstm,4,0.075,by final end,0.8715333416097033,0.1700309763328575,0.5096152907393742,0.6697921572032584,0.3717393192633577,0.7221235025853175,0.6282606807366423,0.27787649741468246
lstm,5,0.075,by final end,0.8715333416097033,0.20572676857007224,0.6271784036543852,0.7107258175421565,0.42287442637265277,0.653601853632361,0.5771255736273473,0.34639814636763905
lstm,6,0.075,by final end,0.8715333416097033,0.18153146338714707,0.6077790891932139,0.7131238129030335,0.4410125244947727,0.6813522062591654,0.5589874755052273,0.3186477937408347
lstm,7,0.075,by final end,0.8715333416097033,0.22572914940363428,0.5998912887617035,0.6870810696790346,0.39131575252224304,0.6441731621913019,0.608684247477757,0.355826837808698
lstm,8,0.075,by final end,0.8715333416097033,0.2088591812617747,0.42886191963493675,0.6100013691865811,0.3472746525460545,0.7298369085544628,0.6527253474539455,0.2701630914455372
lstm,9,0.075,by final end,0.8715333416097033,0.2032661930980697,0.6465559720162048,0.7216448894590675,0.43458474956798127,0.6552851034524452,0.5654152504320187,0.3447148965475549
lstm,0,0.1,by final end,0.8715333416097033,0.2446043077266487,0.6298674786452108,0.692631585459281,0.3659960941158447,0.6115568878528445,0.6340039058841553,0.3884431121471556
lstm,1,0.1,by final end,0.8715333416097033,0.26169219942605143,0.6463230696727813,0.6923154351233649,0.4167049134653447,0.6318342330735178,0.5832950865346552,0.36816576692648223
lstm,2,0.1,by final end,0.8715333416097033,0.21235983593163862,0.5354923882852451,0.6615662761768033,0.3067851097643659,0.6539377331633053,0.6932148902356341,0.3460622668366947
lstm,3,0.1,by final end,0.8715333416097033,0.26667113049986624,0.720340422440265,0.7268346459701993,0.4427407230905917,0.6001909773190671,0.5572592769094082,0.3998090226809329
lstm,4,0.1,by final end,0.8715333416097033,0.21268624438614384,0.7211598589893374,0.7542368073015968,0.46477252839492633,0.6169647833494708,0.5352274716050737,0.3830352166505292
lstm,5,0.1,by final end,0.8715333416097033,0.2834186955482093,0.6131204810846611,0.6648508927682258,0.36111502811406726,0.6239433245678582,0.6388849718859327,0.37605667543214183
lstm,6,0.1,by final end,0.8715333416097033,0.24139236613442763,0.6468738625444141,0.7027407482049932,0.4274188397765658,0.6397425151848335,0.5725811602234342,0.3602574848151665
lstm,7,0.1,by final end,0.8715333416097033,0.2348481348104136,0.6450788234514339,0.7051153443205102,0.3682874002411615,0.6046161951639284,0.6317125997588384,0.39538380483607166
lstm,8,0.1,by final end,0.8715333416097033,0.25726110521753437,0.5614168379876479,0.6520778663850567,0.36685010040254207,0.649294245798575,0.6331498995974579,0.350705754201425
lstm,9,0.1,by final end,0.8715333416097033,0.23327596399579073,0.6964360764408561,0.7315800562225327,0.4038474274711487,0.600492436913941,0.5961525725288512,0.399507563086059
lstm,0,0.15,by final end,0.8715333416097033,0.3409397994633795,0.7845088961285068,0.7217845483325637,0.3978312868951132,0.5151102104434587,0.6021687131048867,0.4848897895565413
lstm,1,0.15,by final end,0.8715333416097033,0.32294980168661114,0.7494609833113264,0.7132555908123577,0.40891908789330705,0.5555062145210953,0.5910809121066929,0.4444937854789047
lstm,2,0.15,by final end,0.8715333416097033,0.30532405324722334,0.7471630426263596,0.7209194946895681,0.3505809467194531,0.5388783824984608,0.6494190532805468,0.46112161750153924
lstm,3,0.15,by final end,0.8715333416097033,0.35810139994421847,0.8082306039839718,0.7250646020198767,0.4237575640159691,0.5332496892202082,0.5762424359840309,0.4667503107797918
lstm,4,0.15,by final end,0.8715333416097033,0.3364360243014737,0.8089624993180269,0.7362632375082766,0.4312771975819065,0.5277447145424248,0.5687228024180935,0.47225528545757517
lstm,5,0.15,by final end,0.8715333416097033,0.3597394842220215,0.7300993214601823,0.6851799186190803,0.35860538681172766,0.5388113954518547,0.6413946131882724,0.46118860454814525
lstm,6,0.15,by final end,0.8715333416097033,0.3487566205754466,0.7554872078612356,0.7033652936428945,0.35541746306559396,0.5196510072274029,0.644582536934406,0.4803489927725971
lstm,7,0.15,by final end,0.8715333416097033,0.3487183061192741,0.7884035518218457,0.7198426228512858,0.39497483694491387,0.5061302748992474,0.6050251630550861,0.49386972510075255
lstm,8,0.15,by final end,0.8715333416097033,0.314572366856534,0.7003968519297687,0.6929122425366174,0.36123979514274546,0.5496806926075234,0.6387602048572545,0.4503193073924766
lstm,9,0.15,by final end,0.8715333416097033,0.32669666738065667,0.7262564230138935,0.6997798778166184,0.33764619619573694,0.5267591726352043,0.662353803804263,0.4732408273647956
lstm,0,0.2,by final end,0.8715333416097033,0.420886263038315,0.8138093951476211,0.6964615660546531,0.34561849106242687,0.4522358712183582,0.6543815089375731,0.5477641287816418
lstm,1,0.2,by final end,0.8715333416097033,0.43632679910769634,0.7444842294053376,0.6540787151488207,0.2992578872863523,0.4827456946281189,0.7007421127136477,0.5172543053718811
lstm,2,0.2,by final end,0.8715333416097033,0.4446414372216013,0.7975239359967079,0.6764412493875532,0.3115403997486558,0.46039051285550164,0.6884596002513442,0.5396094871444983
lstm,3,0.2,by final end,0.8715333416097033,0.46473019601745535,0.8405699165455982,0.6879198602640714,0.3849890450898707,0.46910572476610035,0.6150109549101292,0.5308942752338998
lstm,4,0.2,by final end,0.8715333416097033,0.4391039924661162,0.8119161719864,0.6864060897601418,0.35966931186411505,0.4600882433180987,0.640330688135885,0.5399117566819013
lstm,5,0.2,by final end,0.8715333416097033,0.4435985751887558,0.7626921572687673,0.6595467910400057,0.27237823320234267,0.45299850405325487,0.7276217667976573,0.5470014959467451
lstm,6,0.2,by final end,0.8715333416097033,0.4139549708138266,0.8467199139056099,0.7163824715458917,0.33155575577346846,0.4480333135869775,0.6684442442265315,0.5519666864130225
lstm,7,0.2,by final end,0.8715333416097033,0.40730824742927413,0.8514076769642804,0.7220497147675031,0.3460857397845105,0.42527172156047915,0.6539142602154895,0.5747282784395209
lstm,8,0.2,by final end,0.8715333416097033,0.4119456230430888,0.8287447295595893,0.7083995532582502,0.35855506232817785,0.46051069236244163,0.6414449376718221,0.5394893076375584
lstm,9,0.2,by final end,0.8715333416097033,0.4548786760791283,0.7991081516470829,0.6721147377839773,0.2829081066934574,0.4280520353342032,0.7170918933065427,0.5719479646657968
lstm,0,0.3,by final end,0.8715333416097033,0.5843852345236791,0.8834359310500389,0.64952534826318,0.252095004090009,0.3398701693153872,0.747904995909991,0.6601298306846128
lstm,1,0.3,by final end,0.8715333416097033,0.5612505317974241,0.8560591765134735,0.6474043223580247,0.2664315734332791,0.3525174573836546,0.7335684265667208,0.6474825426163454
lstm,2,0.3,by final end,0.8715333416097033,0.5417350213890695,0.8395150867958915,0.6488900327034111,0.26458871614977303,0.37475740562286564,0.7354112838502269,0.6252425943771345
lstm,3,0.3,by final end,0.8715333416097033,0.5802195896787096,0.9025898628117138,0.6611851365665021,0.27304164196965297,0.33858138891876227,0.726958358030347,0.6614186110812377
lstm,4,0.3,by final end,0.8715333416097033,0.5964638373083302,0.8808269820165984,0.6421815723541341,0.2679333622507989,0.3380606889253529,0.7320666377492011,0.6619393110746471
lstm,5,0.3,by final end,0.8715333416097033,0.5365778004628435,0.8728169562655662,0.6681195779013613,0.24534708411106224,0.34203797796624463,0.7546529158889378,0.6579620220337554
lstm,6,0.3,by final end,0.8715333416097033,0.5899276435202649,0.8972592250841771,0.6536657907819561,0.2856478598010389,0.3409594236511594,0.7143521401989611,0.6590405763488406
lstm,7,0.3,by final end,0.8715333416097033,0.5698879750747861,0.9135495070104674,0.6718307659678407,0.3161046422785301,0.3559004564353203,0.6838953577214699,0.6440995435646797
lstm,8,0.3,by final end,0.8715333416097033,0.5352968299475734,0.9010543722752133,0.68287877116382,0.3063740644709879,0.35989593548770754,0.6936259355290121,0.6401040645122924
lstm,9,0.3,by final end,0.8715333416097033,0.5595511656290089,0.8812616427462816,0.6608552385586364,0.25740677474939466,0.35310635909857635,0.7425932252506053,0.6468936409014236
lstm,0,0.01,fixed horizon 100,0.5890531192936532,0.0552304964539007,0.07444412439522276,0.5096068139706611,0.23297619047619048,0.9338796642691968,0.7670238095238096,0.06612033573080336
lstm,1,0.01,fixed horizon 100,0.5890531192936532,0.04370422043948378,0.049834147798398044,0.5030649636794571,0.11809999999999998,0.9563666262703006,0.8818999999999999,0.04363337372969944
lstm,2,0.01,fixed horizon 100,0.5890531192936532,0.05469785490059296,0.0664126393008092,0.5058573922001081,0.4775,0.9545514565279758,0.5225,0.04544854347202425
lstm,3,0.01,fixed horizon 100,0.5890531192936532,0.04042553191489361,0.04307743322062443,0.5013259506528654,0.18025,0.958411915531658,0.81975,0.041588084468342036
lstm,4,0.01,fixed horizon 100,0.5890531192936532,0.05474218114172771,0.07797755826549232,0.5116176885618823,0.3221333333333333,0.9415926495021154,0.6778666666666667,0.058407350497884605
lstm,5,0.01,fixed horizon 100,0.5890531192936532,0.05361997635933806,0.06538279922558721,0.5058814114331246,0.15431060606060604,0.9456731552469512,0.8456893939393939,0.05432684475304883
lstm,6,0.01,fixed horizon 100,0.5890531192936532,0.04958628841607565,0.06535335274548884,0.5078835321647066,0.17466666666666664,0.9403622373792213,0.8253333333333334,0.05963776262077869
lstm,7,0.01,fixed horizon 100,0.5890531192936532,0.04307033096926714,0.07250692871658612,0.5147182988736595,0.19220108695652174,0.9383566162125,0.8077989130434782,0.06164338378749999
lstm,8,0.01,fixed horizon 100,0.5890531192936532,0.06168662558617215,0.08610887057231396,0.5122111224930709,0.24098666666666668,0.9329138676957074,0.7590133333333333,0.06708613230429268
lstm,9,0.01,fixed horizon 100,0.5890531192936532,0.062174940898345146,0.07310912360875121,0.5054670913552031,0.09730285714285715,0.9355739219950987,0.9026971428571429,0.06442607800490122
lstm,0,0.025,fixed horizon 100,0.5890531192936532,0.07130396659303181,0.09583958851815708,0.5122678109625627,0.20854090354090354,0.917763668598281,0.7914590964590964,0.08223633140171906
lstm,1,0.025,fixed horizon 100,0.5890531192936532,0.08733601712979111,0.12558327092370042,0.5191236268969546,0.1488308080808081,0.8901385556970058,0.8511691919191918,0.10986144430299409
lstm,2,0.025,fixed horizon 100,0.5890531192936532,0.09609107281351895,0.11079507125151326,0.5073519992189971,0.4676530612244898,0.9294699835694546,0.5323469387755102,0.07053001643054536
lstm,3,0.025,fixed horizon 100,0.5890531192936532,0.08271276595744681,0.11121437685874731,0.5142508054506502,0.3807478991596639,0.9065162636206759,0.6192521008403362,0.09348373637932413
lstm,4,0.025,fixed horizon 100,0.5890531192936532,0.07743648994302989,0.11257774478040079,0.5175706274186854,0.3435374149659864,0.9168222160140956,0.6564625850340136,0.08317778398590435
lstm,5,0.025,fixed horizon 100,0.5890531192936532,0.11119126267042327,0.12408570102835245,0.5064472191789646,0.21879271708683473,0.899932632177667,0.7812072829131653,0.10006736782233308
lstm,6,0.025,fixed horizon 100,0.5890531192936532,0.06495899316687717,0.08814874775954676,0.5115948772963348,0.27647530864197534,0.9268796607013263,0.7235246913580248,0.07312033929867363
lstm,7,0.025,fixed horizon 100,0.5890531192936532,0.09325346672120408,0.13364744951680757,0.5201969913978017,0.3044839234839235,0.8964160417350827,0.6955160765160765,0.10358395826491736
lstm,8,0.025,fixed horizon 100,0.5890531192936532,0.07396426772080766,0.09981457328155441,0.5129251527803734,0.22983333333333333,0.9215931432157847,0.7701666666666667,0.07840685678421525
lstm,9,0.025,fixed horizon 100,0.5890531192936532,0.07050827423167848,0.11261493690428645,0.521053331336304,0.2578466771323914,0.9090204369707535,0.7421533228676086,0.09097956302924647
lstm,0,0.05,fixed horizon 100,0.5890531192936532,0.13984347750261597,0.17991960778773652,0.5200380651425602,0.36624956622325044,0.8647265287375625,0.6337504337767496,0.1352734712624376
lstm,1,0.05,fixed horizon 100,0.5890531192936532,0.12790163090585896,0.15283957437786883,0.5124689717360049,0.31004469507101085,0.8786410283280472,0.6899553049289892,0.12135897167195267
lstm,2,0.05,fixed horizon 100,0.5890531192936532,0.10867329485523755,0.14883517778635022,0.5200809414655563,0.4448746921182266,0.8850251803002223,0.5551253078817734,0.11497481969977771
lstm,3,0.05,fixed horizon 100,0.5890531192936532,0.10960240964335144,0.15956164283756918,0.5249796165971088,0.432119825708061,0.8785702399447702,0.5678801742919389,0.12142976005522983
lstm,4,0.05,fixed horizon 100,0.5890531192936532,0.12103627162421074,0.1729701493714661,0.5259669388736277,0.31148086349924586,0.8662399253576373,0.6885191365007541,0.13376007464236267
lstm,5,0.05,fixed horizon 100,0.5890531192936532,0.15476608372248485,0.1993703580984097,0.5223021371879624,0.4608634513634514,0.8634937674956362,0.5391365486365486,0.13650623250436383
lstm,6,0.05,fixed horizon 100,0.5890531192936532,0.09911331922750832,0.1624793837886864,0.531683032280589,0.26859461805555557,0.8675474054180949,0.7314053819444445,0.13245259458190514
lstm,7,0.05,fixed horizon 100,0.5890531192936532,0.1506911496365193,0.1978009908131116,0.5235549205882961,0.30138194444444444,0.8546605542394324,0.6986180555555556,0.14533944576056745
lstm,8,0.05,fixed horizon 100,0.5890531192936532,0.08513258899416196,0.13406729074076734,0.5244673508733027,0.5140333333333333,0.9130956992720272,0.48596666666666666,0.08690430072797277
lstm,9,0.05,fixed horizon 100,0.5890531192936532,0.12437865200195111,0.19342470300211673,0.5345230255000828,0.4180379809818664,0.8739108024945059,0.5819620190181336,0.12608919750549413
lstm,0,0.075,fixed horizon 100,0.5890531192936532,0.1626924363442851,0.2196689501427544,0.5284882568992346,0.37664885441201235,0.8395974766437752,0.6233511455879877,0.16040252335622496
lstm,1,0.075,fixed horizon 100,0.5890531192936532,0.18578078870644968,0.22371108871416895,0.5189651500038596,0.29789953194953195,0.838827357503433,0.702100468050468,0.16117264249656713
lstm,2,0.075,fixed horizon 100,0.5890531192936532,0.1562337680414042,0.23786934980939548,0.5408177908839956,0.5011667520054616,0.8606603934849121,0.4988332479945384,0.13933960651508792
lstm,3,0.075,fixed horizon 100,0.5890531192936532,0.17083527515542174,0.209779566330384,0.5194721455874811,0.3261608902237478,0.8426559142028403,0.6738391097762523,0.1573440857971597
lstm,4,0.075,fixed horizon 100,0.5890531192936532,0.17459686139316194,0.23238447981808058,0.5288938092124593,0.43007300127056036,0.8452349487356082,0.5699269987294396,0.15476505126439172
lstm,5,0.075,fixed horizon 100,0.5890531192936532,0.16698327287021755,0.23777912866787138,0.5353979278988269,0.4363778367226643,0.8400233923962194,0.5636221632773357,0.15997660760378069
lstm,6,0.075,fixed horizon 100,0.5890531192936532,0.13563201942317402,0.22005934345222022,0.5422136620145231,0.3496848567675227,0.8369038677369055,0.6503151432324773,0.16309613226309452
lstm,7,0.075,fixed horizon 100,0.5890531192936532,0.1986690926980296,0.2659181710132253,0.5336245391575979,0.34741412574587777,0.8105621784402445,0.6525858742541222,0.18943782155975555
lstm,8,0.075,fixed horizon 100,0.5890531192936532,0.1433977970646509,0.19161789439003812,0.5241100486626935,0.48936426237161534,0.8669781681725641,0.5106357376283847,0.1330218318274359
lstm,9,0.075,fixed horizon 100,0.5890531192936532,0.16600270525570865,0.23022716998088688,0.5321122323625891,0.39616334283000953,0.8414513090145912,0.6038366571699905,0.15854869098540883
lstm,0,0.1,fixed horizon 100,0.5890531192936532,0.20861717639978278,0.29556050614341867,0.543471664871818,0.5243816137566137,0.8504332822858102,0.47561838624338626,0.14956671771418986
lstm,1,0.1,fixed horizon 100,0.5890531192936532,0.19968569484444088,0.26220742390495044,0.5312608645302548,0.37052047582338693,0.8202986135113646,0.6294795241766131,0.17970138648863546
lstm,2,0.1,fixed horizon 100,0.5890531192936532,0.1835953236004234,0.28192317651562704,0.5491639264576018,0.5650992815078661,0.8502648328311541,0.43490071849213385,0.14973516716884588
lstm,3,0.1,fixed horizon 100,0.5890531192936532,0.2147844586714423,0.27008921882287185,0.5276523800757148,0.4141121537775949,0.823686638029461,0.5858878462224051,0.17631336197053904
lstm,4,0.1,fixed horizon 100,0.5890531192936532,0.2154728346133547,0.28695541330131935,0.5357412893439824,0.4672376920484248,0.8287568942656559,0.5327623079515752,0.17124310573434406
lstm,5,0.1,fixed horizon 100,0.5890531192936532,0.20473948202854336,0.277876673409294,0.5365685956903753,0.413754584017515,0.814935282891551,0.586245415982485,0.1850647171084489
lstm,6,0.1,fixed horizon 100,0.5890531192936532,0.19927932216858063,0.27066237228183576,0.5356915250566276,0.48338233438948536,0.8297446078627351,0.5166176656105146,0.17025539213726487
lstm,7,0.1,fixed horizon 100,0.5890531192936532,0.21216430549420956,0.28305281362887585,0.5354442540673332,0.3444577517616733,0.8074575835448912,0.6555422482383267,0.19254241645510883
lstm,8,0.1,fixed horizon 100,0.5890531192936532,0.17608532403648963,0.2511478727527071,0.5375312743581088,0.4647068969042653,0.8372105639646549,0.5352931030957346,0.1627894360353451
lstm,9,0.1,fixed horizon 100,0.5890531192936532,0.20503359680142563,0.24944719196512785,0.5222067975818512,0.4267936861849905,0.8357717890045102,0.5732063138150095,0.16422821099548982
lstm,0,0.15,fixed horizon 100,0.5890531192936532,0.28846738125961024,0.3903928672375403,0.550962742988965,0.5791305193993912,0.8101248109213277,0.4208694806006087,0.1898751890786723
lstm,1,0.15,fixed horizon 100,0.5890531192936532,0.2641076312947045,0.35045931790587204,0.5431758433055838,0.4700446365743723,0.7899871285033409,0.5299553634256278,0.21001287149665915
lstm,2,0.15,fixed horizon 100,0.5890531192936532,0.2301297439441763,0.31663436270944856,0.5432523093826361,0.5051232790806528,0.8230812087311306,0.49487672091934715,0.17691879126886953
lstm,3,0.15,fixed horizon 100,0.5890531192936532,0.2932652997894876,0.3814062018000183,0.5440704510052653,0.4519979732868757,0.7672746431704816,0.5480020267131243,0.2327253568295184
lstm,4,0.15,fixed horizon 100,0.5890531192936532,0.2699050016715975,0.34865615682102036,0.5393755775747114,0.4426551330052774,0.7846315145163965,0.5573448669947225,0.2153684854836036
lstm,5,0.15,fixed horizon 100,0.5890531192936532,0.2770919959701718,0.3795354161414244,0.5512217100856263,0.47157864502217484,0.7796786406135761,0.5284213549778252,0.22032135938642394
lstm,6,0.15,fixed horizon 100,0.5890531192936532,0.2795637471099549,0.35202061576547394,0.5362284343277596,0.4887581960300986,0.8077662783042054,0.5112418039699014,0.1922337216957946
lstm,7,0.15,fixed horizon 100,0.5890531192936532,0.281640771852258,0.38380445657928736,0.5510818423635147,0.41385660585835005,0.7544177916219723,0.5861433941416501,0.24558220837802763
lstm,8,0.15,fixed horizon 100,0.5890531192936532,0.2506602614490082,0.33285706748403804,0.5410984030175149,0.4604421486781952,0.8041649403736446,0.5395578513218048,0.19583505962635536
lstm,9,0.15,fixed horizon 100,0.5890531192936532,0.2701953031322536,0.35241687559569607,0.5411107862317212,0.47101970197588894,0.8055685288921968,0.5289802980241111,0.1944314711078033
lstm,0,0.2,fixed horizon 100,0.5890531192936532,0.3715635248967756,0.48053757570313593,0.5544870254031802,0.4433213861129176,0.7075307925453773,0.5566786138870824,0.29246920745462257
lstm,1,0.2,fixed horizon 100,0.5890531192936532,0.353419727461052,0.45964835855007713,0.5531143155445126,0.5325194162718871,0.758824665416902,0.4674805837281128,0.24117533458309803
lstm,2,0.2,fixed horizon 100,0.5890531192936532,0.3172799597270027,0.4290998310714415,0.5559099356722194,0.5096446986368359,0.7619542134199937,0.49035530136316396,0.23804578658000636
lstm,3,0.2,fixed horizon 100,0.5890531192936532,0.3447798343492771,0.4669235568576296,0.5610718612541762,0.4419468195683006,0.7087584545810269,0.5580531804316994,0.29124154541897307
lstm,4,0.2,fixed horizon 100,0.5890531192936532,0.33113017292605473,0.4652296726952826,0.5670497498846139,0.413911411787387,0.6991835526938835,0.586088588212613,0.30081644730611645
lstm,5,0.2,fixed horizon 100,0.5890531192936532,0.32868142504931097,0.44999973888803113,0.5606591569193601,0.4389452622742085,0.7209472184439577,0.5610547377257915,0.27905278155604224
lstm,6,0.2,fixed horizon 100,0.5890531192936532,0.3545054513875434,0.45824398671768335,0.5518692676650699,0.48659581854581857,0.7343862201443232,0.5134041814541814,0.26561377985567686
lstm,7,0.2,fixed horizon 100,0.5890531192936532,0.3961149410275878,0.5030224319954038,0.5534537454839079,0.48861887720509,0.7087863239241566,0.51138112279491,0.29121367607584336
lstm,8,0.2,fixed horizon 100,0.5890531192936532,0.33710743371629065,0.43945449197140213,0.5511735291275557,0.49643149554847665,0.7518843125509098,0.5035685044515233,0.24811568744909013
lstm,9,0.2,fixed horizon 100,0.5890531192936532,0.35385577139182145,0.444030787905448,0.5450875082568132,0.4799605042016807,0.7434640254670037,0.5200394957983193,0.2565359745329963
lstm,0,0.3,fixed horizon 100,0.5890531192936532,0.5269490835113644,0.6433763656419695,0.5582136410653027,0.37324748698748544,0.5710749534772903,0.6267525130125146,0.4289250465227097
lstm,1,0.3,fixed horizon 100,0.5890531192936532,0.476822351673228,0.60653304695821,0.564855347642491,0.4153437730902626,0.6191627742420496,0.5846562269097374,0.3808372257579505
lstm,2,0.3,fixed horizon 100,0.5890531192936532,0.4591425268663885,0.5942468648915875,0.5675521690125995,0.43726345811615613,0.642751966251433,0.5627365418838439,0.3572480337485669
lstm,3,0.3,fixed horizon 100,0.5890531192936532,0.5023649195401667,0.634287467682866,0.5659612740713496,0.36637753799609063,0.5676092002176314,0.6336224620039095,0.4323907997823686
lstm,4,0.3,fixed horizon 100,0.5890531192936532,0.520982818187175,0.6447826272564219,0.5618999045346235,0.3375671761141529,0.5365332697500053,0.6624328238858472,0.46346673024999474
lstm,5,0.3,fixed horizon 100,0.5890531192936532,0.5056526375188973,0.6409850796301171,0.5676662210556099,0.3564162393913908,0.5563226027225279,0.6435837606086092,0.4436773972774721
lstm,6,0.3,fixed horizon 100,0.5890531192936532,0.5030062932248766,0.6367982010535223,0.5668959539143228,0.3596886697552086,0.5626207280632218,0.6403113302447914,0.4373792719367782
lstm,7,0.3,fixed horizon 100,0.5890531192936532,0.4994581976455672,0.6179682052202435,0.5592550037873381,0.37924392928205014,0.5778190658895304,0.6207560707179498,0.4221809341104696
lstm,8,0.3,fixed horizon 100,0.5890531192936532,0.4941872873098287,0.6041695702336884,0.5549911414619298,0.36478734437605403,0.5845714088202232,0.6352126556239459,0.41542859117977676
lstm,9,0.3,fixed horizon 100,0.5890531192936532,0.4919647658092242,0.625053756375726,0.5665444952832509,0.39054436825704797,0.5908878151792042,0.609455631742952,0.4091121848207958
lstm,0,0.01,fixed horizon 148,0.6145322643778557,0.04024822695035461,0.07536269440515324,0.5175572337273994,0.3239910829196543,0.9414055904330885,0.6760089170803456,0.0585944095669115
lstm,1,0.01,fixed horizon 148,0.6145322643778557,0.04370422043948378,0.0591157978695218,0.5077057887150189,0.2322747747747748,0.9524073501931201,0.7677252252252252,0.04759264980687994
lstm,2,0.01,fixed horizon 148,0.6145322643778557,0.06347517730496453,0.07370008869352176,0.5051124556942785,0.4849662162162162,0.949866641016295,0.5150337837837838,0.05013335898370495
lstm,3,0.01,fixed horizon 148,0.6145322643778557,0.04042553191489361,0.04791614289804379,0.503745305491575,0.19611486486486487,0.9584301912632631,0.803885135135135,0.04156980873673701
lstm,4,0.01,fixed horizon 148,0.6145322643778557,0.05474218114172771,0.07899227981144485,0.5121250493348586,0.28861703318225057,0.9384210932565995,0.7113829668177495,0.06157890674340046
lstm,5,0.01,fixed horizon 148,0.6145322643778557,0.057786643026004725,0.081921807869859,0.5120675824219271,0.28093468468468463,0.939019821701397,0.7190653153153154,0.06098017829860304
lstm,6,0.01,fixed horizon 148,0.6145322643778557,0.04958628841607565,0.0686295624229082,0.5095216370034163,0.1481418918918919,0.9395043367459239,0.8518581081081081,0.060495663254076126
lstm,7,0.01,fixed horizon 148,0.6145322643778557,0.04307033096926714,0.07520963141928882,0.5160696502250108,0.17153226596161378,0.9341576286679316,0.8284677340383862,0.06584237133206841
lstm,8,0.01,fixed horizon 148,0.6145322643778557,0.03189939154361896,0.05403339887420076,0.5110670036652909,0.2899774774774775,0.9651303584971037,0.7100225225225225,0.034869641502896245
lstm,9,0.01,fixed horizon 148,0.6145322643778557,0.062174940898345146,0.0882249345537578,0.5130249968277063,0.20957960957960955,0.9296796474727478,0.7904203904203905,0.07032035252725222
lstm,0,0.025,fixed horizon 148,0.6145322643778557,0.06057701623842189,0.10643557788292628,0.5229292808222522,0.2961555999211279,0.9222511072003886,0.7038444000788722,0.07774889279961135
lstm,1,0.025,fixed horizon 148,0.6145322643778557,0.08659724644421192,0.15048811773923493,0.5319454356475115,0.3484024923541053,0.8850471155616599,0.6515975076458947,0.11495288443834015
lstm,2,0.025,fixed horizon 148,0.6145322643778557,0.0948957176222621,0.13912765484725476,0.5221159686124963,0.5217165591343222,0.9172456177286777,0.4782834408656777,0.08275438227132216
lstm,3,0.025,fixed horizon 148,0.6145322643778557,0.07910756501182034,0.14175492632763512,0.5313236806579074,0.49612437112437113,0.90063713051993,0.5038756288756289,0.09936286948006999
lstm,4,0.025,fixed horizon 148,0.6145322643778557,0.06475918497849087,0.14149158805530934,0.5383662015384092,0.3928226696083839,0.9083041383575623,0.6071773303916161,0.09169586164243773
lstm,5,0.025,fixed horizon 148,0.6145322643778557,0.1068472910392176,0.15608189399773315,0.5246173014792578,0.30672427234927235,0.8889047625212042,0.6932757276507276,0.11109523747879582
lstm,6,0.025,fixed horizon 148,0.6145322643778557,0.06428357459762299,0.12068821328129158,0.5282023193418344,0.3957670468087135,0.9187215355340396,0.6042329531912866,0.08127846446596047
lstm,7,0.025,fixed horizon 148,0.6145322643778557,0.09582511536671043,0.14842189485152452,0.5262983897424072,0.3993050686599074,0.9044422214610366,0.6006949313400927,0.09555777853896343
lstm,8,0.025,fixed horizon 148,0.6145322643778557,0.04843235282719063,0.09226740347023366,0.5219175253215215,0.18164414414414415,0.927028988349743,0.8183558558558559,0.07297101165025692
lstm,9,0.025,fixed horizon 148,0.6145322643778557,0.07680260047281323,0.13256695353114173,0.5278821765291642,0.291630425558997,0.8992595958738472,0.7083695744410031,0.10074040412615277
lstm,0,0.05,fixed horizon 148,0.6145322643778557,0.11150568732317948,0.2035116131144537,0.5460029628956371,0.49905796588127416,0.8832969409941246,0.5009420341187258,0.11670305900587544
lstm,1,0.05,fixed horizon 148,0.6145322643778557,0.1246215468912952,0.199883920305035,0.5376311867068699,0.4671768102689155,0.870926423825912,0.5328231897310844,0.129073576174088
lstm,2,0.05,fixed horizon 148,0.6145322643778557,0.13198190791794898,0.19705813435845293,0.5325381132202519,0.5866330048549876,0.9084294594913873,0.4133669951450124,0.09157054050861278
lstm,3,0.05,fixed horizon 148,0.6145322643778557,0.12830186642486263,0.18742001675814782,0.5295590751666426,0.5432974418268536,0.8868693316242273,0.45670255817314637,0.11313066837577272
lstm,4,0.05,fixed horizon 148,0.6145322643778557,0.09084362096683443,0.18101901501353715,0.5450876970233514,0.41070926265139823,0.8789020735788349,0.5892907373486018,0.12109792642116526
lstm,5,0.05,fixed horizon 148,0.6145322643778557,0.16621216204046638,0.24860694849413267,0.5411973932268331,0.47386329514458525,0.839312384988868,0.5261367048554147,0.16068761501113205
lstm,6,0.05,fixed horizon 148,0.6145322643778557,0.09425236406619386,0.20765684931579115,0.5567022426247987,0.4564392796814672,0.8601156108997877,0.5435607203185328,0.1398843891002124
lstm,7,0.05,fixed horizon 148,0.6145322643778557,0.10979203366524712,0.20484762309467136,0.5475277947147121,0.45571729321729326,0.8721709805970171,0.5442827067827067,0.12782901940298283
lstm,8,0.05,fixed horizon 148,0.6145322643778557,0.1181068254337351,0.1964146996900879,0.5391539371281764,0.4680957273062536,0.878550201315911,0.5319042726937463,0.121449798684089
lstm,9,0.05,fixed horizon 148,0.6145322643778557,0.11681330597492956,0.22032799180084656,0.5517573429129585,0.5357582181111593,0.899092248582442,0.46424178188884074,0.10090775141755792
lstm,0,0.075,fixed horizon 148,0.6145322643778557,0.15421057221008574,0.2961491499981679,0.5709692888940411,0.6358653129998707,0.848652868002217,0.3641346870001293,0.15134713199778296
lstm,1,0.075,fixed horizon 148,0.6145322643778557,0.1977502809950909,0.297654469860391,0.5499520944326501,0.4619618114354956,0.8377584620956731,0.5380381885645044,0.16224153790432694
lstm,2,0.075,fixed horizon 148,0.6145322643778557,0.17090480207038974,0.28733779700049106,0.5582164974650506,0.6092157018366696,0.8479066437020857,0.3907842981633304,0.15209335629791437
lstm,3,0.075,fixed horizon 148,0.6145322643778557,0.19766798195089394,0.30887228150168144,0.5556021497753938,0.7146337311778488,0.8741171461485162,0.28536626882215116,0.12588285385148384
lstm,4,0.075,fixed horizon 148,0.6145322643778557,0.17142563849574413,0.25465542244329675,0.5416148919737763,0.49648642148642147,0.8351565222651163,0.5035135785135785,0.1648434777348838
lstm,5,0.075,fixed horizon 148,0.6145322643778557,0.1885162145843165,0.32746626492578634,0.5694750251707349,0.5246364700312068,0.8205592820245956,0.47536352996879316,0.17944071797540445
lstm,6,0.075,fixed horizon 148,0.6145322643778557,0.12035718112872038,0.2588875509556412,0.5692651849134605,0.5474698327159964,0.8358475353525943,0.4525301672840036,0.16415246464740563
lstm,7,0.075,fixed horizon 148,0.6145322643778557,0.21227373859610119,0.3436755449937904,0.5657009031988446,0.4725550193050193,0.808668204152888,0.5274449806949807,0.19133179584711207
lstm,8,0.075,fixed horizon 148,0.6145322643778557,0.16239239666581248,0.2548980902389505,0.546252846786569,0.5541546532889439,0.873809936580838,0.44584534671105625,0.1261900634191619
lstm,9,0.075,fixed horizon 148,0.6145322643778557,0.1813409113515502,0.3178656554323161,0.568262372040383,0.6210518096493706,0.8526953610849801,0.3789481903506294,0.14730463891501983
lstm,0,0.1,fixed horizon 148,0.6145322643778557,0.2459631273525456,0.37662634867787537,0.5653316106626649,0.6845638820638821,0.867661047450542,0.3154361179361179,0.13233895254945793
lstm,1,0.1,fixed horizon 148,0.6145322643778557,0.23335239749174347,0.37316272335289924,0.5699051629305779,0.5671784202048358,0.8153264597138768,0.4328215797951643,0.1846735402861232
lstm,2,0.1,fixed horizon 148,0.6145322643778557,0.21450119245208898,0.3348500442232326,0.5601744258855719,0.6455529675638372,0.8606570612395382,0.35444703243616293,0.13934293876046172
lstm,3,0.1,fixed horizon 148,0.6145322643778557,0.2375640884985124,0.35088042693424304,0.5566581692178654,0.7172703197703197,0.8537912703386773,0.28272968022968026,0.1462087296613227
lstm,4,0.1,fixed horizon 148,0.6145322643778557,0.22206870711627186,0.36934816212479626,0.5736397275042622,0.5400950186066465,0.802083584054842,0.45990498139335345,0.19791641594515794
lstm,5,0.1,fixed horizon 148,0.6145322643778557,0.20959959010268103,0.39261398944606163,0.5915071996716903,0.5595524304144994,0.8124270645800642,0.44044756958550063,0.18757293541993583
lstm,6,0.1,fixed horizon 148,0.6145322643778557,0.22950341619490033,0.38522319625668794,0.5778598900308938,0.641816239955259,0.8177863537264003,0.35818376004474095,0.1822136462735997
lstm,7,0.1,fixed horizon 148,0.6145322643778557,0.22650712792047595,0.34703097807471356,0.5602619250771188,0.44217064237225523,0.7935983960268069,0.5578293576277448,0.20640160397319302
lstm,8,0.1,fixed horizon 148,0.6145322643778557,0.2016857413112621,0.3256877125986809,0.5620009856437094,0.5285015283140283,0.848377726124496,0.47149847168597175,0.1516222738755041
lstm,9,0.1,fixed horizon 148,0.6145322643778557,0.22861456522294293,0.350472702446464,0.5609290686117605,0.5477441672441673,0.8325844792739167,0.4522558327558327,0.16741552072608334
lstm,0,0.15,fixed horizon 148,0.6145322643778557,0.3285785423833253,0.4948498635199912,0.583135660568333,0.5772344795406775,0.7741539577758598,0.4227655204593225,0.22584604222414012
lstm,1,0.15,fixed horizon 148,0.6145322643778557,0.32424265392122237,0.456941546915948,0.5663494464973627,0.5348216999269904,0.7678560856023291,0.4651783000730096,0.23214391439767085
lstm,2,0.15,fixed horizon 148,0.6145322643778557,0.2761409587293529,0.41094448503262326,0.5674017631516352,0.5689599269360628,0.8109771622782642,0.43104007306393716,0.18902283772173584
lstm,3,0.15,fixed horizon 148,0.6145322643778557,0.34822644550847404,0.4570864321654168,0.5544299933284713,0.5597830209636142,0.781367293394349,0.4402169790363858,0.2186327066056511
lstm,4,0.15,fixed horizon 148,0.6145322643778557,0.3047951246154872,0.46495510163988224,0.5800799885121976,0.5409236523366958,0.7482270956883073,0.45907634766330424,0.25177290431169275
lstm,5,0.15,fixed horizon 148,0.6145322643778557,0.3357720639965426,0.5129286597725161,0.5885782978879868,0.5601693639656175,0.7426565516751126,0.43983063603438255,0.2573434483248874
lstm,6,0.15,fixed horizon 148,0.6145322643778557,0.3320482488918464,0.45082290083136645,0.55938732596976,0.4921811895427922,0.7629024467748279,0.5078188104572078,0.2370975532251721
lstm,7,0.15,fixed horizon 148,0.6145322643778557,0.31967553938780024,0.45083452357329995,0.5655794920927498,0.43445640193847873,0.7171756948325664,0.5655435980615213,0.2828243051674336
lstm,8,0.15,fixed horizon 148,0.6145322643778557,0.25164336896703604,0.4189269746888137,0.5836418028608887,0.48393111668347233,0.7818853354797657,0.5160688833165276,0.21811466452023426
lstm,9,0.15,fixed horizon 148,0.6145322643778557,0.29281695168117583,0.4418544488477165,0.5745187485832703,0.5529078319707594,0.782107933142262,0.4470921680292405,0.217892066857738
lstm,0,0.2,fixed horizon 148,0.6145322643778557,0.4467659706921678,0.6091950566705344,0.5812145429891833,0.5331486045321184,0.7072801701940493,0.46685139546788157,0.2927198298059506
lstm,1,0.2,fixed horizon 148,0.6145322643778557,0.4082658735874,0.5813601702617983,0.5865471483371991,0.5094254086704115,0.6984521584154479,0.49057459132958847,0.30154784158455206
lstm,2,0.2,fixed horizon 148,0.6145322643778557,0.35476859206791644,0.5556020913941511,0.6004167496631172,0.5326342994201291,0.7196231621814669,0.4673657005798709,0.28037683781853306
lstm,3,0.2,fixed horizon 148,0.6145322643778557,0.4069907654613994,0.5489953967956892,0.5710023156671449,0.5088523697010194,0.713506086017908,0.4911476302989806,0.286493913982092
lstm,4,0.2,fixed horizon 148,0.6145322643778557,0.40378829676637445,0.5441757228981061,0.5701937130658659,0.45735666637037264,0.6679179721219108,0.5426433336296274,0.33208202787808916
lstm,5,0.2,fixed horizon 148,0.6145322643778557,0.40361644017253334,0.5585038528869716,0.5774437063572192,0.45537440959781383,0.6787308182601139,0.5446255904021862,0.321269181739886
lstm,6,0.2,fixed horizon 148,0.6145322643778557,0.3985475686783012,0.5304227046706671,0.565937567996183,0.4400128964174422,0.689868712375141,0.5599871035825579,0.31013128762485903
lstm,7,0.2,fixed horizon 148,0.6145322643778557,0.44847413406680287,0.5999865165221608,0.575756191227679,0.46892414278950234,0.6626719936816163,0.5310758572104977,0.3373280063183836
lstm,8,0.2,fixed horizon 148,0.6145322643778557,0.4261951441737632,0.591944196672799,0.5828745262495179,0.5392265562772345,0.7137622563814731,0.46077344372276546,0.28623774361852694
lstm,9,0.2,fixed horizon 148,0.6145322643778557,0.38685363680910395,0.54653104340805,0.5798387032994731,0.49520461425681334,0.7077764574416615,0.5047953857431866,0.2922235425583385
lstm,0,0.3,fixed horizon 148,0.6145322643778557,0.565561021977186,0.7151377238083454,0.5747883509155797,0.4259127608638888,0.5778320653751461,0.5740872391361111,0.4221679346248539
lstm,1,0.3,fixed horizon 148,0.6145322643778557,0.553417720187398,0.7091984091942309,0.5778903445034165,0.4385908732722162,0.5928671186062204,0.5614091267277839,0.40713288139377957
lstm,2,0.3,fixed horizon 148,0.6145322643778557,0.5371499293251587,0.7141166263482062,0.5884833485115236,0.4560181590413541,0.6063972168414926,0.5439818409586459,0.3936027831585074
lstm,3,0.3,fixed horizon 148,0.6145322643778557,0.5355388553700038,0.7059048206582439,0.58518298264412,0.39845863169848084,0.5592355287883588,0.6015413683015192,0.44076447121164125
lstm,4,0.3,fixed horizon 148,0.6145322643778557,0.5691242598620521,0.7323027120760899,0.5815892261070188,0.3804337896092098,0.5306707883190629,0.6195662103907902,0.46932921168093716
lstm,5,0.3,fixed horizon 148,0.6145322643778557,0.5222305925932238,0.6839804314186306,0.5808749194127034,0.3330706649724123,0.5295821048770557,0.6669293350275878,0.47041789512294424
lstm,6,0.3,fixed horizon 148,0.6145322643778557,0.5595087248843466,0.7251538538381316,0.5828225644768925,0.4012485842784602,0.5576991414207568,0.5987514157215398,0.4423008585792432
lstm,7,0.3,fixed horizon 148,0.6145322643778557,0.5533089823035338,0.7159657372788223,0.5813283774876442,0.37742760579551116,0.5346504399022598,0.6225723942044888,0.46534956009774026
lstm,8,0.3,fixed horizon 148,0.6145322643778557,0.5628497775720949,0.7091498563194545,0.5731500393736798,0.41060801657175033,0.5747761152032319,0.5893919834282497,0.42522388479676804
lstm,9,0.3,fixed horizon 148,0.6145322643778557,0.5459830129527156,0.7121608400853546,0.5830889135663195,0.41800380237116386,0.5758372477155317,0.5819961976288361,0.4241627522844683
lstm,0,0.01,fixed horizon 50,0.5728979235337652,0.050975177304964536,0.0728312211694163,0.5109280219322259,0.1436111111111111,0.9394697887483389,0.856388888888889,0.060530211251661095
lstm,1,0.01,fixed horizon 50,0.5728979235337652,0.04667553191489361,0.0600905580548083,0.5067075130699573,0.2832,0.9526571439287428,0.7168,0.04734285607125725
lstm,2,0.01,fixed horizon 50,0.5728979235337652,0.0488918439716312,0.05293042259278604,0.5020192893105774,0.053000000000000005,0.9534904772620761,0.947,0.04650952273792395
lstm,3,0.01,fixed horizon 50,0.5728979235337652,0.04514044419559537,0.04723376076404875,0.5010466582842267,0.140625,0.9571494032417569,0.859375,0.042850596758243244
lstm,4,0.01,fixed horizon 50,0.5728979235337652,0.06632838745800672,0.08590747071457702,0.5097895416282852,0.2560846560846561,0.9356243503756738,0.7439153439153439,0.06437564962432622
lstm,5,0.01,fixed horizon 50,0.5728979235337652,0.053664302600472814,0.06979995605088704,0.5080678267252071,0.13156561085972854,0.9466956898126833,0.8684343891402715,0.05330431018731665
lstm,6,0.01,fixed horizon 50,0.5728979235337652,0.04958628841607565,0.0674441532233861,0.5089289324036552,0.14766666666666664,0.9434887877001209,0.8523333333333333,0.056511212299879134
lstm,7,0.01,fixed horizon 50,0.5728979235337652,0.04307033096926714,0.06994282615248355,0.5134362475916082,0.08328260869565218,0.9469374350957022,0.9167173913043477,0.05306256490429776
lstm,8,0.01,fixed horizon 50,0.5728979235337652,0.06855791962174942,0.08731835291387179,0.5093802166460611,0.3414814814814815,0.9380817438447157,0.6585185185185185,0.061918256155284436
lstm,9,0.01,fixed horizon 50,0.5728979235337652,0.06430260047281325,0.07179333413506701,0.5037453668311269,0.05124571428571428,0.9385593509157314,0.9487542857142858,0.06144064908426872
lstm,0,0.025,fixed horizon 50,0.5728979235337652,0.07491217616474626,0.09647806788056892,0.5107829458579113,0.1571269841269841,0.9210939217558718,0.8428730158730159,0.07890607824412824
lstm,1,0.025,fixed horizon 50,0.5728979235337652,0.09100177304964538,0.12813472166594062,0.5185664743081476,0.3024996180290298,0.8988764923042171,0.6975003819709702,0.10112350769578304
lstm,2,0.025,fixed horizon 50,0.5728979235337652,0.09038931842755402,0.1078663785520226,0.5087385300622342,0.2506028257456829,0.9131509541102432,0.7493971742543171,0.08684904588975687
lstm,3,0.025,fixed horizon 50,0.5728979235337652,0.08321668533034714,0.11772098815366505,0.5172521514116589,0.1777310924369748,0.9036267540592627,0.8222689075630252,0.09637324594073722
lstm,4,0.025,fixed horizon 50,0.5728979235337652,0.08582975357822531,0.12618369984843983,0.5201769731351072,0.2737840136054422,0.9104179985707319,0.7262159863945578,0.08958200142926813
lstm,5,0.025,fixed horizon 50,0.5728979235337652,0.0915090622537431,0.12455053833529503,0.5165207380407759,0.15795098039215685,0.8864184578933834,0.8420490196078432,0.1135815421066166
lstm,6,0.025,fixed horizon 50,0.5728979235337652,0.06832306830907055,0.09163777861487643,0.5116573551529029,0.1961529982363316,0.9206048179916415,0.8038470017636684,0.0793951820083585
lstm,7,0.025,fixed horizon 50,0.5728979235337652,0.07969109025335151,0.12555426721886503,0.5229315884827568,0.1671661054994388,0.8961062374535562,0.8328338945005611,0.10389376254644378
lstm,8,0.025,fixed horizon 50,0.5728979235337652,0.06976273889885784,0.10358815818721478,0.5169127096441785,0.27880952380952384,0.9253917644059154,0.7211904761904762,0.07460823559408465
lstm,9,0.025,fixed horizon 50,0.5728979235337652,0.07966903073286052,0.11339381966088768,0.5168623944640136,0.2493722730471499,0.9023792555469876,0.7506277269528502,0.09762074445301232
lstm,0,0.05,fixed horizon 50,0.5728979235337652,0.11323596603414128,0.15768374459562354,0.5222238892807411,0.21702814459116979,0.8769770507829519,0.7829718554088302,0.12302294921704822
lstm,1,0.05,fixed horizon 50,0.5728979235337652,0.11085471973747922,0.13686229974245118,0.513003790002486,0.2381523378582202,0.8864756123092766,0.7618476621417797,0.11352438769072337
lstm,2,0.05,fixed horizon 50,0.5728979235337652,0.1027401109710567,0.14806247948075718,0.5226611842548502,0.24267581515364767,0.8835927403544657,0.7573241848463523,0.11640725964553425
lstm,3,0.05,fixed horizon 50,0.5728979235337652,0.11091164141325335,0.1659679368622012,0.527528147724474,0.2639889705882353,0.8744960491583956,0.7360110294117648,0.1255039508416044
lstm,4,0.05,fixed horizon 50,0.5728979235337652,0.11796381421921702,0.16595921461539553,0.5239977001980892,0.2559148706896552,0.8746334984434407,0.7440851293103448,0.12536650155655926
lstm,5,0.05,fixed horizon 50,0.5728979235337652,0.1071036041640745,0.15439183630156994,0.5236441160687477,0.25623687858981975,0.8628910232025095,0.7437631214101802,0.1371089767974904
lstm,6,0.05,fixed horizon 50,0.5728979235337652,0.10594928238523335,0.15086360698707338,0.52245716230092,0.28160539215686275,0.8692597025069546,0.7183946078431372,0.1307402974930454
lstm,7,0.05,fixed horizon 50,0.5728979235337652,0.12872835115256695,0.17100661960383828,0.5211391342256356,0.14260416666666667,0.8514962287544554,0.8573958333333334,0.14850377124554454
lstm,8,0.05,fixed horizon 50,0.5728979235337652,0.09473977050337004,0.12513072665518649,0.5151954780759083,0.3681332533013206,0.9133824438055266,0.6318667466986795,0.08661755619447341
lstm,9,0.05,fixed horizon 50,0.5728979235337652,0.11986637076948896,0.16396226502658895,0.52204794712855,0.2687743055555556,0.8744356454785237,0.7312256944444444,0.12556435452147624
lstm,0,0.075,fixed horizon 50,0.5728979235337652,0.12347344208980812,0.17395334509431998,0.5252399515022559,0.22783719548425432,0.8594391161781555,0.7721628045157457,0.14056088382184445
lstm,1,0.075,fixed horizon 50,0.5728979235337652,0.14899011837727913,0.18571726901072688,0.5183635753167238,0.21967436974789917,0.8418453721684653,0.7803256302521009,0.15815462783153467
lstm,2,0.075,fixed horizon 50,0.5728979235337652,0.13278438281895147,0.1713761707492087,0.5192958939651285,0.3094507575757576,0.8707371729234608,0.6905492424242424,0.12926282707653933
lstm,3,0.075,fixed horizon 50,0.5728979235337652,0.13945105689184054,0.18694846666064271,0.5237487048844011,0.22922111344537816,0.8498099874321985,0.7707788865546219,0.15019001256780148
lstm,4,0.075,fixed horizon 50,0.5728979235337652,0.15899187025241324,0.203442337476965,0.5222252336122759,0.23228260192966074,0.8367720867143558,0.7677173980703392,0.16322791328564418
lstm,5,0.075,fixed horizon 50,0.5728979235337652,0.13651680870306257,0.18780011316273304,0.5256416522298352,0.16169876348904483,0.8376644042593087,0.8383012365109552,0.16233559574069123
lstm,6,0.075,fixed horizon 50,0.5728979235337652,0.13701771944987498,0.19245042103884738,0.5277163507944862,0.21435948441063532,0.8398494509891533,0.7856405155893647,0.16015054901084674
lstm,7,0.075,fixed horizon 50,0.5728979235337652,0.14605088980746292,0.2076561272674738,0.5308026187300054,0.22050377726848314,0.8294083775328975,0.7794962227315169,0.1705916224671026
lstm,8,0.075,fixed horizon 50,0.5728979235337652,0.12229765137198387,0.1706298677083195,0.5241661081681678,0.28321969696969695,0.86952364588756,0.716780303030303,0.13047635411243994
lstm,9,0.075,fixed horizon 50,0.5728979235337652,0.13475970358813444,0.18198684385362518,0.5236135701327453,0.20749871001031991,0.8532368759871962,0.7925012899896801,0.1467631240128037
lstm,0,0.1,fixed horizon 50,0.5728979235337652,0.15865466405368706,0.21554169645132398,0.5284435161988185,0.3145142743966274,0.8363748355373628,0.6854857256033726,0.16362516446263706
lstm,1,0.1,fixed horizon 50,0.5728979235337652,0.13686092882910075,0.20839564775772498,0.5357673594643121,0.14111355835240275,0.8235772991131716,0.8588864416475972,0.1764227008868285
lstm,2,0.1,fixed horizon 50,0.5728979235337652,0.16011420830438472,0.19636308057270596,0.5181244361341606,0.31309126984126984,0.8602854244568136,0.6869087301587302,0.1397145755431865
lstm,3,0.1,fixed horizon 50,0.5728979235337652,0.17183791113973917,0.21760778493592042,0.5228849368980906,0.22771242982112552,0.824195700668577,0.7722875701788745,0.1758042993314231
lstm,4,0.1,fixed horizon 50,0.5728979235337652,0.16635270456711565,0.21761952910414378,0.5256334122685141,0.24666960611405056,0.8163793694222358,0.7533303938859495,0.1836206305777643
lstm,5,0.1,fixed horizon 50,0.5728979235337652,0.16536762701665,0.2193971303375073,0.5270147516604287,0.17404482548754993,0.8153465813880629,0.82595517451245,0.18465341861193704
lstm,6,0.1,fixed horizon 50,0.5728979235337652,0.16423458608097746,0.21980295604044672,0.5277841849797346,0.21509395346082652,0.8229166791377824,0.7849060465391734,0.17708332086221762
lstm,7,0.1,fixed horizon 50,0.5728979235337652,0.16755106838446043,0.2275863517896975,0.5300176417026186,0.23650430905332864,0.8127710060750906,0.7634956909466714,0.18722899392490944
lstm,8,0.1,fixed horizon 50,0.5728979235337652,0.1554004190033101,0.21214743234873884,0.5283735066727144,0.2972418300653595,0.8436465468663126,0.7027581699346405,0.15635345313368731
lstm,9,0.1,fixed horizon 50,0.5728979235337652,0.16483420678601987,0.2158735772469375,0.5255196852304589,0.23341527957336783,0.8277615620745695,0.7665847204266322,0.1722384379254304
lstm,0,0.15,fixed horizon 50,0.5728979235337652,0.22415478183878773,0.2979491704164067,0.5368971942888094,0.27334511580188736,0.7742460433383286,0.7266548841981125,0.22575395666167136
lstm,1,0.15,fixed horizon 50,0.5728979235337652,0.19518158877007943,0.26277829007687825,0.5337983506533994,0.1936765836439039,0.7873618690843525,0.8063234163560961,0.21263813091564754
lstm,2,0.15,fixed horizon 50,0.5728979235337652,0.20505145988222365,0.27341650157801406,0.5341825208478952,0.2922522562264498,0.7985865204073546,0.7077477437735502,0.20141347959264552
lstm,3,0.15,fixed horizon 50,0.5728979235337652,0.226166927412193,0.2840912394164868,0.5289621560021469,0.30537975247637084,0.8028372196791216,0.6946202475236292,0.19716278032087847
lstm,4,0.15,fixed horizon 50,0.5728979235337652,0.2221297351218547,0.28206861786721904,0.5299694413726821,0.2941646396134887,0.7833888141632248,0.7058353603865113,0.2166111858367752
lstm,5,0.15,fixed horizon 50,0.5728979235337652,0.22959121705887955,0.2971002276450808,0.5337545052931005,0.31696218562885226,0.7800884176006594,0.6830378143711476,0.21991158239934058
lstm,6,0.15,fixed horizon 50,0.5728979235337652,0.2016435756538016,0.2802613757804178,0.5393089000633081,0.2585172735760971,0.7836006513493816,0.7414827264239029,0.21639934865061847
lstm,7,0.15,fixed horizon 50,0.5728979235337652,0.23051377315360808,0.3099275520498071,0.5397068894480995,0.21416832644610423,0.755988563040659,0.7858316735538957,0.24401143695934105
lstm,8,0.15,fixed horizon 50,0.5728979235337652,0.1968731440917768,0.2605155381445252,0.5318211970263742,0.3035364784090274,0.8003330706382388,0.6964635215909726,0.19966692936176128
lstm,9,0.15,fixed horizon 50,0.5728979235337652,0.22593544593071152,0.2733842317422317,0.5237243929057601,0.22458103289625025,0.7904362197554333,0.7754189671037497,0.20956378024456662
lstm,0,0.2,fixed horizon 50,0.5728979235337652,0.29137830058070036,0.3683807623486751,0.5385012308839874,0.21678111497917,0.7103284746489454,0.78321888502083,0.28967152535105456
lstm,1,0.2,fixed horizon 50,0.5728979235337652,0.2883759349544264,0.3599306899218715,0.5357773774837226,0.2475937251443788,0.7323063171350571,0.7524062748556212,0.2676936828649429
lstm,2,0.2,fixed horizon 50,0.5728979235337652,0.26754666600032945,0.3549740170043253,0.543713675501998,0.293587656617461,0.74561586126625,0.706412343382539,0.25438413873374993
lstm,3,0.2,fixed horizon 50,0.5728979235337652,0.3004865070279824,0.37756613886212614,0.5385398159170719,0.2871812537880649,0.7280603521125092,0.7128187462119351,0.2719396478874908
lstm,4,0.2,fixed horizon 50,0.5728979235337652,0.2930523267621786,0.3810806332785978,0.5440141532582097,0.26746729944735353,0.7155539406156468,0.7325327005526465,0.2844460593843532
lstm,5,0.2,fixed horizon 50,0.5728979235337652,0.29897135405887126,0.37882369086156376,0.5399261684013462,0.24287083270954238,0.7095694474392373,0.7571291672904575,0.29043055256076267
lstm,6,0.2,fixed horizon 50,0.5728979235337652,0.30551284284469316,0.3953503711853725,0.5449187641703397,0.21873630799121,0.6951319050198036,0.78126369200879,0.3048680949801964
lstm,7,0.2,fixed horizon 50,0.5728979235337652,0.2902028198176294,0.38470580829972134,0.5472514942410459,0.2791658280182532,0.7103361966228048,0.7208341719817467,0.2896638033771952
lstm,8,0.2,fixed horizon 50,0.5728979235337652,0.27602770884325845,0.3374549501895435,0.5307136206731425,0.26475016160310283,0.7525658930272804,0.7352498383968972,0.24743410697271964
lstm,9,0.2,fixed horizon 50,0.5728979235337652,0.3071482758689475,0.3805401707019141,0.5366959474164833,0.27985202655485675,0.7148061344934479,0.7201479734451434,0.2851938655065521
lstm,0,0.3,fixed horizon 50,0.5728979235337652,0.46396270978452436,0.5722621401273787,0.5541497151714271,0.14115320076748647,0.518365160504944,0.8588467992325135,0.481634839495056
lstm,1,0.3,fixed horizon 50,0.5728979235337652,0.4220715751081155,0.5383235259404929,0.5581259754161888,0.18281329700627946,0.5612530932393534,0.8171867029937205,0.43874690676064665
lstm,2,0.3,fixed horizon 50,0.5728979235337652,0.42790765504337563,0.5416100842706033,0.5568512146136139,0.19783484657375267,0.5753766037543209,0.8021651534262473,0.4246233962456791
lstm,3,0.3,fixed horizon 50,0.5728979235337652,0.43345614536625393,0.5578181803455443,0.5621810174896452,0.18647772546353286,0.5585894879427045,0.8135222745364672,0.44141051205729553
lstm,4,0.3,fixed horizon 50,0.5728979235337652,0.45526265622721357,0.5483787897976347,0.5465580667852106,0.16740285556735252,0.5439694425725456,0.8325971444326474,0.4560305574274544
lstm,5,0.3,fixed horizon 50,0.5728979235337652,0.4423930626259359,0.555492059876159,0.5565494986251116,0.17770613522999523,0.5426721266132937,0.8222938647700047,0.45732787338670633
lstm,6,0.3,fixed horizon 50,0.5728979235337652,0.4587698238702413,0.5659037432425565,0.5535669596861575,0.17089408642788062,0.5316285261881626,0.8291059135721194,0.4683714738118373
lstm,7,0.3,fixed horizon 50,0.5728979235337652,0.45522413575426396,0.5538349137760312,0.5493053890108837,0.1782724806652804,0.5453928821197882,0.8217275193347197,0.45460711788021174
lstm,8,0.3,fixed horizon 50,0.5728979235337652,0.444624209435396,0.5340240735779045,0.5446999320712542,0.19070342968075926,0.5774275269897282,0.8092965703192407,0.42257247301027173
lstm,9,0.3,fixed horizon 50,0.5728979235337652,0.4535602397330205,0.565904802052968,0.5561722811599737,0.18941322455983262,0.5426581372366941,0.8105867754401674,0.45734186276330585
mlp,0,0.01,by earliest stop,0.6720945319959938,0.0020833333333333333,0.016158047513558933,0.5070373570901128,0.6465313039860014,0.9924162676647846,0.3534686960139985,0.007583732335215476
mlp,1,0.01,by earliest stop,0.6720945319959938,0.0,0.011019736842105263,0.5055098684210526,0.7506048431359635,0.9963491576018193,0.24939515686403652,0.0036508423981807757
mlp,2,0.01,by earliest stop,0.6720945319959938,0.0,0.0038461538461538464,0.5019230769230769,0.41711229946524064,0.9977581242287125,0.5828877005347594,0.002241875771287538
mlp,3,0.01,by earliest stop,0.6720945319959938,0.00625,0.011177884615384616,0.5024639423076923,0.5874031996804757,0.9924664196555215,0.4125968003195243,0.0075335803444785635
mlp,4,0.01,by earliest stop,0.6720945319959938,0.0,0.0,0.5,,1.0,,0.0
mlp,5,0.01,by earliest stop,0.6720945319959938,0.0,0.011842105263157893,0.5059210526315789,0.8955908289241622,0.998763575605681,0.1044091710758378,0.0012364243943191245
mlp,6,0.01,by earliest stop,0.6720945319959938,0.0,0.0018867924528301887,0.500943396226415,0.981042654028436,0.9999642314226952,0.018957345971563955,3.576857730483995e-05
mlp,7,0.01,by earliest stop,0.6720945319959938,0.00625,0.03608466694675731,0.5149173334733786,0.807157699699337,0.9867547382199108,0.1928423003006629,0.013245261780089279
mlp,8,0.01,by earliest stop,0.6720945319959938,0.00625,0.007692307692307693,0.5007211538461538,0.48930481283422456,0.9960715754833401,0.5106951871657754,0.003928424516659823
mlp,9,0.01,by earliest stop,0.6720945319959938,0.00625,0.007692307692307693,0.5007211538461538,0.5240641711229946,0.9963389551624846,0.47593582887700536,0.003661044837515426
mlp,0,0.025,by earliest stop,0.6720945319959938,0.008333333333333333,0.02705293713238103,0.5093598018995238,0.5440249513244587,0.9832968736111235,0.45597504867554123,0.016703126388876454
mlp,1,0.025,by earliest stop,0.6720945319959938,0.0,0.015538108242303872,0.5077690541211519,0.7436962267290088,0.9943015443740901,0.25630377327099124,0.005698455625909993
mlp,2,0.025,by earliest stop,0.6720945319959938,0.00625,0.009615384615384616,0.5016826923076924,0.41711229946524064,0.9943953105717812,0.5828877005347594,0.005604689428218834
mlp,3,0.025,by earliest stop,0.6720945319959938,0.008333333333333333,0.02228320029027576,0.5069749334784712,0.493157002575523,0.9854379156689254,0.506842997424477,0.014562084331074665
mlp,4,0.025,by earliest stop,0.6720945319959938,0.00625,0.009615384615384616,0.5016826923076924,0.7486631016042781,0.9975832990538873,0.25133689839572193,0.0024167009461127154
mlp,5,0.025,by earliest stop,0.6720945319959938,0.00625,0.03237601214574899,0.5130630060728745,0.605357758734213,0.9846059594383103,0.3946422412657869,0.015394040561689725
mlp,6,0.025,by earliest stop,0.6720945319959938,0.0,0.0050117924528301884,0.5025058962264151,0.8696289158521957,0.9993436243438563,0.13037108414780435,0.0006563756561437483
mlp,7,0.025,by earliest stop,0.6720945319959938,0.008377659574468085,0.04643719922083874,0.5190297698231853,0.7239252863991534,0.9804934579326149,0.27607471360084657,0.01950654206738517
mlp,8,0.025,by earliest stop,0.6720945319959938,0.00625,0.010931174089068827,0.5023405870445344,0.6670231729055258,0.9947032121645124,0.3329768270944741,0.005296787835487515
mlp,9,0.025,by earliest stop,0.6720945319959938,0.00625,0.021153846153846155,0.5074519230769231,0.3300923675255226,0.9858288770053477,0.6699076324744774,0.014171122994652386
mlp,0,0.05,by earliest stop,0.6720945319959938,0.05301418439716312,0.05130624092888244,0.4991460282658597,0.14074688901842514,0.956355908636813,0.8592531109815749,0.043644091363187046
mlp,1,0.05,by earliest stop,0.6720945319959938,0.0,0.03470394736842105,0.5173519736842105,0.7900607038573844,0.9964221021086603,0.20993929614261558,0.0035778978913396653
mlp,2,0.05,by earliest stop,0.6720945319959938,0.0,0.0,0.5,,1.0,,0.0
mlp,3,0.05,by earliest stop,0.6720945319959938,0.04468085106382978,0.036762971698113205,0.49604106031714174,0.18626352037344013,0.9676098064480282,0.8137364796265598,0.032390193551971855
mlp,4,0.05,by earliest stop,0.6720945319959938,0.004166666666666667,0.01882591093117409,0.5073296221322537,0.5970072877635904,0.9924746942084404,0.4029927122364097,0.007525305791559666
mlp,5,0.05,by earliest stop,0.6720945319959938,0.05093085106382979,0.058682253074631416,0.5038757010054008,0.517126729188945,0.9600767325905988,0.482873270811055,0.03992326740940112
mlp,6,0.05,by earliest stop,0.6720945319959938,0.05731382978723404,0.046775217706821484,0.49473069395979374,0.5343730619047664,0.9681268577229438,0.4656269380952336,0.03187314227705614
mlp,7,0.05,by earliest stop,0.6720945319959938,0.07007978723404255,0.09557138492093806,0.5127457988434477,0.3285211007504475,0.9251971050575356,0.6714788992495526,0.07480289494246437
mlp,8,0.05,by earliest stop,0.6720945319959938,0.0,0.034036742800397216,0.5170183714001986,0.919894419750179,0.9976623643522649,0.08010558024982095,0.0023376356477350924
mlp,9,0.05,by earliest stop,0.6720945319959938,0.03603723404255319,0.03549074746008708,0.49972675670876693,0.46234336152068706,0.9745592907995173,0.537656638479313,0.02544070920048267
mlp,0,0.075,by earliest stop,0.6720945319959938,0.1136968085106383,0.14888282025819266,0.5175930058737772,0.341059117522478,0.9197360791174585,0.658940882477522,0.0802639208825415
mlp,1,0.075,by earliest stop,0.6720945319959938,0.008333333333333333,0.04917763157894737,0.520422149122807,0.7738664483774147,0.993777991832971,0.22613355162258536,0.006222008167028914
mlp,2,0.075,by earliest stop,0.6720945319959938,0.008333333333333333,0.042105263157894736,0.5168859649122807,0.9456349206349206,0.9977109440267334,0.054365079365079394,0.0022890559732665072
mlp,3,0.075,by earliest stop,0.6720945319959938,0.0706855791962175,0.11459005710029793,0.5219522389520402,0.37150669752318954,0.9378329354070468,0.6284933024768105,0.06216706459295325
mlp,4,0.075,by earliest stop,0.6720945319959938,0.00625,0.031174089068825912,0.512462044534413,0.4277155306567072,0.9820945652215002,0.5722844693432929,0.017905434778499797
mlp,5,0.075,by earliest stop,0.6720945319959938,0.06999113475177304,0.0960597929875487,0.5130343291178878,0.3832461233374166,0.9273165082628602,0.6167538766625834,0.07268349173713978
mlp,6,0.075,by earliest stop,0.6720945319959938,0.021527777777777778,0.06309463562753037,0.5207834289248763,0.44026466617342436,0.9669341323033249,0.5597353338265757,0.033065867696675064
mlp,7,0.075,by earliest stop,0.6720945319959938,0.09312943262411347,0.12404132610190208,0.5154559467388943,0.2754406990906852,0.9035632568996596,0.7245593009093149,0.09643674310034048
mlp,8,0.075,by earliest stop,0.6720945319959938,0.01254432624113475,0.05930410205484684,0.5233798879068561,0.864126765886593,0.9940347852632643,0.135873234113407,0.005965214736735757
mlp,9,0.075,by earliest stop,0.6720945319959938,0.07411347517730496,0.11921429799098618,0.5225504114068407,0.5247729198757043,0.9300114042656809,0.4752270801242957,0.06998859573431912
mlp,0,0.1,by earliest stop,0.6720945319959938,0.15141843971631205,0.17606561759987777,0.5123235889417829,0.3554598052379392,0.9057050848514742,0.6445401947620608,0.09429491514852588
mlp,1,0.1,by earliest stop,0.6720945319959938,0.075,0.09259868421052632,0.5087993421052632,0.6126248978152811,0.9853199724328109,0.38737510218471893,0.014680027567189068
mlp,2,0.1,by earliest stop,0.6720945319959938,0.08333333333333334,0.10960885464281049,0.5131377606547386,0.7681231743901789,0.9788566700895673,0.23187682560982123,0.021143329910432662
mlp,3,0.1,by earliest stop,0.6720945319959938,0.1612293144208038,0.16804717520832432,0.5034089303937603,0.2532243531047684,0.9041055274018859,0.7467756468952316,0.0958944725981141
mlp,4,0.1,by earliest stop,0.6720945319959938,0.010416666666666666,0.05212550607287449,0.520854419703104,0.5565429080723199,0.9765830557471424,0.4434570919276802,0.023416944252857563
mlp,5,0.1,by earliest stop,0.6720945319959938,0.11678486997635933,0.16150205771140477,0.5223585938675227,0.4072447110894212,0.9074522652416361,0.5927552889105788,0.09254773475836388
mlp,6,0.1,by earliest stop,0.6720945319959938,0.09502068557919621,0.14001580284164694,0.5224975586312254,0.34861550239722566,0.9310942730770746,0.6513844976027743,0.0689057269229254
mlp,7,0.1,by earliest stop,0.6720945319959938,0.11782381485628965,0.14702498145734202,0.5146005833005262,0.16417467574329506,0.8741982681014525,0.835825324256705,0.12580173189854751
mlp,8,0.1,by earliest stop,0.6720945319959938,0.12216312056737588,0.12331181727904668,0.5005743483558354,0.47243338371300436,0.9441678781890193,0.5275666162869956,0.055832121810980684
mlp,9,0.1,by earliest stop,0.6720945319959938,0.1498079196217494,0.17523656519746392,0.5127143227878572,0.4359449530630298,0.9185234939044292,0.5640550469369702,0.0814765060955707
mlp,0,0.15,by earliest stop,0.6720945319959938,0.1849290780141844,0.20221597853487125,0.5086434502603434,0.3691096443926343,0.8861222290627812,0.6308903556073657,0.11387777093721892
mlp,1,0.15,by earliest stop,0.6720945319959938,0.09583333333333334,0.10049342105263159,0.5023300438596492,0.8550635401257808,0.983116026147665,0.14493645987421921,0.016883973852334866
mlp,2,0.15,by earliest stop,0.6720945319959938,0.09583333333333334,0.10103724533106959,0.5026019559988681,0.6588731399776994,0.9804475693968883,0.3411268600223006,0.01955243060311167
mlp,3,0.15,by earliest stop,0.6720945319959938,0.118927304964539,0.17281235924936061,0.5269425271424109,0.3944659841801687,0.9186158582988366,0.6055340158198314,0.08138414170116337
mlp,4,0.15,by earliest stop,0.6720945319959938,0.1072547281323877,0.15009110389802402,0.5214181878828181,0.4921746414972392,0.9422238377823726,0.5078253585027608,0.05777616221762742
mlp,5,0.15,by earliest stop,0.6720945319959938,0.2142287234042553,0.23454770930410204,0.5101594929499234,0.24998104075983793,0.838402666193218,0.750018959240162,0.16159733380678193
mlp,6,0.15,by earliest stop,0.6720945319959938,0.12652186761229314,0.1651309821633183,0.5193045572755126,0.45080602184109797,0.9308911619040876,0.549193978158902,0.06910883809591249
mlp,7,0.15,by earliest stop,0.6720945319959938,0.21696995147443077,0.24665969956581843,0.5148448740456939,0.27981090301723693,0.8353845499960398,0.7201890969827631,0.1646154500039601
mlp,8,0.15,by earliest stop,0.6720945319959938,0.087677304964539,0.11409818768619662,0.5132104413608288,0.6668530957599019,0.9699367545850643,0.33314690424009813,0.030063245414935637
mlp,9,0.15,by earliest stop,0.6720945319959938,0.14033687943262413,0.16067026010236038,0.5101666903348681,0.6294416982478721,0.9434158738732222,0.3705583017521279,0.05658412612677778
mlp,0,0.2,by earliest stop,0.6720945319959938,0.20444895483389325,0.2696278528692558,0.5325894490176812,0.3370887078226943,0.8471719897068664,0.6629112921773057,0.15282801029313367
mlp,1,0.2,by earliest stop,0.6720945319959938,0.1007387706855792,0.1487717029182817,0.5240164661163512,0.9014616654581304,0.9768198253963598,0.09853833454186961,0.0231801746036402
mlp,2,0.2,by earliest stop,0.6720945319959938,0.16347517730496453,0.19776272590008898,0.5171437742975622,0.40363474212244554,0.8934993905625428,0.5963652578775545,0.10650060943745734
mlp,3,0.2,by earliest stop,0.6720945319959938,0.12661052009456267,0.2014866931921581,0.5374380865487977,0.5070278614750561,0.9268979012281603,0.4929721385249439,0.07310209877183974
mlp,4,0.2,by earliest stop,0.6720945319959938,0.20013608933681723,0.2830114716525266,0.5414376911578547,0.4446187100038543,0.8204662024011427,0.5553812899961457,0.1795337975988573
mlp,5,0.2,by earliest stop,0.6720945319959938,0.23931737588652485,0.28466768030786327,0.5226751522106692,0.32801200002045977,0.7908132661502262,0.6719879999795402,0.2091867338497738
mlp,6,0.2,by earliest stop,0.6720945319959938,0.1735372340425532,0.20906412941296776,0.5177634476852073,0.5064963806839873,0.8865718606008866,0.4935036193160126,0.11342813939911338
mlp,7,0.2,by earliest stop,0.6720945319959938,0.21080860395670026,0.25545606958669154,0.5223237328149957,0.3055887351915271,0.821923901188798,0.6944112648084729,0.17807609881120193
mlp,8,0.2,by earliest stop,0.6720945319959938,0.17194148936170212,0.1782769412191582,0.503167725928728,0.456692165239844,0.9141419061807226,0.543307834760156,0.08585809381927757
mlp,9,0.2,by earliest stop,0.6720945319959938,0.16218971631205675,0.20839781039546992,0.5231040470417065,0.5847037547002036,0.8795119390655426,0.4152962452997964,0.12048806093445744
mlp,0,0.3,by earliest stop,0.6720945319959938,0.40252343541826807,0.44504596571087485,0.5212612651463033,0.19610815689354358,0.6489034067582647,0.8038918431064564,0.35109659324173526
mlp,1,0.3,by earliest stop,0.6720945319959938,0.3385964912280702,0.3870984784880859,0.5242509936300078,0.42345884170983533,0.7231837443493162,0.5765411582901646,0.2768162556506838
mlp,2,0.3,by earliest stop,0.6720945319959938,0.3680730793879676,0.3964181225269935,0.514172521569513,0.14761086420319244,0.6790528712522581,0.8523891357968075,0.32094712874774195
mlp,3,0.3,by earliest stop,0.6720945319959938,0.36917641325536066,0.4242250547757772,0.5275243207602083,0.26879091375435915,0.6799754789103606,0.7312090862456408,0.3200245210896394
mlp,4,0.3,by earliest stop,0.6720945319959938,0.40075199079258433,0.4280882469476124,0.513668128077514,0.2701850617781237,0.6377367086285055,0.7298149382218763,0.3622632913714945
mlp,5,0.3,by earliest stop,0.6720945319959938,0.3774255008087595,0.4173939682747223,0.5199842337329814,0.12037753322301167,0.6351978075078382,0.8796224667769883,0.36480219249216184
mlp,6,0.3,by earliest stop,0.6720945319959938,0.3595394736842105,0.3952109674541301,0.5178357468849598,0.18515453521825376,0.6745323219624143,0.8148454647817462,0.3254676780375857
mlp,7,0.3,by earliest stop,0.6720945319959938,0.42045560458910547,0.45099521520851144,0.515269805309703,0.09905131556455066,0.6051963293561212,0.9009486844354494,0.3948036706438788
mlp,8,0.3,by earliest stop,0.6720945319959938,0.35131428743090604,0.39884374965876035,0.5237647311139272,0.21812878673360406,0.7120924672401114,0.781871213266396,0.2879075327598885
mlp,9,0.3,by earliest stop,0.6720945319959938,0.3354586599477417,0.3719448447856516,0.5182430924189549,0.24605567615882115,0.7440180387512579,0.7539443238411788,0.25598196124874206
mlp,0,0.01,by final end,0.9821714137153477,0.00625,0.12233191253686679,0.5580409562684334,0.895435554029304,0.9821932208664306,0.104564445970696,0.017806779133569407
mlp,1,0.01,by final end,0.9821714137153477,0.0,0.13682290348484633,0.5684114517424231,0.9085136217948718,0.9891814259720565,0.09148637820512819,0.01081857402794344
mlp,2,0.01,by final end,0.9821714137153477,0.020833333333333336,0.19933213319419152,0.5892493999304291,0.9303800995371805,0.9807956478002309,0.06961990046281943,0.01920435219976909
mlp,3,0.01,by final end,0.9821714137153477,0.027083333333333338,0.1418346658686958,0.5573756662676812,0.8034178113553114,0.9741981225073086,0.19658218864468863,0.02580187749269145
mlp,4,0.01,by final end,0.9821714137153477,0.0,0.19438128984554792,0.597190644922774,0.9688241559165472,0.9897675248329711,0.031175844083452753,0.010232475167028843
mlp,5,0.01,by final end,0.9821714137153477,0.0020833333333333333,0.1389632727584583,0.5684399697125625,0.9039990366776082,0.9830975307624806,0.09600096332239186,0.016902469237519403
mlp,6,0.01,by final end,0.9821714137153477,0.016666666666666666,0.21683165012870967,0.6000824917310215,0.9430853372817659,0.9831564358072635,0.05691466271823415,0.01684356419273648
mlp,7,0.01,by final end,0.9821714137153477,0.00625,0.09056205722870503,0.5421560286143525,0.7894981571223807,0.9738508622365888,0.21050184287761928,0.026149137763411223
mlp,8,0.01,by final end,0.9821714137153477,0.027083333333333338,0.21857315212162715,0.5957449093941469,0.9356115721227023,0.9775660944138999,0.06438842787729773,0.02243390558610022
mlp,9,0.01,by final end,0.9821714137153477,0.022916666666666665,0.21225062189145044,0.5946669776123918,0.9451589481946625,0.9793836038512913,0.05484105180533751,0.020616396148708804
mlp,0,0.025,by final end,0.9821714137153477,0.008333333333333333,0.1915412204214571,0.5916039435440619,0.8416585823031135,0.9682334791313375,0.15834141769688642,0.031766520868662496
mlp,1,0.025,by final end,0.9821714137153477,0.0020833333333333333,0.17467125890579535,0.586293962786231,0.8794699571262071,0.9787034926397269,0.12053004287379286,0.021296507360273064
mlp,2,0.025,by final end,0.9821714137153477,0.04375,0.31257753388246884,0.6344137669412344,0.8802367204822747,0.9530219495772615,0.11976327951772527,0.046978050422738574
mlp,3,0.025,by final end,0.9821714137153477,0.029166666666666664,0.1681588186395241,0.5694960759864287,0.8033226495726495,0.9631352024438657,0.1966773504273504,0.036864797556134296
mlp,4,0.025,by final end,0.9821714137153477,0.035416666666666666,0.35691297690465984,0.6607481551189965,0.9101741352917312,0.954650567997281,0.08982586470826884,0.04534943200271888
mlp,5,0.025,by final end,0.9821714137153477,0.00625,0.15176858747849498,0.5727592937392474,0.841481130913904,0.9679974913738757,0.15851886908609597,0.03200250862612425
mlp,6,0.025,by final end,0.9821714137153477,0.03958333333333333,0.2533737374581023,0.6068952020623845,0.9122116476588105,0.9617881785085143,0.08778835234118948,0.03821182149148572
mlp,7,0.025,by final end,0.9821714137153477,0.008377659574468085,0.13381040574560846,0.5627163730855702,0.7343049199084668,0.9646347720483227,0.2656950800915332,0.03536522795167718
mlp,8,0.025,by final end,0.9821714137153477,0.03958333333333333,0.2716855118097047,0.6160510892381856,0.9113218108037188,0.9639246116862535,0.08867818919628127,0.03607538831374639
mlp,9,0.025,by final end,0.9821714137153477,0.04375,0.36193996305292747,0.6590949815264637,0.8835508572380765,0.9408349755178508,0.11644914276192356,0.059165024482149206
mlp,0,0.05,by final end,0.9821714137153477,0.11227344365642238,0.520514693612437,0.7041206249780073,0.8058339652997848,0.8816726020167795,0.19416603470021526,0.11832739798322049
mlp,1,0.05,by final end,0.9821714137153477,0.05999802994483845,0.5746225364879686,0.757312253271565,0.8641524373018304,0.9102704320980847,0.13584756269816964,0.08972956790191539
mlp,2,0.05,by final end,0.9821714137153477,0.06911446020488574,0.565412767382049,0.7481491535885817,0.8610651296800778,0.913235794278331,0.13893487031992224,0.08676420572166899
mlp,3,0.05,by final end,0.9821714137153477,0.09931048069345941,0.5368521119221701,0.7187708156143553,0.8142571434132669,0.8911098204755923,0.18574285658673312,0.10889017952440767
mlp,4,0.05,by final end,0.9821714137153477,0.0718922379826635,0.569910514061366,0.7490091380393513,0.8644812800947285,0.905351989710562,0.13551871990527153,0.094648010289438
mlp,5,0.05,by final end,0.9821714137153477,0.09815307328605201,0.42569944888820166,0.6637731878010749,0.8664839436878911,0.8973323303684622,0.13351605631210894,0.10266766963153792
mlp,6,0.05,by final end,0.9821714137153477,0.11448975571315996,0.5165188254656254,0.7010145348762327,0.7911262287280528,0.8861700095614788,0.20887377127194715,0.11382999043852124
mlp,7,0.05,by final end,0.9821714137153477,0.11267237982663514,0.4768225691125795,0.6820750946429721,0.766238948868068,0.861537422037914,0.23376105113193202,0.13846257796208594
mlp,8,0.05,by final end,0.9821714137153477,0.05559988179669031,0.5000711906386147,0.7222356544209623,0.8820018696609362,0.9171358558764968,0.11799813033906377,0.08286414412350311
mlp,9,0.05,by final end,0.9821714137153477,0.09529649330181245,0.5175584741315674,0.7111309904148775,0.8296645696746499,0.8948117735443027,0.1703354303253501,0.1051882264556973
mlp,0,0.075,by final end,0.9821714137153477,0.18262074364397993,0.6712845567314043,0.7443319065437122,0.7571804844543601,0.8057776322942842,0.2428195155456399,0.19422236770571571
mlp,1,0.075,by final end,0.9821714137153477,0.12730159470780972,0.7787691195138999,0.825733762403045,0.8201906691710332,0.8477624527485806,0.1798093308289667,0.1522375472514194
mlp,2,0.075,by final end,0.9821714137153477,0.13925334909377463,0.7713750601867286,0.8160608555464769,0.8121676939703016,0.8398566850751601,0.18783230602969833,0.1601433149248398
mlp,3,0.075,by final end,0.9821714137153477,0.1876280535855004,0.7001158497405704,0.756243898077535,0.7917031002880452,0.8207939800216284,0.2082968997119548,0.17920601997837163
mlp,4,0.075,by final end,0.9821714137153477,0.10507937248558749,0.7831970010883659,0.8390588143013892,0.8054723603075811,0.8310625790259205,0.19452763969241896,0.16893742097407954
mlp,5,0.075,by final end,0.9821714137153477,0.13744089834515366,0.6429864929082187,0.7527727972815325,0.807319688171197,0.8347058878100695,0.19268031182880302,0.16529411218993056
mlp,6,0.075,by final end,0.9821714137153477,0.09392393513334162,0.7216196315357067,0.8138478482011825,0.7942326835220422,0.8349258722199364,0.20576731647795773,0.16507412778006364
mlp,7,0.075,by final end,0.9821714137153477,0.15308313632781717,0.6780213491829938,0.7624691064275884,0.7506636204250864,0.7958330200801396,0.24933637957491364,0.20416697991986044
mlp,8,0.075,by final end,0.9821714137153477,0.12536446020488573,0.7032776441140005,0.7889565919545574,0.8002465870679194,0.8482536064440218,0.1997534129320806,0.15174639355597813
mlp,9,0.075,by final end,0.9821714137153477,0.1835057131599685,0.7341347481869087,0.7753145175134701,0.7682932532900524,0.8009584727698202,0.23170674670994762,0.19904152723017976
mlp,0,0.1,by final end,0.9821714137153477,0.22515915971963002,0.7586273853011065,0.7667341127907383,0.7187648550378725,0.7541934279785039,0.2812351449621274,0.2458065720214962
mlp,1,0.1,by final end,0.9821714137153477,0.1624867798929949,0.8784518969125216,0.8579825585097633,0.7652798470524325,0.783847160370751,0.23472015294756762,0.21615283962924906
mlp,2,0.1,by final end,0.9821714137153477,0.1697544439297566,0.8755900487532557,0.8529178024117495,0.7524156730789276,0.7715304225322418,0.2475843269210723,0.22846957746775817
mlp,3,0.1,by final end,0.9821714137153477,0.2271470759234524,0.7890196137896142,0.780936268933081,0.7212410059767704,0.7505869876658086,0.27875899402322957,0.24941301233419147
mlp,4,0.1,by final end,0.9821714137153477,0.1280434510219552,0.8890722654612789,0.8805144072196619,0.7614518805502757,0.7789075121561553,0.23854811944972426,0.22109248784384467
mlp,5,0.1,by final end,0.9821714137153477,0.2308033677574551,0.752321873866068,0.7607592530543064,0.7142494391394903,0.7555635388954279,0.28575056086050965,0.24443646110457204
mlp,6,0.1,by final end,0.9821714137153477,0.1973666065281407,0.8245071347196775,0.8135702640957685,0.7227478075377654,0.7493602121057819,0.2772521924622347,0.2506397878942181
mlp,7,0.1,by final end,0.9821714137153477,0.2083330741155489,0.7767068061319506,0.7841868660082009,0.702171302606313,0.7377506551270885,0.297828697393687,0.26224934487291146
mlp,8,0.1,by final end,0.9821714137153477,0.2202093961262494,0.8188858337948492,0.7993382188342999,0.7365178714549752,0.7656720202346764,0.26348212854502495,0.23432797976532357
mlp,9,0.1,by final end,0.9821714137153477,0.21808173655178137,0.861723531335129,0.8218208973916739,0.7099014121556692,0.7334049628135012,0.29009858784433085,0.2665950371864988
mlp,0,0.15,by final end,0.9821714137153477,0.28893941137200285,0.9349755396976892,0.8230180641628433,0.6369379075751802,0.652552433604984,0.3630620924248198,0.34744756639501595
mlp,1,0.15,by final end,0.9821714137153477,0.2733987867608295,0.9512880481891388,0.8389446307141546,0.6783287299634078,0.6895449225318838,0.3216712700365922,0.3104550774681162
mlp,2,0.15,by final end,0.9821714137153477,0.2626819458998118,0.9486042627603746,0.8429611584302814,0.6737330112776003,0.6871958656805017,0.3262669887223996,0.31280413431949833
mlp,3,0.15,by final end,0.9821714137153477,0.2309145472021219,0.9322406168365391,0.8506630348172086,0.6549506260690048,0.670324891567769,0.34504937393099516,0.329675108432231
mlp,4,0.15,by final end,0.9821714137153477,0.2561084421048634,0.9452242499463995,0.8445579039207681,0.6447050783287924,0.6590601316785527,0.3552949216712076,0.3409398683214473
mlp,5,0.15,by final end,0.9821714137153477,0.31819473052093905,0.9027741074962572,0.792289688487659,0.615293838851085,0.6330864659705264,0.38470616114891504,0.3669135340294737
mlp,6,0.15,by final end,0.9821714137153477,0.22704364802747135,0.9452242499463995,0.859090300959464,0.6501940725841845,0.6636959973325903,0.3498059274158155,0.3363040026674097
mlp,7,0.15,by final end,0.9821714137153477,0.32520449784705574,0.940042932105313,0.8074192171291287,0.6048790063829954,0.6191738604570286,0.39512099361700453,0.3808261395429714
mlp,8,0.15,by final end,0.9821714137153477,0.25101247968107343,0.9322728369949866,0.8406301786569566,0.6688778634690993,0.6835726001332869,0.33112213653090067,0.3164273998667131
mlp,9,0.15,by final end,0.9821714137153477,0.2825152170208768,0.9456975520326049,0.831591167505864,0.6412342630111204,0.6555728500314635,0.3587657369888796,0.3444271499685365
mlp,0,0.2,by final end,0.9821714137153477,0.34254699627135154,0.9459714412596286,0.8017122224941385,0.5664935571445378,0.5827007417135612,0.4335064428554623,0.41729925828643877
mlp,1,0.2,by final end,0.9821714137153477,0.2972948292106739,0.9568419740465922,0.829773572417959,0.622798755021621,0.6360089285471103,0.3772012449783791,0.36399107145288967
mlp,2,0.2,by final end,0.9821714137153477,0.3028470149350321,0.9568419740465922,0.8269974795557801,0.5816006050842376,0.5951400498987902,0.4183993949157624,0.4048599501012098
mlp,3,0.2,by final end,0.9821714137153477,0.3190828106503406,0.9456144394670238,0.8132658144083417,0.6158959744892567,0.6306627775358213,0.38410402551074324,0.36933722246417866
mlp,4,0.2,by final end,0.9821714137153477,0.3553891127531152,0.9564385531623435,0.8005247202046141,0.5427395654122092,0.5549480382406976,0.45726043458779075,0.4450519617593024
mlp,5,0.2,by final end,0.9821714137153477,0.34869273972835474,0.9457674332345615,0.7985373467531034,0.5452943424016186,0.5578896218115852,0.4547056575983814,0.4421103781884148
mlp,6,0.2,by final end,0.9821714137153477,0.32225962658565616,0.9557017713438893,0.8167210723791166,0.5679498703490637,0.5805461595261884,0.4320501296509363,0.4194538404738116
mlp,7,0.2,by final end,0.9821714137153477,0.3462750664467902,0.9518490580068105,0.8027869957800101,0.5498847117676361,0.5644145803126112,0.4501152882323639,0.43558541968738884
mlp,8,0.2,by final end,0.9821714137153477,0.315153379250075,0.9521039584390113,0.8184752895944681,0.5916241805727286,0.6058738666699709,0.4083758194272714,0.3941261333300291
mlp,9,0.2,by final end,0.9821714137153477,0.33665808664503993,0.9584416459087743,0.8108917796318671,0.5659899721380972,0.5779306159799016,0.4340100278619028,0.4220693840200984
mlp,0,0.3,by final end,0.9821714137153477,0.456191652294323,0.963790962178059,0.753799654941868,0.42217439965362386,0.43464565084933565,0.5778256003463762,0.5653543491506643
mlp,1,0.3,by final end,0.9821714137153477,0.415946021097689,0.9813084796955766,0.7826812292989437,0.45561025828463986,0.46214788215393227,0.5443897417153601,0.5378521178460678
mlp,2,0.3,by final end,0.9821714137153477,0.45117640631854494,0.9664936648807616,0.7576586292811084,0.42875782573991594,0.43951151019834817,0.5712421742600841,0.5604884898016518
mlp,3,0.3,by final end,0.9821714137153477,0.41764679511835084,0.9589143464318781,0.7706337756567636,0.4390136813585023,0.45238692796842644,0.5609863186414977,0.5476130720315735
mlp,4,0.3,by final end,0.9821714137153477,0.45318540523702816,0.9713369697240666,0.7590757822435191,0.4082528839676402,0.41760434770305316,0.5917471160323597,0.5823956522969469
mlp,5,0.3,by final end,0.9821714137153477,0.4373680841565492,0.9574400433446716,0.7600359795940612,0.4230833539406816,0.4369830404969317,0.5769166460593185,0.5630169595030683
mlp,6,0.3,by final end,0.9821714137153477,0.42299523566415986,0.963790962178059,0.7703978632569496,0.43121784593972035,0.44271519459435693,0.5687821540602797,0.557284805405643
mlp,7,0.3,by final end,0.9821714137153477,0.48111259215073954,0.9695854663596599,0.7442364371044602,0.3935331154691775,0.404776122673264,0.6064668845308224,0.595223877326736
mlp,8,0.3,by final end,0.9821714137153477,0.43534354028740924,0.9619041697252287,0.7632803147189098,0.4436292999914263,0.45723165984693603,0.5563707000085737,0.542768340153064
mlp,9,0.3,by final end,0.9821714137153477,0.419893329419068,0.9711983695854662,0.7756525200831992,0.46251108903383126,0.47205076273738344,0.5374889109661687,0.5279492372626166
mlp,0,0.01,fixed horizon 100,0.582457081792614,0.03399822695035461,0.0170899854862119,0.4915458792679287,0.4083333333333333,0.9879916545718432,0.5916666666666667,0.012008345428156741
mlp,1,0.01,fixed horizon 100,0.582457081792614,0.0042109929078014184,0.009542815674891148,0.5026659113835448,0.5666666666666667,0.9962971698113208,0.43333333333333335,0.0037028301886792405
mlp,2,0.01,fixed horizon 100,0.582457081792614,0.004166666666666667,0.0057692307692307696,0.500801282051282,0.7799999999999999,0.9987307692307692,0.22000000000000008,0.0012692307692307669
mlp,3,0.01,fixed horizon 100,0.582457081792614,0.012632978723404253,0.011502177068214804,0.4994345991724053,0.27,0.9927626995645863,0.73,0.007237300435413652
mlp,4,0.01,fixed horizon 100,0.582457081792614,0.014760638297872341,0.017126269956458638,0.5011828158292931,0.5537500000000001,0.9916890420899854,0.4462499999999999,0.008310957910014505
mlp,5,0.01,fixed horizon 100,0.582457081792614,0.0042109929078014184,0.015449545489267436,0.505619276290733,0.18200000000000002,0.9888730234512261,0.8180000000000001,0.011126976548773971
mlp,6,0.01,fixed horizon 100,0.582457081792614,0.014849290780141845,0.02093613933236575,0.5030434242761119,0.293,0.984971335268505,0.7070000000000001,0.015028664731494935
mlp,7,0.01,fixed horizon 100,0.582457081792614,0.019104609929078014,0.024312504774272402,0.5026039474225972,0.21266666666666667,0.9815334008097165,0.7873333333333333,0.018466599190283393
mlp,8,0.01,fixed horizon 100,0.582457081792614,0.014760638297872341,0.017126269956458638,0.5011828158292931,0.5425,0.9915159651669085,0.4575,0.008484034833091436
mlp,9,0.01,fixed horizon 100,0.582457081792614,0.04242021276595745,0.032430677564739135,0.49500523239939087,0.328,0.9770678710564511,0.672,0.022932128943548992
mlp,0,0.025,fixed horizon 100,0.582457081792614,0.048758865248226944,0.03991291727140784,0.4955770260115904,0.1841346153846154,0.966034107402032,0.8158653846153846,0.033965892597968075
mlp,1,0.025,fixed horizon 100,0.582457081792614,0.010460992907801418,0.01723512336719884,0.5033870652296988,0.4078571428571428,0.9903548621190131,0.5921428571428571,0.00964513788098693
mlp,2,0.025,fixed horizon 100,0.582457081792614,0.00625,0.009615384615384616,0.5016826923076924,0.78,0.9978846153846155,0.21999999999999997,0.002115384615384608
mlp,3,0.025,fixed horizon 100,0.582457081792614,0.04654255319148936,0.03385532044916355,0.49365638362883707,0.17095238095238094,0.9735943014284623,0.829047619047619,0.026405698571537694
mlp,4,0.025,fixed horizon 100,0.582457081792614,0.03390957446808511,0.0341799709724238,0.5001351982521693,0.5454166666666667,0.9800997822931785,0.4545833333333333,0.0199002177068215
mlp,5,0.025,fixed horizon 100,0.582457081792614,0.05283687943262412,0.030753953097547936,0.48895853683246193,0.1961111111111111,0.9760063975250173,0.8038888888888889,0.023993602474982823
mlp,6,0.025,fixed horizon 100,0.582457081792614,0.03187056737588652,0.026025513711710337,0.49707747316791184,0.21275,0.980056260025972,0.7872500000000001,0.01994373997402795
mlp,7,0.025,fixed horizon 100,0.582457081792614,0.053102836879432624,0.05207967305782598,0.4994884180891967,0.20462962962962963,0.9556154991979222,0.7953703703703704,0.04438450080207777
mlp,8,0.025,fixed horizon 100,0.582457081792614,0.03390957446808511,0.03225689404934688,0.4991736597906309,0.51325,0.9795997822931785,0.48674999999999996,0.020400217706821478
mlp,9,0.025,fixed horizon 100,0.582457081792614,0.05944148936170213,0.07678939729585212,0.508673953967075,0.21762937062937063,0.9373358223206782,0.7823706293706293,0.06266417767932167
mlp,0,0.05,fixed horizon 100,0.582457081792614,0.07823581560283688,0.07672446719120006,0.4992443257941816,0.19178095238095239,0.9339315751279506,0.8082190476190476,0.06606842487204949
mlp,1,0.05,fixed horizon 100,0.582457081792614,0.010416666666666666,0.03377272553662822,0.5116780294349808,0.727125,0.9927779545584754,0.272875,0.007222045441524716
mlp,2,0.05,fixed horizon 100,0.582457081792614,0.010416666666666666,0.027870650637842793,0.508726991985588,0.8175,0.9955190350240624,0.18250000000000002,0.004480964975937663
mlp,3,0.05,fixed horizon 100,0.582457081792614,0.057225177304964535,0.07086965758918341,0.5068222401421094,0.48808423913043475,0.9474833771770681,0.5119157608695653,0.05251662282293178
mlp,4,0.05,fixed horizon 100,0.582457081792614,0.01254432624113475,0.031927230540065694,0.5096914521494654,0.84125,0.9941118552345122,0.15875,0.005888144765487724
mlp,5,0.05,fixed horizon 100,0.582457081792614,0.06781914893617022,0.08276905412115194,0.5074749525924909,0.5052777777777778,0.9336432007199603,0.49472222222222223,0.06635679928003972
mlp,6,0.05,fixed horizon 100,0.582457081792614,0.07411347517730496,0.06656433809487435,0.4962254314587847,0.21740546218487397,0.9503636802001376,0.782594537815126,0.04963631979986248
mlp,7,0.05,fixed horizon 100,0.582457081792614,0.08054078014184397,0.09395195172255748,0.5067055857903567,0.12604166666666666,0.916489592086166,0.8739583333333334,0.08351040791383393
mlp,8,0.05,fixed horizon 100,0.582457081792614,0.03382092198581561,0.05008665304407608,0.5081328655291302,0.5975,0.972338164101291,0.40249999999999997,0.02766183589870903
mlp,9,0.05,fixed horizon 100,0.582457081792614,0.08119089834515367,0.09696308532579634,0.5078860934903213,0.08241666666666667,0.9116543080647009,0.9175833333333334,0.08834569193529909
mlp,0,0.075,fixed horizon 100,0.582457081792614,0.09720744680851064,0.10649754602398595,0.5046450496077377,0.4967265795206972,0.9236682238751814,0.5032734204793028,0.07633177612481856
mlp,1,0.075,fixed horizon 100,0.582457081792614,0.04032210401891253,0.06883206559103001,0.5142549807860587,0.5952,0.9776503817445938,0.4048,0.022349618255406146
mlp,2,0.075,fixed horizon 100,0.582457081792614,0.023005319148936172,0.05348629306393706,0.5152404869575005,0.7643106060606061,0.988130681384157,0.23568939393939395,0.01186931861584295
mlp,3,0.075,fixed horizon 100,0.582457081792614,0.02587174940898345,0.05693558551676725,0.515531918053892,0.5303181818181818,0.9761947258612788,0.4696818181818182,0.023805274138721234
mlp,4,0.075,fixed horizon 100,0.582457081792614,0.01254432624113475,0.04974899262852341,0.5186023331936943,0.6662575757575757,0.9844494237453212,0.3337424242424243,0.015550576254678794
mlp,5,0.075,fixed horizon 100,0.582457081792614,0.10605791962174942,0.10967745015659613,0.5018097652674234,0.36189078282828285,0.9252411998223972,0.6381092171717171,0.07475880017760292
mlp,6,0.075,fixed horizon 100,0.582457081792614,0.0384160756501182,0.08269118158675226,0.522137552968317,0.3622949494949495,0.945565031246575,0.6377050505050506,0.05443496875342503
mlp,7,0.075,fixed horizon 100,0.582457081792614,0.10146276595744681,0.12119466618287374,0.5098659501127134,0.49542182662538703,0.9107667195019479,0.5045781733746131,0.0892332804980521
mlp,8,0.075,fixed horizon 100,0.582457081792614,0.031604609929078015,0.05538609540905966,0.5118907427399908,0.6586433566433567,0.9736611889847987,0.3413566433566433,0.02633881101520128
mlp,9,0.075,fixed horizon 100,0.582457081792614,0.09590721040189125,0.12196032721572692,0.5130265584069178,0.2652275974025974,0.8986480523484776,0.7347724025974026,0.10135194765152251
mlp,0,0.1,fixed horizon 100,0.582457081792614,0.11387411347517731,0.1200033658620426,0.5030646261934326,0.5790555555555555,0.9345544780287984,0.42094444444444445,0.06544552197120158
mlp,1,0.1,fixed horizon 100,0.582457081792614,0.0708776595744681,0.08580035902528454,0.5074613497254082,0.6186048387096774,0.9704199831945612,0.3813951612903226,0.02958001680543887
mlp,2,0.1,fixed horizon 100,0.582457081792614,0.03763297872340425,0.06707769173477962,0.5147223565056877,0.761708110516934,0.9850690371724848,0.23829188948306598,0.014930962827515094
mlp,3,0.1,fixed horizon 100,0.582457081792614,0.053649527186761234,0.08762205012238744,0.5169862614678131,0.5641272727272728,0.9710478563205556,0.4358727272727272,0.028952143679444563
mlp,4,0.1,fixed horizon 100,0.582457081792614,0.02994976359338062,0.06466063162699812,0.5173554340168087,0.5282252747252747,0.9758206480658961,0.47177472527472525,0.024179351934103956
mlp,5,0.1,fixed horizon 100,0.582457081792614,0.12220744680851063,0.12210786513635323,0.4999502091639213,0.4215470177970178,0.9223857098865633,0.5784529822029822,0.07761429011343669
mlp,6,0.1,fixed horizon 100,0.582457081792614,0.09584810874704493,0.10904397167154334,0.5065979314622492,0.39329448621553886,0.9365116818142567,0.6067055137844612,0.06348831818574328
mlp,7,0.1,fixed horizon 100,0.582457081792614,0.12025709219858156,0.14750192942878113,0.5136224186150998,0.32740572742474916,0.8842974065010644,0.6725942725752508,0.11570259349893552
mlp,8,0.1,fixed horizon 100,0.582457081792614,0.03563829787234042,0.06370132629287298,0.5140315142102663,0.6691433566433567,0.9820374016499885,0.3308566433566434,0.01796259835001146
mlp,9,0.1,fixed horizon 100,0.582457081792614,0.11275118203309693,0.1381045422427622,0.5126766801048326,0.44368917112299466,0.9017294694351081,0.5563108288770053,0.0982705305648919
mlp,0,0.15,fixed horizon 100,0.582457081792614,0.09904115341545353,0.15630743872181832,0.5286331426531824,0.35910166076019734,0.9252698071960248,0.6408983392398027,0.07473019280397522
mlp,1,0.15,fixed horizon 100,0.582457081792614,0.08628841607565012,0.1423698142494191,0.5280406990868844,0.5485429769392033,0.9418854888860351,0.45145702306079666,0.05811451111396504
mlp,2,0.15,fixed horizon 100,0.582457081792614,0.06530888391190744,0.10610483381469545,0.5203979749513941,0.678235683447377,0.9604796133917001,0.321764316552623,0.03952038660829993
mlp,3,0.15,fixed horizon 100,0.582457081792614,0.10156619385342788,0.16025742230618273,0.5293456142263774,0.5361052460084718,0.9437991130238883,0.4638947539915282,0.05620088697611166
mlp,4,0.15,fixed horizon 100,0.582457081792614,0.09707057981834018,0.16482378149166974,0.5338766008366648,0.45045532728141424,0.9217022860285811,0.5495446727185858,0.07829771397141891
mlp,5,0.15,fixed horizon 100,0.582457081792614,0.16161347517730498,0.19600845231695105,0.5171974885698231,0.4224348930639253,0.8974368571606265,0.5775651069360747,0.10256314283937344
mlp,6,0.15,fixed horizon 100,0.582457081792614,0.10350332835635187,0.14117382002217085,0.5188352458329095,0.4598914141414141,0.9181868558548999,0.5401085858585858,0.08181314414510019
mlp,7,0.15,fixed horizon 100,0.582457081792614,0.18368094438223218,0.23249976435043562,0.5244094099841018,0.3288240093240093,0.8331153534404473,0.6711759906759907,0.1668846465595527
mlp,8,0.15,fixed horizon 100,0.582457081792614,0.0625886524822695,0.1013094463204649,0.5193603969190977,0.7288690476190475,0.9779642768298441,0.2711309523809524,0.022035723170156007
mlp,9,0.15,fixed horizon 100,0.582457081792614,0.14135638297872338,0.19987027839860433,0.5292569477099405,0.4137591876208897,0.8735932008816695,0.5862408123791102,0.1264067991183305
mlp,0,0.2,fixed horizon 100,0.582457081792614,0.22436076894363569,0.25996619696980977,0.517802714013087,0.3190737812911726,0.8400189432414491,0.6809262187088274,0.15998105675855084
mlp,1,0.2,fixed horizon 100,0.582457081792614,0.2010062834390942,0.2506147849717659,0.5248042507663359,0.6844742272279912,0.9337084355091451,0.31552577277200883,0.06629156449085494
mlp,2,0.2,fixed horizon 100,0.582457081792614,0.153623086972751,0.21202684515097422,0.5292018790891115,0.7180561002178649,0.9196230002333607,0.28194389978213513,0.08037699976663926
mlp,3,0.2,fixed horizon 100,0.582457081792614,0.22444164489237278,0.27419013590708297,0.5248742455073551,0.4552220967438359,0.8588757676410547,0.5447779032561642,0.1411242323589453
mlp,4,0.2,fixed horizon 100,0.582457081792614,0.28184360872630754,0.30819752061503347,0.5131769559443631,0.3216204648526077,0.766872044410082,0.6783795351473922,0.2331279555899179
mlp,5,0.2,fixed horizon 100,0.582457081792614,0.25013608933681725,0.3095105804503668,0.5296872455567747,0.3503396026297628,0.7929214808833247,0.6496603973702372,0.2070785191166753
mlp,6,0.2,fixed horizon 100,0.582457081792614,0.22529861888764463,0.28598189368891924,0.5303416374006373,0.4769145225294419,0.826907155768749,0.5230854774705581,0.17309284423125115
mlp,7,0.2,fixed horizon 100,0.582457081792614,0.2553626975239517,0.3071770317252046,0.5259071671006265,0.3575685644459407,0.786837845125583,0.6424314355540593,0.213162154874417
mlp,8,0.2,fixed horizon 100,0.582457081792614,0.14621904939654098,0.19967789512797737,0.5267294228657182,0.6492134353741497,0.9431805952279948,0.35078656462585034,0.05681940477200512
mlp,9,0.2,fixed horizon 100,0.582457081792614,0.24735831155903948,0.29866778663382876,0.5256547375373947,0.42620850286906625,0.8311071341825533,0.5737914971309338,0.16889286581744667
mlp,0,0.3,fixed horizon 100,0.582457081792614,0.4338858943401121,0.46439075485118975,0.5152524302555388,0.2789692497595446,0.6171360711989078,0.7210307502404554,0.3828639288010922
mlp,1,0.3,fixed horizon 100,0.582457081792614,0.37621148094742185,0.4175793857155745,0.5206839523840763,0.4076814577965894,0.7021595240692631,0.5923185422034106,0.29784047593073687
mlp,2,0.3,fixed horizon 100,0.582457081792614,0.3776531223025564,0.40441666972986434,0.513381773713654,0.3779530445128779,0.7526933314898281,0.6220469554871221,0.24730666851017183
mlp,3,0.3,fixed horizon 100,0.582457081792614,0.3971621405110951,0.42844088222530036,0.5156393708571027,0.26710407478393206,0.6833912398769726,0.732895925216068,0.31660876012302747
mlp,4,0.3,fixed horizon 100,0.582457081792614,0.41773423331140186,0.44800203021340634,0.5151338984510022,0.2935387234343756,0.6183205697495188,0.7064612765656244,0.38167943025048123
mlp,5,0.3,fixed horizon 100,0.582457081792614,0.3974293372319688,0.4288737830636184,0.5157222229158248,0.2613915859359938,0.6466266325838047,0.7386084140640061,0.3533733674161953
mlp,6,0.3,fixed horizon 100,0.582457081792614,0.3789717348927875,0.4169398352182611,0.5189840501627369,0.347972020066035,0.6858412660750328,0.652027979933965,0.3141587339249672
mlp,7,0.3,fixed horizon 100,0.582457081792614,0.4162981135218214,0.43545926894825726,0.509580577713218,0.16457964172757664,0.6281328947394113,0.8354203582724233,0.37186710526058875
mlp,8,0.3,fixed horizon 100,0.582457081792614,0.3362596464525088,0.3892453547918088,0.5264928541696501,0.31566140694885425,0.7081996660223474,0.6843385930511457,0.2918003339776526
mlp,9,0.3,fixed horizon 100,0.582457081792614,0.36608627804736427,0.41893325267649645,0.5264234873145661,0.3267394550164353,0.6928817418401608,0.6732605449835647,0.3071182581598392
mlp,0,0.01,fixed horizon 148,0.643343866331629,0.03399822695035461,0.021644641356657245,0.4938232072031513,0.5088213213213213,0.9855420450815189,0.4911786786786787,0.014457954918481198
mlp,1,0.01,fixed horizon 148,0.643343866331629,0.0042109929078014184,0.0161217630433122,0.5059553850677554,0.5791291291291292,0.9942164206066888,0.42087087087087083,0.0057835793933112885
mlp,2,0.01,fixed horizon 148,0.643343866331629,0.004166666666666667,0.0057692307692307696,0.500801282051282,0.527027027027027,0.9972713097713097,0.472972972972973,0.0027286902286902336
mlp,3,0.01,fixed horizon 148,0.643343866331629,0.00625,0.009615384615384616,0.5016826923076924,0.28378378378378377,0.9931133056133057,0.7162162162162162,0.006886694386694381
mlp,4,0.01,fixed horizon 148,0.643343866331629,0.014760638297872341,0.02168092582690398,0.5034601437645159,0.6801801801801801,0.9910765752002098,0.31981981981981983,0.00892342479979027
mlp,5,0.01,fixed horizon 148,0.643343866331629,0.00625,0.017408906882591092,0.5055794534412955,0.19980694980694982,0.9879705109968266,0.8001930501930502,0.012029489003173221
mlp,6,0.01,fixed horizon 148,0.643343866331629,0.00625,0.01346153846153846,0.5036057692307693,0.39961389961389965,0.9919178794178795,0.6003861003861004,0.00808212058212059
mlp,7,0.01,fixed horizon 148,0.643343866331629,0.02327127659574468,0.03392788938965702,0.5053283063969561,0.20923423423423423,0.9765709033645976,0.7907657657657657,0.02342909663540248
mlp,8,0.01,fixed horizon 148,0.643343866331629,0.014760638297872341,0.017126269956458638,0.5011828158292931,0.36655405405405406,0.9887130780998705,0.6334459459459459,0.011286921900129466
mlp,9,0.01,fixed horizon 148,0.643343866331629,0.04242021276595745,0.030507600641662212,0.49404369393785236,0.2216216216216216,0.97463694884251,0.7783783783783784,0.02536305115749009
mlp,0,0.025,fixed horizon 148,0.643343866331629,0.048758865248226944,0.04254449621877626,0.49689281548527464,0.3926282051282051,0.9639186427853261,0.6073717948717948,0.036081357214673995
mlp,1,0.025,fixed horizon 148,0.643343866331629,0.010460992907801418,0.02381407073561989,0.5066765389139093,0.5057915057915058,0.9876709834691463,0.4942084942084943,0.012329016530853675
mlp,2,0.025,fixed horizon 148,0.643343866331629,0.00625,0.017012045489267436,0.5053810227446338,0.7781531531531531,0.9945373557460047,0.22184684684684688,0.005462644253995397
mlp,3,0.025,fixed horizon 148,0.643343866331629,0.027482269503546097,0.032215238522649146,0.5023664845095516,0.5906531531531531,0.9815474202348117,0.4093468468468468,0.01845257976518836
mlp,4,0.025,fixed horizon 148,0.643343866331629,0.03390957446808511,0.038835841417767934,0.5024631334748414,0.6717342342342342,0.9789494716815967,0.32826576576576577,0.021050528318403195
mlp,5,0.025,fixed horizon 148,0.643343866331629,0.01875,0.0251298602093041,0.5031899301046521,0.40004290004290005,0.9832235422726981,0.5999570999570999,0.016776457727301807
mlp,6,0.025,fixed horizon 148,0.643343866331629,0.00625,0.020437705293713238,0.5070938526468567,0.4216001716001716,0.9895597372446925,0.5783998283998284,0.01044026275530745
mlp,7,0.025,fixed horizon 148,0.643343866331629,0.05518617021276595,0.05977198075013368,0.5022929052686839,0.18413413413413413,0.9507419090276589,0.8158658658658658,0.049258090972341205
mlp,8,0.025,fixed horizon 148,0.643343866331629,0.03390957446808511,0.03776676247039951,0.5019285940011573,0.6159628378378379,0.9749603436998701,0.38403716216216216,0.025039656300129852
mlp,9,0.025,fixed horizon 148,0.643343866331629,0.05944148936170213,0.07678939729585212,0.508673953967075,0.14704687204687203,0.9327546700126144,0.8529531279531279,0.06724532998738558
mlp,0,0.05,fixed horizon 148,0.643343866331629,0.06356382978723404,0.08414941562905813,0.510292792920912,0.3704016516516517,0.9360508147747473,0.6295983483483484,0.06394918522525275
mlp,1,0.05,fixed horizon 148,0.643343866331629,0.023655437352245862,0.043792968451607975,0.5100687655496811,0.6838400900900901,0.9890162911722928,0.31615990990990994,0.010983708827707083
mlp,2,0.05,fixed horizon 148,0.643343866331629,0.01671099290780142,0.03778967897792376,0.5105393430350611,0.7252871002871003,0.9929652483292628,0.2747128997128997,0.007034751670737282
mlp,3,0.05,fixed horizon 148,0.643343866331629,0.06768617021276595,0.08630655125658851,0.5093101905219113,0.4345601611226611,0.9399484307611792,0.5654398388773388,0.06005156923882095
mlp,4,0.05,fixed horizon 148,0.643343866331629,0.01254432624113475,0.03800010503399282,0.5127278893964291,0.7835022522522522,0.9926171829031499,0.21649774774774774,0.007382817096850125
mlp,5,0.05,fixed horizon 148,0.643343866331629,0.05509751773049645,0.06905042109082575,0.5069764516801647,0.42261904761904756,0.9545440669858806,0.5773809523809524,0.045455933014119446
mlp,6,0.05,fixed horizon 148,0.643343866331629,0.04224290780141844,0.06928913471087006,0.5135231134547258,0.4921541132478633,0.9641959038162179,0.5078458867521367,0.03580409618378213
mlp,7,0.05,fixed horizon 148,0.643343866331629,0.08054078014184397,0.09486288289664654,0.5071610513774013,0.4154539154539154,0.9287476360899897,0.5845460845460846,0.07125236391001037
mlp,8,0.05,fixed horizon 148,0.643343866331629,0.037987588652482265,0.05747531701168742,0.5097438641796026,0.6494274306774307,0.9731684003942259,0.3505725693225693,0.026831599605774116
mlp,9,0.05,fixed horizon 148,0.643343866331629,0.077024231678487,0.09943651649988541,0.5112061424106992,0.43316441441441444,0.9291625316521357,0.5668355855855856,0.07083746834786432
mlp,0,0.075,fixed horizon 148,0.643343866331629,0.10345744680851063,0.11516571499503477,0.5058541340932621,0.4023797148797149,0.9220836792530251,0.5976202851202851,0.07791632074697491
mlp,1,0.075,fixed horizon 148,0.643343866331629,0.0444887706855792,0.06957272649148269,0.5125419779029518,0.5751689189189189,0.9703987909413213,0.4248310810810811,0.02960120905867867
mlp,2,0.075,fixed horizon 148,0.643343866331629,0.037544326241134754,0.06557475078298067,0.514015212270923,0.676073491970231,0.9811621146775069,0.3239265080297689,0.018837885322493066
mlp,3,0.075,fixed horizon 148,0.643343866331629,0.0319887706855792,0.06805617886334123,0.518033704088881,0.5688063063063064,0.9778337726094056,0.43119369369369365,0.022166227390594283
mlp,4,0.075,fixed horizon 148,0.643343866331629,0.02921099290780142,0.05885030746314261,0.5148196572776707,0.6965141277641278,0.9829445352452273,0.3034858722358722,0.01705546475477272
mlp,5,0.075,fixed horizon 148,0.643343866331629,0.070419621749409,0.08458852933312963,0.5070844537918603,0.33440315315315317,0.9421558244768429,0.6655968468468468,0.05784417552315705
mlp,6,0.075,fixed horizon 148,0.643343866331629,0.048699763593380616,0.0952010207394393,0.5232506285730294,0.3532678243955417,0.9415673147569406,0.6467321756044583,0.058432685243059515
mlp,7,0.075,fixed horizon 148,0.643343866331629,0.10979609929078013,0.1304051924986632,0.5103045466039415,0.4079248578329461,0.9050521406998723,0.5920751421670539,0.09494785930012781
mlp,8,0.075,fixed horizon 148,0.643343866331629,0.03337765957446809,0.06269646130929647,0.5146594008674141,0.6360821048321048,0.9778106060977523,0.3639178951678952,0.022189393902247688
mlp,9,0.075,fixed horizon 148,0.643343866331629,0.10840721040189125,0.13204694542051792,0.5118198675093133,0.4105231926923103,0.9089924315846766,0.5894768073076897,0.09100756841532348
mlp,0,0.1,fixed horizon 148,0.643343866331629,0.10979609929078013,0.13427999197922236,0.5122419463442212,0.4176884034135555,0.9069085560380868,0.5823115965864445,0.09309144396191317
mlp,1,0.1,fixed horizon 148,0.643343866331629,0.04796099290780142,0.08628745416698495,0.5191632306295918,0.5159545574986751,0.9562371223679567,0.484045442501325,0.043762877632043465
mlp,2,0.1,fixed horizon 148,0.643343866331629,0.03962765957446809,0.07864554970048372,0.5195089450630078,0.7420824670824671,0.9767029427982393,0.2579175329175329,0.023297057201760573
mlp,3,0.1,fixed horizon 148,0.643343866331629,0.0935579196217494,0.12073461314278314,0.5135883467605169,0.39094241776569966,0.9370475863918337,0.6090575822343004,0.06295241360816638
mlp,4,0.1,fixed horizon 148,0.643343866331629,0.05282210401891253,0.09144119651890859,0.519309546249998,0.44201260083613025,0.9563578797734316,0.5579873991638697,0.04364212022656842
mlp,5,0.1,fixed horizon 148,0.643343866331629,0.10540780141843971,0.11954121629363686,0.5070667074375985,0.3559934157760245,0.9212326643911022,0.6440065842239755,0.07876733560889779
mlp,6,0.1,fixed horizon 148,0.643343866331629,0.061849881796690306,0.10768168493621573,0.5229159015697628,0.40636261261261253,0.935927583707189,0.5936373873873875,0.06407241629281099
mlp,7,0.1,fixed horizon 148,0.643343866331629,0.11817375886524824,0.14983839087923,0.5158323160069909,0.36533076894829614,0.885998734075866,0.6346692310517039,0.11400126592413398
mlp,8,0.1,fixed horizon 148,0.643343866331629,0.03962765957446809,0.07510956955160034,0.5177409549885661,0.6916103603603603,0.977840467074811,0.3083896396396397,0.022159532925188973
mlp,9,0.1,fixed horizon 148,0.643343866331629,0.10997340425531914,0.14207387231685892,0.5160502340307699,0.485838963963964,0.9097374325988868,0.514161036036036,0.09026256740111323
mlp,0,0.15,fixed horizon 148,0.643343866331629,0.11631361204429513,0.15992305816730407,0.5218047230615045,0.5330909002308597,0.9291608556984773,0.4669090997691403,0.07083914430152263
mlp,1,0.15,fixed horizon 148,0.643343866331629,0.12870862884160755,0.16474403623032577,0.5180177036943591,0.4844089888207535,0.9149183605806481,0.5155910111792464,0.08508163941935182
mlp,2,0.15,fixed horizon 148,0.643343866331629,0.10697555057857411,0.1375825666082177,0.5153035080148218,0.6360510423010423,0.951643814933159,0.3639489576989577,0.04835618506684107
mlp,3,0.15,fixed horizon 148,0.643343866331629,0.11202718676122932,0.1512743035240532,0.5196235583814119,0.5381600350350351,0.941174452890154,0.46183996496496493,0.058825547109845965
mlp,4,0.15,fixed horizon 148,0.643343866331629,0.13700385716063207,0.16487051729953234,0.5139333300694501,0.5627194071866203,0.9277736760512724,0.43728059281337966,0.0722263239487276
mlp,5,0.15,fixed horizon 148,0.643343866331629,0.15070921985815602,0.20389037226637735,0.5265905762041106,0.4810350122850123,0.8704942921389593,0.5189649877149877,0.1295057078610406
mlp,6,0.15,fixed horizon 148,0.643343866331629,0.15248382481025258,0.19138322376121492,0.5194496994754811,0.3092826336975273,0.86313411588417,0.6907173663024727,0.13686588411583006
mlp,7,0.15,fixed horizon 148,0.643343866331629,0.19343971631205675,0.2383147859857265,0.5224375348368349,0.4580656306966791,0.8244205506710427,0.5419343693033208,0.17557944932895717
mlp,8,0.15,fixed horizon 148,0.643343866331629,0.06050531914893618,0.11160523839577921,0.5255499596234215,0.6691714338773163,0.9528885468406945,0.3308285661226838,0.047111453159305594
mlp,9,0.15,fixed horizon 148,0.643343866331629,0.16427304964539008,0.1978935498089725,0.5168102500817912,0.4245055844299965,0.8898185268987084,0.5754944155700036,0.11018147310129142
mlp,0,0.2,fixed horizon 148,0.643343866331629,0.2251881921114844,0.2996403351674387,0.5372260715279772,0.339870480620414,0.8176714359961542,0.660129519379586,0.18232856400384573
mlp,1,0.2,fixed horizon 148,0.643343866331629,0.17253406121687195,0.24463944039250562,0.5360526895878168,0.6384163259898554,0.9256885103358645,0.3615836740101446,0.07431148966413546
mlp,2,0.2,fixed horizon 148,0.643343866331629,0.15360675625233294,0.23059446794526037,0.5384938558464637,0.6895925194158888,0.9288081609133452,0.31040748058411105,0.07119183908665494
mlp,3,0.2,fixed horizon 148,0.643343866331629,0.20722673261167102,0.27598052270939233,0.5343768950488605,0.5512559674382335,0.874789789143264,0.44874403256176654,0.12521021085673603
mlp,4,0.2,fixed horizon 148,0.643343866331629,0.27152544481771806,0.31493101965155457,0.5217027874169182,0.36425189708471445,0.7704329629072624,0.6357481029152855,0.22956703709273762
mlp,5,0.2,fixed horizon 148,0.643343866331629,0.2475931628717183,0.31243910173138134,0.5324229694298316,0.31909333977995946,0.7669735521002901,0.6809066602200405,0.23302644789970994
mlp,6,0.2,fixed horizon 148,0.643343866331629,0.22696668533034714,0.2762571261738883,0.5246452204217705,0.4697173193960655,0.8248587156390803,0.5302826806039346,0.17514128436091964
mlp,7,0.2,fixed horizon 148,0.643343866331629,0.25744603085728507,0.3322778381768175,0.5374159036597662,0.3359461941658104,0.7653627549556414,0.6640538058341896,0.23463724504435862
mlp,8,0.2,fixed horizon 148,0.643343866331629,0.17262271369914145,0.22452256370669216,0.5259499250037754,0.6688959081682962,0.9157800351491003,0.33110409183170375,0.08421996485089964
mlp,9,0.2,fixed horizon 148,0.643343866331629,0.2148656215005599,0.2921374996944799,0.53863593909696,0.45931173556173555,0.8463815679950544,0.5406882644382645,0.15361843200494568
mlp,0,0.3,fixed horizon 148,0.643343866331629,0.4271729313771491,0.47215176033920586,0.5224894144810284,0.22503323836657174,0.6051183348275224,0.7749667616334283,0.3948816651724776
mlp,1,0.3,fixed horizon 148,0.643343866331629,0.3728001749045368,0.4320513866062704,0.5296256058508668,0.4314676409495005,0.709062363335504,0.5685323590504995,0.29093763666449607
mlp,2,0.3,fixed horizon 148,0.643343866331629,0.37468173382466824,0.43238781974297763,0.5288530429591547,0.4347326441426139,0.7263507215885696,0.5652673558573861,0.27364927841143044
mlp,3,0.3,fixed horizon 148,0.643343866331629,0.39553793158695827,0.4541217147295754,0.5292918915713085,0.2961091292644127,0.675446668042198,0.7038908707355873,0.324553331957802
mlp,4,0.3,fixed horizon 148,0.643343866331629,0.4165866726288736,0.4578548235787814,0.5206340754749539,0.34497397723425116,0.60502119305286,0.6550260227657488,0.3949788069471401
mlp,5,0.3,fixed horizon 148,0.643343866331629,0.39008284600389864,0.439080786743116,0.5244989703696087,0.22378607764951944,0.6388544187748016,0.7762139223504805,0.36114558122519835
mlp,6,0.3,fixed horizon 148,0.643343866331629,0.39073941966697195,0.43966156798042605,0.5244610741567269,0.32830142797025746,0.6711258092060979,0.6716985720297425,0.32887419079390207
mlp,7,0.3,fixed horizon 148,0.643343866331629,0.41529613607839994,0.4569771844596298,0.5208405241906149,0.15387215242128224,0.6074409338137917,0.8461278475787178,0.3925590661862083
mlp,8,0.3,fixed horizon 148,0.643343866331629,0.3943386338754039,0.4445596152347145,0.5251104906796553,0.3661762501001722,0.6976989644100495,0.6338237498998277,0.3023010355899505
mlp,9,0.3,fixed horizon 148,0.643343866331629,0.380473753829017,0.4375651779896271,0.528545712080305,0.2901977022813585,0.686948783336268,0.7098022977186416,0.31305121666373203
mlp,0,0.01,fixed horizon 50,0.5448282076454671,0.03191489361702128,0.019013062409288826,0.49354908439613376,0.26666666666666666,0.9855732946298984,0.7333333333333334,0.0144267053701016
mlp,1,0.01,fixed horizon 50,0.5448282076454671,0.0042109929078014184,0.01146589259796807,0.5036274498450833,0.645,0.9957140783744558,0.355,0.004285921625544265
mlp,2,0.01,fixed horizon 50,0.5448282076454671,0.014760638297872341,0.011429608127721336,0.4983344849149245,0.7,0.9965994194484761,0.30000000000000004,0.0034005805515239353
mlp,3,0.01,fixed horizon 50,0.5448282076454671,0.03816489361702128,0.02619929722710259,0.4940172018050407,0.3444444444444445,0.9837028492857689,0.6555555555555556,0.016297150714231157
mlp,4,0.01,fixed horizon 50,0.5448282076454671,0.010593971631205673,0.018688769956458635,0.5040473991626265,0.31000000000000005,0.9890572387518143,0.69,0.010942761248185773
mlp,5,0.01,fixed horizon 50,0.5448282076454671,0.02978723404255319,0.015340692078527233,0.4927767290179871,0.10166666666666667,0.9867391337560155,0.8983333333333333,0.013260866243984416
mlp,6,0.01,fixed horizon 50,0.5448282076454671,0.01276595744680851,0.01516690856313498,0.5012004755581632,0.18,0.9886095791001452,0.82,0.011390420899854859
mlp,7,0.01,fixed horizon 50,0.5448282076454671,0.01702127659574468,0.018543274005041632,0.5007609987046485,0.16133333333333336,0.9851869987013979,0.8386666666666667,0.01481300129860209
mlp,8,0.01,fixed horizon 50,0.5448282076454671,0.010593971631205673,0.017126269956458638,0.5032661491626265,0.45500000000000007,0.9904658925979681,0.5449999999999999,0.009534107402031922
mlp,9,0.01,fixed horizon 50,0.5448282076454671,0.03617021276595745,0.028584523718585286,0.49620715547631394,0.14933333333333335,0.9741048812161027,0.8506666666666667,0.02589511878389733
mlp,0,0.025,fixed horizon 50,0.5448282076454671,0.048758865248226944,0.03798984034833092,0.494615487550052,0.18791208791208794,0.9677503628447024,0.8120879120879121,0.032249637155297516
mlp,1,0.025,fixed horizon 50,0.5448282076454671,0.010460992907801418,0.024307491788251468,0.506923249440225,0.3092857142857143,0.9853580561072492,0.6907142857142857,0.014641943892750742
mlp,2,0.025,fixed horizon 50,0.5448282076454671,0.021099290780141843,0.02417500572912688,0.5015378574744925,0.5033333333333333,0.9915166526621343,0.49666666666666665,0.00848334733786571
mlp,3,0.025,fixed horizon 50,0.5448282076454671,0.04450354609929078,0.03705790237567795,0.4962771781381936,0.3473333333333333,0.9783011229088687,0.6526666666666667,0.02169887709113131
mlp,4,0.025,fixed horizon 50,0.5448282076454671,0.035992907801418436,0.03898133736918494,0.5014942147838832,0.24553571428571433,0.9750963877855015,0.7544642857142857,0.024903612214498515
mlp,5,0.025,fixed horizon 50,0.5448282076454671,0.04867021276595745,0.02618664540524024,0.4887582163196414,0.04583333333333334,0.9756345366091207,0.9541666666666666,0.02436546339087926
mlp,6,0.025,fixed horizon 50,0.5448282076454671,0.02978723404255319,0.020256282942479564,0.49523452444996324,0.1575,0.9839457260713468,0.8424999999999999,0.016054273928653263
mlp,7,0.025,fixed horizon 50,0.5448282076454671,0.04893617021276596,0.044387365365518294,0.4977255975763762,0.08370370370370371,0.9593491329921321,0.9162962962962963,0.040650867007868
mlp,8,0.025,fixed horizon 50,0.5448282076454671,0.035992907801418436,0.0341799709724238,0.4990935315855027,0.3291666666666667,0.9768026124818577,0.6708333333333333,0.02319738751814223
mlp,9,0.025,fixed horizon 50,0.5448282076454671,0.061524822695035467,0.07222208960354441,0.5053486334542545,0.10602197802197802,0.9345595996295165,0.893978021978022,0.06544040037048354
mlp,0,0.05,fixed horizon 50,0.5448282076454671,0.08470744680851064,0.08754678786952869,0.501419670530509,0.20113095238095235,0.9242181269574516,0.7988690476190476,0.07578187304254831
mlp,1,0.05,fixed horizon 50,0.5448282076454671,0.032166075650118205,0.05341670804369414,0.510625316196788,0.39243589743589746,0.9704532264532885,0.6075641025641025,0.02954677354671149
mlp,2,0.05,fixed horizon 50,0.5448282076454671,0.025354609929078016,0.03610304789550073,0.5053742189832113,0.7100000000000002,0.9870515239477504,0.2899999999999998,0.012948476052249646
mlp,3,0.05,fixed horizon 50,0.5448282076454671,0.061524822695035467,0.06518063459628752,0.501827905950626,0.32572222222222225,0.960183678194943,0.6742777777777778,0.03981632180505694
mlp,4,0.05,fixed horizon 50,0.5448282076454671,0.03364361702127659,0.05471387785501489,0.5105351304168692,0.4333333333333333,0.9736879344587885,0.5666666666666668,0.026312065541211495
mlp,5,0.05,fixed horizon 50,0.5448282076454671,0.08105791962174942,0.062074254258650985,0.4905081673184508,0.11648809523809525,0.9488815693988236,0.8835119047619048,0.05111843060117639
mlp,6,0.05,fixed horizon 50,0.5448282076454671,0.083096926713948,0.06586681689710489,0.4913849450915785,0.180625,0.947051211232908,0.819375,0.052948788767091894
mlp,7,0.05,fixed horizon 50,0.5448282076454671,0.07850177304964538,0.089137933503934,0.5053180802271443,0.23708333333333334,0.9176026134367122,0.7629166666666667,0.08239738656328775
mlp,8,0.05,fixed horizon 50,0.5448282076454671,0.0400709219858156,0.05500188583759835,0.5074654819258914,0.47875,0.9747985328660912,0.52125,0.025201467133908816
mlp,9,0.05,fixed horizon 50,0.5448282076454671,0.0763741134751773,0.09827887479948055,0.5109523806621517,0.20125,0.9199133350202429,0.79875,0.0800866649797571
mlp,0,0.075,fixed horizon 50,0.5448282076454671,0.08123522458628842,0.09650129382782065,0.5076330346207661,0.4947708333333333,0.9289439094606982,0.5052291666666666,0.07105609053930179
mlp,1,0.075,fixed horizon 50,0.5448282076454671,0.057476359338061465,0.08024639604706851,0.5113850183545036,0.4142428571428571,0.9511952632782894,0.5857571428571429,0.048804736721710554
mlp,2,0.075,fixed horizon 50,0.5448282076454671,0.03594858156028369,0.06251686396219022,0.5132841412009533,0.673,0.9802738523419192,0.32699999999999996,0.019726147658080784
mlp,3,0.075,fixed horizon 50,0.5448282076454671,0.08322990543735224,0.08962545417860926,0.5031977743706285,0.46516666666666673,0.9481432244356395,0.5348333333333333,0.05185677556436058
mlp,4,0.075,fixed horizon 50,0.5448282076454671,0.04644379121562772,0.06711192989696785,0.51033406934067,0.46027777777777773,0.9681326357556657,0.5397222222222223,0.03186736424433436
mlp,5,0.075,fixed horizon 50,0.5448282076454671,0.09369089834515368,0.10794827615554,0.5071286889051931,0.19666666666666668,0.911883922492386,0.8033333333333333,0.08811607750761392
mlp,6,0.075,fixed horizon 50,0.5448282076454671,0.07024231678486997,0.08455469946162812,0.5071561913383791,0.2770666666666667,0.9377459585784127,0.7229333333333333,0.06225404142158736
mlp,7,0.075,fixed horizon 50,0.5448282076454671,0.09169621749408982,0.10287429880468826,0.5055890406552992,0.2988181818181818,0.910840774590409,0.7011818181818181,0.08915922540959104
mlp,8,0.075,fixed horizon 50,0.5448282076454671,0.046586879432624115,0.06565042300053472,0.5095317717839553,0.6563157894736842,0.9738915356924605,0.3436842105263158,0.026108464307539526
mlp,9,0.075,fixed horizon 50,0.5448282076454671,0.09174054373522458,0.11897462951646168,0.5136170428906185,0.16749999999999995,0.8980236947139255,0.8325,0.1019763052860744
mlp,0,0.1,fixed horizon 50,0.5448282076454671,0.08540189125295508,0.10554300656507283,0.5100705576560589,0.4806216931216931,0.9361186343015955,0.5193783068783069,0.06388136569840457
mlp,1,0.1,fixed horizon 50,0.5448282076454671,0.04961583924349881,0.07942868254160676,0.514906421649054,0.48752136752136754,0.9653333700052806,0.5124786324786325,0.03466662999471927
mlp,2,0.1,fixed horizon 50,0.5448282076454671,0.049276004728132386,0.08127056402330092,0.5159972796475842,0.6695333333333333,0.9718827893024263,0.3304666666666667,0.02811721069757357
mlp,3,0.1,fixed horizon 50,0.5448282076454671,0.10662405126290905,0.10793148149730396,0.5006537151171975,0.3384283794162826,0.9215922182486913,0.6615716205837173,0.07840778175130868
mlp,4,0.1,fixed horizon 50,0.5448282076454671,0.05749735597859897,0.08427093827134965,0.5133867911463754,0.4774444444444444,0.9613704511194591,0.5225555555555556,0.03862954888054092
mlp,5,0.1,fixed horizon 50,0.5448282076454671,0.09438534278959812,0.10288754741060072,0.5042511023105013,0.31825757575757574,0.9308516603466371,0.6817424242424243,0.06914833965336292
mlp,6,0.1,fixed horizon 50,0.5448282076454671,0.09720744680851064,0.10450399668873071,0.5036482749401101,0.2883857142857143,0.9168153955962112,0.7116142857142858,0.08318460440378889
mlp,7,0.1,fixed horizon 50,0.5448282076454671,0.11492316784869976,0.13491575381194515,0.5099962929816227,0.2592248337028825,0.8800078626039131,0.7407751662971175,0.1199921373960869
mlp,8,0.1,fixed horizon 50,0.5448282076454671,0.04020390070921986,0.0744349129670899,0.517115506128935,0.7362666666666666,0.9815364335105764,0.2637333333333334,0.018463566489423554
mlp,9,0.1,fixed horizon 50,0.5448282076454671,0.10446217494089834,0.1322334353168784,0.51388563018799,0.2850833333333333,0.8941520936143821,0.7149166666666668,0.10584790638561796
mlp,0,0.15,fixed horizon 50,0.5448282076454671,0.11612153166604453,0.16552748892488353,0.5247029786294195,0.5138185466494289,0.8974677464714171,0.48618145335057106,0.10253225352858297
mlp,1,0.15,fixed horizon 50,0.5448282076454671,0.10271867612293144,0.13137550040784857,0.5143284121424585,0.5269099865651591,0.9272357392087958,0.473090013434841,0.07276426079120422
mlp,2,0.15,fixed horizon 50,0.5448282076454671,0.09499113475177304,0.13974721737593027,0.5223780413120787,0.7197894357104883,0.9450832666252083,0.2802105642895117,0.0549167333747916
mlp,3,0.15,fixed horizon 50,0.5448282076454671,0.09437056737588652,0.1323277246993561,0.5189785786617348,0.5460497835497836,0.9375147474395169,0.45395021645021644,0.06248525256048313
mlp,4,0.15,fixed horizon 50,0.5448282076454671,0.11218582804529054,0.13213720292624312,0.5099756874404763,0.40825222396650973,0.9153901642046683,0.5917477760334904,0.08460983579533168
mlp,5,0.15,fixed horizon 50,0.5448282076454671,0.17406059474928454,0.19583320637411147,0.5108863058124135,0.1792506071164608,0.8306041313006268,0.8207493928835392,0.16939586869937312
mlp,6,0.15,fixed horizon 50,0.5448282076454671,0.16225503919372902,0.18704239049662513,0.5123936756514481,0.2537461725266604,0.8462543872857804,0.7462538274733397,0.15374561271421955
mlp,7,0.15,fixed horizon 50,0.5448282076454671,0.15853474555182281,0.18771231495772306,0.5145887847029501,0.36697426229684293,0.8428274287254673,0.6330257377031571,0.15717257127453257
mlp,8,0.15,fixed horizon 50,0.5448282076454671,0.06807033096926714,0.10686898892302495,0.5193993289768789,0.5721417830290011,0.9608317866508939,0.42785821697099896,0.039168213349106126
mlp,9,0.15,fixed horizon 50,0.5448282076454671,0.1538563829787234,0.18782662113898596,0.5169851190801313,0.3070299714088534,0.8540810366988614,0.6929700285911465,0.14591896330113863
mlp,0,0.2,fixed horizon 50,0.5448282076454671,0.18122864116475002,0.22422115405064097,0.5214962564429454,0.38587588522588523,0.8535018796782288,0.6141241147741148,0.14649812032177117
mlp,1,0.2,fixed horizon 50,0.5448282076454671,0.17607860520094562,0.2128133179739676,0.518367356386511,0.4293258178603006,0.8486620148714881,0.5706741821396993,0.1513379851285119
mlp,2,0.2,fixed horizon 50,0.5448282076454671,0.15358809257185518,0.18693422176895724,0.5166730645985511,0.6000935861524096,0.9238956481891032,0.3999064138475904,0.07610435181089689
mlp,3,0.2,fixed horizon 50,0.5448282076454671,0.1956560283687943,0.2377076928526999,0.5210258322419528,0.4040212396069539,0.8209947914145113,0.5959787603930461,0.17900520858548863
mlp,4,0.2,fixed horizon 50,0.5448282076454671,0.21916630376176852,0.25596211907466593,0.5183979076564487,0.2178307882593597,0.786960507834735,0.7821692117406404,0.21303949216526502
mlp,5,0.2,fixed horizon 50,0.5448282076454671,0.19458053378126167,0.24631380369777509,0.5258666349582567,0.3346949735449736,0.8007955112773001,0.6653050264550265,0.19920448872269986
mlp,6,0.2,fixed horizon 50,0.5448282076454671,0.1747946995147443,0.22628269499414122,0.5257439977396985,0.454671785589889,0.8442627034415902,0.545328214410111,0.1557372965584098
mlp,7,0.2,fixed horizon 50,0.5448282076454671,0.20481445190991665,0.24392944362352056,0.5195574958568019,0.3127135802469136,0.8006402641303175,0.6872864197530864,0.19935973586968236
mlp,8,0.2,fixed horizon 50,0.5448282076454671,0.1473272054249098,0.1934627115969483,0.5230677530860193,0.5682738095238096,0.901966918886472,0.43172619047619043,0.09803308111352803
mlp,9,0.2,fixed horizon 50,0.5448282076454671,0.1747340425531915,0.22092748719199945,0.523096722319404,0.3725408010280574,0.8400134191810501,0.6274591989719427,0.1599865808189498
mlp,0,0.3,fixed horizon 50,0.5448282076454671,0.395732406305605,0.42638586494274183,0.5153267293185684,0.20462608588614584,0.6334433344777994,0.7953739141138542,0.3665566655222006
mlp,1,0.3,fixed horizon 50,0.5448282076454671,0.37633564981708456,0.3957877424829766,0.509726046332946,0.4026296048722519,0.7039853891905814,0.597370395127748,0.29601461080941854
mlp,2,0.3,fixed horizon 50,0.5448282076454671,0.3648046104607027,0.40014295148589357,0.5176691705125954,0.3807090697328475,0.7096452620062379,0.6192909302671524,0.29035473799376205
mlp,3,0.3,fixed horizon 50,0.5448282076454671,0.3657293919730834,0.38560254678253764,0.5099365774047271,0.39161631477439984,0.7436366922537261,0.6083836852256002,0.256363307746274
mlp,4,0.3,fixed horizon 50,0.5448282076454671,0.39286047237241134,0.41805072582772534,0.512595126727657,0.25430768497435163,0.6299860106669817,0.7456923150256484,0.3700139893330184
mlp,5,0.3,fixed horizon 50,0.5448282076454671,0.38110763972335715,0.41211391943023024,0.5155031398534365,0.27071717956676944,0.6570476631614017,0.7292828204332306,0.3429523368385982
mlp,6,0.3,fixed horizon 50,0.5448282076454671,0.3827525575344718,0.396287845105157,0.5067676437853426,0.2112280193045225,0.6630439247520494,0.7887719806954775,0.3369560752479505
mlp,7,0.3,fixed horizon 50,0.5448282076454671,0.37930830738547594,0.4111318117621644,0.5159117521883442,0.25674484284498955,0.671936093385563,0.7432551571550104,0.32806390661443696
mlp,8,0.3,fixed horizon 50,0.5448282076454671,0.3206259689885071,0.3715111136322393,0.5254425723218661,0.36462410613217283,0.7258389233813066,0.6353758938678271,0.2741610766186934
mlp,9,0.3,fixed horizon 50,0.5448282076454671,0.3704376201505325,0.3889734227760423,0.5092679013127549,0.3479121686175979,0.7075918509890502,0.6520878313824021,0.2924081490109498
