model,fold,heldout_task,cp_seed,alpha,eval_time,n_validation_success,regression_calibration_count,modulation_calibration_count,band_width,realized_fpr,catch_rate,tnr,balanced_accuracy,caught_alarm_fraction,effective_alarm_fraction,caught_lead_fraction,effective_lead_fraction,success_false_alarm_fraction,any_alarm_rate,roc_auc_max_score
mlp,0,0,0,0.01,fixed horizon 50,192,57,135,1.0000398539779072,0.0,0.0,1.0,0.5,,1.0,,0.0,,0.0,0.47498949138293406
mlp,0,0,0,0.01,fixed horizon 100,192,57,135,1.0000406755705435,0.0,0.0,1.0,0.5,,1.0,,0.0,,0.0,0.6233711643547709
mlp,0,0,0,0.01,fixed horizon 148,192,57,135,1.0000466377695776,0.0,0.0,1.0,0.5,,1.0,,0.0,,0.0,0.7536780159730979
mlp,0,0,0,0.025,fixed horizon 50,192,57,135,1.0000270722174598,0.0,0.0,1.0,0.5,,1.0,,0.0,,0.0,0.47498949138293406
mlp,0,0,0,0.025,fixed horizon 100,192,57,135,1.0000270722174598,0.0,0.0,1.0,0.5,,1.0,,0.0,,0.0,0.6233711643547709
mlp,0,0,0,0.025,fixed horizon 148,192,57,135,1.0000373043247262,0.0,0.0,1.0,0.5,,1.0,,0.0,,0.0,0.7536780159730979
mlp,0,0,0,0.05,fixed horizon 50,192,57,135,1.000068680046743,0.0,0.0,1.0,0.5,,1.0,,0.0,,0.0,0.47498949138293406
mlp,0,0,0,0.05,fixed horizon 100,192,57,135,1.000068680046743,0.0,0.0,1.0,0.5,,1.0,,0.0,,0.0,0.6233711643547709
mlp,0,0,0,0.05,fixed horizon 148,192,57,135,1.0000089692887444,0.0,0.0,1.0,0.5,,1.0,,0.0,,0.0,0.7536780159730979
mlp,0,0,0,0.075,fixed horizon 50,192,57,135,1.0000124175381688,0.0,0.0,1.0,0.5,,1.0,,0.0,,0.0,0.47498949138293406
mlp,0,0,0,0.075,fixed horizon 100,192,57,135,1.0000543939728974,0.0,0.0,1.0,0.5,,1.0,,0.0,,0.0,0.6233711643547709
mlp,0,0,0,0.075,fixed horizon 148,192,57,135,1.0000361615077284,0.0,0.0,1.0,0.5,,1.0,,0.0,,0.0,0.7536780159730979
mlp,0,0,0,0.1,fixed horizon 50,192,57,135,0.9999844528612698,0.0,0.0,1.0,0.5,,1.0,,0.0,,0.0,0.47498949138293406
mlp,0,0,0,0.1,fixed horizon 100,192,57,135,1.0000004298223772,0.0,0.0,1.0,0.5,,1.0,,0.0,,0.0,0.6233711643547709
mlp,0,0,0,0.1,fixed horizon 148,192,57,135,1.0000004298223772,0.0,0.0,1.0,0.5,,1.0,,0.0,,0.0,0.7536780159730979
mlp,0,0,0,0.15,fixed horizon 50,192,57,135,1.0000162061757638,0.0,0.0,1.0,0.5,,1.0,,0.0,,0.0,0.47498949138293406
mlp,0,0,0,0.15,fixed horizon 100,192,57,135,1.001763192550941,0.0,0.0,1.0,0.5,,1.0,,0.0,,0.0,0.6233711643547709
mlp,0,0,0,0.15,fixed horizon 148,192,57,135,1.0158294511673447,0.0,0.0,1.0,0.5,,1.0,,0.0,,0.0,0.7536780159730979
mlp,0,0,0,0.2,fixed horizon 50,192,57,135,1.000365694056173,0.0,0.0,1.0,0.5,,1.0,,0.0,,0.0,0.47498949138293406
mlp,0,0,0,0.2,fixed horizon 100,192,57,135,1.071088205620592,0.0,0.0,1.0,0.5,,1.0,,0.0,,0.0,0.6233711643547709
mlp,0,0,0,0.2,fixed horizon 148,192,57,135,1.0162077947313686,0.0,0.0,1.0,0.5,,1.0,,0.0,,0.0,0.7536780159730979
mlp,0,0,0,0.3,fixed horizon 50,192,57,135,1.000304327670159,0.0,0.0,1.0,0.5,,1.0,,0.0,,0.0,0.47498949138293406
mlp,0,0,0,0.3,fixed horizon 100,192,57,135,1.0005578272485616,0.0,0.02564102564102564,1.0,0.5128205128205128,0.75,0.9935897435897436,0.25,0.0064102564102563875,,0.01,0.6233711643547709
mlp,0,0,0,0.3,fixed horizon 148,192,57,135,1.000914615874532,0.0,0.02564102564102564,1.0,0.5128205128205128,0.5067567567567568,0.9873527373527374,0.4932432432432432,0.01264726264726257,,0.01,0.7536780159730979
mlp,0,0,1,0.01,fixed horizon 50,192,57,135,1.000429601808144,0.0,0.0,1.0,0.5,,1.0,,0.0,,0.0,0.47498949138293406
mlp,0,0,1,0.01,fixed horizon 100,192,57,135,1.0096896832502658,0.0,0.0,1.0,0.5,,1.0,,0.0,,0.0,0.6233711643547709
mlp,0,0,1,0.01,fixed horizon 148,192,57,135,1.041135352548393,0.0,0.0,1.0,0.5,,1.0,,0.0,,0.0,0.7536780159730979
mlp,0,0,1,0.025,fixed horizon 50,192,57,135,1.0004220259857934,0.0,0.0,1.0,0.5,,1.0,,0.0,,0.0,0.47498949138293406
mlp,0,0,1,0.025,fixed horizon 100,192,57,135,1.0096325636267773,0.0,0.0,1.0,0.5,,1.0,,0.0,,0.0,0.6233711643547709
mlp,0,0,1,0.025,fixed horizon 148,192,57,135,1.0385247815757017,0.0,0.0,1.0,0.5,,1.0,,0.0,,0.0,0.7536780159730979
mlp,0,0,1,0.05,fixed horizon 50,192,57,135,1.0102432629105904,0.0,0.0,1.0,0.5,,1.0,,0.0,,0.0,0.47498949138293406
mlp,0,0,1,0.05,fixed horizon 100,192,57,135,1.0171757000974144,0.0,0.0,1.0,0.5,,1.0,,0.0,,0.0,0.6233711643547709
mlp,0,0,1,0.05,fixed horizon 148,192,57,135,1.0595145441718214,0.0,0.0,1.0,0.5,,1.0,,0.0,,0.0,0.7536780159730979
mlp,0,0,1,0.075,fixed horizon 50,192,57,135,1.0267098487447022,0.0,0.0,1.0,0.5,,1.0,,0.0,,0.0,0.47498949138293406
mlp,0,0,1,0.075,fixed horizon 100,192,57,135,1.0637866849193336,0.0,0.0,1.0,0.5,,1.0,,0.0,,0.0,0.6233711643547709
mlp,0,0,1,0.075,fixed horizon 148,192,57,135,1.0541529195948187,0.0,0.0,1.0,0.5,,1.0,,0.0,,0.0,0.7536780159730979
mlp,0,0,1,0.1,fixed horizon 50,192,57,135,1.027542091412176,0.0,0.0,1.0,0.5,,1.0,,0.0,,0.0,0.47498949138293406
mlp,0,0,1,0.1,fixed horizon 100,192,57,135,1.0610704373711564,0.0,0.0,1.0,0.5,,1.0,,0.0,,0.0,0.6233711643547709
mlp,0,0,1,0.1,fixed horizon 148,192,57,135,1.0563077055787862,0.0,0.0,1.0,0.5,,1.0,,0.0,,0.0,0.7536780159730979
mlp,0,0,1,0.15,fixed horizon 50,192,57,135,1.093189795193523,0.0,0.0,1.0,0.5,,1.0,,0.0,,0.0,0.47498949138293406
mlp,0,0,1,0.15,fixed horizon 100,192,57,135,1.1227122463431598,0.0,0.0,1.0,0.5,,1.0,,0.0,,0.0,0.6233711643547709
mlp,0,0,1,0.15,fixed horizon 148,192,57,135,1.137539380555162,0.0,0.0,1.0,0.5,,1.0,,0.0,,0.0,0.7536780159730979
mlp,0,0,1,0.2,fixed horizon 50,192,57,135,1.214055284259673,0.0,0.0,1.0,0.5,,1.0,,0.0,,0.0,0.47498949138293406
mlp,0,0,1,0.2,fixed horizon 100,192,57,135,1.2638514746994742,0.0,0.0,1.0,0.5,,1.0,,0.0,,0.0,0.6233711643547709
mlp,0,0,1,0.2,fixed horizon 148,192,57,135,1.2120259676047425,0.0,0.0,1.0,0.5,,1.0,,0.0,,0.0,0.7536780159730979
mlp,0,0,1,0.3,fixed horizon 50,192,57,135,1.2991947139945448,0.0,0.0,1.0,0.5,,1.0,,0.0,,0.0,0.47498949138293406
mlp,0,0,1,0.3,fixed horizon 100,192,57,135,1.1906525601841262,0.0,0.0,1.0,0.5,,1.0,,0.0,,0.0,0.6233711643547709
mlp,0,0,1,0.3,fixed horizon 148,192,57,135,1.27826585189066,0.0,0.0,1.0,0.5,,1.0,,0.0,,0.0,0.7536780159730979
mlp,0,0,2,0.01,fixed horizon 50,192,57,135,1.0000183034977252,0.0,0.0,1.0,0.5,,1.0,,0.0,,0.0,0.47498949138293406
mlp,0,0,2,0.01,fixed horizon 100,192,57,135,1.0000303584205552,0.0,0.0,1.0,0.5,,1.0,,0.0,,0.0,0.6233711643547709
mlp,0,0,2,0.01,fixed horizon 148,192,57,135,1.0110753354140387,0.0,0.0,1.0,0.5,,1.0,,0.0,,0.0,0.7536780159730979
mlp,0,0,2,0.025,fixed horizon 50,192,57,135,1.0000002551907206,0.0,0.0,1.0,0.5,,1.0,,0.0,,0.0,0.47498949138293406
mlp,0,0,2,0.025,fixed horizon 100,192,57,135,1.000018496914793,0.0,0.0,1.0,0.5,,1.0,,0.0,,0.0,0.6233711643547709
mlp,0,0,2,0.025,fixed horizon 148,192,57,135,1.008283044623477,0.0,0.0,1.0,0.5,,1.0,,0.0,,0.0,0.7536780159730979
mlp,0,0,2,0.05,fixed horizon 50,192,57,135,1.0000128685055265,0.0,0.0,1.0,0.5,,1.0,,0.0,,0.0,0.47498949138293406
mlp,0,0,2,0.05,fixed horizon 100,192,57,135,1.000102248694483,0.0,0.0,1.0,0.5,,1.0,,0.0,,0.0,0.6233711643547709
mlp,0,0,2,0.05,fixed horizon 148,192,57,135,1.0141368864003182,0.0,0.0,1.0,0.5,,1.0,,0.0,,0.0,0.7536780159730979
mlp,0,0,2,0.075,fixed horizon 50,192,57,135,1.0002617836842116,0.0,0.0,1.0,0.5,,1.0,,0.0,,0.0,0.47498949138293406
mlp,0,0,2,0.075,fixed horizon 100,192,57,135,1.0124010475941372,0.0,0.0,1.0,0.5,,1.0,,0.0,,0.0,0.6233711643547709
mlp,0,0,2,0.075,fixed horizon 148,192,57,135,1.055362960692533,0.0,0.0,1.0,0.5,,1.0,,0.0,,0.0,0.7536780159730979
mlp,0,0,2,0.1,fixed horizon 50,192,57,135,1.0002646321321447,0.0,0.0,1.0,0.5,,1.0,,0.0,,0.0,0.47498949138293406
mlp,0,0,2,0.1,fixed horizon 100,192,57,135,1.0163976785870583,0.0,0.0,1.0,0.5,,1.0,,0.0,,0.0,0.6233711643547709
mlp,0,0,2,0.1,fixed horizon 148,192,57,135,1.0445716207175388,0.0,0.0,1.0,0.5,,1.0,,0.0,,0.0,0.7536780159730979
mlp,0,0,2,0.15,fixed horizon 50,192,57,135,1.021244826472072,0.0,0.0,1.0,0.5,,1.0,,0.0,,0.0,0.47498949138293406
mlp,0,0,2,0.15,fixed horizon 100,192,57,135,1.0007876425690847,0.0,0.0,1.0,0.5,,1.0,,0.0,,0.0,0.6233711643547709
mlp,0,0,2,0.15,fixed horizon 148,192,57,135,1.0554384279887463,0.0,0.0,1.0,0.5,,1.0,,0.0,,0.0,0.7536780159730979
mlp,0,0,2,0.2,fixed horizon 50,192,57,135,1.0256647107680015,0.0,0.0,1.0,0.5,,1.0,,0.0,,0.0,0.47498949138293406
mlp,0,0,2,0.2,fixed horizon 100,192,57,135,1.1176862021456069,0.0,0.0,1.0,0.5,,1.0,,0.0,,0.0,0.6233711643547709
mlp,0,0,2,0.2,fixed horizon 148,192,57,135,1.0516300235378067,0.0,0.0,1.0,0.5,,1.0,,0.0,,0.0,0.7536780159730979
mlp,0,0,2,0.3,fixed horizon 50,192,57,135,1.191232947880601,0.0,0.0,1.0,0.5,,1.0,,0.0,,0.0,0.47498949138293406
mlp,0,0,2,0.3,fixed horizon 100,192,57,135,1.103828679682395,0.0,0.0,1.0,0.5,,1.0,,0.0,,0.0,0.6233711643547709
mlp,0,0,2,0.3,fixed horizon 148,192,57,135,1.1282963492124989,0.0,0.0,1.0,0.5,,1.0,,0.0,,0.0,0.7536780159730979
mlp,0,0,3,0.01,fixed horizon 50,192,57,135,0.9999997686550502,0.0,0.0,1.0,0.5,,1.0,,0.0,,0.0,0.47498949138293406
mlp,0,0,3,0.01,fixed horizon 100,192,57,135,1.000029208243859,0.0,0.0,1.0,0.5,,1.0,,0.0,,0.0,0.6233711643547709
mlp,0,0,3,0.01,fixed horizon 148,192,57,135,1.0000677782143126,0.0,0.0,1.0,0.5,,1.0,,0.0,,0.0,0.7536780159730979
mlp,0,0,3,0.025,fixed horizon 50,192,57,135,0.9999948331377524,0.0,0.0,1.0,0.5,,1.0,,0.0,,0.0,0.47498949138293406
mlp,0,0,3,0.025,fixed horizon 100,192,57,135,1.0000050773693365,0.0,0.0,1.0,0.5,,1.0,,0.0,,0.0,0.6233711643547709
mlp,0,0,3,0.025,fixed horizon 148,192,57,135,1.000016161197379,0.0,0.0,1.0,0.5,,1.0,,0.0,,0.0,0.7536780159730979
mlp,0,0,3,0.05,fixed horizon 50,192,57,135,0.9999797272829505,0.0,0.0,1.0,0.5,,1.0,,0.0,,0.0,0.47498949138293406
mlp,0,0,3,0.05,fixed horizon 100,192,57,135,0.9999977312060762,0.0,0.0,1.0,0.5,,1.0,,0.0,,0.0,0.6233711643547709
mlp,0,0,3,0.05,fixed horizon 148,192,57,135,1.00003416582877,0.0,0.0,1.0,0.5,,1.0,,0.0,,0.0,0.7536780159730979
mlp,0,0,3,0.075,fixed horizon 50,192,57,135,0.9998631304857697,0.0,0.0,1.0,0.5,,1.0,,0.0,,0.0,0.47498949138293406
mlp,0,0,3,0.075,fixed horizon 100,192,57,135,1.000003869201593,0.0,0.0,1.0,0.5,,1.0,,0.0,,0.0,0.6233711643547709
mlp,0,0,3,0.075,fixed horizon 148,192,57,135,1.0000027291838092,0.0,0.0,1.0,0.5,,1.0,,0.0,,0.0,0.7536780159730979
mlp,0,0,3,0.1,fixed horizon 50,192,57,135,0.9997318438605477,0.0,0.0,1.0,0.5,,1.0,,0.0,,0.0,0.47498949138293406
mlp,0,0,3,0.1,fixed horizon 100,192,57,135,0.9997936819676018,0.0,0.0,1.0,0.5,,1.0,,0.0,,0.0,0.6233711643547709
mlp,0,0,3,0.1,fixed horizon 148,192,57,135,0.999942458034287,0.0,0.0,1.0,0.5,,1.0,,0.0,,0.0,0.7536780159730979
mlp,0,0,3,0.15,fixed horizon 50,192,57,135,0.9992479917479904,0.0,0.0,1.0,0.5,,1.0,,0.0,,0.0,0.47498949138293406
mlp,0,0,3,0.15,fixed horizon 100,192,57,135,0.9993131027396273,0.0,0.0,1.0,0.5,,1.0,,0.0,,0.0,0.6233711643547709
mlp,0,0,3,0.15,fixed horizon 148,192,57,135,0.9991880050954676,0.0,0.0,1.0,0.5,,1.0,,0.0,,0.0,0.7536780159730979
mlp,0,0,3,0.2,fixed horizon 50,192,57,135,0.9929035075966464,0.0,0.0,1.0,0.5,,1.0,,0.0,,0.0,0.47498949138293406
mlp,0,0,3,0.2,fixed horizon 100,192,57,135,0.9985530201980015,0.0,0.0,1.0,0.5,,1.0,,0.0,,0.0,0.6233711643547709
mlp,0,0,3,0.2,fixed horizon 148,192,57,135,0.997653357280218,0.0,0.0,1.0,0.5,,1.0,,0.0,,0.0,0.7536780159730979
mlp,0,0,3,0.3,fixed horizon 50,192,57,135,0.9730607730572315,0.0,0.0,1.0,0.5,,1.0,,0.0,,0.0,0.47498949138293406
mlp,0,0,3,0.3,fixed horizon 100,192,57,135,0.9568894039242319,0.0,0.0,1.0,0.5,,1.0,,0.0,,0.0,0.6233711643547709
mlp,0,0,3,0.3,fixed horizon 148,192,57,135,0.9641714094140352,0.0,0.0,1.0,0.5,,1.0,,0.0,,0.0,0.7536780159730979
mlp,0,0,4,0.01,fixed horizon 50,192,57,135,0.8855482140073507,0.0,0.0,1.0,0.5,,1.0,,0.0,,0.0,0.47498949138293406
mlp,0,0,4,0.01,fixed horizon 100,192,57,135,0.9076109756557246,0.0,0.0,1.0,0.5,,1.0,,0.0,,0.0,0.6233711643547709
mlp,0,0,4,0.01,fixed horizon 148,192,57,135,0.9331962441772845,0.0,0.0,1.0,0.5,,1.0,,0.0,,0.0,0.7536780159730979
mlp,0,0,4,0.025,fixed horizon 50,192,57,135,0.8854943615627625,0.0,0.0,1.0,0.5,,1.0,,0.0,,0.0,0.47498949138293406
mlp,0,0,4,0.025,fixed horizon 100,192,57,135,0.90654538535179,0.0,0.0,1.0,0.5,,1.0,,0.0,,0.0,0.6233711643547709
mlp,0,0,4,0.025,fixed horizon 148,192,57,135,0.9312203141439312,0.0,0.0,1.0,0.5,,1.0,,0.0,,0.0,0.7536780159730979
mlp,0,0,4,0.05,fixed horizon 50,192,57,135,0.8960204946525057,0.0,0.0,1.0,0.5,,1.0,,0.0,,0.0,0.47498949138293406
mlp,0,0,4,0.05,fixed horizon 100,192,57,135,0.9171941152082732,0.0,0.0,1.0,0.5,,1.0,,0.0,,0.0,0.6233711643547709
mlp,0,0,4,0.05,fixed horizon 148,192,57,135,0.9299888076140569,0.0,0.0,1.0,0.5,,1.0,,0.0,,0.0,0.7536780159730979
mlp,0,0,4,0.075,fixed horizon 50,192,57,135,0.8980510017209085,0.0,0.0,1.0,0.5,,1.0,,0.0,,0.0,0.47498949138293406
mlp,0,0,4,0.075,fixed horizon 100,192,57,135,0.932222031783344,0.0,0.0,1.0,0.5,,1.0,,0.0,,0.0,0.6233711643547709
mlp,0,0,4,0.075,fixed horizon 148,192,57,135,0.9209520183595938,0.0,0.0,1.0,0.5,,1.0,,0.0,,0.0,0.7536780159730979
mlp,0,0,4,0.1,fixed horizon 50,192,57,135,0.9090206737525066,0.0,0.0,1.0,0.5,,1.0,,0.0,,0.0,0.47498949138293406
mlp,0,0,4,0.1,fixed horizon 100,192,57,135,0.9294131359376684,0.0,0.0,1.0,0.5,,1.0,,0.0,,0.0,0.6233711643547709
mlp,0,0,4,0.1,fixed horizon 148,192,57,135,0.9074605216335946,0.0,0.0,1.0,0.5,,1.0,,0.0,,0.0,0.7536780159730979
mlp,0,0,4,0.15,fixed horizon 50,192,57,135,0.9041461629817186,0.0,0.0,1.0,0.5,,1.0,,0.0,,0.0,0.47498949138293406
mlp,0,0,4,0.15,fixed horizon 100,192,57,135,0.8980701078859258,0.0,0.0,1.0,0.5,,1.0,,0.0,,0.0,0.6233711643547709
mlp,0,0,4,0.15,fixed horizon 148,192,57,135,0.8859218414065111,0.0,0.0,1.0,0.5,,1.0,,0.0,,0.0,0.7536780159730979
mlp,0,0,4,0.2,fixed horizon 50,192,57,135,0.8789493714917002,0.0,0.0,1.0,0.5,,1.0,,0.0,,0.0,0.47498949138293406
mlp,0,0,4,0.2,fixed horizon 100,192,57,135,0.8674372717521304,0.0,0.0,1.0,0.5,,1.0,,0.0,,0.0,0.6233711643547709
mlp,0,0,4,0.2,fixed horizon 148,192,57,135,0.8664047456772129,0.0,0.0,1.0,0.5,,1.0,,0.0,,0.0,0.7536780159730979
mlp,0,0,4,0.3,fixed horizon 50,192,57,135,0.8180739001117996,0.01639344262295082,0.02564102564102564,0.9836065573770492,0.5046237915090374,0.0,0.9743589743589743,1.0,0.02564102564102566,0.0,0.02,0.47498949138293406
mlp,0,0,4,0.3,fixed horizon 100,192,57,135,0.8180739001117996,0.01639344262295082,0.05128205128205128,0.9836065573770492,0.5174443043295502,0.385,0.9684615384615384,0.615,0.031538461538461626,0.0,0.03,0.6233711643547709
mlp,0,0,4,0.3,fixed horizon 148,192,57,135,0.817283814407867,0.01639344262295082,0.02564102564102564,0.9836065573770492,0.5046237915090374,0.0,0.9743589743589743,1.0,0.02564102564102566,0.0,0.02,0.7536780159730979
mlp,0,0,5,0.01,fixed horizon 50,192,57,135,1.000001014902632,0.0,0.0,1.0,0.5,,1.0,,0.0,,0.0,0.47498949138293406
mlp,0,0,5,0.01,fixed horizon 100,192,57,135,1.0000110070126502,0.0,0.0,1.0,0.5,,1.0,,0.0,,0.0,0.6233711643547709
mlp,0,0,5,0.01,fixed horizon 148,192,57,135,1.000016579865059,0.0,0.0,1.0,0.5,,1.0,,0.0,,0.0,0.7536780159730979
mlp,0,0,5,0.025,fixed horizon 50,192,57,135,0.9999987372213619,0.0,0.0,1.0,0.5,,1.0,,0.0,,0.0,0.47498949138293406
mlp,0,0,5,0.025,fixed horizon 100,192,57,135,1.0000016313580362,0.0,0.0,1.0,0.5,,1.0,,0.0,,0.0,0.6233711643547709
mlp,0,0,5,0.025,fixed horizon 148,192,57,135,1.0000035633359339,0.0,0.0,1.0,0.5,,1.0,,0.0,,0.0,0.7536780159730979
mlp,0,0,5,0.05,fixed horizon 50,192,57,135,0.9999826461147654,0.0,0.0,1.0,0.5,,1.0,,0.0,,0.0,0.47498949138293406
mlp,0,0,5,0.05,fixed horizon 100,192,57,135,0.9999942260326647,0.0,0.0,1.0,0.5,,1.0,,0.0,,0.0,0.6233711643547709
mlp,0,0,5,0.05,fixed horizon 148,192,57,135,0.9999942260326647,0.0,0.0,1.0,0.5,,1.0,,0.0,,0.0,0.7536780159730979
mlp,0,0,5,0.075,fixed horizon 50,192,57,135,0.9999996303629135,0.0,0.0,1.0,0.5,,1.0,,0.0,,0.0,0.47498949138293406
mlp,0,0,5,0.075,fixed horizon 100,192,57,135,0.9999935896644371,0.0,0.0,1.0,0.5,,1.0,,0.0,,0.0,0.6233711643547709
mlp,0,0,5,0.075,fixed horizon 148,192,57,135,0.9999935896644371,0.0,0.0,1.0,0.5,,1.0,,0.0,,0.0,0.7536780159730979
mlp,0,0,5,0.1,fixed horizon 50,192,57,135,1.0003791126913084,0.0,0.0,1.0,0.5,,1.0,,0.0,,0.0,0.47498949138293406
mlp,0,0,5,0.1,fixed horizon 100,192,57,135,0.9998085675957715,0.0,0.0,1.0,0.5,,1.0,,0.0,,0.0,0.6233711643547709
mlp,0,0,5,0.1,fixed horizon 148,192,57,135,0.9999918303053247,0.0,0.0,1.0,0.5,,1.0,,0.0,,0.0,0.7536780159730979
mlp,0,0,5,0.15,fixed horizon 50,192,57,135,0.9997225635035152,0.0,0.0,1.0,0.5,,1.0,,0.0,,0.0,0.47498949138293406
mlp,0,0,5,0.15,fixed horizon 100,192,57,135,1.0002270401619624,0.0,0.0,1.0,0.5,,1.0,,0.0,,0.0,0.6233711643547709
mlp,0,0,5,0.15,fixed horizon 148,192,57,135,1.0095126043154687,0.0,0.0,1.0,0.5,,1.0,,0.0,,0.0,0.7536780159730979
mlp,0,0,5,0.2,fixed horizon 50,192,57,135,0.9995761741501336,0.0,0.0,1.0,0.5,,1.0,,0.0,,0.0,0.47498949138293406
mlp,0,0,5,0.2,fixed horizon 100,192,57,135,1.0056512232025965,0.0,0.0,1.0,0.5,,1.0,,0.0,,0.0,0.6233711643547709
mlp,0,0,5,0.2,fixed horizon 148,192,57,135,1.0244776441465613,0.0,0.0,1.0,0.5,,1.0,,0.0,,0.0,0.7536780159730979
mlp,0,0,5,0.3,fixed horizon 50,192,57,135,1.0004815182587974,0.0,0.0,1.0,0.5,,1.0,,0.0,,0.0,0.47498949138293406
mlp,0,0,5,0.3,fixed horizon 100,192,57,135,0.9916210017125527,0.0,0.0,1.0,0.5,,1.0,,0.0,,0.0,0.6233711643547709
mlp,0,0,5,0.3,fixed horizon 148,192,57,135,0.9963375564673614,0.0,0.0,1.0,0.5,,1.0,,0.0,,0.0,0.7536780159730979
mlp,0,0,6,0.01,fixed horizon 50,192,57,135,1.0000058629437503,0.0,0.0,1.0,0.5,,1.0,,0.0,,0.0,0.47498949138293406
mlp,0,0,6,0.01,fixed horizon 100,192,57,135,1.0000931529943493,0.0,0.0,1.0,0.5,,1.0,,0.0,,0.0,0.6233711643547709
mlp,0,0,6,0.01,fixed horizon 148,192,57,135,1.000166060406951,0.0,0.0,1.0,0.5,,1.0,,0.0,,0.0,0.7536780159730979
mlp,0,0,6,0.025,fixed horizon 50,192,57,135,1.0000026478425694,0.0,0.0,1.0,0.5,,1.0,,0.0,,0.0,0.47498949138293406
mlp,0,0,6,0.025,fixed horizon 100,192,57,135,1.0000342078190199,0.0,0.0,1.0,0.5,,1.0,,0.0,,0.0,0.6233711643547709
mlp,0,0,6,0.025,fixed horizon 148,192,57,135,1.0000931469451746,0.0,0.0,1.0,0.5,,1.0,,0.0,,0.0,0.7536780159730979
mlp,0,0,6,0.05,fixed horizon 50,192,57,135,1.000235387709746,0.0,0.0,1.0,0.5,,1.0,,0.0,,0.0,0.47498949138293406
mlp,0,0,6,0.05,fixed horizon 100,192,57,135,1.0023593342778,0.0,0.0,1.0,0.5,,1.0,,0.0,,0.0,0.6233711643547709
mlp,0,0,6,0.05,fixed horizon 148,192,57,135,1.002386320011879,0.0,0.0,1.0,0.5,,1.0,,0.0,,0.0,0.7536780159730979
mlp,0,0,6,0.075,fixed horizon 50,192,57,135,1.0028720107485238,0.0,0.0,1.0,0.5,,1.0,,0.0,,0.0,0.47498949138293406
mlp,0,0,6,0.075,fixed horizon 100,192,57,135,1.0098967180570315,0.0,0.0,1.0,0.5,,1.0,,0.0,,0.0,0.6233711643547709
mlp,0,0,6,0.075,fixed horizon 148,192,57,135,1.0103120185212042,0.0,0.0,1.0,0.5,,1.0,,0.0,,0.0,0.7536780159730979
mlp,0,0,6,0.1,fixed horizon 50,192,57,135,1.010585490603948,0.0,0.0,1.0,0.5,,1.0,,0.0,,0.0,0.47498949138293406
mlp,0,0,6,0.1,fixed horizon 100,192,57,135,1.0252245168822687,0.0,0.0,1.0,0.5,,1.0,,0.0,,0.0,0.6233711643547709
mlp,0,0,6,0.1,fixed horizon 148,192,57,135,1.0112708958752223,0.0,0.0,1.0,0.5,,1.0,,0.0,,0.0,0.7536780159730979
mlp,0,0,6,0.15,fixed horizon 50,192,57,135,1.010510565272043,0.0,0.0,1.0,0.5,,1.0,,0.0,,0.0,0.47498949138293406
mlp,0,0,6,0.15,fixed horizon 100,192,57,135,1.0340760750080853,0.0,0.0,1.0,0.5,,1.0,,0.0,,0.0,0.6233711643547709
mlp,0,0,6,0.15,fixed horizon 148,192,57,135,1.0376309237351915,0.0,0.0,1.0,0.5,,1.0,,0.0,,0.0,0.7536780159730979
mlp,0,0,6,0.2,fixed horizon 50,192,57,135,1.0074980933096132,0.0,0.0,1.0,0.5,,1.0,,0.0,,0.0,0.47498949138293406
mlp,0,0,6,0.2,fixed horizon 100,192,57,135,1.020500462218159,0.0,0.0,1.0,0.5,,1.0,,0.0,,0.0,0.6233711643547709
mlp,0,0,6,0.2,fixed horizon 148,192,57,135,1.065788622810475,0.0,0.0,1.0,0.5,,1.0,,0.0,,0.0,0.7536780159730979
mlp,0,0,6,0.3,fixed horizon 50,192,57,135,1.056351631528541,0.0,0.0,1.0,0.5,,1.0,,0.0,,0.0,0.47498949138293406
mlp,0,0,6,0.3,fixed horizon 100,192,57,135,1.0779275071340262,0.0,0.02564102564102564,1.0,0.5128205128205128,0.72,0.9928205128205128,0.28,0.007179487179487243,,0.01,0.6233711643547709
mlp,0,0,6,0.3,fixed horizon 148,192,57,135,1.1118771415463327,0.0,0.0,1.0,0.5,,1.0,,0.0,,0.0,0.7536780159730979
mlp,0,0,7,0.01,fixed horizon 50,192,57,135,1.0000007772684791,0.0,0.0,1.0,0.5,,1.0,,0.0,,0.0,0.47498949138293406
mlp,0,0,7,0.01,fixed horizon 100,192,57,135,1.0000190337803332,0.0,0.0,1.0,0.5,,1.0,,0.0,,0.0,0.6233711643547709
mlp,0,0,7,0.01,fixed horizon 148,192,57,135,1.0000816731726718,0.0,0.0,1.0,0.5,,1.0,,0.0,,0.0,0.7536780159730979
mlp,0,0,7,0.025,fixed horizon 50,192,57,135,0.9999996377253333,0.0,0.0,1.0,0.5,,1.0,,0.0,,0.0,0.47498949138293406
mlp,0,0,7,0.025,fixed horizon 100,192,57,135,1.0000008229531347,0.0,0.0,1.0,0.5,,1.0,,0.0,,0.0,0.6233711643547709
mlp,0,0,7,0.025,fixed horizon 148,192,57,135,1.000009281362227,0.0,0.0,1.0,0.5,,1.0,,0.0,,0.0,0.7536780159730979
mlp,0,0,7,0.05,fixed horizon 50,192,57,135,0.9999967654352546,0.0,0.0,1.0,0.5,,1.0,,0.0,,0.0,0.47498949138293406
mlp,0,0,7,0.05,fixed horizon 100,192,57,135,0.999997627482097,0.0,0.0,1.0,0.5,,1.0,,0.0,,0.0,0.6233711643547709
mlp,0,0,7,0.05,fixed horizon 148,192,57,135,0.999997627482097,0.0,0.0,1.0,0.5,,1.0,,0.0,,0.0,0.7536780159730979
mlp,0,0,7,0.075,fixed horizon 50,192,57,135,0.9999923214325506,0.0,0.0,1.0,0.5,,1.0,,0.0,,0.0,0.47498949138293406
mlp,0,0,7,0.075,fixed horizon 100,192,57,135,0.9999773054355053,0.0,0.0,1.0,0.5,,1.0,,0.0,,0.0,0.6233711643547709
mlp,0,0,7,0.075,fixed horizon 148,192,57,135,0.9999923214325506,0.0,0.0,1.0,0.5,,1.0,,0.0,,0.0,0.7536780159730979
mlp,0,0,7,0.1,fixed horizon 50,192,57,135,0.999971456437943,0.0,0.0,1.0,0.5,,1.0,,0.0,,0.0,0.47498949138293406
mlp,0,0,7,0.1,fixed horizon 100,192,57,135,0.9999312094064237,0.0,0.0,1.0,0.5,,1.0,,0.0,,0.0,0.6233711643547709
mlp,0,0,7,0.1,fixed horizon 148,192,57,135,0.9999538882020419,0.0,0.0,1.0,0.5,,1.0,,0.0,,0.0,0.7536780159730979
mlp,0,0,7,0.15,fixed horizon 50,192,57,135,0.9997156225440521,0.0,0.0,1.0,0.5,,1.0,,0.0,,0.0,0.47498949138293406
mlp,0,0,7,0.15,fixed horizon 100,192,57,135,0.9997332925024938,0.0,0.0,1.0,0.5,,1.0,,0.0,,0.0,0.6233711643547709
mlp,0,0,7,0.15,fixed horizon 148,192,57,135,0.9997519392208554,0.0,0.0,1.0,0.5,,1.0,,0.0,,0.0,0.7536780159730979
mlp,0,0,7,0.2,fixed horizon 50,192,57,135,0.9987271842523249,0.0,0.0,1.0,0.5,,1.0,,0.0,,0.0,0.47498949138293406
mlp,0,0,7,0.2,fixed horizon 100,192,57,135,0.9996115463716418,0.0,0.0,1.0,0.5,,1.0,,0.0,,0.0,0.6233711643547709
mlp,0,0,7,0.2,fixed horizon 148,192,57,135,0.9992619408197092,0.0,0.0,1.0,0.5,,1.0,,0.0,,0.0,0.7536780159730979
mlp,0,0,7,0.3,fixed horizon 50,192,57,135,0.9894384452551418,0.01639344262295082,0.02564102564102564,0.9836065573770492,0.5046237915090374,0.0,0.9743589743589743,1.0,0.02564102564102566,0.0,0.02,0.47498949138293406
mlp,0,0,7,0.3,fixed horizon 100,192,57,135,0.9879247751180776,0.01639344262295082,0.02564102564102564,0.9836065573770492,0.5046237915090374,0.0,0.9743589743589743,1.0,0.02564102564102566,0.0,0.02,0.6233711643547709
mlp,0,0,7,0.3,fixed horizon 148,192,57,135,0.9937953086593846,0.0,0.02564102564102564,1.0,0.5128205128205128,0.006756756756756757,0.9745322245322245,0.9932432432432432,0.025467775467775455,,0.01,0.7536780159730979
mlp,0,0,8,0.01,fixed horizon 50,192,57,135,1.000005938700847,0.0,0.0,1.0,0.5,,1.0,,0.0,,0.0,0.47498949138293406
mlp,0,0,8,0.01,fixed horizon 100,192,57,135,1.0000309106828214,0.0,0.0,1.0,0.5,,1.0,,0.0,,0.0,0.6233711643547709
mlp,0,0,8,0.01,fixed horizon 148,192,57,135,1.0038675392776795,0.0,0.0,1.0,0.5,,1.0,,0.0,,0.0,0.7536780159730979
mlp,0,0,8,0.025,fixed horizon 50,192,57,135,0.9999956659550715,0.0,0.0,1.0,0.5,,1.0,,0.0,,0.0,0.47498949138293406
mlp,0,0,8,0.025,fixed horizon 100,192,57,135,1.000014918902291,0.0,0.0,1.0,0.5,,1.0,,0.0,,0.0,0.6233711643547709
mlp,0,0,8,0.025,fixed horizon 148,192,57,135,1.0012092274635918,0.0,0.0,1.0,0.5,,1.0,,0.0,,0.0,0.7536780159730979
mlp,0,0,8,0.05,fixed horizon 50,192,57,135,0.999984567945302,0.0,0.0,1.0,0.5,,1.0,,0.0,,0.0,0.47498949138293406
mlp,0,0,8,0.05,fixed horizon 100,192,57,135,1.000013480349309,0.0,0.0,1.0,0.5,,1.0,,0.0,,0.0,0.6233711643547709
mlp,0,0,8,0.05,fixed horizon 148,192,57,135,1.000044425940318,0.0,0.0,1.0,0.5,,1.0,,0.0,,0.0,0.7536780159730979
mlp,0,0,8,0.075,fixed horizon 50,192,57,135,1.000141373706499,0.0,0.0,1.0,0.5,,1.0,,0.0,,0.0,0.47498949138293406
mlp,0,0,8,0.075,fixed horizon 100,192,57,135,0.9999720961202582,0.0,0.0,1.0,0.5,,1.0,,0.0,,0.0,0.6233711643547709
mlp,0,0,8,0.075,fixed horizon 148,192,57,135,0.9999401464967212,0.0,0.0,1.0,0.5,,1.0,,0.0,,0.0,0.7536780159730979
mlp,0,0,8,0.1,fixed horizon 50,192,57,135,1.0001086261903605,0.0,0.0,1.0,0.5,,1.0,,0.0,,0.0,0.47498949138293406
mlp,0,0,8,0.1,fixed horizon 100,192,57,135,0.999819580204516,0.0,0.0,1.0,0.5,,1.0,,0.0,,0.0,0.6233711643547709
mlp,0,0,8,0.1,fixed horizon 148,192,57,135,0.99977600944611,0.0,0.0,1.0,0.5,,1.0,,0.0,,0.0,0.7536780159730979
mlp,0,0,8,0.15,fixed horizon 50,192,57,135,1.0171319900302183,0.0,0.0,1.0,0.5,,1.0,,0.0,,0.0,0.47498949138293406
mlp,0,0,8,0.15,fixed horizon 100,192,57,135,1.0026499873636303,0.0,0.0,1.0,0.5,,1.0,,0.0,,0.0,0.6233711643547709
mlp,0,0,8,0.15,fixed horizon 148,192,57,135,1.0109507297490306,0.0,0.0,1.0,0.5,,1.0,,0.0,,0.0,0.7536780159730979
mlp,0,0,8,0.2,fixed horizon 50,192,57,135,1.0651890683630743,0.0,0.0,1.0,0.5,,1.0,,0.0,,0.0,0.47498949138293406
mlp,0,0,8,0.2,fixed horizon 100,192,57,135,1.0996320783695328,0.0,0.0,1.0,0.5,,1.0,,0.0,,0.0,0.6233711643547709
mlp,0,0,8,0.2,fixed horizon 148,192,57,135,1.0724151213726587,0.0,0.0,1.0,0.5,,1.0,,0.0,,0.0,0.7536780159730979
mlp,0,0,8,0.3,fixed horizon 50,192,57,135,1.1139329089825125,0.0,0.0,1.0,0.5,,1.0,,0.0,,0.0,0.47498949138293406
mlp,0,0,8,0.3,fixed horizon 100,192,57,135,1.0761073008950344,0.0,0.0,1.0,0.5,,1.0,,0.0,,0.0,0.6233711643547709
mlp,0,0,8,0.3,fixed horizon 148,192,57,135,1.157123416825202,0.0,0.0,1.0,0.5,,1.0,,0.0,,0.0,0.7536780159730979
mlp,0,0,9,0.01,fixed horizon 50,192,57,135,1.0001650287233566,0.0,0.0,1.0,0.5,,1.0,,0.0,,0.0,0.47498949138293406
mlp,0,0,9,0.01,fixed horizon 100,192,57,135,1.0001650287233566,0.0,0.0,1.0,0.5,,1.0,,0.0,,0.0,0.6233711643547709
mlp,0,0,9,0.01,fixed horizon 148,192,57,135,1.0001650287233566,0.0,0.0,1.0,0.5,,1.0,,0.0,,0.0,0.7536780159730979
mlp,0,0,9,0.025,fixed horizon 50,192,57,135,1.0001510493369539,0.0,0.0,1.0,0.5,,1.0,,0.0,,0.0,0.47498949138293406
mlp,0,0,9,0.025,fixed horizon 100,192,57,135,1.0001510493369539,0.0,0.0,1.0,0.5,,1.0,,0.0,,0.0,0.6233711643547709
mlp,0,0,9,0.025,fixed horizon 148,192,57,135,1.0001578171516923,0.0,0.0,1.0,0.5,,1.0,,0.0,,0.0,0.7536780159730979
mlp,0,0,9,0.05,fixed horizon 50,192,57,135,1.0000927014366146,0.0,0.0,1.0,0.5,,1.0,,0.0,,0.0,0.47498949138293406
mlp,0,0,9,0.05,fixed horizon 100,192,57,135,1.0000799413194847,0.0,0.0,1.0,0.5,,1.0,,0.0,,0.0,0.6233711643547709
mlp,0,0,9,0.05,fixed horizon 148,192,57,135,1.0000799413194847,0.0,0.0,1.0,0.5,,1.0,,0.0,,0.0,0.7536780159730979
mlp,0,0,9,0.075,fixed horizon 50,192,57,135,1.000087434933175,0.0,0.0,1.0,0.5,,1.0,,0.0,,0.0,0.47498949138293406
mlp,0,0,9,0.075,fixed horizon 100,192,57,135,0.999998643745292,0.0,0.0,1.0,0.5,,1.0,,0.0,,0.0,0.6233711643547709
mlp,0,0,9,0.075,fixed horizon 148,192,57,135,0.999998643745292,0.0,0.0,1.0,0.5,,1.0,,0.0,,0.0,0.7536780159730979
mlp,0,0,9,0.1,fixed horizon 50,192,57,135,1.0000105327714746,0.0,0.0,1.0,0.5,,1.0,,0.0,,0.0,0.47498949138293406
mlp,0,0,9,0.1,fixed horizon 100,192,57,135,0.9999973540240475,0.0,0.0,1.0,0.5,,1.0,,0.0,,0.0,0.6233711643547709
mlp,0,0,9,0.1,fixed horizon 148,192,57,135,0.9999973540240475,0.0,0.0,1.0,0.5,,1.0,,0.0,,0.0,0.7536780159730979
mlp,0,0,9,0.15,fixed horizon 50,192,57,135,1.0018874518714709,0.0,0.0,1.0,0.5,,1.0,,0.0,,0.0,0.47498949138293406
mlp,0,0,9,0.15,fixed horizon 100,192,57,135,1.027075127316095,0.0,0.0,1.0,0.5,,1.0,,0.0,,0.0,0.6233711643547709
mlp,0,0,9,0.15,fixed horizon 148,192,57,135,1.0484976066705172,0.0,0.0,1.0,0.5,,1.0,,0.0,,0.0,0.7536780159730979
mlp,0,0,9,0.2,fixed horizon 50,192,57,135,1.0142952130281861,0.0,0.0,1.0,0.5,,1.0,,0.0,,0.0,0.47498949138293406
mlp,0,0,9,0.2,fixed horizon 100,192,57,135,1.0254854635746071,0.0,0.0,1.0,0.5,,1.0,,0.0,,0.0,0.6233711643547709
mlp,0,0,9,0.2,fixed horizon 148,192,57,135,1.0383742481585105,0.0,0.0,1.0,0.5,,1.0,,0.0,,0.0,0.7536780159730979
mlp,0,0,9,0.3,fixed horizon 50,192,57,135,1.236037715180605,0.01639344262295082,0.02564102564102564,0.9836065573770492,0.5046237915090374,0.36,0.9835897435897436,0.64,0.016410256410256396,0.28,0.02,0.47498949138293406
mlp,0,0,9,0.3,fixed horizon 100,192,57,135,1.1841432435614925,0.0,0.0,1.0,0.5,,1.0,,0.0,,0.0,0.6233711643547709
mlp,0,0,9,0.3,fixed horizon 148,192,57,135,1.0596256840734628,0.0,0.0,1.0,0.5,,1.0,,0.0,,0.0,0.7536780159730979
mlp,1,1,0,0.01,fixed horizon 50,188,56,132,0.9792562561256267,0.0,0.0,1.0,0.5,,1.0,,0.0,,0.0,0.5098934550989346
mlp,1,1,0,0.01,fixed horizon 100,188,56,132,0.9792562561256267,0.0,0.0,1.0,0.5,,1.0,,0.0,,0.0,0.5905631659056316
mlp,1,1,0,0.01,fixed horizon 148,188,56,132,0.9792562561256267,0.0,0.0,1.0,0.5,,1.0,,0.0,,0.0,0.6133942161339422
mlp,1,1,0,0.025,fixed horizon 50,188,56,132,0.9792263192184053,0.0,0.0,1.0,0.5,,1.0,,0.0,,0.0,0.5098934550989346
mlp,1,1,0,0.025,fixed horizon 100,188,56,132,0.9792263192184053,0.0,0.0,1.0,0.5,,1.0,,0.0,,0.0,0.5905631659056316
mlp,1,1,0,0.025,fixed horizon 148,188,56,132,0.9792263192184053,0.0,0.0,1.0,0.5,,1.0,,0.0,,0.0,0.6133942161339422
mlp,1,1,0,0.05,fixed horizon 50,188,56,132,0.979764363158272,0.0,0.0,1.0,0.5,,1.0,,0.0,,0.0,0.5098934550989346
mlp,1,1,0,0.05,fixed horizon 100,188,56,132,0.9790213396151886,0.0,0.0,1.0,0.5,,1.0,,0.0,,0.0,0.5905631659056316
mlp,1,1,0,0.05,fixed horizon 148,188,56,132,0.9790213396151886,0.0,0.0,1.0,0.5,,1.0,,0.0,,0.0,0.6133942161339422
mlp,1,1,0,0.075,fixed horizon 50,188,56,132,0.9794772329632077,0.0,0.0,1.0,0.5,,1.0,,0.0,,0.0,0.5098934550989346
mlp,1,1,0,0.075,fixed horizon 100,188,56,132,0.9774866126138989,0.0,0.0,1.0,0.5,,1.0,,0.0,,0.0,0.5905631659056316
mlp,1,1,0,0.075,fixed horizon 148,188,56,132,0.983290607639165,0.0,0.0,1.0,0.5,,1.0,,0.0,,0.0,0.6133942161339422
mlp,1,1,0,0.1,fixed horizon 50,188,56,132,0.9791139012401827,0.0,0.0,1.0,0.5,,1.0,,0.0,,0.0,0.5098934550989346
mlp,1,1,0,0.1,fixed horizon 100,188,56,132,0.9751960981515145,0.0,0.0,1.0,0.5,,1.0,,0.0,,0.0,0.5905631659056316
mlp,1,1,0,0.1,fixed horizon 148,188,56,132,0.9792851839236159,0.0,0.0,1.0,0.5,,1.0,,0.0,,0.0,0.6133942161339422
mlp,1,1,0,0.15,fixed horizon 50,188,56,132,0.9826275321194123,0.0,0.037037037037037035,1.0,0.5185185185185185,0.48,0.9807407407407408,0.52,0.019259259259259198,,0.01,0.5098934550989346
mlp,1,1,0,0.15,fixed horizon 100,188,56,132,0.9775548423502535,0.0,0.0,1.0,0.5,,1.0,,0.0,,0.0,0.5905631659056316
mlp,1,1,0,0.15,fixed horizon 148,188,56,132,0.9764241761920237,0.0,0.0,1.0,0.5,,1.0,,0.0,,0.0,0.6133942161339422
mlp,1,1,0,0.2,fixed horizon 50,188,56,132,0.9507268091446108,0.0136986301369863,0.037037037037037035,0.9863013698630136,0.5116692034500253,0.38,0.977037037037037,0.62,0.022962962962962963,0.42,0.02,0.5098934550989346
mlp,1,1,0,0.2,fixed horizon 100,188,56,132,0.9486883599210556,0.0,0.037037037037037035,1.0,0.5185185185185185,0.3,0.9740740740740741,0.7,0.025925925925925908,,0.01,0.5905631659056316
mlp,1,1,0,0.2,fixed horizon 148,188,56,132,0.9522640477168683,0.0,0.037037037037037035,1.0,0.5185185185185185,0.21621621621621623,0.9709709709709711,0.7837837837837838,0.02902902902902893,,0.01,0.6133942161339422
mlp,1,1,0,0.3,fixed horizon 50,188,56,132,0.7798174993176965,0.0958904109589041,0.1111111111111111,0.9041095890410958,0.5076103500761034,0.36000000000000004,0.928888888888889,0.6399999999999999,0.07111111111111101,0.2771428571428572,0.1,0.5098934550989346
mlp,1,1,0,0.3,fixed horizon 100,188,56,132,0.7769962793627256,0.0958904109589041,0.1111111111111111,0.9041095890410958,0.5076103500761034,0.20666666666666667,0.9118518518518518,0.7933333333333333,0.0881481481481482,0.16999999999999998,0.1,0.5905631659056316
mlp,1,1,0,0.3,fixed horizon 148,188,56,132,0.7766983967158143,0.0958904109589041,0.1111111111111111,0.9041095890410958,0.5076103500761034,0.1418918918918919,0.9046546546546547,0.8581081081081081,0.09534534534534533,0.12451737451737453,0.1,0.6133942161339422
mlp,1,1,1,0.01,fixed horizon 50,188,56,132,1.000106764352964,0.0,0.0,1.0,0.5,,1.0,,0.0,,0.0,0.5098934550989346
mlp,1,1,1,0.01,fixed horizon 100,188,56,132,1.0003202539291012,0.0,0.0,1.0,0.5,,1.0,,0.0,,0.0,0.5905631659056316
mlp,1,1,1,0.01,fixed horizon 148,188,56,132,1.0003202539291012,0.0,0.0,1.0,0.5,,1.0,,0.0,,0.0,0.6133942161339422
mlp,1,1,1,0.025,fixed horizon 50,188,56,132,1.0000662931609954,0.0,0.0,1.0,0.5,,1.0,,0.0,,0.0,0.5098934550989346
mlp,1,1,1,0.025,fixed horizon 100,188,56,132,1.0001950235978219,0.0,0.0,1.0,0.5,,1.0,,0.0,,0.0,0.5905631659056316
mlp,1,1,1,0.025,fixed horizon 148,188,56,132,1.0001950235978219,0.0,0.0,1.0,0.5,,1.0,,0.0,,0.0,0.6133942161339422
mlp,1,1,1,0.05,fixed horizon 50,188,56,132,1.0000682924095483,0.0,0.0,1.0,0.5,,1.0,,0.0,,0.0,0.5098934550989346
mlp,1,1,1,0.05,fixed horizon 100,188,56,132,1.0000945804389423,0.0,0.0,1.0,0.5,,1.0,,0.0,,0.0,0.5905631659056316
mlp,1,1,1,0.05,fixed horizon 148,188,56,132,1.0001916203104355,0.0,0.0,1.0,0.5,,1.0,,0.0,,0.0,0.6133942161339422
mlp,1,1,1,0.075,fixed horizon 50,188,56,132,1.0001764914512115,0.0,0.0,1.0,0.5,,1.0,,0.0,,0.0,0.5098934550989346
mlp,1,1,1,0.075,fixed horizon 100,188,56,132,0.9999521263661199,0.0,0.0,1.0,0.5,,1.0,,0.0,,0.0,0.5905631659056316
mlp,1,1,1,0.075,fixed horizon 148,188,56,132,1.0000036699385144,0.0,0.0,1.0,0.5,,1.0,,0.0,,0.0,0.6133942161339422
mlp,1,1,1,0.1,fixed horizon 50,188,56,132,0.9998408568209232,0.0,0.0,1.0,0.5,,1.0,,0.0,,0.0,0.5098934550989346
mlp,1,1,1,0.1,fixed horizon 100,188,56,132,0.9995689915481897,0.0,0.0,1.0,0.5,,1.0,,0.0,,0.0,0.5905631659056316
mlp,1,1,1,0.1,fixed horizon 148,188,56,132,1.0000779322951148,0.0,0.0,1.0,0.5,,1.0,,0.0,,0.0,0.6133942161339422
mlp,1,1,1,0.15,fixed horizon 50,188,56,132,1.0000066766394007,0.0,0.0,1.0,0.5,,1.0,,0.0,,0.0,0.5098934550989346
mlp,1,1,1,0.15,fixed horizon 100,188,56,132,1.0361744157284558,0.0,0.0,1.0,0.5,,1.0,,0.0,,0.0,0.5905631659056316
mlp,1,1,1,0.15,fixed horizon 148,188,56,132,1.0242186773385198,0.0,0.0,1.0,0.5,,1.0,,0.0,,0.0,0.6133942161339422
mlp,1,1,1,0.2,fixed horizon 50,188,56,132,1.0358525815595272,0.0,0.0,1.0,0.5,,1.0,,0.0,,0.0,0.5098934550989346
mlp,1,1,1,0.2,fixed horizon 100,188,56,132,1.0765564046651588,0.0,0.0,1.0,0.5,,1.0,,0.0,,0.0,0.5905631659056316
mlp,1,1,1,0.2,fixed horizon 148,188,56,132,1.0932776280377035,0.0,0.0,1.0,0.5,,1.0,,0.0,,0.0,0.6133942161339422
mlp,1,1,1,0.3,fixed horizon 50,188,56,132,0.9990601868668064,0.0821917808219178,0.1111111111111111,0.9178082191780822,0.5144596651445966,0.5666666666666668,0.951851851851852,0.43333333333333324,0.04814814814814805,0.5666666666666668,0.09,0.5098934550989346
mlp,1,1,1,0.3,fixed horizon 100,188,56,132,0.960708074411075,0.0136986301369863,0.1111111111111111,0.9863013698630136,0.5487062404870624,0.6133333333333334,0.957037037037037,0.3866666666666666,0.04296296296296298,0.11,0.04,0.5905631659056316
mlp,1,1,1,0.3,fixed horizon 148,188,56,132,0.960708074411075,0.0136986301369863,0.07407407407407407,0.9863013698630136,0.5301877219685438,0.37162162162162166,0.9534534534534534,0.6283783783783783,0.04654654654654655,0.07432432432432433,0.03,0.6133942161339422
mlp,1,1,2,0.01,fixed horizon 50,188,56,132,1.0000697297824406,0.0,0.0,1.0,0.5,,1.0,,0.0,,0.0,0.5098934550989346
mlp,1,1,2,0.01,fixed horizon 100,188,56,132,1.0000697297824406,0.0,0.0,1.0,0.5,,1.0,,0.0,,0.0,0.5905631659056316
mlp,1,1,2,0.01,fixed horizon 148,188,56,132,1.0003920817567018,0.0,0.0,1.0,0.5,,1.0,,0.0,,0.0,0.6133942161339422
mlp,1,1,2,0.025,fixed horizon 50,188,56,132,1.000048152312634,0.0,0.0,1.0,0.5,,1.0,,0.0,,0.0,0.5098934550989346
mlp,1,1,2,0.025,fixed horizon 100,188,56,132,1.000048152312634,0.0,0.0,1.0,0.5,,1.0,,0.0,,0.0,0.5905631659056316
mlp,1,1,2,0.025,fixed horizon 148,188,56,132,1.0002231488511546,0.0,0.0,1.0,0.5,,1.0,,0.0,,0.0,0.6133942161339422
mlp,1,1,2,0.05,fixed horizon 50,188,56,132,1.0000074495179232,0.0,0.0,1.0,0.5,,1.0,,0.0,,0.0,0.5098934550989346
mlp,1,1,2,0.05,fixed horizon 100,188,56,132,1.0064401653013113,0.0,0.0,1.0,0.5,,1.0,,0.0,,0.0,0.5905631659056316
mlp,1,1,2,0.05,fixed horizon 148,188,56,132,1.0064401653013113,0.0,0.0,1.0,0.5,,1.0,,0.0,,0.0,0.6133942161339422
mlp,1,1,2,0.075,fixed horizon 50,188,56,132,1.0018800344326864,0.0,0.0,1.0,0.5,,1.0,,0.0,,0.0,0.5098934550989346
mlp,1,1,2,0.075,fixed horizon 100,188,56,132,1.0053063227671333,0.0,0.0,1.0,0.5,,1.0,,0.0,,0.0,0.5905631659056316
mlp,1,1,2,0.075,fixed horizon 148,188,56,132,1.0101666517387724,0.0,0.0,1.0,0.5,,1.0,,0.0,,0.0,0.6133942161339422
mlp,1,1,2,0.1,fixed horizon 50,188,56,132,1.0007779507452272,0.0,0.0,1.0,0.5,,1.0,,0.0,,0.0,0.5098934550989346
mlp,1,1,2,0.1,fixed horizon 100,188,56,132,1.0052399469851094,0.0,0.0,1.0,0.5,,1.0,,0.0,,0.0,0.5905631659056316
mlp,1,1,2,0.1,fixed horizon 148,188,56,132,1.012376916313509,0.0,0.0,1.0,0.5,,1.0,,0.0,,0.0,0.6133942161339422
mlp,1,1,2,0.15,fixed horizon 50,188,56,132,1.0044622606392635,0.0,0.0,1.0,0.5,,1.0,,0.0,,0.0,0.5098934550989346
mlp,1,1,2,0.15,fixed horizon 100,188,56,132,1.0169567106122201,0.0,0.0,1.0,0.5,,1.0,,0.0,,0.0,0.5905631659056316
mlp,1,1,2,0.15,fixed horizon 148,188,56,132,1.0161281495418235,0.0,0.0,1.0,0.5,,1.0,,0.0,,0.0,0.6133942161339422
mlp,1,1,2,0.2,fixed horizon 50,188,56,132,1.0220304948797585,0.0,0.0,1.0,0.5,,1.0,,0.0,,0.0,0.5098934550989346
mlp,1,1,2,0.2,fixed horizon 100,188,56,132,1.0384113330157594,0.0,0.0,1.0,0.5,,1.0,,0.0,,0.0,0.5905631659056316
mlp,1,1,2,0.2,fixed horizon 148,188,56,132,1.00920671364214,0.0,0.0,1.0,0.5,,1.0,,0.0,,0.0,0.6133942161339422
mlp,1,1,2,0.3,fixed horizon 50,188,56,132,1.1324020868138351,0.0273972602739726,0.07407407407407407,0.9726027397260274,0.5233384069000507,0.61,0.971111111111111,0.39,0.028888888888888964,0.5,0.04,0.5098934550989346
mlp,1,1,2,0.3,fixed horizon 100,188,56,132,1.1324020868138351,0.0273972602739726,0.07407407407407407,0.9726027397260274,0.5233384069000507,0.305,0.9485185185185185,0.6950000000000001,0.05148148148148146,0.25,0.04,0.5905631659056316
mlp,1,1,2,0.3,fixed horizon 148,188,56,132,1.1324020868138351,0.0273972602739726,0.1111111111111111,0.9726027397260274,0.5418569254185692,0.39414414414414417,0.9326826826826826,0.6058558558558558,0.06731731731731738,0.16891891891891891,0.05,0.6133942161339422
mlp,1,1,3,0.01,fixed horizon 50,188,56,132,0.99994728018558,0.0,0.0,1.0,0.5,,1.0,,0.0,,0.0,0.5098934550989346
mlp,1,1,3,0.01,fixed horizon 100,188,56,132,1.000077578684985,0.0,0.0,1.0,0.5,,1.0,,0.0,,0.0,0.5905631659056316
mlp,1,1,3,0.01,fixed horizon 148,188,56,132,1.0002515761326136,0.0,0.0,1.0,0.5,,1.0,,0.0,,0.0,0.6133942161339422
mlp,1,1,3,0.025,fixed horizon 50,188,56,132,0.9998882298637203,0.0,0.0,1.0,0.5,,1.0,,0.0,,0.0,0.5098934550989346
mlp,1,1,3,0.025,fixed horizon 100,188,56,132,0.9999007317952593,0.0,0.0,1.0,0.5,,1.0,,0.0,,0.0,0.5905631659056316
mlp,1,1,3,0.025,fixed horizon 148,188,56,132,1.0001368630257685,0.0,0.0,1.0,0.5,,1.0,,0.0,,0.0,0.6133942161339422
mlp,1,1,3,0.05,fixed horizon 50,188,56,132,0.9991111869349465,0.0,0.0,1.0,0.5,,1.0,,0.0,,0.0,0.5098934550989346
mlp,1,1,3,0.05,fixed horizon 100,188,56,132,1.0000672395049544,0.0,0.0,1.0,0.5,,1.0,,0.0,,0.0,0.5905631659056316
mlp,1,1,3,0.05,fixed horizon 148,188,56,132,0.9999387537058765,0.0,0.0,1.0,0.5,,1.0,,0.0,,0.0,0.6133942161339422
mlp,1,1,3,0.075,fixed horizon 50,188,56,132,0.9969277457070643,0.0,0.0,1.0,0.5,,1.0,,0.0,,0.0,0.5098934550989346
mlp,1,1,3,0.075,fixed horizon 100,188,56,132,1.0009521640483554,0.0,0.0,1.0,0.5,,1.0,,0.0,,0.0,0.5905631659056316
mlp,1,1,3,0.075,fixed horizon 148,188,56,132,1.0013140814198331,0.0,0.0,1.0,0.5,,1.0,,0.0,,0.0,0.6133942161339422
mlp,1,1,3,0.1,fixed horizon 50,188,56,132,0.9946749241735253,0.0,0.0,1.0,0.5,,1.0,,0.0,,0.0,0.5098934550989346
mlp,1,1,3,0.1,fixed horizon 100,188,56,132,1.0006642559257246,0.0,0.0,1.0,0.5,,1.0,,0.0,,0.0,0.5905631659056316
mlp,1,1,3,0.1,fixed horizon 148,188,56,132,1.0006642559257246,0.0,0.0,1.0,0.5,,1.0,,0.0,,0.0,0.6133942161339422
mlp,1,1,3,0.15,fixed horizon 50,188,56,132,0.9816195147889022,0.0,0.0,1.0,0.5,,1.0,,0.0,,0.0,0.5098934550989346
mlp,1,1,3,0.15,fixed horizon 100,188,56,132,0.9950216717424292,0.0,0.0,1.0,0.5,,1.0,,0.0,,0.0,0.5905631659056316
mlp,1,1,3,0.15,fixed horizon 148,188,56,132,0.995232149061744,0.0,0.0,1.0,0.5,,1.0,,0.0,,0.0,0.6133942161339422
mlp,1,1,3,0.2,fixed horizon 50,188,56,132,0.9551268793326019,0.0,0.037037037037037035,1.0,0.5185185185185185,0.56,0.9837037037037037,0.43999999999999995,0.016296296296296253,,0.01,0.5098934550989346
mlp,1,1,3,0.2,fixed horizon 100,188,56,132,0.9841921610023385,0.0,0.0,1.0,0.5,,1.0,,0.0,,0.0,0.5905631659056316
mlp,1,1,3,0.2,fixed horizon 148,188,56,132,0.9904795277199726,0.0,0.0,1.0,0.5,,1.0,,0.0,,0.0,0.6133942161339422
mlp,1,1,3,0.3,fixed horizon 50,188,56,132,0.7924112148816759,0.0958904109589041,0.1111111111111111,0.9041095890410958,0.5076103500761034,0.44,0.9377777777777778,0.56,0.06222222222222218,0.39999999999999997,0.1,0.5098934550989346
mlp,1,1,3,0.3,fixed horizon 100,188,56,132,0.7730781212592834,0.0958904109589041,0.1111111111111111,0.9041095890410958,0.5076103500761034,0.21333333333333335,0.9125925925925926,0.7866666666666666,0.08740740740740738,0.1957142857142857,0.1,0.5905631659056316
mlp,1,1,3,0.3,fixed horizon 148,188,56,132,0.8186957140669249,0.0547945205479452,0.1111111111111111,0.9452054794520548,0.528158295281583,0.222972972972973,0.9136636636636637,0.777027027027027,0.0863363363363363,0.14358108108108109,0.07,0.6133942161339422
mlp,1,1,4,0.01,fixed horizon 50,188,56,132,1.000060884885496,0.0,0.0,1.0,0.5,,1.0,,0.0,,0.0,0.5098934550989346
mlp,1,1,4,0.01,fixed horizon 100,188,56,132,1.001512549485626,0.0,0.0,1.0,0.5,,1.0,,0.0,,0.0,0.5905631659056316
mlp,1,1,4,0.01,fixed horizon 148,188,56,132,1.0062005711180622,0.0,0.0,1.0,0.5,,1.0,,0.0,,0.0,0.6133942161339422
mlp,1,1,4,0.025,fixed horizon 50,188,56,132,1.0000343239653893,0.0,0.0,1.0,0.5,,1.0,,0.0,,0.0,0.5098934550989346
mlp,1,1,4,0.025,fixed horizon 100,188,56,132,1.0012617887195758,0.0,0.0,1.0,0.5,,1.0,,0.0,,0.0,0.5905631659056316
mlp,1,1,4,0.025,fixed horizon 148,188,56,132,1.006013168204379,0.0,0.0,1.0,0.5,,1.0,,0.0,,0.0,0.6133942161339422
mlp,1,1,4,0.05,fixed horizon 50,188,56,132,1.0041473085329593,0.0,0.0,1.0,0.5,,1.0,,0.0,,0.0,0.5098934550989346
mlp,1,1,4,0.05,fixed horizon 100,188,56,132,1.0079752356067853,0.0,0.0,1.0,0.5,,1.0,,0.0,,0.0,0.5905631659056316
mlp,1,1,4,0.05,fixed horizon 148,188,56,132,1.0057976301947618,0.0,0.0,1.0,0.5,,1.0,,0.0,,0.0,0.6133942161339422
mlp,1,1,4,0.075,fixed horizon 50,188,56,132,1.0069952839572063,0.0,0.0,1.0,0.5,,1.0,,0.0,,0.0,0.5098934550989346
mlp,1,1,4,0.075,fixed horizon 100,188,56,132,1.0132933441524616,0.0,0.0,1.0,0.5,,1.0,,0.0,,0.0,0.5905631659056316
mlp,1,1,4,0.075,fixed horizon 148,188,56,132,1.0154934841585912,0.0,0.0,1.0,0.5,,1.0,,0.0,,0.0,0.6133942161339422
mlp,1,1,4,0.1,fixed horizon 50,188,56,132,1.0057089726732045,0.0,0.0,1.0,0.5,,1.0,,0.0,,0.0,0.5098934550989346
mlp,1,1,4,0.1,fixed horizon 100,188,56,132,1.0137584808436513,0.0,0.0,1.0,0.5,,1.0,,0.0,,0.0,0.5905631659056316
mlp,1,1,4,0.1,fixed horizon 148,188,56,132,1.01455192216197,0.0,0.0,1.0,0.5,,1.0,,0.0,,0.0,0.6133942161339422
mlp,1,1,4,0.15,fixed horizon 50,188,56,132,1.0137598177782796,0.0,0.0,1.0,0.5,,1.0,,0.0,,0.0,0.5098934550989346
mlp,1,1,4,0.15,fixed horizon 100,188,56,132,1.013743608207696,0.0,0.0,1.0,0.5,,1.0,,0.0,,0.0,0.5905631659056316
mlp,1,1,4,0.15,fixed horizon 148,188,56,132,1.0173552393399679,0.0,0.0,1.0,0.5,,1.0,,0.0,,0.0,0.6133942161339422
mlp,1,1,4,0.2,fixed horizon 50,188,56,132,1.018901809863143,0.0,0.0,1.0,0.5,,1.0,,0.0,,0.0,0.5098934550989346
mlp,1,1,4,0.2,fixed horizon 100,188,56,132,1.010042983434149,0.0,0.0,1.0,0.5,,1.0,,0.0,,0.0,0.5905631659056316
mlp,1,1,4,0.2,fixed horizon 148,188,56,132,1.0157863050862106,0.0,0.0,1.0,0.5,,1.0,,0.0,,0.0,0.6133942161339422
mlp,1,1,4,0.3,fixed horizon 50,188,56,132,1.00767990111186,0.0958904109589041,0.1111111111111111,0.9041095890410958,0.5076103500761034,0.5066666666666667,0.9451851851851851,0.4933333333333333,0.05481481481481487,0.4428571428571428,0.1,0.5098934550989346
mlp,1,1,4,0.3,fixed horizon 100,188,56,132,1.00767990111186,0.0958904109589041,0.1111111111111111,0.9041095890410958,0.5076103500761034,0.25333333333333335,0.917037037037037,0.7466666666666666,0.08296296296296302,0.2214285714285714,0.1,0.5905631659056316
mlp,1,1,4,0.3,fixed horizon 148,188,56,132,0.99925402476144,0.0273972602739726,0.07407407407407407,0.9726027397260274,0.5233384069000507,0.44932432432432434,0.9592092092092093,0.5506756756756757,0.04079079079079073,0.125,0.04,0.6133942161339422
mlp,1,1,5,0.01,fixed horizon 50,188,56,132,1.0000276257010083,0.0,0.0,1.0,0.5,,1.0,,0.0,,0.0,0.5098934550989346
mlp,1,1,5,0.01,fixed horizon 100,188,56,132,1.000098020036916,0.0,0.0,1.0,0.5,,1.0,,0.0,,0.0,0.5905631659056316
mlp,1,1,5,0.01,fixed horizon 148,188,56,132,1.000098020036916,0.0,0.0,1.0,0.5,,1.0,,0.0,,0.0,0.6133942161339422
mlp,1,1,5,0.025,fixed horizon 50,188,56,132,0.999994750141711,0.0,0.0,1.0,0.5,,1.0,,0.0,,0.0,0.5098934550989346
mlp,1,1,5,0.025,fixed horizon 100,188,56,132,1.000011844095142,0.0,0.0,1.0,0.5,,1.0,,0.0,,0.0,0.5905631659056316
mlp,1,1,5,0.025,fixed horizon 148,188,56,132,1.0000190390038903,0.0,0.0,1.0,0.5,,1.0,,0.0,,0.0,0.6133942161339422
mlp,1,1,5,0.05,fixed horizon 50,188,56,132,0.9999784609267065,0.0,0.0,1.0,0.5,,1.0,,0.0,,0.0,0.5098934550989346
mlp,1,1,5,0.05,fixed horizon 100,188,56,132,0.9999807239780615,0.0,0.0,1.0,0.5,,1.0,,0.0,,0.0,0.5905631659056316
mlp,1,1,5,0.05,fixed horizon 148,188,56,132,1.0000061775012947,0.0,0.0,1.0,0.5,,1.0,,0.0,,0.0,0.6133942161339422
mlp,1,1,5,0.075,fixed horizon 50,188,56,132,0.9999531305166384,0.0,0.0,1.0,0.5,,1.0,,0.0,,0.0,0.5098934550989346
mlp,1,1,5,0.075,fixed horizon 100,188,56,132,0.999982413087943,0.0,0.0,1.0,0.5,,1.0,,0.0,,0.0,0.5905631659056316
mlp,1,1,5,0.075,fixed horizon 148,188,56,132,0.999982413087943,0.0,0.0,1.0,0.5,,1.0,,0.0,,0.0,0.6133942161339422
mlp,1,1,5,0.1,fixed horizon 50,188,56,132,0.999988262603551,0.0,0.0,1.0,0.5,,1.0,,0.0,,0.0,0.5098934550989346
mlp,1,1,5,0.1,fixed horizon 100,188,56,132,0.9999809507435655,0.0,0.0,1.0,0.5,,1.0,,0.0,,0.0,0.5905631659056316
mlp,1,1,5,0.1,fixed horizon 148,188,56,132,1.0001214561949763,0.0,0.0,1.0,0.5,,1.0,,0.0,,0.0,0.6133942161339422
mlp,1,1,5,0.15,fixed horizon 50,188,56,132,0.9999782670660852,0.0,0.0,1.0,0.5,,1.0,,0.0,,0.0,0.5098934550989346
mlp,1,1,5,0.15,fixed horizon 100,188,56,132,1.0000016552294935,0.0,0.0,1.0,0.5,,1.0,,0.0,,0.0,0.5905631659056316
mlp,1,1,5,0.15,fixed horizon 148,188,56,132,1.0135436651376377,0.0,0.0,1.0,0.5,,1.0,,0.0,,0.0,0.6133942161339422
mlp,1,1,5,0.2,fixed horizon 50,188,56,132,1.0000537499877797,0.0,0.0,1.0,0.5,,1.0,,0.0,,0.0,0.5098934550989346
mlp,1,1,5,0.2,fixed horizon 100,188,56,132,1.0000595951007547,0.0,0.0,1.0,0.5,,1.0,,0.0,,0.0,0.5905631659056316
mlp,1,1,5,0.2,fixed horizon 148,188,56,132,1.0009981881803731,0.0,0.0,1.0,0.5,,1.0,,0.0,,0.0,0.6133942161339422
mlp,1,1,5,0.3,fixed horizon 50,188,56,132,1.0004021467608384,0.0410958904109589,0.07407407407407407,0.958904109589041,0.5164890918315576,0.56,0.9674074074074075,0.43999999999999995,0.032592592592592506,0.5800000000000001,0.05,0.5098934550989346
mlp,1,1,5,0.3,fixed horizon 100,188,56,132,0.9997646038437654,0.0,0.07407407407407407,1.0,0.537037037037037,0.575,0.9685185185185184,0.42500000000000004,0.031481481481481555,,0.02,0.5905631659056316
mlp,1,1,5,0.3,fixed horizon 148,188,56,132,0.9997646038437654,0.0,0.07407407407407407,1.0,0.537037037037037,0.38851351351351354,0.9547047047047046,0.6114864864864864,0.04529529529529541,,0.02,0.6133942161339422
mlp,1,1,6,0.01,fixed horizon 50,188,56,132,1.0000461190890146,0.0,0.0,1.0,0.5,,1.0,,0.0,,0.0,0.5098934550989346
mlp,1,1,6,0.01,fixed horizon 100,188,56,132,1.0003085485489351,0.0,0.0,1.0,0.5,,1.0,,0.0,,0.0,0.5905631659056316
mlp,1,1,6,0.01,fixed horizon 148,188,56,132,1.0018100099434673,0.0,0.0,1.0,0.5,,1.0,,0.0,,0.0,0.6133942161339422
mlp,1,1,6,0.025,fixed horizon 50,188,56,132,1.0000410134412396,0.0,0.0,1.0,0.5,,1.0,,0.0,,0.0,0.5098934550989346
mlp,1,1,6,0.025,fixed horizon 100,188,56,132,1.0001037355862128,0.0,0.0,1.0,0.5,,1.0,,0.0,,0.0,0.5905631659056316
mlp,1,1,6,0.025,fixed horizon 148,188,56,132,1.0017528373255338,0.0,0.0,1.0,0.5,,1.0,,0.0,,0.0,0.6133942161339422
mlp,1,1,6,0.05,fixed horizon 50,188,56,132,0.9999946566494964,0.0,0.0,1.0,0.5,,1.0,,0.0,,0.0,0.5098934550989346
mlp,1,1,6,0.05,fixed horizon 100,188,56,132,1.0000442837542844,0.0,0.0,1.0,0.5,,1.0,,0.0,,0.0,0.5905631659056316
mlp,1,1,6,0.05,fixed horizon 148,188,56,132,1.0003827603760311,0.0,0.0,1.0,0.5,,1.0,,0.0,,0.0,0.6133942161339422
mlp,1,1,6,0.075,fixed horizon 50,188,56,132,1.000196728545781,0.0,0.0,1.0,0.5,,1.0,,0.0,,0.0,0.5098934550989346
mlp,1,1,6,0.075,fixed horizon 100,188,56,132,1.0000391468090046,0.0,0.0,1.0,0.5,,1.0,,0.0,,0.0,0.5905631659056316
mlp,1,1,6,0.075,fixed horizon 148,188,56,132,1.0002325156079834,0.0,0.0,1.0,0.5,,1.0,,0.0,,0.0,0.6133942161339422
mlp,1,1,6,0.1,fixed horizon 50,188,56,132,1.0004295770199265,0.0,0.0,1.0,0.5,,1.0,,0.0,,0.0,0.5098934550989346
mlp,1,1,6,0.1,fixed horizon 100,188,56,132,1.0000341455986148,0.0,0.0,1.0,0.5,,1.0,,0.0,,0.0,0.5905631659056316
mlp,1,1,6,0.1,fixed horizon 148,188,56,132,1.0000295994412112,0.0,0.0,1.0,0.5,,1.0,,0.0,,0.0,0.6133942161339422
mlp,1,1,6,0.15,fixed horizon 50,188,56,132,1.0017561887015631,0.0,0.0,1.0,0.5,,1.0,,0.0,,0.0,0.5098934550989346
mlp,1,1,6,0.15,fixed horizon 100,188,56,132,0.9998829540947596,0.0,0.0,1.0,0.5,,1.0,,0.0,,0.0,0.5905631659056316
mlp,1,1,6,0.15,fixed horizon 148,188,56,132,0.9998489237727027,0.0,0.0,1.0,0.5,,1.0,,0.0,,0.0,0.6133942161339422
mlp,1,1,6,0.2,fixed horizon 50,188,56,132,1.0006131114604564,0.0,0.0,1.0,0.5,,1.0,,0.0,,0.0,0.5098934550989346
mlp,1,1,6,0.2,fixed horizon 100,188,56,132,0.9991790956351441,0.0,0.0,1.0,0.5,,1.0,,0.0,,0.0,0.5905631659056316
mlp,1,1,6,0.2,fixed horizon 148,188,56,132,0.9996315200461826,0.0,0.0,1.0,0.5,,1.0,,0.0,,0.0,0.6133942161339422
mlp,1,1,6,0.3,fixed horizon 50,188,56,132,0.9811583082082863,0.0136986301369863,0.037037037037037035,0.9863013698630136,0.5116692034500253,0.34,0.9755555555555555,0.6599999999999999,0.02444444444444449,0.56,0.02,0.5098934550989346
mlp,1,1,6,0.3,fixed horizon 100,188,56,132,0.9843236295067123,0.0,0.07407407407407407,1.0,0.537037037037037,0.535,0.9655555555555556,0.46499999999999997,0.03444444444444439,,0.02,0.5905631659056316
mlp,1,1,6,0.3,fixed horizon 148,188,56,132,0.9937439505011452,0.0,0.07407407407407407,1.0,0.537037037037037,0.3885135135135135,0.9547047047047047,0.6114864864864865,0.0452952952952953,,0.02,0.6133942161339422
mlp,1,1,7,0.01,fixed horizon 50,188,56,132,0.8714633106382694,0.0,0.0,1.0,0.5,,1.0,,0.0,,0.0,0.5098934550989346
mlp,1,1,7,0.01,fixed horizon 100,188,56,132,0.8714633106382694,0.0,0.0,1.0,0.5,,1.0,,0.0,,0.0,0.5905631659056316
mlp,1,1,7,0.01,fixed horizon 148,188,56,132,0.8714633106382694,0.0,0.0,1.0,0.5,,1.0,,0.0,,0.0,0.6133942161339422
mlp,1,1,7,0.025,fixed horizon 50,188,56,132,0.8712956457707728,0.0,0.0,1.0,0.5,,1.0,,0.0,,0.0,0.5098934550989346
mlp,1,1,7,0.025,fixed horizon 100,188,56,132,0.8712956457707728,0.0,0.0,1.0,0.5,,1.0,,0.0,,0.0,0.5905631659056316
mlp,1,1,7,0.025,fixed horizon 148,188,56,132,0.8712956457707728,0.0,0.0,1.0,0.5,,1.0,,0.0,,0.0,0.6133942161339422
mlp,1,1,7,0.05,fixed horizon 50,188,56,132,0.8700343225123591,0.0,0.0,1.0,0.5,,1.0,,0.0,,0.0,0.5098934550989346
mlp,1,1,7,0.05,fixed horizon 100,188,56,132,0.8696376838027913,0.0,0.0,1.0,0.5,,1.0,,0.0,,0.0,0.5905631659056316
mlp,1,1,7,0.05,fixed horizon 148,188,56,132,0.8696376838027913,0.0,0.0,1.0,0.5,,1.0,,0.0,,0.0,0.6133942161339422
mlp,1,1,7,0.075,fixed horizon 50,188,56,132,0.8684121497822068,0.0,0.0,1.0,0.5,,1.0,,0.0,,0.0,0.5098934550989346
mlp,1,1,7,0.075,fixed horizon 100,188,56,132,0.8680162506026572,0.0,0.0,1.0,0.5,,1.0,,0.0,,0.0,0.5905631659056316
mlp,1,1,7,0.075,fixed horizon 148,188,56,132,0.8680162506026572,0.0,0.0,1.0,0.5,,1.0,,0.0,,0.0,0.6133942161339422
mlp,1,1,7,0.1,fixed horizon 50,188,56,132,0.8635214393021385,0.0,0.0,1.0,0.5,,1.0,,0.0,,0.0,0.5098934550989346
mlp,1,1,7,0.1,fixed horizon 100,188,56,132,0.8635214393021385,0.0,0.0,1.0,0.5,,1.0,,0.0,,0.0,0.5905631659056316
mlp,1,1,7,0.1,fixed horizon 148,188,56,132,0.8631277697416322,0.0,0.0,1.0,0.5,,1.0,,0.0,,0.0,0.6133942161339422
mlp,1,1,7,0.15,fixed horizon 50,188,56,132,0.8516306367154955,0.0,0.037037037037037035,1.0,0.5185185185185185,0.78,0.9918518518518519,0.21999999999999997,0.008148148148148127,,0.01,0.5098934550989346
mlp,1,1,7,0.15,fixed horizon 100,188,56,132,0.8486874737111153,0.0,0.037037037037037035,1.0,0.5185185185185185,0.39,0.9774074074074074,0.61,0.02259259259259261,,0.01,0.5905631659056316
mlp,1,1,7,0.15,fixed horizon 148,188,56,132,0.8532036654405389,0.0,0.0,1.0,0.5,,1.0,,0.0,,0.0,0.6133942161339422
mlp,1,1,7,0.2,fixed horizon 50,188,56,132,0.820480039810927,0.0,0.037037037037037035,1.0,0.5185185185185185,0.5,0.9814814814814815,0.5,0.01851851851851849,,0.01,0.5098934550989346
mlp,1,1,7,0.2,fixed horizon 100,188,56,132,0.8211323417872101,0.0,0.037037037037037035,1.0,0.5185185185185185,0.29,0.9737037037037036,0.71,0.026296296296296373,,0.01,0.5905631659056316
mlp,1,1,7,0.2,fixed horizon 148,188,56,132,0.825644447284218,0.0,0.037037037037037035,1.0,0.5185185185185185,0.20270270270270271,0.9704704704704704,0.7972972972972973,0.029529529529529586,,0.01,0.6133942161339422
mlp,1,1,7,0.3,fixed horizon 50,188,56,132,0.7941408226405041,0.0958904109589041,0.1111111111111111,0.9041095890410958,0.5076103500761034,0.45333333333333337,0.9392592592592592,0.5466666666666666,0.06074074074074076,0.3171428571428571,0.1,0.5098934550989346
mlp,1,1,7,0.3,fixed horizon 100,188,56,132,0.7979303924165136,0.0684931506849315,0.1111111111111111,0.9315068493150684,0.5213089802130898,0.2366666666666667,0.9151851851851852,0.7633333333333333,0.08481481481481479,0.14,0.08,0.5905631659056316
mlp,1,1,7,0.3,fixed horizon 148,188,56,132,0.622198792701202,0.1095890410958904,0.14814814814814814,0.8904109589041096,0.5192795535261289,0.33783783783783783,0.9019019019019019,0.6621621621621622,0.09809809809809811,0.19256756756756757,0.12,0.6133942161339422
mlp,1,1,8,0.01,fixed horizon 50,188,56,132,1.000112309676943,0.0,0.0,1.0,0.5,,1.0,,0.0,,0.0,0.5098934550989346
mlp,1,1,8,0.01,fixed horizon 100,188,56,132,1.000112309676943,0.0,0.0,1.0,0.5,,1.0,,0.0,,0.0,0.5905631659056316
mlp,1,1,8,0.01,fixed horizon 148,188,56,132,1.000112309676943,0.0,0.0,1.0,0.5,,1.0,,0.0,,0.0,0.6133942161339422
mlp,1,1,8,0.025,fixed horizon 50,188,56,132,1.0000309968924639,0.0,0.0,1.0,0.5,,1.0,,0.0,,0.0,0.5098934550989346
mlp,1,1,8,0.025,fixed horizon 100,188,56,132,1.0000558555036134,0.0,0.0,1.0,0.5,,1.0,,0.0,,0.0,0.5905631659056316
mlp,1,1,8,0.025,fixed horizon 148,188,56,132,1.0000644708318638,0.0,0.0,1.0,0.5,,1.0,,0.0,,0.0,0.6133942161339422
mlp,1,1,8,0.05,fixed horizon 50,188,56,132,0.9997108702936726,0.0,0.0,1.0,0.5,,1.0,,0.0,,0.0,0.5098934550989346
mlp,1,1,8,0.05,fixed horizon 100,188,56,132,0.9998145581758845,0.0,0.0,1.0,0.5,,1.0,,0.0,,0.0,0.5905631659056316
mlp,1,1,8,0.05,fixed horizon 148,188,56,132,1.000030603072483,0.0,0.0,1.0,0.5,,1.0,,0.0,,0.0,0.6133942161339422
mlp,1,1,8,0.075,fixed horizon 50,188,56,132,0.9993048593103218,0.0,0.0,1.0,0.5,,1.0,,0.0,,0.0,0.5098934550989346
mlp,1,1,8,0.075,fixed horizon 100,188,56,132,0.9994044613659848,0.0,0.0,1.0,0.5,,1.0,,0.0,,0.0,0.5905631659056316
mlp,1,1,8,0.075,fixed horizon 148,188,56,132,1.000005566949354,0.0,0.0,1.0,0.5,,1.0,,0.0,,0.0,0.6133942161339422
mlp,1,1,8,0.1,fixed horizon 50,188,56,132,0.9983312918441206,0.0,0.0,1.0,0.5,,1.0,,0.0,,0.0,0.5098934550989346
mlp,1,1,8,0.1,fixed horizon 100,188,56,132,0.9990857833485021,0.0,0.0,1.0,0.5,,1.0,,0.0,,0.0,0.5905631659056316
mlp,1,1,8,0.1,fixed horizon 148,188,56,132,0.9992310478810715,0.0,0.0,1.0,0.5,,1.0,,0.0,,0.0,0.6133942161339422
mlp,1,1,8,0.15,fixed horizon 50,188,56,132,0.9976544408292268,0.0,0.0,1.0,0.5,,1.0,,0.0,,0.0,0.5098934550989346
mlp,1,1,8,0.15,fixed horizon 100,188,56,132,0.9995281225453112,0.0,0.0,1.0,0.5,,1.0,,0.0,,0.0,0.5905631659056316
mlp,1,1,8,0.15,fixed horizon 148,188,56,132,0.9996551476653364,0.0,0.0,1.0,0.5,,1.0,,0.0,,0.0,0.6133942161339422
mlp,1,1,8,0.2,fixed horizon 50,188,56,132,0.9904547553338341,0.0,0.037037037037037035,1.0,0.5185185185185185,0.5,0.9814814814814815,0.5,0.01851851851851849,,0.01,0.5098934550989346
mlp,1,1,8,0.2,fixed horizon 100,188,56,132,0.9989351379588299,0.0,0.0,1.0,0.5,,1.0,,0.0,,0.0,0.5905631659056316
mlp,1,1,8,0.2,fixed horizon 148,188,56,132,0.9992708477247529,0.0,0.0,1.0,0.5,,1.0,,0.0,,0.0,0.6133942161339422
mlp,1,1,8,0.3,fixed horizon 50,188,56,132,0.8998711078527885,0.0821917808219178,0.1111111111111111,0.9178082191780822,0.5144596651445966,0.54,0.9488888888888889,0.45999999999999996,0.05111111111111111,0.4266666666666667,0.09,0.5098934550989346
mlp,1,1,8,0.3,fixed horizon 100,188,56,132,0.9118716209701011,0.0684931506849315,0.1111111111111111,0.9315068493150684,0.5213089802130898,0.43,0.9366666666666666,0.5700000000000001,0.06333333333333335,0.20600000000000002,0.08,0.5905631659056316
mlp,1,1,8,0.3,fixed horizon 148,188,56,132,0.8999021687022658,0.0410958904109589,0.07407407407407407,0.958904109589041,0.5164890918315576,0.36824324324324326,0.9532032032032031,0.6317567567567568,0.046796796796796936,0.1036036036036036,0.05,0.6133942161339422
mlp,1,1,9,0.01,fixed horizon 50,188,56,132,1.0000693303531139,0.0,0.0,1.0,0.5,,1.0,,0.0,,0.0,0.5098934550989346
mlp,1,1,9,0.01,fixed horizon 100,188,56,132,1.0003533069656978,0.0,0.0,1.0,0.5,,1.0,,0.0,,0.0,0.5905631659056316
mlp,1,1,9,0.01,fixed horizon 148,188,56,132,1.0016250077741315,0.0,0.0,1.0,0.5,,1.0,,0.0,,0.0,0.6133942161339422
mlp,1,1,9,0.025,fixed horizon 50,188,56,132,1.0000188956849374,0.0,0.0,1.0,0.5,,1.0,,0.0,,0.0,0.5098934550989346
mlp,1,1,9,0.025,fixed horizon 100,188,56,132,1.0002108635643412,0.0,0.0,1.0,0.5,,1.0,,0.0,,0.0,0.5905631659056316
mlp,1,1,9,0.025,fixed horizon 148,188,56,132,1.0014684204520612,0.0,0.0,1.0,0.5,,1.0,,0.0,,0.0,0.6133942161339422
mlp,1,1,9,0.05,fixed horizon 50,188,56,132,1.000008612071759,0.0,0.0,1.0,0.5,,1.0,,0.0,,0.0,0.5098934550989346
mlp,1,1,9,0.05,fixed horizon 100,188,56,132,1.0001011865104779,0.0,0.0,1.0,0.5,,1.0,,0.0,,0.0,0.5905631659056316
mlp,1,1,9,0.05,fixed horizon 148,188,56,132,1.0004297628809855,0.0,0.0,1.0,0.5,,1.0,,0.0,,0.0,0.6133942161339422
mlp,1,1,9,0.075,fixed horizon 50,188,56,132,1.000387162606302,0.0,0.0,1.0,0.5,,1.0,,0.0,,0.0,0.5098934550989346
mlp,1,1,9,0.075,fixed horizon 100,188,56,132,1.0017281703362502,0.0,0.0,1.0,0.5,,1.0,,0.0,,0.0,0.5905631659056316
mlp,1,1,9,0.075,fixed horizon 148,188,56,132,1.0000851338284724,0.0,0.0,1.0,0.5,,1.0,,0.0,,0.0,0.6133942161339422
mlp,1,1,9,0.1,fixed horizon 50,188,56,132,1.0000078302540432,0.0,0.0,1.0,0.5,,1.0,,0.0,,0.0,0.5098934550989346
mlp,1,1,9,0.1,fixed horizon 100,188,56,132,0.9999560228674003,0.0,0.0,1.0,0.5,,1.0,,0.0,,0.0,0.5905631659056316
mlp,1,1,9,0.1,fixed horizon 148,188,56,132,0.9999570691339036,0.0,0.0,1.0,0.5,,1.0,,0.0,,0.0,0.6133942161339422
mlp,1,1,9,0.15,fixed horizon 50,188,56,132,0.9998515195519581,0.0,0.0,1.0,0.5,,1.0,,0.0,,0.0,0.5098934550989346
mlp,1,1,9,0.15,fixed horizon 100,188,56,132,0.9998515195519581,0.0,0.0,1.0,0.5,,1.0,,0.0,,0.0,0.5905631659056316
mlp,1,1,9,0.15,fixed horizon 148,188,56,132,0.9998515195519581,0.0,0.0,1.0,0.5,,1.0,,0.0,,0.0,0.6133942161339422
mlp,1,1,9,0.2,fixed horizon 50,188,56,132,0.9995116012373705,0.0,0.0,1.0,0.5,,1.0,,0.0,,0.0,0.5098934550989346
mlp,1,1,9,0.2,fixed horizon 100,188,56,132,1.0011020030454416,0.0,0.0,1.0,0.5,,1.0,,0.0,,0.0,0.5905631659056316
mlp,1,1,9,0.2,fixed horizon 148,188,56,132,0.9996043274113872,0.0,0.0,1.0,0.5,,1.0,,0.0,,0.0,0.6133942161339422
mlp,1,1,9,0.3,fixed horizon 50,188,56,132,1.0981420465585445,0.0410958904109589,0.037037037037037035,0.958904109589041,0.49797057331303907,0.34,0.9755555555555555,0.6599999999999999,0.02444444444444449,0.3733333333333333,0.04,0.5098934550989346
mlp,1,1,9,0.3,fixed horizon 100,188,56,132,0.9994745448439232,0.0,0.1111111111111111,1.0,0.5555555555555556,0.5433333333333333,0.9492592592592594,0.45666666666666667,0.05074074074074064,,0.03,0.5905631659056316
mlp,1,1,9,0.3,fixed horizon 148,188,56,132,0.9994745448439232,0.0,0.1111111111111111,1.0,0.5555555555555556,0.3671171171171171,0.9296796796796797,0.632882882882883,0.07032032032032032,,0.03,0.6133942161339422
mlp,2,2,0,0.01,fixed horizon 50,186,55,131,1.0000156823031097,0.3191489361702128,0.11320754716981132,0.6808510638297872,0.39702930549979926,0.13333333333333333,0.9018867924528301,0.8666666666666667,0.0981132075471699,0.136,0.21,0.562424729024488
mlp,2,2,0,0.01,fixed horizon 100,186,55,131,1.0000156823031097,0.3191489361702128,0.11320754716981132,0.6808510638297872,0.39702930549979926,0.06666666666666667,0.8943396226415095,0.9333333333333333,0.10566037735849054,0.068,0.21,0.551184263348053
mlp,2,2,0,0.01,fixed horizon 148,186,55,131,1.0000156823031097,0.3191489361702128,0.11320754716981132,0.6808510638297872,0.39702930549979926,0.04504504504504505,0.891891891891892,0.954954954954955,0.108108108108108,0.04594594594594595,0.21,0.6170212765957447
mlp,2,2,0,0.025,fixed horizon 50,186,55,131,0.9999963204533803,0.40425531914893614,0.24528301886792453,0.5957446808510638,0.42051384985949414,0.06153846153846154,0.769811320754717,0.9384615384615385,0.23018867924528297,0.05473684210526316,0.32,0.562424729024488
mlp,2,2,0,0.025,fixed horizon 100,186,55,131,0.9999963204533803,0.40425531914893614,0.24528301886792453,0.5957446808510638,0.42051384985949414,0.03076923076923077,0.7622641509433962,0.9692307692307692,0.23773584905660383,0.02736842105263158,0.32,0.551184263348053
mlp,2,2,0,0.025,fixed horizon 148,186,55,131,0.9999963204533803,0.40425531914893614,0.24528301886792453,0.5957446808510638,0.42051384985949414,0.02079002079002079,0.7598164201937787,0.9792099792099792,0.2401835798062213,0.01849217638691323,0.32,0.6170212765957447
mlp,2,2,0,0.05,fixed horizon 50,186,55,131,0.9999554439520406,0.6595744680851063,0.5283018867924528,0.3404255319148936,0.4343637093536732,0.03214285714285715,0.4886792452830189,0.9678571428571429,0.5113207547169811,0.041935483870967745,0.59,0.562424729024488
mlp,2,2,0,0.05,fixed horizon 100,186,55,131,0.9999630407254316,0.5531914893617021,0.4716981132075472,0.44680851063829785,0.4592533119229225,0.0132,0.5345283018867925,0.9868,0.46547169811320754,0.006153846153846154,0.51,0.551184263348053
mlp,2,2,0,0.05,fixed horizon 148,186,55,131,0.999977099311443,0.5106382978723404,0.4528301886792453,0.48936170212765956,0.47109594540345245,0.012105855855855857,0.5526517083120857,0.9878941441441441,0.44734829168791435,0.036880630630630636,0.48,0.6170212765957447
mlp,2,2,0,0.075,fixed horizon 50,186,55,131,1.0000183606926116,0.6595744680851063,0.5660377358490566,0.3404255319148936,0.45323163388197507,0.06533333333333334,0.47094339622641507,0.9346666666666666,0.5290566037735849,0.04645161290322582,0.61,0.562424729024488
mlp,2,2,0,0.075,fixed horizon 100,186,55,131,1.000082359758821,0.6595744680851063,0.5094339622641509,0.3404255319148936,0.42492974708952225,0.025925925925925932,0.5037735849056604,0.9740740740740741,0.4962264150943396,0.05967741935483871,0.58,0.551184263348053
mlp,2,2,0,0.075,fixed horizon 148,186,55,131,1.000071775312576,0.6595744680851063,0.5283018867924528,0.3404255319148936,0.4343637093536732,0.08301158301158304,0.5155532891381949,0.9169884169884169,0.48444671086180513,0.048169136878814314,0.59,0.6170212765957447
mlp,2,2,0,0.1,fixed horizon 50,186,55,131,1.0001012715277942,0.6595744680851063,0.5094339622641509,0.3404255319148936,0.42492974708952225,0.1385185185185185,0.5611320754716982,0.8614814814814815,0.4388679245283018,0.08774193548387096,0.58,0.562424729024488
mlp,2,2,0,0.1,fixed horizon 100,186,55,131,1.0001012715277942,0.6595744680851063,0.5094339622641509,0.3404255319148936,0.42492974708952225,0.06925925925925926,0.5258490566037736,0.9307407407407408,0.47415094339622643,0.04387096774193548,0.58,0.551184263348053
mlp,2,2,0,0.1,fixed horizon 148,186,55,131,0.9998773358018042,0.7021276595744681,0.6415094339622641,0.2978723404255319,0.469690887193898,0.009538950715421303,0.36460989291177975,0.9904610492845787,0.6353901070882202,0.026003276003276003,0.67,0.6170212765957447
mlp,2,2,0,0.15,fixed horizon 50,186,55,131,0.999325856516041,0.8085106382978723,0.7924528301886793,0.19148936170212766,0.49197109594540345,0.029047619047619048,0.23056603773584902,0.9709523809523809,0.769433962264151,0.04,0.8,0.562424729024488
mlp,2,2,0,0.15,fixed horizon 100,186,55,131,1.0024933128821945,0.2765957446808511,0.33962264150943394,0.723404255319149,0.5315134484142915,0.3627777777777778,0.7835849056603775,0.6372222222222221,0.21641509433962247,0.2853846153846154,0.31,0.551184263348053
mlp,2,2,0,0.15,fixed horizon 148,186,55,131,1.0042845911120721,0.23404255319148937,0.32075471698113206,0.7659574468085106,0.5433560818948213,0.23807631160572337,0.7556093829678735,0.7619236883942766,0.2443906170321265,0.22235872235872237,0.28,0.6170212765957447
mlp,2,2,0,0.2,fixed horizon 50,186,55,131,1.0054624155298661,0.8936170212765957,0.9056603773584906,0.10638297872340426,0.5060216780409474,0.1466666666666667,0.22716981132075467,0.8533333333333333,0.7728301886792454,0.11666666666666667,0.9,0.562424729024488
mlp,2,2,0,0.2,fixed horizon 100,186,55,131,1.000054186908476,0.851063829787234,0.7924528301886793,0.14893617021276595,0.4706945002007226,0.008333333333333333,0.2141509433962264,0.9916666666666667,0.7858490566037736,0.014750000000000003,0.82,0.551184263348053
mlp,2,2,0,0.2,fixed horizon 148,186,55,131,0.9997676564132159,0.9148936170212766,0.9245283018867925,0.0851063829787234,0.5048173424327579,0.00441257584114727,0.0795512493625701,0.9955874241588527,0.9204487506374299,0.0339409176618479,0.92,0.6170212765957447
mlp,2,2,0,0.3,fixed horizon 50,186,55,131,0.9693627269162903,0.9787234042553191,0.9811320754716981,0.02127659574468085,0.5012043356081894,0.007307692307692308,0.026037735849056606,0.9926923076923077,0.9739622641509434,0.03217391304347826,0.98,0.562424729024488
mlp,2,2,0,0.3,fixed horizon 100,186,55,131,0.9865174204644196,1.0,0.9811320754716981,0.0,0.49056603773584906,0.005,0.023773584905660377,0.995,0.9762264150943396,0.05425531914893618,0.99,0.551184263348053
mlp,2,2,0,0.3,fixed horizon 148,186,55,131,0.9865174204644196,1.0,0.9811320754716981,0.0,0.49056603773584906,0.0033783783783783786,0.022182559918408975,0.9966216216216216,0.977817440081591,0.038527889591719384,0.99,0.6170212765957447
mlp,2,2,1,0.01,fixed horizon 50,186,55,131,1.0062777133306802,0.02127659574468085,0.03773584905660377,0.9787234042553191,0.5082296266559615,0.7,0.9886792452830189,0.30000000000000004,0.01132075471698113,0.7,0.03,0.562424729024488
mlp,2,2,1,0.01,fixed horizon 100,186,55,131,1.0062777133306802,0.02127659574468085,0.03773584905660377,0.9787234042553191,0.5082296266559615,0.35,0.9754716981132076,0.65,0.024528301886792447,0.35,0.03,0.551184263348053
mlp,2,2,1,0.01,fixed horizon 148,186,55,131,1.0062777133306802,0.02127659574468085,0.03773584905660377,0.9787234042553191,0.5082296266559615,0.23648648648648649,0.9711881693013767,0.7635135135135135,0.028811830698623253,0.23648648648648649,0.03,0.6170212765957447
mlp,2,2,1,0.025,fixed horizon 50,186,55,131,1.006128374563284,0.02127659574468085,0.03773584905660377,0.9787234042553191,0.5082296266559615,0.7,0.9886792452830189,0.30000000000000004,0.01132075471698113,0.7,0.03,0.562424729024488
mlp,2,2,1,0.025,fixed horizon 100,186,55,131,1.006128374563284,0.02127659574468085,0.03773584905660377,0.9787234042553191,0.5082296266559615,0.35,0.9754716981132076,0.65,0.024528301886792447,0.35,0.03,0.551184263348053
mlp,2,2,1,0.025,fixed horizon 148,186,55,131,1.006128374563284,0.02127659574468085,0.03773584905660377,0.9787234042553191,0.5082296266559615,0.23648648648648649,0.9711881693013767,0.7635135135135135,0.028811830698623253,0.23648648648648649,0.03,0.6170212765957447
mlp,2,2,1,0.05,fixed horizon 50,186,55,131,1.0072146470911383,0.10638297872340426,0.1509433962264151,0.8936170212765957,0.5222802087515054,0.7,0.9547169811320756,0.30000000000000004,0.04528301886792441,0.7,0.13,0.562424729024488
mlp,2,2,1,0.05,fixed horizon 100,186,55,131,1.0138963132505179,0.0,0.05660377358490566,1.0,0.5283018867924528,0.86,0.9920754716981132,0.14,0.007924528301886835,,0.03,0.551184263348053
mlp,2,2,1,0.05,fixed horizon 148,186,55,131,1.0209395317485632,0.02127659574468085,0.05660377358490566,0.9787234042553191,0.5176635889201124,0.786036036036036,0.9878888322284548,0.213963963963964,0.012111167771545195,0.8716216216216216,0.04,0.6170212765957447
mlp,2,2,1,0.075,fixed horizon 50,186,55,131,1.003080714719592,0.2553191489361702,0.2641509433962264,0.7446808510638298,0.5044158972300281,0.4757142857142857,0.8615094339622642,0.5242857142857142,0.1384905660377358,0.49666666666666665,0.26,0.562424729024488
mlp,2,2,1,0.075,fixed horizon 100,186,55,131,1.0343557315009766,0.02127659574468085,0.09433962264150944,0.9787234042553191,0.5365315134484143,0.8779999999999999,0.9884905660377359,0.12200000000000011,0.011509433962264115,0.87,0.06,0.551184263348053
mlp,2,2,1,0.075,fixed horizon 148,186,55,131,1.0394331235833107,0.02127659574468085,0.07547169811320754,0.9787234042553191,0.5270975511842634,0.7432432432432432,0.9806221315655277,0.2567567567567568,0.019377868434472312,0.7432432432432432,0.05,0.6170212765957447
mlp,2,2,1,0.1,fixed horizon 50,186,55,131,1.012343407571654,0.14893617021276595,0.24528301886792453,0.851063829787234,0.5481734243275793,0.7553846153846154,0.9399999999999998,0.24461538461538457,0.060000000000000164,0.7542857142857142,0.2,0.562424729024488
mlp,2,2,1,0.1,fixed horizon 100,186,55,131,1.0321086299733269,0.02127659574468085,0.09433962264150944,0.9787234042553191,0.5365315134484143,0.8720000000000001,0.9879245283018868,0.1279999999999999,0.012075471698113183,0.86,0.06,0.551184263348053
mlp,2,2,1,0.1,fixed horizon 148,186,55,131,1.0374606782514797,0.02127659574468085,0.09433962264150944,0.9787234042553191,0.5365315134484143,0.758108108108108,0.977180010198878,0.24189189189189197,0.022819989801121987,0.7432432432432432,0.06,0.6170212765957447
mlp,2,2,1,0.15,fixed horizon 50,186,55,131,1.0001399581108248,0.6382978723404256,0.5471698113207547,0.3617021276595745,0.4544359694901646,0.2227586206896552,0.5747169811320756,0.7772413793103448,0.4252830188679244,0.11066666666666666,0.59,0.562424729024488
mlp,2,2,1,0.15,fixed horizon 100,186,55,131,1.024718206990669,0.0851063829787234,0.18867924528301888,0.9148936170212766,0.5517864311521478,0.6220000000000001,0.9286792452830188,0.3779999999999999,0.07132075471698118,0.625,0.14,0.551184263348053
mlp,2,2,1,0.15,fixed horizon 148,186,55,131,1.0421989909091844,0.44680851063829785,0.37735849056603776,0.5531914893617021,0.46527498996386996,0.17533783783783782,0.6888067312595614,0.8246621621621621,0.3111932687404386,0.10328185328185328,0.41,0.6170212765957447
mlp,2,2,1,0.2,fixed horizon 50,186,55,131,1.2061103191772318,0.851063829787234,0.8867924528301887,0.14893617021276595,0.5178643115214774,0.060000000000000005,0.16641509433962265,0.94,0.8335849056603774,0.06,0.87,0.562424729024488
mlp,2,2,1,0.2,fixed horizon 100,186,55,131,1.1781198070916707,0.5531914893617021,0.5660377358490566,0.44680851063829785,0.5064231232436772,0.9299999999999998,0.9603773584905658,0.07000000000000017,0.039622641509434176,0.9523076923076924,0.56,0.551184263348053
mlp,2,2,1,0.2,fixed horizon 148,186,55,131,1.3238056940761194,0.5531914893617021,0.660377358490566,0.44680851063829785,0.5535929345644319,0.6882239382239383,0.7941101478837329,0.31177606177606165,0.2058898521162671,0.6995841995841996,0.61,0.6170212765957447
mlp,2,2,1,0.3,fixed horizon 50,186,55,131,1.2583281861865385,1.0,0.9622641509433962,0.0,0.4811320754716981,0.0407843137254902,0.07698113207547168,0.9592156862745098,0.9230188679245284,0.07404255319148936,0.98,0.562424729024488
mlp,2,2,1,0.3,fixed horizon 100,186,55,131,1.2748773146446803,1.0,0.9811320754716981,0.0,0.49056603773584906,0.056730769230769224,0.07452830188679244,0.9432692307692307,0.9254716981132076,0.07617021276595742,0.99,0.551184263348053
mlp,2,2,1,0.3,fixed horizon 148,186,55,131,1.0706034053404756,1.0,0.9811320754716981,0.0,0.49056603773584906,0.16437110187110188,0.180137684854666,0.8356288981288982,0.819862315145334,0.1861702127659575,0.99,0.6170212765957447
mlp,2,2,2,0.01,fixed horizon 50,186,55,131,1.0086956075960927,0.0851063829787234,0.05660377358490566,0.9148936170212766,0.4857486953030911,0.44,0.9683018867924529,0.56,0.03169811320754712,0.44,0.07,0.562424729024488
mlp,2,2,2,0.01,fixed horizon 100,186,55,131,1.009038048647983,0.0,0.0,1.0,0.5,,1.0,,0.0,,0.0,0.551184263348053
mlp,2,2,2,0.01,fixed horizon 148,186,55,131,1.0125658826228328,0.0,0.0,1.0,0.5,,1.0,,0.0,,0.0,0.6170212765957447
mlp,2,2,2,0.025,fixed horizon 50,186,55,131,1.0084333536663974,0.1276595744680851,0.11320754716981132,0.8723404255319149,0.4927739863508631,0.44,0.9366037735849057,0.56,0.06339622641509435,0.44,0.12,0.562424729024488
mlp,2,2,2,0.025,fixed horizon 100,186,55,131,1.0089277184380616,0.0,0.0,1.0,0.5,,1.0,,0.0,,0.0,0.551184263348053
mlp,2,2,2,0.025,fixed horizon 148,186,55,131,1.012089684137888,0.0,0.018867924528301886,1.0,0.5094339622641509,0.6891891891891891,0.9941356450790414,0.31081081081081086,0.005864354920958603,,0.01,0.6170212765957447
mlp,2,2,2,0.05,fixed horizon 50,186,55,131,1.0083036155076837,0.1702127659574468,0.22641509433962265,0.8297872340425532,0.5281011641910879,0.4400000000000001,0.8732075471698112,0.5599999999999998,0.1267924528301888,0.44,0.2,0.562424729024488
mlp,2,2,2,0.05,fixed horizon 100,186,55,131,1.0141081145047957,0.0,0.05660377358490566,1.0,0.5283018867924528,0.86,0.9920754716981132,0.14,0.007924528301886835,,0.03,0.551184263348053
mlp,2,2,2,0.05,fixed horizon 148,186,55,131,1.0117935114750116,0.02127659574468085,0.05660377358490566,0.9787234042553191,0.5176635889201124,0.6936936936936937,0.9826619071902091,0.3063063063063063,0.017338092809790928,0.7027027027027027,0.04,0.6170212765957447
mlp,2,2,2,0.075,fixed horizon 50,186,55,131,1.0267313439844286,0.2553191489361702,0.2641509433962264,0.7446808510638298,0.5044158972300281,0.42,0.8467924528301888,0.5800000000000001,0.15320754716981122,0.42,0.26,0.562424729024488
mlp,2,2,2,0.075,fixed horizon 100,186,55,131,1.0344912731228846,0.0425531914893617,0.1509433962264151,0.9574468085106383,0.5541951023685268,0.63,0.9441509433962264,0.37,0.055849056603773595,0.63,0.1,0.551184263348053
mlp,2,2,2,0.075,fixed horizon 148,186,55,131,1.037383831942729,0.02127659574468085,0.07547169811320754,0.9787234042553191,0.5270975511842634,0.7432432432432432,0.9806221315655277,0.2567567567567568,0.019377868434472312,0.7432432432432432,0.05,0.6170212765957447
mlp,2,2,2,0.1,fixed horizon 50,186,55,131,1.0501402148318706,0.3191489361702128,0.37735849056603776,0.6808510638297872,0.5291047771979125,0.42000000000000004,0.7811320754716983,0.58,0.21886792452830173,0.42,0.35,0.562424729024488
mlp,2,2,2,0.1,fixed horizon 100,186,55,131,1.0535356140155983,0.06382978723404255,0.18867924528301888,0.9361702127659575,0.5624247290244881,0.6529999999999999,0.9345283018867925,0.3470000000000001,0.06547169811320752,0.6533333333333333,0.13,0.551184263348053
mlp,2,2,2,0.1,fixed horizon 148,186,55,131,1.0336714933402633,0.02127659574468085,0.09433962264150944,0.9787234042553191,0.5365315134484143,0.75,0.9764150943396225,0.25,0.02358490566037752,0.7432432432432432,0.06,0.6170212765957447
mlp,2,2,2,0.15,fixed horizon 50,186,55,131,1.085657973680155,0.5957446808510638,0.6226415094339622,0.40425531914893614,0.5134484142914492,0.3636363636363636,0.6037735849056604,0.6363636363636365,0.39622641509433965,0.36357142857142855,0.61,0.562424729024488
mlp,2,2,2,0.15,fixed horizon 100,186,55,131,1.1100162591607523,0.0851063829787234,0.20754716981132076,0.9148936170212766,0.5612203934162987,0.6827272727272727,0.9341509433962264,0.31727272727272726,0.0658490566037736,0.6875,0.15,0.551184263348053
mlp,2,2,2,0.15,fixed horizon 148,186,55,131,1.1100162591607523,0.0851063829787234,0.20754716981132076,0.9148936170212766,0.5612203934162987,0.46130221130221133,0.888194798572157,0.5386977886977886,0.111805201427843,0.46452702702702703,0.15,0.6170212765957447
mlp,2,2,2,0.2,fixed horizon 50,186,55,131,1.4723638561479242,0.6170212765957447,0.6415094339622641,0.3829787234042553,0.5122440786832597,0.5894117647058821,0.7366037735849057,0.4105882352941179,0.2633962264150943,0.5903448275862068,0.63,0.562424729024488
mlp,2,2,2,0.2,fixed horizon 100,186,55,131,1.3151063628538915,0.2127659574468085,0.37735849056603776,0.7872340425531915,0.5822962665596146,0.6639999999999999,0.8732075471698111,0.3360000000000001,0.12679245283018892,0.6990000000000001,0.3,0.551184263348053
mlp,2,2,2,0.2,fixed horizon 148,186,55,131,1.3672504680175248,0.46808510638297873,0.6037735849056604,0.5319148936170213,0.5678442392613408,0.9041385135135135,0.9421213666496685,0.09586148648648651,0.0578786333503315,0.9296683046683046,0.54,0.6170212765957447
mlp,2,2,2,0.3,fixed horizon 50,186,55,131,1.0500194657998396,1.0,0.9622641509433962,0.0,0.4811320754716981,0.1411764705882353,0.17358490566037746,0.8588235294117648,0.8264150943396226,0.15234042553191487,0.98,0.562424729024488
mlp,2,2,2,0.3,fixed horizon 100,186,55,131,1.0500194657998396,1.0,0.9433962264150944,0.0,0.4716981132075472,0.1096,0.16,0.8904,0.84,0.15063829787234045,0.97,0.551184263348053
mlp,2,2,2,0.3,fixed horizon 148,186,55,131,1.0500194657998396,1.0,0.9811320754716981,0.0,0.49056603773584906,0.11434511434511435,0.13105558388577257,0.8856548856548856,0.8689444161142275,0.11342725704427833,0.99,0.6170212765957447
mlp,2,2,3,0.01,fixed horizon 50,186,55,131,1.00001620457179,0.3191489361702128,0.11320754716981132,0.6808510638297872,0.39702930549979926,0.13333333333333333,0.9018867924528301,0.8666666666666667,0.0981132075471699,0.13066666666666668,0.21,0.562424729024488
mlp,2,2,3,0.01,fixed horizon 100,186,55,131,1.0000458506197885,0.06382978723404255,0.018867924528301886,0.9361702127659575,0.4775190686471297,0.12,0.9833962264150944,0.88,0.016603773584905612,0.12,0.04,0.551184263348053
mlp,2,2,3,0.01,fixed horizon 148,186,55,131,1.001685328449963,0.0,0.0,1.0,0.5,,1.0,,0.0,,0.0,0.6170212765957447
mlp,2,2,3,0.025,fixed horizon 50,186,55,131,1.0000075664291745,0.3617021276595745,0.1509433962264151,0.6382978723404256,0.3946206342834203,0.13,0.8686792452830189,0.87,0.13132075471698113,0.1035294117647059,0.25,0.562424729024488
mlp,2,2,3,0.025,fixed horizon 100,186,55,131,1.0000112655253008,0.3404255319148936,0.1320754716981132,0.6595744680851063,0.39582496989160976,0.06285714285714286,0.8762264150943396,0.9371428571428572,0.12377358490566037,0.052500000000000005,0.23,0.551184263348053
mlp,2,2,3,0.025,fixed horizon 148,186,55,131,1.0000311925868028,0.19148936170212766,0.11320754716981132,0.8085106382978723,0.4608590927338418,0.43468468468468474,0.9360020397756248,0.5653153153153152,0.0639979602243752,0.15090090090090091,0.15,0.6170212765957447
mlp,2,2,3,0.05,fixed horizon 50,186,55,131,1.0000202858149865,0.5319148936170213,0.33962264150943394,0.46808510638297873,0.4038538739462063,0.17888888888888893,0.721132075471698,0.8211111111111111,0.278867924528302,0.11920000000000001,0.43,0.562424729024488
mlp,2,2,3,0.05,fixed horizon 100,186,55,131,0.999978919624126,0.46808510638297873,0.4339622641509434,0.5319148936170213,0.48293857888398234,0.01608695652173913,0.5730188679245283,0.9839130434782609,0.4269811320754717,0.00681818181818182,0.45,0.551184263348053
mlp,2,2,3,0.05,fixed horizon 148,186,55,131,0.999978919624126,0.48936170212765956,0.4528301886792453,0.5106382978723404,0.48173424327579284,0.0419481981981982,0.5661652218255991,0.9580518018018018,0.43383477817440086,0.0373090481786134,0.47,0.6170212765957447
mlp,2,2,3,0.075,fixed horizon 50,186,55,131,1.0000133806977756,0.6170212765957447,0.4528301886792453,0.3829787234042553,0.4179044560417503,0.17250000000000001,0.6252830188679244,0.8275,0.37471698113207563,0.12413793103448277,0.53,0.562424729024488
mlp,2,2,3,0.075,fixed horizon 100,186,55,131,1.0049070544202987,0.0851063829787234,0.16981132075471697,0.9148936170212766,0.5423524688879968,0.37,0.8930188679245284,0.63,0.10698113207547155,0.44000000000000006,0.13,0.551184263348053
mlp,2,2,3,0.075,fixed horizon 148,186,55,131,1.007158965263347,0.02127659574468085,0.09433962264150944,0.9787234042553191,0.5365315134484143,0.5216216216216217,0.9548699643039267,0.47837837837837827,0.04513003569607332,0.5472972972972973,0.06,0.6170212765957447
mlp,2,2,3,0.1,fixed horizon 50,186,55,131,0.9999707061978435,0.723404255319149,0.5849056603773585,0.2765957446808511,0.43075070252910475,0.04967741935483871,0.4441509433962264,0.9503225806451613,0.5558490566037736,0.05764705882352941,0.65,0.562424729024488
mlp,2,2,3,0.1,fixed horizon 100,186,55,131,1.0171678836894364,0.0851063829787234,0.18867924528301888,0.9148936170212766,0.5517864311521478,0.6130000000000001,0.9269811320754717,0.3869999999999999,0.07301886792452827,0.615,0.14,0.551184263348053
mlp,2,2,3,0.1,fixed horizon 148,186,55,131,1.000174939621107,0.574468085106383,0.4339622641509434,0.425531914893617,0.42974708952228025,0.13307873090481784,0.6237888832228454,0.8669212690951822,0.3762111167771546,0.05455455455455455,0.5,0.6170212765957447
mlp,2,2,3,0.15,fixed horizon 50,186,55,131,1.000519590984174,0.2978723404255319,0.41509433962264153,0.7021276595744681,0.5586109995985549,0.5127272727272728,0.7977358490566037,0.4872727272727272,0.20226415094339634,0.4171428571428572,0.36,0.562424729024488
mlp,2,2,3,0.15,fixed horizon 100,186,55,131,1.017039892009414,0.0851063829787234,0.20754716981132076,0.9148936170212766,0.5612203934162987,0.6145454545454546,0.9199999999999999,0.3854545454545454,0.08000000000000007,0.615,0.15,0.551184263348053
mlp,2,2,3,0.15,fixed horizon 148,186,55,131,1.0253057696289576,0.10638297872340426,0.22641509433962265,0.8936170212765957,0.5600160578081091,0.4498873873873874,0.8754462009178992,0.5501126126126126,0.12455379908210085,0.48918918918918913,0.17,0.6170212765957447
mlp,2,2,3,0.2,fixed horizon 50,186,55,131,0.9976850881869548,0.9148936170212766,0.9433962264150944,0.0851063829787234,0.5142513046969088,0.0204,0.07584905660377357,0.9796,0.9241509433962264,0.02790697674418605,0.93,0.562424729024488
mlp,2,2,3,0.2,fixed horizon 100,186,55,131,1.0016028723306878,0.8723404255319149,0.8301886792452831,0.1276595744680851,0.47892412685668406,0.229090909090909,0.36000000000000004,0.770909090909091,0.6399999999999999,0.23048780487804876,0.85,0.551184263348053
mlp,2,2,3,0.2,fixed horizon 148,186,55,131,1.048332217790711,0.8723404255319149,0.9056603773584906,0.1276595744680851,0.5166599759132878,0.3125,0.3773584905660378,0.6875,0.6226415094339621,0.3614040870138431,0.89,0.6170212765957447
mlp,2,2,3,0.3,fixed horizon 50,186,55,131,1.0193669063341957,1.0,0.9622641509433962,0.0,0.4811320754716981,0.06549019607843137,0.10075471698113206,0.9345098039215687,0.899245283018868,0.06765957446808511,0.98,0.562424729024488
mlp,2,2,3,0.3,fixed horizon 100,186,55,131,0.9953187503895715,1.0,0.9811320754716981,0.0,0.49056603773584906,0.02423076923076923,0.04264150943396226,0.9757692307692307,0.9573584905660377,0.06446808510638298,0.99,0.551184263348053
mlp,2,2,3,0.3,fixed horizon 148,186,55,131,0.9953187503895715,1.0,1.0,0.0,0.5,0.03531361550229475,0.03531361550229475,0.9646863844977053,0.9646863844977053,0.04815986198964923,1.0,0.6170212765957447
mlp,2,2,4,0.01,fixed horizon 50,186,55,131,1.000357448119496,0.0851063829787234,0.09433962264150944,0.9148936170212766,0.504616619831393,0.34,0.9377358490566038,0.6599999999999999,0.06226415094339621,0.34,0.09,0.562424729024488
mlp,2,2,4,0.01,fixed horizon 100,186,55,131,1.000357448119496,0.0851063829787234,0.09433962264150944,0.9148936170212766,0.504616619831393,0.17,0.9216981132075472,0.83,0.07830188679245276,0.17,0.09,0.551184263348053
mlp,2,2,4,0.01,fixed horizon 148,186,55,131,1.000357448119496,0.0851063829787234,0.09433962264150944,0.9148936170212766,0.504616619831393,0.11486486486486487,0.9164966853646098,0.8851351351351351,0.08350331463539018,0.11486486486486487,0.09,0.6170212765957447
mlp,2,2,4,0.025,fixed horizon 50,186,55,131,1.0000437972590104,0.2765957446808511,0.22641509433962265,0.723404255319149,0.47490967482938584,0.3050000000000001,0.8426415094339622,0.6949999999999998,0.1573584905660378,0.28153846153846157,0.25,0.562424729024488
mlp,2,2,4,0.025,fixed horizon 100,186,55,131,1.0000437972590104,0.2765957446808511,0.22641509433962265,0.723404255319149,0.47490967482938584,0.15250000000000005,0.8081132075471698,0.8474999999999999,0.19188679245283025,0.14076923076923079,0.25,0.551184263348053
mlp,2,2,4,0.025,fixed horizon 148,186,55,131,1.0000437972590104,0.2765957446808511,0.22641509433962265,0.723404255319149,0.47490967482938584,0.10304054054054053,0.7969148393676696,0.8969594594594594,0.2030851606323304,0.09511434511434512,0.25,0.6170212765957447
mlp,2,2,4,0.05,fixed horizon 50,186,55,131,1.0064153129359998,0.14893617021276595,0.22641509433962265,0.851063829787234,0.5387394620634284,0.58,0.9049056603773585,0.42000000000000004,0.09509433962264147,0.58,0.19,0.562424729024488
mlp,2,2,4,0.05,fixed horizon 100,186,55,131,1.0139586654953023,0.02127659574468085,0.07547169811320754,0.9787234042553191,0.5270975511842634,0.86,0.9894339622641509,0.14,0.010566037735849076,0.86,0.05,0.551184263348053
mlp,2,2,4,0.05,fixed horizon 148,186,55,131,1.0292114892010407,0.02127659574468085,0.07547169811320754,0.9787234042553191,0.5270975511842634,0.7364864864864865,0.9801121876593575,0.2635135135135135,0.01988781234064252,0.7364864864864865,0.05,0.6170212765957447
mlp,2,2,4,0.075,fixed horizon 50,186,55,131,1.0243219893666002,0.1702127659574468,0.24528301886792453,0.8297872340425532,0.5375351264552388,0.5999999999999999,0.9018867924528301,0.40000000000000013,0.0981132075471699,0.6,0.21,0.562424729024488
mlp,2,2,4,0.075,fixed horizon 100,186,55,131,1.0298630299399925,0.02127659574468085,0.09433962264150944,0.9787234042553191,0.5365315134484143,0.8219999999999998,0.9832075471698113,0.17800000000000016,0.01679245283018871,0.82,0.06,0.551184263348053
mlp,2,2,4,0.075,fixed horizon 148,186,55,131,1.0559126942846464,0.02127659574468085,0.07547169811320754,0.9787234042553191,0.5270975511842634,0.7702702702702703,0.9826619071902091,0.22972972972972971,0.017338092809790928,0.7702702702702703,0.05,0.6170212765957447
mlp,2,2,4,0.1,fixed horizon 50,186,55,131,1.0224647312766857,0.2127659574468085,0.2830188679245283,0.7872340425531915,0.5351264552388599,0.6213333333333331,0.8928301886792452,0.37866666666666693,0.10716981132075476,0.6319999999999999,0.25,0.562424729024488
mlp,2,2,4,0.1,fixed horizon 100,186,55,131,1.0361798260522341,0.0425531914893617,0.11320754716981132,0.9574468085106383,0.5353271778402249,0.8316666666666667,0.980943396226415,0.16833333333333333,0.01905660377358498,0.835,0.08,0.551184263348053
mlp,2,2,4,0.1,fixed horizon 148,186,55,131,1.0707160516263863,0.02127659574468085,0.07547169811320754,0.9787234042553191,0.5270975511842634,0.75,0.9811320754716981,0.25,0.018867924528301883,0.75,0.05,0.6170212765957447
mlp,2,2,4,0.15,fixed horizon 50,186,55,131,1.0016465766467197,0.3404255319148936,0.39622641509433965,0.6595744680851063,0.527900441589723,0.4457142857142858,0.7803773584905661,0.5542857142857143,0.2196226415094339,0.42375,0.37,0.562424729024488
mlp,2,2,4,0.15,fixed horizon 100,186,55,131,1.0296713965652577,0.0851063829787234,0.18867924528301888,0.9148936170212766,0.5517864311521478,0.6220000000000001,0.9286792452830188,0.3779999999999999,0.07132075471698118,0.625,0.14,0.551184263348053
mlp,2,2,4,0.15,fixed horizon 148,186,55,131,1.0608100960373426,0.0425531914893617,0.11320754716981132,0.9574468085106383,0.5353271778402249,0.7713963963963965,0.9741203467618562,0.22860360360360354,0.025879653238143785,0.8513513513513513,0.08,0.6170212765957447
mlp,2,2,4,0.2,fixed horizon 50,186,55,131,0.9969348998218056,0.8723404255319149,0.9245283018867925,0.1276595744680851,0.5260939381774388,0.01673469387755102,0.0909433962264151,0.983265306122449,0.9090566037735849,0.014146341463414633,0.9,0.562424729024488
mlp,2,2,4,0.2,fixed horizon 100,186,55,131,0.9976965767926399,0.9574468085106383,0.9245283018867925,0.0425531914893617,0.48354074668807706,0.016734693877551023,0.0909433962264151,0.983265306122449,0.9090566037735849,0.05644444444444444,0.94,0.551184263348053
mlp,2,2,4,0.2,fixed horizon 148,186,55,131,0.9969348998218056,0.8936170212765957,0.9622641509433962,0.10638297872340426,0.5343235648334003,0.041202967673555906,0.07738398776134624,0.9587970323264441,0.9226160122386537,0.024935649935649937,0.93,0.6170212765957447
mlp,2,2,4,0.3,fixed horizon 50,186,55,131,0.9588064840608058,0.9787234042553191,0.9811320754716981,0.02127659574468085,0.5012043356081894,0.009230769230769232,0.02792452830188679,0.9907692307692307,0.9720754716981133,0.051739130434782614,0.98,0.562424729024488
mlp,2,2,4,0.3,fixed horizon 100,186,55,131,0.9639997209175014,1.0,0.9811320754716981,0.0,0.49056603773584906,0.004615384615384616,0.02339622641509434,0.9953846153846154,0.9766037735849057,0.06297872340425532,0.99,0.551184263348053
mlp,2,2,4,0.3,fixed horizon 148,186,55,131,0.9775457927999692,1.0,0.9811320754716981,0.0,0.49056603773584906,0.0033783783783783786,0.022182559918408975,0.9966216216216216,0.977817440081591,0.055347901092581954,0.99,0.6170212765957447
mlp,2,2,5,0.01,fixed horizon 50,186,55,131,1.0000349353613884,0.2978723404255319,0.07547169811320754,0.7021276595744681,0.3887996788438378,0.245,0.9430188679245284,0.755,0.05698113207547162,0.1457142857142857,0.18,0.562424729024488
mlp,2,2,5,0.01,fixed horizon 100,186,55,131,1.0000541081386882,0.02127659574468085,0.018867924528301886,0.9787234042553191,0.4987956643918105,0.12,0.9833962264150944,0.88,0.016603773584905612,0.12,0.02,0.551184263348053
mlp,2,2,5,0.01,fixed horizon 148,186,55,131,1.0019708047532,0.0,0.0,1.0,0.5,,1.0,,0.0,,0.0,0.6170212765957447
mlp,2,2,5,0.025,fixed horizon 50,186,55,131,1.0000223253346674,0.3617021276595745,0.11320754716981132,0.6382978723404256,0.37575270975511843,0.14666666666666667,0.9033962264150942,0.8533333333333333,0.0966037735849058,0.1223529411764706,0.23,0.562424729024488
mlp,2,2,5,0.025,fixed horizon 100,186,55,131,1.0000223253346674,0.3617021276595745,0.11320754716981132,0.6382978723404256,0.37575270975511843,0.07333333333333333,0.8950943396226415,0.9266666666666666,0.10490566037735849,0.0611764705882353,0.23,0.551184263348053
mlp,2,2,5,0.025,fixed horizon 148,186,55,131,1.0012858841408683,0.0,0.03773584905660377,1.0,0.5188679245283019,0.8040540540540541,0.9926058133605303,0.19594594594594594,0.007394186639469669,,0.02,0.6170212765957447
mlp,2,2,5,0.05,fixed horizon 50,186,55,131,1.0003870459763702,0.574468085106383,0.2641509433962264,0.425531914893617,0.3448414291449217,0.1342857142857143,0.771320754716981,0.8657142857142857,0.22867924528301897,0.13629629629629633,0.41,0.562424729024488
mlp,2,2,5,0.05,fixed horizon 100,186,55,131,0.999960567854129,0.5531914893617021,0.5094339622641509,0.44680851063829785,0.4781212364512244,0.011111111111111113,0.49622641509433957,0.9888888888888889,0.5037735849056604,0.00576923076923077,0.53,0.551184263348053
mlp,2,2,5,0.05,fixed horizon 148,186,55,131,0.999990341751833,0.44680851063829785,0.32075471698113206,0.5531914893617021,0.43697310317141713,0.0945945945945946,0.709586945436002,0.9054054054054054,0.290413054563998,0.04150579150579151,0.38,0.6170212765957447
mlp,2,2,5,0.075,fixed horizon 50,186,55,131,1.0005388164505018,0.6382978723404256,0.41509433962264153,0.3617021276595745,0.38839823364110804,0.20545454545454547,0.6701886792452829,0.7945454545454546,0.3298113207547171,0.1446666666666667,0.52,0.562424729024488
mlp,2,2,5,0.075,fixed horizon 100,186,55,131,1.0008239148268832,0.574468085106383,0.41509433962264153,0.425531914893617,0.4203131272581293,0.12909090909090912,0.6384905660377359,0.8709090909090909,0.3615094339622641,0.08851851851851852,0.49,0.551184263348053
mlp,2,2,5,0.075,fixed horizon 148,186,55,131,1.0009096806935474,0.46808510638297873,0.33962264150943394,0.5319148936170213,0.4357687675632276,0.11599099099099101,0.6997705252422233,0.884009009009009,0.3002294747577767,0.0816953316953317,0.4,0.6170212765957447
mlp,2,2,5,0.1,fixed horizon 50,186,55,131,1.000569405189413,0.6382978723404256,0.41509433962264153,0.3617021276595745,0.38839823364110804,0.20545454545454547,0.6701886792452829,0.7945454545454546,0.3298113207547171,0.138,0.52,0.562424729024488
mlp,2,2,5,0.1,fixed horizon 100,186,55,131,1.0004989412393674,0.6595744680851063,0.41509433962264153,0.3404255319148936,0.37775993576876754,0.10227272727272728,0.6273584905660378,0.8977272727272727,0.37264150943396224,0.07322580645161292,0.53,0.551184263348053
mlp,2,2,5,0.1,fixed horizon 148,186,55,131,1.000784804139142,0.5957446808510638,0.4339622641509434,0.40425531914893614,0.41910879164993975,0.11809635722679201,0.617287098419174,0.881903642773208,0.38271290158082605,0.05670849420849421,0.51,0.6170212765957447
mlp,2,2,5,0.15,fixed horizon 50,186,55,131,0.9996620720315209,0.8297872340425532,0.7735849056603774,0.1702127659574468,0.4718988358089121,0.041951219512195125,0.2588679245283019,0.9580487804878048,0.7411320754716981,0.03641025641025641,0.8,0.562424729024488
mlp,2,2,5,0.15,fixed horizon 100,186,55,131,1.0018588381649143,0.574468085106383,0.5283018867924528,0.425531914893617,0.47691690084303495,0.15714285714285717,0.5547169811320755,0.8428571428571429,0.44528301886792454,0.14,0.55,0.551184263348053
mlp,2,2,5,0.15,fixed horizon 148,186,55,131,1.0059477130877517,0.3404255319148936,0.41509433962264153,0.6595744680851063,0.5373344038538739,0.19871007371007374,0.6673890872004079,0.8012899262899262,0.3326109127995921,0.19932432432432434,0.38,0.6170212765957447
mlp,2,2,5,0.2,fixed horizon 50,186,55,131,0.9958902524886852,0.8723404255319149,0.9433962264150944,0.1276595744680851,0.5355279004415897,0.0144,0.07018867924528302,0.9856,0.929811320754717,0.013658536585365855,0.91,0.562424729024488
mlp,2,2,5,0.2,fixed horizon 100,186,55,131,0.9958902524886852,0.8723404255319149,0.9433962264150944,0.1276595744680851,0.5355279004415897,0.0072,0.06339622641509435,0.9928,0.9366037735849057,0.006829268292682928,0.91,0.551184263348053
mlp,2,2,5,0.2,fixed horizon 148,186,55,131,0.9989840013571577,0.9148936170212766,0.9811320754716981,0.0851063829787234,0.5331192292252107,0.005197505197505198,0.0239673635900051,0.9948024948024948,0.9760326364099949,0.0251414204902577,0.95,0.6170212765957447
mlp,2,2,5,0.3,fixed horizon 50,186,55,131,0.9847954921056412,1.0,1.0,0.0,0.5,0.012452830188679246,0.012452830188679246,0.9875471698113207,0.9875471698113207,0.04042553191489362,1.0,0.562424729024488
mlp,2,2,5,0.3,fixed horizon 100,186,55,131,0.9806095019128951,1.0,0.9811320754716981,0.0,0.49056603773584906,0.003076923076923077,0.021886792452830192,0.9969230769230769,0.9781132075471698,0.06127659574468085,0.99,0.551184263348053
mlp,2,2,5,0.3,fixed horizon 148,186,55,131,0.9847954921056412,1.0,0.9811320754716981,0.0,0.49056603773584906,0.002208939708939709,0.021035186129525752,0.9977910602910602,0.9789648138704743,0.04729729729729729,0.99,0.6170212765957447
mlp,2,2,6,0.01,fixed horizon 50,186,55,131,1.0004284539077442,0.1276595744680851,0.11320754716981132,0.8723404255319149,0.4927739863508631,0.32,0.9230188679245284,0.6799999999999999,0.07698113207547164,0.32,0.12,0.562424729024488
mlp,2,2,6,0.01,fixed horizon 100,186,55,131,1.0004284539077442,0.1276595744680851,0.11320754716981132,0.8723404255319149,0.4927739863508631,0.16,0.9049056603773584,0.84,0.09509433962264158,0.16,0.12,0.551184263348053
mlp,2,2,6,0.01,fixed horizon 148,186,55,131,1.0029089427046542,0.0,0.0,1.0,0.5,,1.0,,0.0,,0.0,0.6170212765957447
mlp,2,2,6,0.025,fixed horizon 50,186,55,131,1.0003796561623912,0.2978723404255319,0.1509433962264151,0.7021276595744681,0.4265355279004416,0.2525,0.8871698113207548,0.7475,0.11283018867924521,0.1785714285714286,0.22,0.562424729024488
mlp,2,2,6,0.025,fixed horizon 100,186,55,131,1.0003796561623912,0.2978723404255319,0.1509433962264151,0.7021276595744681,0.4265355279004416,0.12625,0.8681132075471698,0.87375,0.1318867924528302,0.0892857142857143,0.22,0.551184263348053
mlp,2,2,6,0.025,fixed horizon 148,186,55,131,1.0013672965415896,0.0,0.05660377358490566,1.0,0.5283018867924528,0.8063063063063063,0.9890362060173381,0.1936936936936937,0.010963793982661896,,0.03,0.6170212765957447
mlp,2,2,6,0.05,fixed horizon 50,186,55,131,1.0001476554667135,0.5531914893617021,0.3018867924528302,0.44680851063829785,0.37434765154556404,0.185,0.7539622641509436,0.815,0.24603773584905642,0.15384615384615385,0.42,0.562424729024488
mlp,2,2,6,0.05,fixed horizon 100,186,55,131,1.0001828712250194,0.574468085106383,0.32075471698113206,0.425531914893617,0.37314331593737454,0.19176470588235295,0.7407547169811322,0.808235294117647,0.25924528301886784,0.10999999999999999,0.44,0.551184263348053
mlp,2,2,6,0.05,fixed horizon 148,186,55,131,1.0004362178490038,0.2765957446808511,0.3018867924528302,0.723404255319149,0.5126455238859896,0.2791385135135135,0.7823814380418155,0.7208614864864865,0.21761856195818452,0.1585239085239085,0.29,0.6170212765957447
mlp,2,2,6,0.075,fixed horizon 50,186,55,131,1.0004414142620166,0.3829787234042553,0.33962264150943394,0.6170212765957447,0.47832195905258934,0.3566666666666667,0.7815094339622641,0.6433333333333333,0.21849056603773587,0.3622222222222222,0.36,0.562424729024488
mlp,2,2,6,0.075,fixed horizon 100,186,55,131,1.0022412368294484,0.10638297872340426,0.22641509433962265,0.8936170212765957,0.5600160578081091,0.33,0.8483018867924529,0.6699999999999999,0.15169811320754711,0.33,0.17,0.551184263348053
mlp,2,2,6,0.075,fixed horizon 148,186,55,131,1.0056003078742641,0.0425531914893617,0.16981132075471697,0.9574468085106383,0.5636290646326777,0.3896396396396396,0.8963539010708821,0.6103603603603605,0.10364609892911791,0.40878378378378377,0.11,0.6170212765957447
mlp,2,2,6,0.1,fixed horizon 50,186,55,131,0.9999997987423999,0.6595744680851063,0.4528301886792453,0.3404255319148936,0.3966278602970694,0.15416666666666665,0.6169811320754717,0.8458333333333333,0.38301886792452833,0.07935483870967744,0.55,0.562424729024488
mlp,2,2,6,0.1,fixed horizon 100,186,55,131,1.0006398882314593,0.3404255319148936,0.3584905660377358,0.6595744680851063,0.509032517061421,0.2142105263157895,0.7183018867924527,0.7857894736842105,0.28169811320754734,0.19187500000000002,0.35,0.551184263348053
mlp,2,2,6,0.1,fixed horizon 148,186,55,131,1.0134640100735015,0.02127659574468085,0.09433962264150944,0.9787234042553191,0.5365315134484143,0.6418918918918919,0.9662162162162162,0.3581081081081081,0.03378378378378377,0.581081081081081,0.06,0.6170212765957447
mlp,2,2,6,0.15,fixed horizon 50,186,55,131,0.9995109826219358,0.8297872340425532,0.7735849056603774,0.1702127659574468,0.4718988358089121,0.02682926829268293,0.24716981132075475,0.973170731707317,0.7528301886792452,0.033846153846153845,0.8,0.562424729024488
mlp,2,2,6,0.15,fixed horizon 100,186,55,131,1.015279943773139,0.0851063829787234,0.22641509433962265,0.9148936170212766,0.5706543556804496,0.6166666666666667,0.9132075471698113,0.3833333333333333,0.08679245283018866,0.6125,0.16,0.551184263348053
mlp,2,2,6,0.15,fixed horizon 148,186,55,131,1.0005058114672194,0.5957446808510638,0.5660377358490566,0.40425531914893614,0.48514652749899634,0.0472972972972973,0.4607343192248853,0.9527027027027027,0.5392656807751147,0.03161196911196911,0.58,0.6170212765957447
mlp,2,2,6,0.2,fixed horizon 50,186,55,131,1.3442643046496272,0.6382978723404256,0.660377358490566,0.3617021276595745,0.5110397430750703,0.5674285714285713,0.7143396226415095,0.4325714285714287,0.2856603773584905,0.5713333333333332,0.65,0.562424729024488
mlp,2,2,6,0.2,fixed horizon 100,186,55,131,1.3526862983549226,0.6170212765957447,0.6792452830188679,0.3829787234042553,0.5311120032115616,0.3038888888888888,0.5271698113207548,0.6961111111111111,0.4728301886792452,0.2851724137931035,0.65,0.551184263348053
mlp,2,2,6,0.2,fixed horizon 148,186,55,131,1.3834777676376604,0.6808510638297872,0.6981132075471698,0.3191489361702128,0.5086310718586913,0.2532870708546385,0.47870984191738913,0.7467129291453616,0.5212901580826108,0.28610641891891897,0.69,0.6170212765957447
mlp,2,2,6,0.3,fixed horizon 50,186,55,131,1.0054825635127675,1.0,1.0,0.0,0.5,0.07471698113207548,0.07471698113207548,0.9252830188679245,0.9252830188679245,0.06425531914893617,1.0,0.562424729024488
mlp,2,2,6,0.3,fixed horizon 100,186,55,131,1.1401459128115718,1.0,0.9622641509433962,0.0,0.4811320754716981,0.19352941176470587,0.22396226415094342,0.8064705882352942,0.7760377358490566,0.21042553191489363,0.98,0.551184263348053
mlp,2,2,6,0.3,fixed horizon 148,186,55,131,1.1401459128115718,1.0,1.0,0.0,0.5,0.16177970423253446,0.16177970423253446,0.8382202957674656,0.8382202957674656,0.1490799309948246,1.0,0.6170212765957447
mlp,2,2,7,0.01,fixed horizon 50,186,55,131,1.0000814983904958,0.1702127659574468,0.09433962264150944,0.8297872340425532,0.4620634283420313,0.30400000000000005,0.9343396226415095,0.696,0.06566037735849051,0.28750000000000003,0.13,0.562424729024488
mlp,2,2,7,0.01,fixed horizon 100,186,55,131,1.0000814983904958,0.1702127659574468,0.09433962264150944,0.8297872340425532,0.4620634283420313,0.15200000000000002,0.9200000000000002,0.848,0.07999999999999985,0.14375000000000002,0.13,0.551184263348053
mlp,2,2,7,0.01,fixed horizon 148,186,55,131,1.0000814983904958,0.1702127659574468,0.09433962264150944,0.8297872340425532,0.4620634283420313,0.10270270270270272,0.9153493115757267,0.8972972972972972,0.08465068842427326,0.09712837837837839,0.13,0.6170212765957447
mlp,2,2,7,0.025,fixed horizon 50,186,55,131,0.9999811188365245,0.48936170212765956,0.33962264150943394,0.5106382978723404,0.4251304696908872,0.08111111111111112,0.6879245283018868,0.9188888888888889,0.3120754716981132,0.026956521739130435,0.41,0.562424729024488
mlp,2,2,7,0.025,fixed horizon 100,186,55,131,0.9999811188365245,0.48936170212765956,0.33962264150943394,0.5106382978723404,0.4251304696908872,0.04055555555555556,0.6741509433962264,0.9594444444444444,0.3258490566037736,0.013478260869565217,0.41,0.551184263348053
mlp,2,2,7,0.025,fixed horizon 148,186,55,131,0.9999811188365245,0.48936170212765956,0.33962264150943394,0.5106382978723404,0.4251304696908872,0.0274024024024024,0.6696838347781744,0.9725975975975976,0.3303161652218256,0.009106933019976499,0.41,0.6170212765957447
mlp,2,2,7,0.05,fixed horizon 50,186,55,131,0.9998957177318117,0.6808510638297872,0.5660377358490566,0.3191489361702128,0.4425933360096347,0.013333333333333334,0.44150943396226416,0.9866666666666667,0.5584905660377358,0.035,0.62,0.562424729024488
mlp,2,2,7,0.05,fixed horizon 100,186,55,131,0.999928163690679,0.6595744680851063,0.5660377358490566,0.3404255319148936,0.45323163388197507,0.01,0.439622641509434,0.99,0.560377358490566,0.018709677419354837,0.61,0.551184263348053
mlp,2,2,7,0.05,fixed horizon 148,186,55,131,0.999928163690679,0.6595744680851063,0.5660377358490566,0.3404255319148936,0.45323163388197507,0.006756756756756758,0.4377868434472208,0.9932432432432432,0.5622131565527793,0.012641673931996512,0.61,0.6170212765957447
mlp,2,2,7,0.075,fixed horizon 50,186,55,131,0.9998581379626212,0.6808510638297872,0.6226415094339622,0.3191489361702128,0.4708952228020875,0.029090909090909094,0.39547169811320754,0.9709090909090909,0.6045283018867924,0.018125000000000002,0.65,0.562424729024488
mlp,2,2,7,0.075,fixed horizon 100,186,55,131,0.999881877730882,0.7021276595744681,0.6037735849056604,0.2978723404255319,0.4508229626655961,0.035,0.4173584905660378,0.965,0.5826415094339622,0.04242424242424243,0.65,0.551184263348053
mlp,2,2,7,0.075,fixed horizon 148,186,55,131,0.9999124427877825,0.7021276595744681,0.6037735849056604,0.2978723404255319,0.4508229626655961,0.03125,0.41509433962264153,0.96875,0.5849056603773585,0.033579033579033586,0.65,0.6170212765957447
mlp,2,2,7,0.1,fixed horizon 50,186,55,131,0.9989928266715817,0.8297872340425532,0.7735849056603774,0.1702127659574468,0.4718988358089121,0.0004878048780487805,0.22679245283018867,0.9995121951219512,0.7732075471698113,0.0158974358974359,0.8,0.562424729024488
mlp,2,2,7,0.1,fixed horizon 100,186,55,131,0.9999326074274623,0.723404255319149,0.6037735849056604,0.2765957446808511,0.4401846647932557,0.019687499999999997,0.4081132075471698,0.9803125,0.5918867924528302,0.028235294117647056,0.66,0.551184263348053
mlp,2,2,7,0.1,fixed horizon 148,186,55,131,0.9999326074274623,0.723404255319149,0.6037735849056604,0.2765957446808511,0.4401846647932557,0.013302364864864864,0.40425803161652213,0.9866976351351351,0.5957419683834779,0.01907790143084261,0.66,0.6170212765957447
mlp,2,2,7,0.15,fixed horizon 50,186,55,131,0.9987288747795287,0.851063829787234,0.8301886792452831,0.14893617021276595,0.4895624247290245,0.026818181818181817,0.1920754716981132,0.9731818181818181,0.8079245283018868,0.028000000000000004,0.84,0.562424729024488
mlp,2,2,7,0.15,fixed horizon 100,186,55,131,0.9988946986230529,0.851063829787234,0.8301886792452831,0.14893617021276595,0.4895624247290245,0.013409090909090909,0.1809433962264151,0.9865909090909091,0.8190566037735849,0.014750000000000003,0.84,0.551184263348053
mlp,2,2,7,0.15,fixed horizon 148,186,55,131,0.9987489514620584,0.851063829787234,0.8301886792452831,0.14893617021276595,0.4895624247290245,0.00906019656019656,0.17733299337072922,0.9909398034398035,0.8226670066292707,0.00945945945945946,0.84,0.6170212765957447
mlp,2,2,7,0.2,fixed horizon 50,186,55,131,0.9957784204696667,0.8723404255319149,0.9433962264150944,0.1276595744680851,0.5355279004415897,0.016800000000000002,0.07245283018867925,0.9832,0.9275471698113208,0.016585365853658537,0.91,0.562424729024488
mlp,2,2,7,0.2,fixed horizon 100,186,55,131,0.9956645375004175,0.8723404255319149,0.9433962264150944,0.1276595744680851,0.5355279004415897,0.008400000000000001,0.06452830188679246,0.9916,0.9354716981132075,0.008292682926829269,0.91,0.551184263348053
mlp,2,2,7,0.2,fixed horizon 148,186,55,131,0.9961165923199577,0.8723404255319149,0.9433962264150944,0.1276595744680851,0.5355279004415897,0.001891891891891892,0.05838857725650178,0.9981081081081081,0.9416114227434982,0.0014831905075807516,0.91,0.6170212765957447
mlp,2,2,7,0.3,fixed horizon 50,186,55,131,0.965660719783409,1.0,0.9811320754716981,0.0,0.49056603773584906,0.006923076923076922,0.02566037735849057,0.9930769230769231,0.9743396226415094,0.05063829787234042,0.99,0.562424729024488
mlp,2,2,7,0.3,fixed horizon 100,186,55,131,0.9806338469158067,1.0,0.9811320754716981,0.0,0.49056603773584906,0.004230769230769231,0.023018867924528303,0.9957692307692307,0.9769811320754717,0.03468085106382979,0.99,0.551184263348053
mlp,2,2,7,0.3,fixed horizon 148,186,55,131,0.9889458350491013,1.0,1.0,0.0,0.5,0.020525242223355434,0.020525242223355434,0.9794747577766446,0.9794747577766446,0.03220241518113858,1.0,0.6170212765957447
mlp,2,2,8,0.01,fixed horizon 50,186,55,131,1.0003195640453064,0.0851063829787234,0.09433962264150944,0.9148936170212766,0.504616619831393,0.34,0.9377358490566038,0.6599999999999999,0.06226415094339621,0.34,0.09,0.562424729024488
mlp,2,2,8,0.01,fixed horizon 100,186,55,131,1.0003195640453064,0.0851063829787234,0.09433962264150944,0.9148936170212766,0.504616619831393,0.17,0.9216981132075472,0.83,0.07830188679245276,0.17,0.09,0.551184263348053
mlp,2,2,8,0.01,fixed horizon 148,186,55,131,1.0003195640453064,0.0851063829787234,0.09433962264150944,0.9148936170212766,0.504616619831393,0.11486486486486487,0.9164966853646098,0.8851351351351351,0.08350331463539018,0.11486486486486487,0.09,0.6170212765957447
mlp,2,2,8,0.025,fixed horizon 50,186,55,131,1.0000390734536981,0.2765957446808511,0.22641509433962265,0.723404255319149,0.47490967482938584,0.3050000000000001,0.8426415094339622,0.6949999999999998,0.1573584905660378,0.28153846153846157,0.25,0.562424729024488
mlp,2,2,8,0.025,fixed horizon 100,186,55,131,1.0000390734536981,0.2765957446808511,0.22641509433962265,0.723404255319149,0.47490967482938584,0.15250000000000005,0.8081132075471698,0.8474999999999999,0.19188679245283025,0.14076923076923079,0.25,0.551184263348053
mlp,2,2,8,0.025,fixed horizon 148,186,55,131,1.0000390734536981,0.2765957446808511,0.22641509433962265,0.723404255319149,0.47490967482938584,0.10304054054054053,0.7969148393676696,0.8969594594594594,0.2030851606323304,0.09511434511434512,0.25,0.6170212765957447
mlp,2,2,8,0.05,fixed horizon 50,186,55,131,1.0022308393733286,0.23404255319148937,0.2641509433962264,0.7659574468085106,0.5150541951023685,0.43,0.8494339622641509,0.5700000000000001,0.1505660377358491,0.4327272727272727,0.25,0.562424729024488
mlp,2,2,8,0.05,fixed horizon 100,186,55,131,1.0022308393733286,0.23404255319148937,0.2641509433962264,0.7659574468085106,0.5150541951023685,0.215,0.7926415094339624,0.785,0.2073584905660376,0.21636363636363634,0.25,0.551184263348053
mlp,2,2,8,0.05,fixed horizon 148,186,55,131,1.0022308393733286,0.23404255319148937,0.2641509433962264,0.7659574468085106,0.5150541951023685,0.14527027027027026,0.7742223355430904,0.8547297297297297,0.2257776644569096,0.14619164619164618,0.25,0.6170212765957447
mlp,2,2,8,0.075,fixed horizon 50,186,55,131,1.0009474297428724,0.3617021276595745,0.3584905660377358,0.6382978723404256,0.49839421918908067,0.3452631578947369,0.7652830188679246,0.6547368421052631,0.2347169811320754,0.34352941176470586,0.36,0.562424729024488
mlp,2,2,8,0.075,fixed horizon 100,186,55,131,1.004664465441989,0.1702127659574468,0.24528301886792453,0.8297872340425532,0.5375351264552388,0.28384615384615386,0.8243396226415094,0.7161538461538461,0.1756603773584906,0.28,0.21,0.551184263348053
mlp,2,2,8,0.075,fixed horizon 148,186,55,131,1.011656610519171,0.02127659574468085,0.07547169811320754,0.9787234042553191,0.5270975511842634,0.581081081081081,0.96838347781744,0.41891891891891897,0.03161652218255995,0.581081081081081,0.05,0.6170212765957447
mlp,2,2,8,0.1,fixed horizon 50,186,55,131,1.021099003351614,0.2978723404255319,0.3584905660377358,0.7021276595744681,0.5303091128061019,0.6,0.8566037735849058,0.4,0.1433962264150942,0.5999999999999999,0.33,0.562424729024488
mlp,2,2,8,0.1,fixed horizon 100,186,55,131,1.0221453547391448,0.10638297872340426,0.20754716981132076,0.8936170212765957,0.5505820955439582,0.5499999999999999,0.9066037735849056,0.45000000000000007,0.09339622641509437,0.55,0.16,0.551184263348053
mlp,2,2,8,0.1,fixed horizon 148,186,55,131,1.0216716717750554,0.02127659574468085,0.09433962264150944,0.9787234042553191,0.5365315134484143,0.7243243243243244,0.9739928607853134,0.27567567567567564,0.02600713921468656,0.7027027027027027,0.06,0.6170212765957447
mlp,2,2,8,0.15,fixed horizon 50,186,55,131,1.0460679493399985,0.3404255319148936,0.3584905660377358,0.6595744680851063,0.509032517061421,0.6284210526315789,0.8667924528301887,0.3715789473684211,0.1332075471698113,0.64125,0.35,0.562424729024488
mlp,2,2,8,0.15,fixed horizon 100,186,55,131,1.1388263422819833,0.0425531914893617,0.16981132075471697,0.9574468085106383,0.5636290646326777,0.841111111111111,0.9730188679245283,0.15888888888888897,0.026981132075471703,0.84,0.11,0.551184263348053
mlp,2,2,8,0.15,fixed horizon 148,186,55,131,1.151716275171207,0.0425531914893617,0.16981132075471697,0.9574468085106383,0.5636290646326777,0.5728228228228228,0.9274604793472717,0.4271771771771772,0.07253952065272828,0.5709459459459459,0.11,0.6170212765957447
mlp,2,2,8,0.2,fixed horizon 50,186,55,131,1.3494749596425633,0.7872340425531915,0.7924528301886793,0.2127659574468085,0.5026093938177439,0.27285714285714285,0.42377358490566047,0.7271428571428571,0.5762264150943395,0.2643243243243243,0.79,0.562424729024488
mlp,2,2,8,0.2,fixed horizon 100,186,55,131,1.2639464814238914,0.2553191489361702,0.37735849056603776,0.7446808510638298,0.5610196708149338,0.9400000000000001,0.9773584905660376,0.05999999999999994,0.02264150943396237,0.9591666666666665,0.32,0.551184263348053
mlp,2,2,8,0.2,fixed horizon 148,186,55,131,1.2769102795444278,0.5957446808510638,0.6792452830188679,0.40425531914893614,0.541750301083902,0.6852477477477477,0.7862060173380927,0.31475225225225234,0.2137939826619073,0.6986003861003861,0.64,0.6170212765957447
mlp,2,2,8,0.3,fixed horizon 50,186,55,131,1.0441773278163977,1.0,1.0,0.0,0.5,0.15698113207547174,0.15698113207547174,0.8430188679245283,0.8430188679245283,0.1561702127659574,1.0,0.562424729024488
mlp,2,2,8,0.3,fixed horizon 100,186,55,131,1.0519762965188935,1.0,1.0,0.0,0.5,0.0950943396226415,0.0950943396226415,0.9049056603773585,0.9049056603773585,0.10978723404255318,1.0,0.551184263348053
mlp,2,2,8,0.3,fixed horizon 148,186,55,131,1.0006628237996689,1.0,1.0,0.0,0.5,0.005864354920958694,0.005864354920958694,0.9941356450790413,0.9941356450790413,0.04341575618171362,1.0,0.6170212765957447
mlp,2,2,9,0.01,fixed horizon 50,186,55,131,0.9999886835888472,0.3617021276595745,0.18867924528301888,0.6382978723404256,0.4134885588117222,0.008,0.8128301886792453,0.992,0.18716981132075472,0.0023529411764705885,0.27,0.562424729024488
mlp,2,2,9,0.01,fixed horizon 100,186,55,131,0.9999886835888472,0.3617021276595745,0.18867924528301888,0.6382978723404256,0.4134885588117222,0.004,0.8120754716981132,0.996,0.18792452830188677,0.0011764705882352942,0.27,0.551184263348053
mlp,2,2,9,0.01,fixed horizon 148,186,55,131,0.9999886835888472,0.3617021276595745,0.18867924528301888,0.6382978723404256,0.4134885588117222,0.002702702702702703,0.8118306986231515,0.9972972972972973,0.1881693013768485,0.000794912559618442,0.27,0.6170212765957447
mlp,2,2,9,0.025,fixed horizon 50,186,55,131,0.9999588515669351,0.5319148936170213,0.49056603773584906,0.46808510638297873,0.4793255720594139,0.03923076923076923,0.5286792452830189,0.9607692307692308,0.4713207547169811,0.0152,0.51,0.562424729024488
mlp,2,2,9,0.025,fixed horizon 100,186,55,131,0.9999588515669351,0.5319148936170213,0.49056603773584906,0.46808510638297873,0.4793255720594139,0.019615384615384614,0.519056603773585,0.9803846153846154,0.480943396226415,0.0076,0.51,0.551184263348053
mlp,2,2,9,0.025,fixed horizon 148,186,55,131,0.9999588515669351,0.5319148936170213,0.49056603773584906,0.46808510638297873,0.4793255720594139,0.013253638253638254,0.5159357470678225,0.9867463617463618,0.4840642529321775,0.005135135135135136,0.51,0.6170212765957447
mlp,2,2,9,0.05,fixed horizon 50,186,55,131,0.9998963466830666,0.6595744680851063,0.5660377358490566,0.3404255319148936,0.45323163388197507,0.010666666666666668,0.44,0.9893333333333333,0.56,0.019354838709677424,0.61,0.562424729024488
mlp,2,2,9,0.05,fixed horizon 100,186,55,131,0.9999137310793351,0.6382978723404256,0.5660377358490566,0.3617021276595745,0.46386993175431557,0.006000000000000001,0.4373584905660377,0.994,0.5626415094339623,0.009000000000000001,0.6,0.551184263348053
mlp,2,2,9,0.05,fixed horizon 148,186,55,131,0.9999137310793351,0.6382978723404256,0.5660377358490566,0.3617021276595745,0.46386993175431557,0.004054054054054054,0.4362570117287099,0.995945945945946,0.5637429882712901,0.006081081081081082,0.6,0.6170212765957447
mlp,2,2,9,0.075,fixed horizon 50,186,55,131,0.9996830851606828,0.7021276595744681,0.6792452830188679,0.2978723404255319,0.4885588117221999,0.010000000000000002,0.32754716981132076,0.99,0.6724528301886792,0.006666666666666668,0.69,0.562424729024488
mlp,2,2,9,0.075,fixed horizon 100,186,55,131,0.9996882152412637,0.7021276595744681,0.660377358490566,0.2978723404255319,0.47912484945804895,0.00028571428571428574,0.33981132075471693,0.9997142857142857,0.6601886792452831,0.0030303030303030303,0.68,0.551184263348053
mlp,2,2,9,0.075,fixed horizon 148,186,55,131,0.9998263277275662,0.7021276595744681,0.6415094339622641,0.2978723404255319,0.469690887193898,0.002782193958664547,0.360275369709332,0.9972178060413355,0.6397246302906681,0.022727272727272728,0.67,0.6170212765957447
mlp,2,2,9,0.1,fixed horizon 50,186,55,131,0.9992191759027159,0.8085106382978723,0.7547169811320755,0.19148936170212766,0.47310317141710156,0.0005,0.24566037735849056,0.9995,0.7543396226415094,0.012631578947368423,0.78,0.562424729024488
mlp,2,2,9,0.1,fixed horizon 100,186,55,131,0.9993180648625436,0.7872340425531915,0.7547169811320755,0.2127659574468085,0.483741469289442,0.001,0.24603773584905658,0.999,0.7539622641509434,0.00891891891891892,0.77,0.551184263348053
mlp,2,2,9,0.1,fixed horizon 148,186,55,131,0.999487345380513,0.7872340425531915,0.7169811320754716,0.2127659574468085,0.46487354476114007,0.0,0.2830188679245283,1.0,0.7169811320754718,0.007852447041636231,0.75,0.6170212765957447
mlp,2,2,9,0.15,fixed horizon 50,186,55,131,0.9990617645427524,0.851063829787234,0.8301886792452831,0.14893617021276595,0.4895624247290245,0.020000000000000004,0.18641509433962267,0.98,0.8135849056603773,0.02,0.84,0.562424729024488
mlp,2,2,9,0.15,fixed horizon 100,186,55,131,0.9991758192255171,0.851063829787234,0.8301886792452831,0.14893617021276595,0.4895624247290245,0.018181818181818184,0.1849056603773585,0.9818181818181818,0.8150943396226416,0.01025,0.84,0.551184263348053
mlp,2,2,9,0.15,fixed horizon 148,186,55,131,0.9990617645427524,0.851063829787234,0.8301886792452831,0.14893617021276595,0.4895624247290245,0.012285012285012286,0.1800101988781234,0.9877149877149877,0.8199898011218766,0.006756756756756757,0.84,0.6170212765957447
mlp,2,2,9,0.2,fixed horizon 50,186,55,131,0.9969827308031489,0.8723404255319149,0.9433962264150944,0.1276595744680851,0.5355279004415897,0.008,0.06415094339622643,0.992,0.9358490566037736,0.005365853658536586,0.91,0.562424729024488
mlp,2,2,9,0.2,fixed horizon 100,186,55,131,0.9975144116137669,0.8723404255319149,0.9433962264150944,0.1276595744680851,0.5355279004415897,0.014199999999999999,0.06999999999999999,0.9858,0.93,0.004146341463414634,0.91,0.551184263348053
mlp,2,2,9,0.2,fixed horizon 148,186,55,131,0.9975144116137669,0.8723404255319149,0.9433962264150944,0.1276595744680851,0.5355279004415897,0.003783783783783784,0.060173380928097916,0.9962162162162163,0.9398266190719021,0.002801582069874753,0.91,0.6170212765957447
mlp,2,2,9,0.3,fixed horizon 50,186,55,131,1.0619748951630876,0.9787234042553191,0.9622641509433962,0.02127659574468085,0.49177037334403856,0.041176470588235294,0.07735849056603773,0.9588235294117647,0.9226415094339623,0.08217391304347826,0.97,0.562424729024488
mlp,2,2,9,0.3,fixed horizon 100,186,55,131,1.1315547716953636,0.9787234042553191,0.9433962264150944,0.02127659574468085,0.4823364110798876,0.0528,0.10641509433962262,0.9472,0.8935849056603774,0.07217391304347827,0.96,0.551184263348053
mlp,2,2,9,0.3,fixed horizon 148,186,55,131,1.150901056587083,1.0,0.9811320754716981,0.0,0.49056603773584906,0.07341476091476093,0.09089750127485975,0.926585239085239,0.9091024987251403,0.06929269695227143,0.99,0.6170212765957447
mlp,3,3,0,0.01,fixed horizon 50,200,60,140,1.0004358699219618,0.0,0.07692307692307693,1.0,0.5384615384615384,0.4,0.9538461538461539,0.6,0.0461538461538461,,0.04,0.5881410256410257
mlp,3,3,0,0.01,fixed horizon 100,200,60,140,1.0007472573600917,0.020833333333333332,0.057692307692307696,0.9791666666666666,0.5184294871794871,0.75,0.9855769230769231,0.25,0.014423076923076872,0.91,0.04,0.6157852564102564
mlp,3,3,0,0.01,fixed horizon 148,200,60,140,1.0007472573600917,0.020833333333333332,0.07692307692307693,0.9791666666666666,0.5280448717948718,0.5489864864864865,0.965306652806653,0.4510135135135135,0.034693347193347046,0.6148648648648649,0.05,0.7151442307692307
mlp,3,3,0,0.025,fixed horizon 50,200,60,140,1.0001645459050226,0.08333333333333333,0.1346153846153846,0.9166666666666666,0.5256410256410257,0.31428571428571433,0.9076923076923078,0.6857142857142857,0.0923076923076922,0.4,0.11,0.5881410256410257
mlp,3,3,0,0.025,fixed horizon 100,200,60,140,1.000255249255767,0.08333333333333333,0.15384615384615385,0.9166666666666666,0.5352564102564102,0.3375,0.8980769230769231,0.6625,0.1019230769230769,0.3375,0.12,0.6157852564102564
mlp,3,3,0,0.025,fixed horizon 148,200,60,140,1.000255249255767,0.08333333333333333,0.15384615384615385,0.9166666666666666,0.5352564102564102,0.22804054054054054,0.8812370062370062,0.7719594594594594,0.11876299376299382,0.22804054054054057,0.12,0.7151442307692307
mlp,3,3,0,0.05,fixed horizon 50,200,60,140,1.000077373169303,0.10416666666666667,0.3076923076923077,0.8958333333333334,0.6017628205128205,0.29125,0.7819230769230769,0.70875,0.21807692307692306,0.41200000000000003,0.21,0.5881410256410257
mlp,3,3,0,0.05,fixed horizon 100,200,60,140,1.0001377766375519,0.10416666666666667,0.2692307692307692,0.8958333333333334,0.5825320512820513,0.35214285714285715,0.8255769230769231,0.6478571428571429,0.1744230769230769,0.22999999999999998,0.19,0.6157852564102564
mlp,3,3,0,0.05,fixed horizon 148,200,60,140,1.000158059065126,0.08333333333333333,0.23076923076923078,0.9166666666666666,0.5737179487179487,0.3153153153153153,0.841995841995842,0.6846846846846847,0.158004158004158,0.13513513513513514,0.16,0.7151442307692307
mlp,3,3,0,0.075,fixed horizon 50,200,60,140,1.001132336653229,0.125,0.3076923076923077,0.875,0.5913461538461539,0.53375,0.8565384615384617,0.46625000000000005,0.1434615384615383,0.5566666666666666,0.22,0.5881410256410257
mlp,3,3,0,0.075,fixed horizon 100,200,60,140,1.0000710295500508,0.10416666666666667,0.3269230769230769,0.8958333333333334,0.6113782051282052,0.2776470588235294,0.763846153846154,0.7223529411764706,0.23615384615384605,0.22999999999999998,0.22,0.6157852564102564
mlp,3,3,0,0.075,fixed horizon 148,200,60,140,1.0001097867504338,0.08333333333333333,0.25,0.9166666666666666,0.5833333333333333,0.25467775467775466,0.8136694386694386,0.7453222453222453,0.18633056133056136,0.13513513513513514,0.17,0.7151442307692307
mlp,3,3,0,0.1,fixed horizon 50,200,60,140,1.0186443469260658,0.125,0.3076923076923077,0.875,0.5913461538461539,0.7475,0.9223076923076925,0.25249999999999995,0.0776923076923075,0.7600000000000001,0.22,0.5881410256410257
mlp,3,3,0,0.1,fixed horizon 100,200,60,140,1.041833633102461,0.10416666666666667,0.28846153846153844,0.8958333333333334,0.5921474358974359,0.5406666666666666,0.8674999999999999,0.45933333333333337,0.13250000000000006,0.54,0.2,0.6157852564102564
mlp,3,3,0,0.1,fixed horizon 148,200,60,140,1.041833633102461,0.10416666666666667,0.28846153846153844,0.8958333333333334,0.5921474358974359,0.3653153153153153,0.8169178794178793,0.6346846846846848,0.1830821205821207,0.36486486486486486,0.2,0.7151442307692307
mlp,3,3,0,0.15,fixed horizon 50,200,60,140,1.0349018612997731,0.1875,0.3269230769230769,0.8125,0.5697115384615384,0.8647058823529411,0.9557692307692308,0.1352941176470589,0.044230769230769185,0.8733333333333334,0.26,0.5881410256410257
mlp,3,3,0,0.15,fixed horizon 100,200,60,140,1.0488551110040483,0.1875,0.34615384615384615,0.8125,0.5793269230769231,0.5727777777777777,0.8521153846153845,0.4272222222222223,0.1478846153846155,0.6122222222222223,0.27,0.6157852564102564
mlp,3,3,0,0.15,fixed horizon 148,200,60,140,1.0620350685435227,0.16666666666666666,0.34615384615384615,0.8333333333333334,0.5897435897435898,0.49774774774774777,0.8261434511434511,0.5022522522522522,0.1738565488565489,0.4755067567567568,0.26,0.7151442307692307
mlp,3,3,0,0.2,fixed horizon 50,200,60,140,1.0719028398355783,0.25,0.40384615384615385,0.75,0.5769230769230769,0.6209523809523809,0.8469230769230769,0.3790476190476191,0.1530769230769231,0.6833333333333335,0.33,0.5881410256410257
mlp,3,3,0,0.2,fixed horizon 100,200,60,140,1.0857239924407385,0.3333333333333333,0.4230769230769231,0.6666666666666666,0.5448717948717948,0.5609090909090908,0.814230769230769,0.4390909090909092,0.18576923076923102,0.628125,0.38,0.6157852564102564
mlp,3,3,0,0.2,fixed horizon 148,200,60,140,1.0874976575412318,0.25,0.46153846153846156,0.75,0.6057692307692308,0.5717905405405405,0.8023648648648648,0.42820945945945954,0.1976351351351352,0.518018018018018,0.36,0.7151442307692307
mlp,3,3,0,0.3,fixed horizon 50,200,60,140,0.9877577763942487,0.7708333333333334,0.8653846153846154,0.22916666666666666,0.5472756410256411,0.03866666666666667,0.16807692307692304,0.9613333333333334,0.831923076923077,0.1108108108108108,0.82,0.5881410256410257
mlp,3,3,0,0.3,fixed horizon 100,200,60,140,0.998026550787616,0.75,0.9038461538461539,0.25,0.5769230769230769,0.11191489361702127,0.1973076923076923,0.8880851063829788,0.8026923076923077,0.1677777777777778,0.83,0.6157852564102564
mlp,3,3,0,0.3,fixed horizon 148,200,60,140,0.998026550787616,0.7291666666666666,0.8653846153846154,0.2708333333333333,0.5681089743589743,0.1033033033033033,0.224012474012474,0.8966966966966967,0.775987525987526,0.17335907335907333,0.8,0.7151442307692307
mlp,3,3,1,0.01,fixed horizon 50,200,60,140,1.0005644146922525,0.020833333333333332,0.07692307692307693,0.9791666666666666,0.5280448717948718,0.5900000000000001,0.9684615384615385,0.4099999999999999,0.031538461538461515,0.98,0.05,0.5881410256410257
mlp,3,3,1,0.01,fixed horizon 100,200,60,140,1.001111558663465,0.020833333333333332,0.057692307692307696,0.9791666666666666,0.5184294871794871,0.7833333333333333,0.9875,0.21666666666666667,0.012499999999999956,0.91,0.04,0.6157852564102564
mlp,3,3,1,0.01,fixed horizon 148,200,60,140,1.001111558663465,0.020833333333333332,0.057692307692307696,0.9791666666666666,0.5184294871794871,0.5292792792792793,0.9728430353430354,0.4707207207207207,0.0271569646569646,0.6148648648648649,0.04,0.7151442307692307
mlp,3,3,1,0.025,fixed horizon 50,200,60,140,1.0002978007539163,0.08333333333333333,0.1346153846153846,0.9166666666666666,0.5256410256410257,0.5171428571428571,0.935,0.4828571428571429,0.06499999999999995,0.45,0.11,0.5881410256410257
mlp,3,3,1,0.025,fixed horizon 100,200,60,140,1.0006424795360562,0.08333333333333333,0.1346153846153846,0.9166666666666666,0.5256410256410257,0.4657142857142857,0.9280769230769231,0.5342857142857143,0.07192307692307687,0.5075000000000001,0.11,0.6157852564102564
mlp,3,3,1,0.025,fixed horizon 148,200,60,140,1.0006424795360562,0.08333333333333333,0.1346153846153846,0.9166666666666666,0.5256410256410257,0.3146718146718146,0.9077442827442828,0.6853281853281854,0.09225571725571724,0.3429054054054054,0.11,0.7151442307692307
mlp,3,3,1,0.05,fixed horizon 50,200,60,140,1.0000616117884675,0.10416666666666667,0.25,0.8958333333333334,0.5729166666666667,0.44307692307692315,0.8607692307692306,0.5569230769230769,0.13923076923076938,0.46799999999999997,0.18,0.5881410256410257
mlp,3,3,1,0.05,fixed horizon 100,200,60,140,1.0065748005403892,0.0625,0.19230769230769232,0.9375,0.5649038461538461,0.921,0.9848076923076923,0.07899999999999996,0.015192307692307727,0.92,0.13,0.6157852564102564
mlp,3,3,1,0.05,fixed horizon 148,200,60,140,1.0271698134785057,0.0625,0.1346153846153846,0.9375,0.5360576923076923,0.9333976833976834,0.9910343035343036,0.06660231660231664,0.008965696465696449,0.9256756756756758,0.1,0.7151442307692307
mlp,3,3,1,0.075,fixed horizon 50,200,60,140,1.000138954597462,0.125,0.3076923076923077,0.875,0.5913461538461539,0.4575,0.8330769230769233,0.5425,0.16692307692307673,0.43,0.22,0.5881410256410257
mlp,3,3,1,0.075,fixed horizon 100,200,60,140,1.0175761276970856,0.0625,0.19230769230769232,0.9375,0.5649038461538461,0.7889999999999999,0.9594230769230769,0.21100000000000008,0.040576923076923066,0.69,0.13,0.6157852564102564
mlp,3,3,1,0.075,fixed horizon 148,200,60,140,1.0185165355641441,0.0625,0.21153846153846154,0.9375,0.5745192307692307,0.7248157248157248,0.9417879417879417,0.27518427518427524,0.058212058212058326,0.6756756756756758,0.14,0.7151442307692307
mlp,3,3,1,0.1,fixed horizon 50,200,60,140,1.0368655343838757,0.125,0.3076923076923077,0.875,0.5913461538461539,0.66,0.8953846153846153,0.33999999999999997,0.10461538461538467,0.66,0.22,0.5881410256410257
mlp,3,3,1,0.1,fixed horizon 100,200,60,140,1.0141793985810672,0.10416666666666667,0.23076923076923078,0.8958333333333334,0.563301282051282,0.7249999999999998,0.9365384615384614,0.27500000000000024,0.06346153846153857,0.69,0.17,0.6157852564102564
mlp,3,3,1,0.1,fixed horizon 148,200,60,140,1.0389746313610597,0.125,0.3269230769230769,0.875,0.6009615384615384,0.212241653418124,0.7424636174636176,0.787758346581876,0.25753638253638245,0.17567567567567569,0.23,0.7151442307692307
mlp,3,3,1,0.15,fixed horizon 50,200,60,140,1.0321518316345728,0.16666666666666666,0.40384615384615385,0.8333333333333334,0.6185897435897436,0.6714285714285715,0.8673076923076922,0.3285714285714285,0.13269230769230778,0.66,0.29,0.5881410256410257
mlp,3,3,1,0.15,fixed horizon 100,200,60,140,1.0311829838063693,0.16666666666666666,0.38461538461538464,0.8333333333333334,0.608974358974359,0.353,0.7511538461538462,0.647,0.24884615384615383,0.425,0.28,0.6157852564102564
mlp,3,3,1,0.15,fixed horizon 148,200,60,140,1.0431562815800919,0.1875,0.40384615384615385,0.8125,0.6081730769230769,0.3346203346203347,0.7312889812889813,0.6653796653796653,0.26871101871101866,0.44894894894894904,0.3,0.7151442307692307
mlp,3,3,1,0.2,fixed horizon 50,200,60,140,0.9999784169877013,0.3958333333333333,0.5576923076923077,0.6041666666666666,0.5809294871794872,0.2917241379310345,0.605,0.7082758620689655,0.395,0.3600000000000001,0.48,0.5881410256410257
mlp,3,3,1,0.2,fixed horizon 100,200,60,140,1.0427568243551868,0.4583333333333333,0.5576923076923077,0.5416666666666666,0.5496794871794872,0.36275862068965514,0.6446153846153847,0.6372413793103449,0.3553846153846153,0.4463636363636363,0.51,0.6157852564102564
mlp,3,3,1,0.2,fixed horizon 148,200,60,140,1.068262890876122,0.22916666666666666,0.4807692307692308,0.7708333333333334,0.625801282051282,0.7129729729729729,0.8620062370062371,0.2870270270270271,0.13799376299376287,0.6769041769041769,0.36,0.7151442307692307
mlp,3,3,1,0.3,fixed horizon 50,200,60,140,0.9997511963200829,0.6875,0.8461538461538461,0.3125,0.5793269230769231,0.23136363636363635,0.34961538461538455,0.7686363636363637,0.6503846153846154,0.34181818181818185,0.77,0.5881410256410257
mlp,3,3,1,0.3,fixed horizon 100,200,60,140,1.0475734863389068,0.6875,0.8461538461538461,0.3125,0.5793269230769231,0.22454545454545458,0.34384615384615375,0.7754545454545454,0.6561538461538463,0.28030303030303033,0.77,0.6157852564102564
mlp,3,3,1,0.3,fixed horizon 148,200,60,140,1.1178717607908637,0.6875,0.8846153846153846,0.3125,0.5985576923076923,0.11075205640423032,0.21335758835758833,0.8892479435957696,0.7866424116424117,0.1723996723996724,0.79,0.7151442307692307
mlp,3,3,2,0.01,fixed horizon 50,200,60,140,1.0078137276885537,0.0625,0.057692307692307696,0.9375,0.49759615384615385,0.96,0.9976923076923078,0.040000000000000036,0.002307692307692233,0.96,0.06,0.5881410256410257
mlp,3,3,2,0.01,fixed horizon 100,200,60,140,1.0185603324905268,0.041666666666666664,0.057692307692307696,0.9583333333333334,0.5080128205128205,0.7799999999999999,0.9873076923076923,0.22000000000000008,0.01269230769230767,0.78,0.05,0.6157852564102564
mlp,3,3,2,0.01,fixed horizon 148,200,60,140,1.0185603324905268,0.041666666666666664,0.057692307692307696,0.9583333333333334,0.5080128205128205,0.527027027027027,0.9727130977130977,0.472972972972973,0.027286902286902337,0.527027027027027,0.05,0.7151442307692307
mlp,3,3,2,0.025,fixed horizon 50,200,60,140,1.0076171218266383,0.08333333333333333,0.11538461538461539,0.9166666666666666,0.516025641025641,0.91,0.9896153846153847,0.08999999999999997,0.010384615384615326,0.9099999999999999,0.1,0.5881410256410257
mlp,3,3,2,0.025,fixed horizon 100,200,60,140,1.017955216366786,0.0625,0.09615384615384616,0.9375,0.5168269230769231,0.78,0.9788461538461539,0.21999999999999997,0.02115384615384608,0.7799999999999999,0.08,0.6157852564102564
mlp,3,3,2,0.025,fixed horizon 148,200,60,140,1.017955216366786,0.0625,0.09615384615384616,0.9375,0.5168269230769231,0.527027027027027,0.9545218295218295,0.472972972972973,0.04547817047817049,0.527027027027027,0.08,0.7151442307692307
mlp,3,3,2,0.05,fixed horizon 50,200,60,140,1.016279947182293,0.08333333333333333,0.1346153846153846,0.9166666666666666,0.5256410256410257,0.9800000000000002,0.9973076923076923,0.019999999999999796,0.0026923076923076605,0.98,0.11,0.5881410256410257
mlp,3,3,2,0.05,fixed horizon 100,200,60,140,1.0396634112837748,0.0625,0.15384615384615385,0.9375,0.5456730769230769,0.84,0.9753846153846154,0.16000000000000003,0.024615384615384595,0.84,0.11,0.6157852564102564
mlp,3,3,2,0.05,fixed horizon 148,200,60,140,1.0608963783747394,0.0625,0.1346153846153846,0.9375,0.5360576923076923,0.9247104247104249,0.9898648648648648,0.07528957528957514,0.010135135135135198,0.918918918918919,0.1,0.7151442307692307
mlp,3,3,2,0.075,fixed horizon 50,200,60,140,1.0241528107240523,0.10416666666666667,0.2692307692307692,0.8958333333333334,0.5825320512820513,0.9600000000000003,0.9892307692307691,0.0399999999999997,0.010769230769230864,0.96,0.19,0.5881410256410257
mlp,3,3,2,0.075,fixed horizon 100,200,60,140,1.0559999649753573,0.0625,0.19230769230769232,0.9375,0.5649038461538461,0.873,0.975576923076923,0.127,0.024423076923076992,0.86,0.13,0.6157852564102564
mlp,3,3,2,0.075,fixed horizon 148,200,60,140,1.0427590146157932,0.0625,0.23076923076923078,0.9375,0.5841346153846154,0.7719594594594593,0.94737525987526,0.22804054054054068,0.052624740124740055,0.5675675675675675,0.15,0.7151442307692307
mlp,3,3,2,0.1,fixed horizon 50,200,60,140,1.0214915728257976,0.10416666666666667,0.28846153846153844,0.8958333333333334,0.5921474358974359,0.9466666666666665,0.9846153846153846,0.053333333333333455,0.015384615384615441,0.944,0.2,0.5881410256410257
mlp,3,3,2,0.1,fixed horizon 100,200,60,140,1.0617992466907726,0.0625,0.21153846153846154,0.9375,0.5745192307692307,0.8636363636363636,0.9711538461538461,0.13636363636363635,0.028846153846153855,0.86,0.14,0.6157852564102564
mlp,3,3,2,0.1,fixed horizon 148,200,60,140,1.08651412916133,0.08333333333333333,0.25,0.9166666666666666,0.5833333333333333,0.7115384615384616,0.9278846153846154,0.28846153846153844,0.07211538461538458,0.7111486486486487,0.17,0.7151442307692307
mlp,3,3,2,0.15,fixed horizon 50,200,60,140,1.0220870483718276,0.1875,0.36538461538461536,0.8125,0.5889423076923077,0.7810526315789474,0.92,0.21894736842105256,0.07999999999999996,0.8022222222222223,0.28,0.5881410256410257
mlp,3,3,2,0.15,fixed horizon 100,200,60,140,1.1205108138475985,0.16666666666666666,0.3076923076923077,0.8333333333333334,0.5705128205128205,0.646875,0.8913461538461539,0.353125,0.1086538461538461,0.6637500000000001,0.24,0.6157852564102564
mlp,3,3,2,0.15,fixed horizon 148,200,60,140,1.0882785940125375,0.20833333333333334,0.34615384615384615,0.7916666666666666,0.5689102564102564,0.7271021021021021,0.905535343035343,0.27289789789789787,0.094464656964657,0.7398648648648648,0.28,0.7151442307692307
mlp,3,3,2,0.2,fixed horizon 50,200,60,140,1.005198211217512,0.25,0.40384615384615385,0.75,0.5769230769230769,0.7723809523809523,0.9080769230769232,0.22761904761904772,0.09192307692307677,0.8100000000000002,0.33,0.5881410256410257
mlp,3,3,2,0.2,fixed horizon 100,200,60,140,1.1203562907187492,0.4375,0.5192307692307693,0.5625,0.5408653846153846,0.6233333333333334,0.804423076923077,0.3766666666666666,0.19557692307692298,0.6380952380952382,0.48,0.6157852564102564
mlp,3,3,2,0.2,fixed horizon 148,200,60,140,1.1541890474413836,0.16666666666666666,0.4423076923076923,0.8333333333333334,0.6378205128205128,0.8158049353701528,0.9185291060291061,0.18419506462984725,0.08147089397089391,0.8150337837837838,0.31,0.7151442307692307
mlp,3,3,2,0.3,fixed horizon 50,200,60,140,0.9999163114390643,0.6666666666666666,0.8269230769230769,0.3333333333333333,0.5801282051282051,0.3027906976744186,0.4234615384615384,0.6972093023255814,0.5765384615384617,0.40937500000000004,0.75,0.5881410256410257
mlp,3,3,2,0.3,fixed horizon 100,200,60,140,1.011932594229897,0.7083333333333334,0.8076923076923077,0.2916666666666667,0.5496794871794872,0.5133333333333334,0.6069230769230769,0.4866666666666666,0.3930769230769231,0.5514705882352943,0.76,0.6157852564102564
mlp,3,3,2,0.3,fixed horizon 148,200,60,140,1.0583706661549819,0.6458333333333334,0.7884615384615384,0.3541666666666667,0.5713141025641025,0.40013183915622946,0.5270270270270271,0.5998681608437706,0.4729729729729729,0.4030078465562337,0.72,0.7151442307692307
mlp,3,3,3,0.01,fixed horizon 50,200,60,140,1.0075955067003242,0.0625,0.09615384615384616,0.9375,0.5168269230769231,0.8400000000000001,0.9846153846153847,0.15999999999999992,0.01538461538461533,0.84,0.08,0.5881410256410257
mlp,3,3,3,0.01,fixed horizon 100,200,60,140,1.0075955067003242,0.0625,0.09615384615384616,0.9375,0.5168269230769231,0.42000000000000004,0.9442307692307691,0.58,0.055769230769230904,0.42,0.08,0.6157852564102564
mlp,3,3,3,0.01,fixed horizon 148,200,60,140,1.0075955067003242,0.0625,0.09615384615384616,0.9375,0.5168269230769231,0.28378378378378377,0.9311330561330562,0.7162162162162162,0.06886694386694381,0.28378378378378377,0.08,0.7151442307692307
mlp,3,3,3,0.025,fixed horizon 50,200,60,140,1.0073913550156228,0.08333333333333333,0.15384615384615385,0.9166666666666666,0.5352564102564102,0.84,0.9753846153846154,0.16000000000000003,0.024615384615384595,0.84,0.12,0.5881410256410257
mlp,3,3,3,0.025,fixed horizon 100,200,60,140,1.0073913550156228,0.08333333333333333,0.15384615384615385,0.9166666666666666,0.5352564102564102,0.42,0.9107692307692308,0.5800000000000001,0.08923076923076922,0.42,0.12,0.6157852564102564
mlp,3,3,3,0.025,fixed horizon 148,200,60,140,1.0073913550156228,0.08333333333333333,0.15384615384615385,0.9166666666666666,0.5352564102564102,0.28378378378378377,0.8898128898128899,0.7162162162162162,0.11018711018711014,0.28378378378378377,0.12,0.7151442307692307
mlp,3,3,3,0.05,fixed horizon 50,200,60,140,1.022259393217129,0.08333333333333333,0.23076923076923078,0.9166666666666666,0.5737179487179487,0.8000000000000002,0.9538461538461538,0.19999999999999984,0.04615384615384621,0.8,0.16,0.5881410256410257
mlp,3,3,3,0.05,fixed horizon 100,200,60,140,1.0146822092822187,0.0625,0.15384615384615385,0.9375,0.5456730769230769,0.74875,0.9613461538461539,0.25125,0.03865384615384615,0.73,0.11,0.6157852564102564
mlp,3,3,3,0.05,fixed horizon 148,200,60,140,1.010211375354299,0.10416666666666667,0.19230769230769232,0.8958333333333334,0.5440705128205129,0.4391891891891892,0.8921517671517672,0.5608108108108107,0.10784823284823275,0.44189189189189193,0.15,0.7151442307692307
mlp,3,3,3,0.075,fixed horizon 50,200,60,140,1.0224255920955165,0.10416666666666667,0.28846153846153844,0.8958333333333334,0.5921474358974359,0.8000000000000003,0.9423076923076922,0.19999999999999973,0.05769230769230782,0.8,0.2,0.5881410256410257
mlp,3,3,3,0.075,fixed horizon 100,200,60,140,1.026475373959047,0.0625,0.19230769230769232,0.9375,0.5649038461538461,0.9289999999999999,0.9863461538461539,0.07100000000000006,0.013653846153846128,0.9,0.13,0.6157852564102564
mlp,3,3,3,0.075,fixed horizon 148,200,60,140,1.0301176419068085,0.0625,0.19230769230769232,0.9375,0.5649038461538461,0.6466216216216216,0.9320426195426196,0.3533783783783784,0.06795738045738042,0.6418918918918919,0.13,0.7151442307692307
mlp,3,3,3,0.1,fixed horizon 50,200,60,140,1.0217368022750875,0.125,0.3076923076923077,0.875,0.5913461538461539,0.6637500000000001,0.8965384615384614,0.33624999999999994,0.1034615384615386,0.67,0.22,0.5881410256410257
mlp,3,3,3,0.1,fixed horizon 100,200,60,140,1.0352099624058269,0.0625,0.23076923076923078,0.9375,0.5841346153846154,0.9100000000000001,0.9792307692307692,0.08999999999999986,0.020769230769230762,0.9,0.15,0.6157852564102564
mlp,3,3,3,0.1,fixed horizon 148,200,60,140,1.051929655963391,0.08333333333333333,0.25,0.9166666666666666,0.5833333333333333,0.6704781704781706,0.9176195426195426,0.3295218295218294,0.0823804573804574,0.6773648648648649,0.17,0.7151442307692307
mlp,3,3,3,0.15,fixed horizon 50,200,60,140,1.023188661389053,0.22916666666666666,0.40384615384615385,0.7708333333333334,0.5873397435897436,0.6695238095238096,0.8665384615384615,0.33047619047619037,0.13346153846153852,0.68,0.32,0.5881410256410257
mlp,3,3,3,0.15,fixed horizon 100,200,60,140,1.031300031944436,0.16666666666666666,0.38461538461538464,0.8333333333333334,0.608974358974359,0.353,0.7511538461538462,0.647,0.24884615384615383,0.425,0.28,0.6157852564102564
mlp,3,3,3,0.15,fixed horizon 148,200,60,140,1.0453502006077857,0.25,0.38461538461538464,0.75,0.5673076923076923,0.6929054054054055,0.8818866943866944,0.30709459459459454,0.11811330561330557,0.7072072072072072,0.32,0.7151442307692307
mlp,3,3,3,0.2,fixed horizon 50,200,60,140,1.0227899060992158,0.375,0.5192307692307693,0.625,0.5721153846153846,0.322962962962963,0.6484615384615384,0.677037037037037,0.3515384615384616,0.35777777777777775,0.45,0.5881410256410257
mlp,3,3,3,0.2,fixed horizon 100,200,60,140,1.1026702344735908,0.2916666666666667,0.46153846153846156,0.7083333333333334,0.5849358974358975,0.2891666666666667,0.6719230769230767,0.7108333333333333,0.32807692307692327,0.5,0.38,0.6157852564102564
mlp,3,3,3,0.2,fixed horizon 148,200,60,140,1.044916154507473,0.2708333333333333,0.4807692307692308,0.7291666666666666,0.6049679487179487,0.7208108108108108,0.8657744282744282,0.2791891891891892,0.1342255717255718,0.7104989604989604,0.38,0.7151442307692307
mlp,3,3,3,0.3,fixed horizon 50,200,60,140,1.086285601244389,0.6666666666666666,0.8076923076923077,0.3333333333333333,0.5705128205128205,0.41666666666666674,0.5288461538461539,0.5833333333333333,0.47115384615384615,0.431875,0.74,0.5881410256410257
mlp,3,3,3,0.3,fixed horizon 100,200,60,140,0.9955921893157541,0.8333333333333334,0.9038461538461539,0.16666666666666666,0.5352564102564102,0.062340425531914885,0.1525,0.9376595744680851,0.8475,0.156,0.87,0.6157852564102564
mlp,3,3,3,0.3,fixed horizon 148,200,60,140,0.9986313739977983,0.75,0.9230769230769231,0.25,0.5865384615384616,0.11542792792792793,0.18347193347193347,0.8845720720720721,0.8165280665280665,0.15015015015015012,0.84,0.7151442307692307
mlp,3,3,4,0.01,fixed horizon 50,200,60,140,1.0006247386648461,0.020833333333333332,0.07692307692307693,0.9791666666666666,0.5280448717948718,0.5900000000000001,0.9684615384615385,0.4099999999999999,0.031538461538461515,0.98,0.05,0.5881410256410257
mlp,3,3,4,0.01,fixed horizon 100,200,60,140,1.0178154991362827,0.0625,0.07692307692307693,0.9375,0.5072115384615384,0.9375000000000001,0.9951923076923077,0.06249999999999989,0.004807692307692291,0.9633333333333333,0.07,0.6157852564102564
mlp,3,3,4,0.01,fixed horizon 148,200,60,140,1.0261151705012654,0.0625,0.09615384615384616,0.9375,0.5168269230769231,0.9459459459459459,0.9948024948024947,0.05405405405405406,0.005197505197505281,0.9459459459459459,0.08,0.7151442307692307
mlp,3,3,4,0.025,fixed horizon 50,200,60,140,1.000329596483771,0.08333333333333333,0.1346153846153846,0.9166666666666666,0.5256410256410257,0.5171428571428571,0.935,0.4828571428571429,0.06499999999999995,0.45,0.11,0.5881410256410257
mlp,3,3,4,0.025,fixed horizon 100,200,60,140,1.0166881567819357,0.0625,0.11538461538461539,0.9375,0.5264423076923077,0.9383333333333334,0.9928846153846153,0.06166666666666665,0.0071153846153847455,0.93,0.09,0.6157852564102564
mlp,3,3,4,0.025,fixed horizon 148,200,60,140,1.0222853708882944,0.0625,0.09615384615384616,0.9375,0.5168269230769231,0.9459459459459459,0.9948024948024947,0.05405405405405406,0.005197505197505281,0.9459459459459459,0.08,0.7151442307692307
mlp,3,3,4,0.05,fixed horizon 50,200,60,140,1.0042801068194789,0.10416666666666667,0.25,0.8958333333333334,0.5729166666666667,0.5199999999999998,0.8800000000000001,0.4800000000000002,0.11999999999999988,0.52,0.18,0.5881410256410257
mlp,3,3,4,0.05,fixed horizon 100,200,60,140,1.0219625437789648,0.0625,0.17307692307692307,0.9375,0.5552884615384616,0.78,0.961923076923077,0.21999999999999997,0.03807692307692301,0.7799999999999999,0.12,0.6157852564102564
mlp,3,3,4,0.05,fixed horizon 148,200,60,140,1.0364705027245602,0.0625,0.11538461538461539,0.9375,0.5264423076923077,0.9369369369369368,0.9927234927234927,0.0630630630630632,0.007276507276507305,0.9459459459459459,0.09,0.7151442307692307
mlp,3,3,4,0.075,fixed horizon 50,200,60,140,1.003103301091223,0.10416666666666667,0.28846153846153844,0.8958333333333334,0.5921474358974359,0.5199999999999998,0.8615384615384616,0.4800000000000002,0.1384615384615384,0.52,0.2,0.5881410256410257
mlp,3,3,4,0.075,fixed horizon 100,200,60,140,1.0225229601638448,0.0625,0.21153846153846154,0.9375,0.5745192307692307,0.7954545454545454,0.9567307692307693,0.20454545454545459,0.043269230769230727,0.7799999999999999,0.14,0.6157852564102564
mlp,3,3,4,0.075,fixed horizon 148,200,60,140,1.0293775181079678,0.0625,0.19230769230769232,0.9375,0.5649038461538461,0.731081081081081,0.9482848232848232,0.26891891891891895,0.05171517671517678,0.7297297297297297,0.13,0.7151442307692307
mlp,3,3,4,0.1,fixed horizon 50,200,60,140,1.00086806773152,0.14583333333333334,0.34615384615384615,0.8541666666666666,0.6001602564102564,0.5533333333333332,0.8453846153846155,0.44666666666666677,0.1546153846153845,0.5514285714285714,0.25,0.5881410256410257
mlp,3,3,4,0.1,fixed horizon 100,200,60,140,1.0094365284763962,0.10416666666666667,0.25,0.8958333333333334,0.5729166666666667,0.7107692307692308,0.9276923076923077,0.2892307692307692,0.0723076923076923,0.67,0.18,0.6157852564102564
mlp,3,3,4,0.1,fixed horizon 148,200,60,140,1.016524787404855,0.10416666666666667,0.3269230769230769,0.8958333333333334,0.6113782051282052,0.6077106518282988,0.8717515592515592,0.39228934817170125,0.12824844074844077,0.6216216216216217,0.22,0.7151442307692307
mlp,3,3,4,0.15,fixed horizon 50,200,60,140,0.9999204092902926,0.3333333333333333,0.5,0.6666666666666666,0.5833333333333333,0.2653846153846154,0.6326923076923077,0.7346153846153847,0.36730769230769234,0.26,0.42,0.5881410256410257
mlp,3,3,4,0.15,fixed horizon 100,200,60,140,1.0000803503574107,0.1875,0.4423076923076923,0.8125,0.6274038461538461,0.2769565217391304,0.6801923076923077,0.7230434782608697,0.31980769230769235,0.43,0.32,0.6157852564102564
mlp,3,3,4,0.15,fixed horizon 148,200,60,140,1.0005230402416596,0.20833333333333334,0.4230769230769231,0.7916666666666666,0.6073717948717948,0.3488943488943489,0.7245322245322245,0.6511056511056511,0.27546777546777546,0.41486486486486485,0.32,0.7151442307692307
mlp,3,3,4,0.2,fixed horizon 50,200,60,140,0.9997212771838395,0.4375,0.6346153846153846,0.5625,0.5985576923076923,0.1606060606060606,0.4673076923076923,0.8393939393939394,0.5326923076923077,0.23809523809523808,0.54,0.5881410256410257
mlp,3,3,4,0.2,fixed horizon 100,200,60,140,0.9996972409498185,0.5208333333333334,0.6730769230769231,0.4791666666666667,0.5761217948717949,0.098,0.3928846153846154,0.902,0.6071153846153846,0.2304,0.6,0.6157852564102564
mlp,3,3,4,0.2,fixed horizon 148,200,60,140,0.9988820970936212,0.5416666666666666,0.7307692307692307,0.4583333333333333,0.594551282051282,0.042674253200568994,0.30041580041580035,0.957325746799431,0.6995841995841996,0.11330561330561331,0.64,0.7151442307692307
mlp,3,3,4,0.3,fixed horizon 50,200,60,140,0.9695006811331871,0.7708333333333334,0.8653846153846154,0.22916666666666666,0.5472756410256411,0.0017777777777777779,0.13615384615384615,0.9982222222222222,0.8638461538461538,0.024864864864864868,0.82,0.5881410256410257
mlp,3,3,4,0.3,fixed horizon 100,200,60,140,0.9858637107275918,0.75,0.8846153846153846,0.25,0.5673076923076923,0.05065217391304348,0.1601923076923077,0.9493478260869566,0.8398076923076923,0.07055555555555555,0.82,0.6157852564102564
mlp,3,3,4,0.3,fixed horizon 148,200,60,140,0.9721312120157959,0.7916666666666666,0.8653846153846154,0.20833333333333334,0.5368589743589743,0.0007507507507507507,0.13526507276507277,0.9992492492492493,0.8647349272349272,0.0343172119487909,0.83,0.7151442307692307
mlp,3,3,5,0.01,fixed horizon 50,200,60,140,0.999994856770787,0.0,0.038461538461538464,1.0,0.5192307692307693,0.06,0.9638461538461538,0.94,0.0361538461538462,,0.02,0.5881410256410257
mlp,3,3,5,0.01,fixed horizon 100,200,60,140,0.9999975815486236,0.020833333333333332,0.09615384615384616,0.9791666666666666,0.5376602564102564,0.426,0.9448076923076922,0.5740000000000001,0.05519230769230776,0.93,0.06,0.6157852564102564
mlp,3,3,5,0.01,fixed horizon 148,200,60,140,0.9999975815486236,0.0625,0.1346153846153846,0.9375,0.5360576923076923,0.39961389961389965,0.9191787941787941,0.6003861003861004,0.08082120582120589,0.6599099099099099,0.1,0.7151442307692307
mlp,3,3,5,0.025,fixed horizon 50,200,60,140,0.9999843911468242,0.0,0.038461538461538464,1.0,0.5192307692307693,0.02,0.9623076923076923,0.98,0.03769230769230769,,0.02,0.5881410256410257
mlp,3,3,5,0.025,fixed horizon 100,200,60,140,0.9999903813708266,0.041666666666666664,0.11538461538461539,0.9583333333333334,0.5368589743589743,0.5116666666666666,0.9436538461538461,0.4883333333333334,0.056346153846153935,0.935,0.08,0.6157852564102564
mlp,3,3,5,0.025,fixed horizon 148,200,60,140,0.9999903813708266,0.0625,0.1346153846153846,0.9375,0.5360576923076923,0.39382239382239387,0.9183991683991685,0.6061776061776061,0.08160083160083154,0.6463963963963963,0.1,0.7151442307692307
mlp,3,3,5,0.05,fixed horizon 50,200,60,140,0.9999958475990912,0.08333333333333333,0.23076923076923078,0.9166666666666666,0.5737179487179487,0.31833333333333336,0.8426923076923077,0.6816666666666666,0.15730769230769226,0.30000000000000004,0.16,0.5881410256410257
mlp,3,3,5,0.05,fixed horizon 100,200,60,140,0.9999819021670697,0.08333333333333333,0.25,0.9166666666666666,0.5833333333333333,0.4,0.8500000000000001,0.6,0.1499999999999999,0.37,0.17,0.6157852564102564
mlp,3,3,5,0.05,fixed horizon 148,200,60,140,0.9999958475990912,0.0625,0.23076923076923078,0.9375,0.5841346153846154,0.5270270270270269,0.8908523908523909,0.47297297297297314,0.10914760914760913,0.6463963963963963,0.15,0.7151442307692307
mlp,3,3,5,0.075,fixed horizon 50,200,60,140,0.9999405600942578,0.1875,0.4230769230769231,0.8125,0.6177884615384616,0.21454545454545454,0.6676923076923078,0.7854545454545454,0.3323076923076922,0.12888888888888891,0.31,0.5881410256410257
mlp,3,3,5,0.075,fixed horizon 100,200,60,140,0.9999410364259316,0.16666666666666666,0.34615384615384615,0.8333333333333334,0.5897435897435898,0.24722222222222223,0.739423076923077,0.7527777777777778,0.26057692307692304,0.15125,0.26,0.6157852564102564
mlp,3,3,5,0.075,fixed horizon 148,200,60,140,0.9999846531446931,0.08333333333333333,0.23076923076923078,0.9166666666666666,0.5737179487179487,0.30855855855855857,0.8404365904365905,0.6914414414414414,0.15956340956340953,0.24999999999999997,0.16,0.7151442307692307
mlp,3,3,5,0.1,fixed horizon 50,200,60,140,1.0031863930303995,0.125,0.34615384615384615,0.875,0.6105769230769231,0.5466666666666666,0.8430769230769232,0.45333333333333337,0.15692307692307683,0.5366666666666666,0.24,0.5881410256410257
mlp,3,3,5,0.1,fixed horizon 100,200,60,140,0.9999244055078315,0.1875,0.40384615384615385,0.8125,0.6081730769230769,0.15095238095238098,0.6571153846153847,0.849047619047619,0.34288461538461534,0.05555555555555555,0.3,0.6157852564102564
mlp,3,3,5,0.1,fixed horizon 148,200,60,140,0.9999580603610004,0.125,0.34615384615384615,0.875,0.6105769230769231,0.2954204204204204,0.7561070686070686,0.7045795795795796,0.24389293139293144,0.1295045045045045,0.24,0.7151442307692307
mlp,3,3,5,0.15,fixed horizon 50,200,60,140,0.9995570165722247,0.375,0.6346153846153846,0.625,0.6298076923076923,0.10363636363636362,0.4311538461538461,0.8963636363636364,0.5688461538461539,0.11333333333333336,0.51,0.5881410256410257
mlp,3,3,5,0.15,fixed horizon 100,200,60,140,0.9999783886483631,0.2916666666666667,0.5,0.7083333333333334,0.6041666666666667,0.1476923076923077,0.5738461538461539,0.8523076923076923,0.4261538461538461,0.2592857142857143,0.4,0.6157852564102564
mlp,3,3,5,0.15,fixed horizon 148,200,60,140,0.9992749851372474,0.375,0.6730769230769231,0.625,0.6490384615384616,0.05791505791505792,0.3659043659043659,0.9420849420849421,0.6340956340956341,0.0022522522522522522,0.53,0.7151442307692307
mlp,3,3,5,0.2,fixed horizon 50,200,60,140,0.9993354593069456,0.4791666666666667,0.6923076923076923,0.5208333333333334,0.6065705128205128,0.07555555555555554,0.36,0.9244444444444444,0.64,0.14869565217391303,0.59,0.5881410256410257
mlp,3,3,5,0.2,fixed horizon 100,200,60,140,0.9978897072793966,0.5625,0.7307692307692307,0.4375,0.5841346153846154,0.013157894736842105,0.27884615384615385,0.9868421052631579,0.7211538461538461,0.051111111111111114,0.65,0.6157852564102564
mlp,3,3,5,0.2,fixed horizon 148,200,60,140,0.9969028000583883,0.5208333333333334,0.75,0.4791666666666667,0.6145833333333334,0.023042273042273045,0.26728170478170477,0.976957726957727,0.7327182952182952,0.001081081081081081,0.64,0.7151442307692307
mlp,3,3,5,0.3,fixed horizon 50,200,60,140,0.9492993726897897,0.8333333333333334,0.9615384615384616,0.16666666666666666,0.5641025641025641,0.0152,0.053076923076923084,0.9848,0.9469230769230769,0.05550000000000001,0.9,0.5881410256410257
mlp,3,3,5,0.3,fixed horizon 100,200,60,140,0.9369646161369515,0.8125,0.9615384615384616,0.1875,0.5745192307692308,0.002,0.04038461538461539,0.998,0.9596153846153846,0.03205128205128205,0.89,0.6157852564102564
mlp,3,3,5,0.3,fixed horizon 148,200,60,140,0.9535725057921095,0.7916666666666666,0.9230769230769231,0.20833333333333334,0.5657051282051282,0.0014076576576576578,0.07822245322245322,0.9985923423423423,0.9217775467775468,0.02773826458036984,0.86,0.7151442307692307
mlp,3,3,6,0.01,fixed horizon 50,200,60,140,0.9999990060853484,0.0,0.038461538461538464,1.0,0.5192307692307693,0.04,0.963076923076923,0.96,0.03692307692307695,,0.02,0.5881410256410257
mlp,3,3,6,0.01,fixed horizon 100,200,60,140,1.000005988425396,0.020833333333333332,0.09615384615384616,0.9791666666666666,0.5376602564102564,0.426,0.9448076923076922,0.5740000000000001,0.05519230769230776,0.93,0.06,0.6157852564102564
mlp,3,3,6,0.01,fixed horizon 148,200,60,140,1.000005988425396,0.0625,0.1346153846153846,0.9375,0.5360576923076923,0.39961389961389965,0.9191787941787941,0.6003861003861004,0.08082120582120589,0.6599099099099099,0.1,0.7151442307692307
mlp,3,3,6,0.025,fixed horizon 50,200,60,140,0.9999959091514877,0.0,0.038461538461538464,1.0,0.5192307692307693,0.04,0.963076923076923,0.96,0.03692307692307695,,0.02,0.5881410256410257
mlp,3,3,6,0.025,fixed horizon 100,200,60,140,0.9999975441068772,0.020833333333333332,0.09615384615384616,0.9791666666666666,0.5376602564102564,0.422,0.9444230769230769,0.5780000000000001,0.05557692307692308,0.93,0.06,0.6157852564102564
mlp,3,3,6,0.025,fixed horizon 148,200,60,140,0.9999975441068772,0.0625,0.1346153846153846,0.9375,0.5360576923076923,0.39768339768339767,0.9189189189189189,0.6023166023166023,0.08108108108108114,0.6599099099099099,0.1,0.7151442307692307
mlp,3,3,6,0.05,fixed horizon 50,200,60,140,1.0000110006253802,0.08333333333333333,0.19230769230769232,0.9166666666666666,0.5544871794871795,0.32,0.8692307692307693,0.6799999999999999,0.13076923076923075,0.36,0.14,0.5881410256410257
mlp,3,3,6,0.05,fixed horizon 100,200,60,140,1.0000258865764837,0.08333333333333333,0.2692307692307692,0.9166666666666666,0.592948717948718,0.3378571428571429,0.8217307692307693,0.6621428571428571,0.17826923076923074,0.18,0.18,0.6157852564102564
mlp,3,3,6,0.05,fixed horizon 148,200,60,140,1.0000839130342594,0.0625,0.17307692307692307,0.9375,0.5552884615384616,0.6456456456456457,0.9386694386694386,0.35435435435435425,0.06133056133056136,0.6666666666666666,0.12,0.7151442307692307
mlp,3,3,6,0.075,fixed horizon 50,200,60,140,0.9999946727629678,0.125,0.28846153846153844,0.875,0.5817307692307692,0.25733333333333336,0.7857692307692308,0.7426666666666666,0.21423076923076922,0.25666666666666665,0.21,0.5881410256410257
mlp,3,3,6,0.075,fixed horizon 100,200,60,140,0.9999959691939614,0.08333333333333333,0.28846153846153844,0.9166666666666666,0.6025641025641025,0.3106666666666667,0.8011538461538462,0.6893333333333334,0.19884615384615378,0.18,0.19,0.6157852564102564
mlp,3,3,6,0.075,fixed horizon 148,200,60,140,1.0000199107442365,0.08333333333333333,0.3076923076923077,0.9166666666666666,0.6121794871794872,0.23564189189189189,0.7648128898128899,0.7643581081081081,0.23518711018711014,0.12162162162162163,0.2,0.7151442307692307
mlp,3,3,6,0.1,fixed horizon 50,200,60,140,0.999995945992156,0.14583333333333334,0.38461538461538464,0.8541666666666666,0.6193910256410257,0.213,0.6973076923076923,0.787,0.3026923076923077,0.2457142857142857,0.27,0.5881410256410257
mlp,3,3,6,0.1,fixed horizon 100,200,60,140,1.0060011560704094,0.10416666666666667,0.23076923076923078,0.8958333333333334,0.563301282051282,0.6208333333333333,0.9125000000000001,0.37916666666666665,0.08749999999999991,0.5640000000000001,0.17,0.6157852564102564
mlp,3,3,6,0.1,fixed horizon 148,200,60,140,0.9999967640993126,0.08333333333333333,0.38461538461538464,0.9166666666666666,0.6506410256410257,0.23243243243243245,0.704781704781705,0.7675675675675675,0.295218295218295,0.09797297297297299,0.24,0.7151442307692307
mlp,3,3,6,0.15,fixed horizon 50,200,60,140,1.0033075111827845,0.2708333333333333,0.46153846153846156,0.7291666666666666,0.5953525641025641,0.45916666666666667,0.7503846153846153,0.5408333333333333,0.24961538461538468,0.5076923076923078,0.37,0.5881410256410257
mlp,3,3,6,0.15,fixed horizon 100,200,60,140,1.0031609203247043,0.1875,0.38461538461538464,0.8125,0.5985576923076923,0.32749999999999996,0.7413461538461538,0.6725000000000001,0.25865384615384623,0.46222222222222226,0.29,0.6157852564102564
mlp,3,3,6,0.15,fixed horizon 148,200,60,140,1.0111719845484228,0.20833333333333334,0.38461538461538464,0.7916666666666666,0.5881410256410257,0.26250000000000007,0.7163461538461539,0.7374999999999999,0.28365384615384615,0.3972972972972973,0.3,0.7151442307692307
mlp,3,3,6,0.2,fixed horizon 50,200,60,140,0.9998187712611559,0.4166666666666667,0.6346153846153846,0.5833333333333334,0.608974358974359,0.1296969696969697,0.44769230769230767,0.8703030303030304,0.5523076923076924,0.244,0.53,0.5881410256410257
mlp,3,3,6,0.2,fixed horizon 100,200,60,140,0.9998585912369277,0.375,0.5961538461538461,0.625,0.6105769230769231,0.17774193548387096,0.5098076923076922,0.822258064516129,0.4901923076923078,0.33777777777777773,0.49,0.6157852564102564
mlp,3,3,6,0.2,fixed horizon 148,200,60,140,1.005028681957584,0.3125,0.5,0.6875,0.59375,0.3560291060291061,0.678014553014553,0.6439708939708939,0.32198544698544695,0.4554054054054053,0.41,0.7151442307692307
mlp,3,3,6,0.3,fixed horizon 50,200,60,140,0.995409020713555,0.7291666666666666,0.8846153846153846,0.2708333333333333,0.5777243589743589,0.11043478260869566,0.21307692307692308,0.8895652173913043,0.786923076923077,0.1685714285714286,0.81,0.5881410256410257
mlp,3,3,6,0.3,fixed horizon 100,200,60,140,1.0024996187322386,0.625,0.8269230769230769,0.375,0.6009615384615384,0.17651162790697675,0.3190384615384615,0.8234883720930233,0.6809615384615385,0.19566666666666657,0.73,0.6157852564102564
mlp,3,3,6,0.3,fixed horizon 148,200,60,140,0.9979124144473766,0.7291666666666666,0.8653846153846154,0.2708333333333333,0.5681089743589743,0.09174174174174174,0.2140072765072765,0.9082582582582582,0.7859927234927235,0.20907335907335908,0.8,0.7151442307692307
mlp,3,3,7,0.01,fixed horizon 50,200,60,140,0.9999987704188397,0.0,0.038461538461538464,1.0,0.5192307692307693,0.06,0.9638461538461538,0.94,0.0361538461538462,,0.02,0.5881410256410257
mlp,3,3,7,0.01,fixed horizon 100,200,60,140,0.9999987704188397,0.020833333333333332,0.09615384615384616,0.9791666666666666,0.5376602564102564,0.426,0.9448076923076922,0.5740000000000001,0.05519230769230776,0.94,0.06,0.6157852564102564
mlp,3,3,7,0.01,fixed horizon 148,200,60,140,0.9999992999421461,0.0625,0.19230769230769232,0.9375,0.5649038461538461,0.48445945945945945,0.9008575883575884,0.5155405405405405,0.09914241164241155,0.6621621621621622,0.13,0.7151442307692307
mlp,3,3,7,0.025,fixed horizon 50,200,60,140,0.9999929582707456,0.0,0.038461538461538464,1.0,0.5192307692307693,0.05,0.9634615384615384,0.95,0.03653846153846163,,0.02,0.5881410256410257
mlp,3,3,7,0.025,fixed horizon 100,200,60,140,0.9999929582707456,0.041666666666666664,0.11538461538461539,0.9583333333333334,0.5368589743589743,0.5133333333333333,0.9438461538461538,0.4866666666666667,0.05615384615384622,0.94,0.08,0.6157852564102564
mlp,3,3,7,0.025,fixed horizon 148,200,60,140,0.9999959628179016,0.0625,0.19230769230769232,0.9375,0.5649038461538461,0.48445945945945945,0.9008575883575884,0.5155405405405405,0.09914241164241155,0.6486486486486486,0.13,0.7151442307692307
mlp,3,3,7,0.05,fixed horizon 50,200,60,140,0.9999928220846699,0.10416666666666667,0.23076923076923078,0.8958333333333334,0.563301282051282,0.17500000000000002,0.8096153846153846,0.825,0.19038461538461537,0.292,0.17,0.5881410256410257
mlp,3,3,7,0.05,fixed horizon 100,200,60,140,0.9999933850453052,0.10416666666666667,0.3076923076923077,0.8958333333333334,0.6017628205128205,0.308125,0.7871153846153847,0.691875,0.21288461538461534,0.146,0.21,0.6157852564102564
mlp,3,3,7,0.05,fixed horizon 148,200,60,140,0.9999848787618135,0.0625,0.21153846153846154,0.9375,0.5745192307692307,0.5,0.8942307692307693,0.5,0.10576923076923073,0.6441441441441441,0.14,0.7151442307692307
mlp,3,3,7,0.075,fixed horizon 50,200,60,140,0.9999866859811898,0.125,0.2692307692307692,0.875,0.5721153846153846,0.25,0.7980769230769231,0.75,0.20192307692307687,0.36000000000000004,0.2,0.5881410256410257
mlp,3,3,7,0.075,fixed horizon 100,200,60,140,0.9999885444350821,0.10416666666666667,0.3269230769230769,0.8958333333333334,0.6113782051282052,0.28352941176470586,0.7657692307692308,0.7164705882352942,0.23423076923076924,0.146,0.22,0.6157852564102564
mlp,3,3,7,0.075,fixed horizon 148,200,60,140,0.9999435431551279,0.14583333333333334,0.3269230769230769,0.8541666666666666,0.5905448717948718,0.32472178060413354,0.7792359667359666,0.6752782193958664,0.22076403326403338,0.1911196911196911,0.24,0.7151442307692307
mlp,3,3,7,0.1,fixed horizon 50,200,60,140,0.999966117972314,0.20833333333333334,0.4230769230769231,0.7916666666666666,0.6073717948717948,0.22363636363636363,0.6715384615384618,0.7763636363636364,0.32846153846153825,0.20800000000000002,0.32,0.5881410256410257
mlp,3,3,7,0.1,fixed horizon 100,200,60,140,0.9998430311106061,0.22916666666666666,0.5,0.7708333333333334,0.6354166666666667,0.13038461538461538,0.5651923076923077,0.8696153846153847,0.43480769230769234,0.021818181818181816,0.37,0.6157852564102564
mlp,3,3,7,0.1,fixed horizon 148,200,60,140,0.9999312861014993,0.20833333333333334,0.4423076923076923,0.7916666666666666,0.6169871794871795,0.12749706227967098,0.614085239085239,0.872502937720329,0.38591476091476096,0.038513513513513516,0.33,0.7151442307692307
mlp,3,3,7,0.15,fixed horizon 50,200,60,140,0.9996962988048649,0.3125,0.5961538461538461,0.6875,0.6418269230769231,0.132258064516129,0.4826923076923077,0.867741935483871,0.5173076923076922,0.04933333333333333,0.46,0.5881410256410257
mlp,3,3,7,0.15,fixed horizon 100,200,60,140,0.9996830765438536,0.3125,0.5769230769230769,0.6875,0.6322115384615384,0.05533333333333334,0.455,0.9446666666666667,0.5449999999999999,0.027333333333333334,0.45,0.6157852564102564
mlp,3,3,7,0.15,fixed horizon 148,200,60,140,0.9996682721680155,0.2916666666666667,0.6153846153846154,0.7083333333333334,0.6618589743589745,0.08403716216216217,0.43633056133056136,0.9159628378378378,0.5636694386694386,0.004826254826254826,0.46,0.7151442307692307
mlp,3,3,7,0.2,fixed horizon 50,200,60,140,0.9994026721207087,0.4791666666666667,0.6923076923076923,0.5208333333333334,0.6065705128205128,0.07333333333333333,0.3584615384615385,0.9266666666666666,0.6415384615384615,0.0973913043478261,0.59,0.5881410256410257
mlp,3,3,7,0.2,fixed horizon 100,200,60,140,0.9991439495555668,0.5416666666666666,0.6923076923076923,0.4583333333333333,0.5753205128205128,0.03861111111111112,0.3344230769230769,0.9613888888888888,0.6655769230769231,0.15615384615384617,0.62,0.6157852564102564
mlp,3,3,7,0.2,fixed horizon 148,200,60,140,0.9996964783955448,0.4375,0.6923076923076923,0.5625,0.6274038461538461,0.15990990990990991,0.4183991683991684,0.8400900900900901,0.5816008316008316,0.20173745173745172,0.57,0.7151442307692307
mlp,3,3,7,0.3,fixed horizon 50,200,60,140,0.9982236113738276,0.75,0.9038461538461539,0.25,0.5769230769230769,0.14808510638297875,0.22999999999999998,0.8519148936170212,0.77,0.21722222222222223,0.83,0.5881410256410257
mlp,3,3,7,0.3,fixed horizon 100,200,60,140,0.9880204165027778,0.8125,0.9038461538461539,0.1875,0.5456730769230769,0.04297872340425532,0.135,0.9570212765957447,0.865,0.06564102564102564,0.86,0.6157852564102564
mlp,3,3,7,0.3,fixed horizon 148,200,60,140,0.9969087748162159,0.7083333333333334,0.9038461538461539,0.2916666666666667,0.5977564102564102,0.09445083381253595,0.181522869022869,0.9055491661874641,0.818477130977131,0.12221780604133545,0.81,0.7151442307692307
mlp,3,3,8,0.01,fixed horizon 50,200,60,140,1.0006013368400821,0.020833333333333332,0.07692307692307693,0.9791666666666666,0.5280448717948718,0.5700000000000001,0.966923076923077,0.42999999999999994,0.033076923076923004,0.98,0.05,0.5881410256410257
mlp,3,3,8,0.01,fixed horizon 100,200,60,140,1.0037201906245008,0.0625,0.07692307692307693,0.9375,0.5072115384615384,0.9149999999999999,0.9934615384615384,0.08500000000000008,0.006538461538461604,0.9333333333333332,0.07,0.6157852564102564
mlp,3,3,8,0.01,fixed horizon 148,200,60,140,1.0037201906245008,0.0625,0.07692307692307693,0.9375,0.5072115384615384,0.6182432432432432,0.9706340956340955,0.3817567567567568,0.02936590436590447,0.6306306306306305,0.07,0.7151442307692307
mlp,3,3,8,0.025,fixed horizon 50,200,60,140,1.000431446030101,0.08333333333333333,0.11538461538461539,0.9166666666666666,0.516025641025641,0.35333333333333333,0.9253846153846155,0.6466666666666667,0.07461538461538453,0.43,0.1,0.5881410256410257
mlp,3,3,8,0.025,fixed horizon 100,200,60,140,1.0030913060358444,0.0625,0.09615384615384616,0.9375,0.5168269230769231,0.874,0.9878846153846155,0.126,0.012115384615384528,0.8966666666666666,0.08,0.6157852564102564
mlp,3,3,8,0.025,fixed horizon 148,200,60,140,1.0030913060358444,0.0625,0.09615384615384616,0.9375,0.5168269230769231,0.5905405405405405,0.9606288981288981,0.4094594594594595,0.03937110187110193,0.6058558558558559,0.08,0.7151442307692307
mlp,3,3,8,0.05,fixed horizon 50,200,60,140,1.0064829827506827,0.08333333333333333,0.23076923076923078,0.9166666666666666,0.5737179487179487,0.7050000000000001,0.931923076923077,0.29499999999999993,0.06807692307692303,0.615,0.16,0.5881410256410257
mlp,3,3,8,0.05,fixed horizon 100,200,60,140,1.0211437456978434,0.10416666666666667,0.19230769230769232,0.8958333333333334,0.5440705128205129,0.675,0.9375,0.32499999999999996,0.0625,0.678,0.15,0.6157852564102564
mlp,3,3,8,0.05,fixed horizon 148,200,60,140,1.0306767960261798,0.0625,0.1346153846153846,0.9375,0.5360576923076923,0.9333976833976834,0.9910343035343036,0.06660231660231664,0.008965696465696449,0.9256756756756758,0.1,0.7151442307692307
mlp,3,3,8,0.075,fixed horizon 50,200,60,140,1.0091331301615671,0.10416666666666667,0.2692307692307692,0.8958333333333334,0.5825320512820513,0.9399999999999997,0.9838461538461538,0.060000000000000275,0.016153846153846185,0.9399999999999998,0.19,0.5881410256410257
mlp,3,3,8,0.075,fixed horizon 100,200,60,140,1.0131735796363046,0.10416666666666667,0.21153846153846154,0.8958333333333334,0.5536858974358975,0.6627272727272728,0.9286538461538462,0.33727272727272717,0.07134615384615384,0.66,0.16,0.6157852564102564
mlp,3,3,8,0.075,fixed horizon 148,200,60,140,1.021668837756531,0.10416666666666667,0.23076923076923078,0.8958333333333334,0.563301282051282,0.5259009009009009,0.8905925155925156,0.4740990990990991,0.10940748440748438,0.46621621621621623,0.17,0.7151442307692307
mlp,3,3,8,0.1,fixed horizon 50,200,60,140,1.0208276588110239,0.10416666666666667,0.28846153846153844,0.8958333333333334,0.5921474358974359,0.941333333333333,0.9830769230769228,0.05866666666666698,0.01692307692307715,0.944,0.2,0.5881410256410257
mlp,3,3,8,0.1,fixed horizon 100,200,60,140,1.1001322599171146,0.08333333333333333,0.21153846153846154,0.9166666666666666,0.5641025641025641,0.8427272727272727,0.9667307692307692,0.15727272727272734,0.03326923076923083,0.8474999999999999,0.15,0.6157852564102564
mlp,3,3,8,0.1,fixed horizon 148,200,60,140,1.1008661105665887,0.08333333333333333,0.23076923076923078,0.9166666666666666,0.5737179487179487,0.5833333333333334,0.9038461538461539,0.41666666666666663,0.09615384615384615,0.5726351351351351,0.16,0.7151442307692307
mlp,3,3,8,0.15,fixed horizon 50,200,60,140,1.026698371355854,0.22916666666666666,0.40384615384615385,0.7708333333333334,0.5873397435897436,0.661904761904762,0.8634615384615383,0.338095238095238,0.13653846153846172,0.6800000000000002,0.32,0.5881410256410257
mlp,3,3,8,0.15,fixed horizon 100,200,60,140,1.173700167416404,0.16666666666666666,0.2692307692307692,0.8333333333333334,0.5512820512820513,0.6207142857142857,0.8978846153846152,0.37928571428571434,0.10211538461538483,0.6387499999999999,0.22,0.6157852564102564
mlp,3,3,8,0.15,fixed horizon 148,200,60,140,1.0875824526437439,0.14583333333333334,0.3269230769230769,0.8541666666666666,0.5905448717948718,0.49244833068362476,0.8340696465696466,0.5075516693163753,0.16593035343035345,0.446911196911197,0.24,0.7151442307692307
mlp,3,3,8,0.2,fixed horizon 50,200,60,140,1.1510480340632296,0.3125,0.46153846153846156,0.6875,0.5745192307692308,0.5900000000000001,0.810769230769231,0.4099999999999999,0.18923076923076898,0.6413333333333334,0.39,0.5881410256410257
mlp,3,3,8,0.2,fixed horizon 100,200,60,140,1.117853375966596,0.3333333333333333,0.40384615384615385,0.6666666666666666,0.5352564102564102,0.6109523809523808,0.8428846153846153,0.3890476190476192,0.15711538461538466,0.641875,0.37,0.6157852564102564
mlp,3,3,8,0.2,fixed horizon 148,200,60,140,1.1262434340657816,0.3125,0.40384615384615385,0.6875,0.5456730769230769,0.4337194337194338,0.7713097713097713,0.5662805662805662,0.2286902286902287,0.4441441441441441,0.36,0.7151442307692307
mlp,3,3,8,0.3,fixed horizon 50,200,60,140,0.986617391761461,0.7708333333333334,0.8846153846153846,0.22916666666666666,0.5568910256410257,0.06869565217391305,0.17615384615384616,0.931304347826087,0.8238461538461539,0.11783783783783783,0.83,0.5881410256410257
mlp,3,3,8,0.3,fixed horizon 100,200,60,140,0.9868115955984406,0.7916666666666666,0.9038461538461539,0.20833333333333334,0.5560897435897436,0.06914893617021277,0.15865384615384615,0.9308510638297872,0.8413461538461539,0.12315789473684209,0.85,0.6157852564102564
mlp,3,3,8,0.3,fixed horizon 148,200,60,140,0.9954738984455628,0.7916666666666666,0.9038461538461539,0.20833333333333334,0.5560897435897436,0.07288671650373778,0.16203222453222457,0.9271132834962622,0.8379677754677755,0.13335704125177808,0.85,0.7151442307692307
mlp,3,3,9,0.01,fixed horizon 50,200,60,140,1.0004316404799123,0.0,0.057692307692307696,1.0,0.5288461538461539,0.44,0.9676923076923077,0.56,0.03230769230769226,,0.03,0.5881410256410257
mlp,3,3,9,0.01,fixed horizon 100,200,60,140,1.0014891363798843,0.0625,0.09615384615384616,0.9375,0.5168269230769231,0.9800000000000001,0.9980769230769232,0.019999999999999907,0.0019230769230768052,0.98,0.08,0.6157852564102564
mlp,3,3,9,0.01,fixed horizon 148,200,60,140,1.0017092582868974,0.0625,0.07692307692307693,0.9375,0.5072115384615384,0.6621621621621622,0.9740124740124739,0.33783783783783783,0.025987525987526072,0.6621621621621622,0.07,0.7151442307692307
mlp,3,3,9,0.025,fixed horizon 50,200,60,140,1.0001848617611038,0.08333333333333333,0.1346153846153846,0.9166666666666666,0.5256410256410257,0.34285714285714286,0.9115384615384615,0.6571428571428571,0.08846153846153848,0.4,0.11,0.5881410256410257
mlp,3,3,9,0.025,fixed horizon 100,200,60,140,1.0004158985235083,0.0625,0.21153846153846154,0.9375,0.5745192307692307,0.6172727272727273,0.9190384615384615,0.3827272727272727,0.08096153846153853,0.7033333333333333,0.14,0.6157852564102564
mlp,3,3,9,0.025,fixed horizon 148,200,60,140,1.0004158985235083,0.0625,0.21153846153846154,0.9375,0.5745192307692307,0.41707616707616707,0.8766891891891893,0.5829238329238329,0.12331081081081074,0.47522522522522515,0.14,0.7151442307692307
mlp,3,3,9,0.05,fixed horizon 50,200,60,140,1.003747400084166,0.10416666666666667,0.28846153846153844,0.8958333333333334,0.5921474358974359,0.5573333333333333,0.8723076923076923,0.44266666666666665,0.12769230769230766,0.52,0.2,0.5881410256410257
mlp,3,3,9,0.05,fixed horizon 100,200,60,140,1.003747400084166,0.10416666666666667,0.28846153846153844,0.8958333333333334,0.5921474358974359,0.2786666666666667,0.7919230769230767,0.7213333333333334,0.20807692307692327,0.26,0.2,0.6157852564102564
mlp,3,3,9,0.05,fixed horizon 148,200,60,140,1.0062463303072842,0.0625,0.19230769230769232,0.9375,0.5649038461538461,0.7574324324324324,0.9533523908523909,0.2425675675675676,0.046647609147609126,0.7297297297297297,0.13,0.7151442307692307
mlp,3,3,9,0.075,fixed horizon 50,200,60,140,1.0013824911687228,0.10416666666666667,0.28846153846153844,0.8958333333333334,0.5921474358974359,0.5199999999999998,0.8615384615384616,0.4800000000000002,0.1384615384615384,0.52,0.2,0.5881410256410257
mlp,3,3,9,0.075,fixed horizon 100,200,60,140,1.0059914011539328,0.10416666666666667,0.3076923076923077,0.8958333333333334,0.6017628205128205,0.485625,0.8417307692307693,0.514375,0.15826923076923072,0.462,0.21,0.6157852564102564
mlp,3,3,9,0.075,fixed horizon 148,200,60,140,1.0251555905733836,0.0625,0.23076923076923078,0.9375,0.5841346153846154,0.8147522522522522,0.9572505197505199,0.18524774774774777,0.04274948024948011,0.7770270270270269,0.15,0.7151442307692307
mlp,3,3,9,0.1,fixed horizon 50,200,60,140,1.002909821707549,0.125,0.34615384615384615,0.875,0.6105769230769231,0.5666666666666667,0.8500000000000001,0.43333333333333335,0.1499999999999999,0.5666666666666668,0.24,0.5881410256410257
mlp,3,3,9,0.1,fixed horizon 100,200,60,140,1.041038483631127,0.0625,0.23076923076923078,0.9375,0.5841346153846154,0.8675,0.9694230769230768,0.13249999999999995,0.030576923076923168,0.84,0.15,0.6157852564102564
mlp,3,3,9,0.1,fixed horizon 148,200,60,140,1.0700371848423307,0.0625,0.28846153846153844,0.9375,0.6129807692307692,0.7445945945945946,0.9263253638253638,0.25540540540540535,0.07367463617463621,0.6891891891891891,0.18,0.7151442307692307
mlp,3,3,9,0.15,fixed horizon 50,200,60,140,1.0069131185460325,0.2708333333333333,0.4423076923076923,0.7291666666666666,0.5857371794871795,0.5391304347826086,0.7961538461538462,0.4608695652173914,0.2038461538461538,0.5707692307692306,0.36,0.5881410256410257
mlp,3,3,9,0.15,fixed horizon 100,200,60,140,1.071864514006505,0.14583333333333334,0.4230769230769231,0.8541666666666666,0.6386217948717948,0.2854545454545454,0.6976923076923077,0.7145454545454546,0.3023076923076923,0.41142857142857153,0.29,0.6157852564102564
mlp,3,3,9,0.15,fixed horizon 148,200,60,140,1.058770561705665,0.20833333333333334,0.36538461538461536,0.7916666666666666,0.578525641025641,0.7066145092460882,0.8928014553014554,0.29338549075391185,0.10719854469854462,0.729054054054054,0.29,0.7151442307692307
mlp,3,3,9,0.2,fixed horizon 50,200,60,140,1.12579078322955,0.25,0.38461538461538464,0.75,0.5673076923076923,0.7360000000000001,0.8984615384615384,0.2639999999999999,0.10153846153846158,0.7616666666666667,0.32,0.5881410256410257
mlp,3,3,9,0.2,fixed horizon 100,200,60,140,1.0997172087572684,0.4375,0.5192307692307693,0.5625,0.5408653846153846,0.5777777777777778,0.7807692307692308,0.42222222222222217,0.21923076923076923,0.6004761904761904,0.48,0.6157852564102564
mlp,3,3,9,0.2,fixed horizon 148,200,60,140,1.0920923505383984,0.25,0.4807692307692308,0.75,0.6153846153846154,0.751891891891892,0.8807172557172556,0.24810810810810802,0.11928274428274444,0.7550675675675677,0.37,0.7151442307692307
mlp,3,3,9,0.3,fixed horizon 50,200,60,140,1.4131803847341646,0.5833333333333334,0.75,0.4166666666666667,0.5833333333333334,0.3502564102564102,0.5126923076923077,0.6497435897435898,0.48730769230769233,0.36714285714285716,0.67,0.5881410256410257
mlp,3,3,9,0.3,fixed horizon 100,200,60,140,1.345266924462014,0.6041666666666666,0.8269230769230769,0.3958333333333333,0.6113782051282051,0.31139534883720926,0.43057692307692313,0.6886046511627908,0.5694230769230768,0.30103448275862066,0.72,0.6157852564102564
mlp,3,3,9,0.3,fixed horizon 148,200,60,140,1.3505699240113633,0.6041666666666666,0.8269230769230769,0.3958333333333333,0.6113782051282051,0.2124450031426776,0.34875259875259873,0.7875549968573223,0.6512474012474012,0.20573159366262814,0.72,0.7151442307692307
mlp,4,4,0,0.01,fixed horizon 50,191,57,134,1.0000915339453897,0.0,0.0,1.0,0.5,,1.0,,0.0,,0.0,0.5178268251273345
mlp,4,4,0,0.01,fixed horizon 100,191,57,134,1.0000915339453897,0.0,0.0,1.0,0.5,,1.0,,0.0,,0.0,0.6243633276740238
mlp,4,4,0,0.01,fixed horizon 148,191,57,134,1.0000915339453897,0.0,0.0,1.0,0.5,,1.0,,0.0,,0.0,0.6383701188455008
mlp,4,4,0,0.025,fixed horizon 50,191,57,134,1.0000507755295245,0.0,0.0,1.0,0.5,,1.0,,0.0,,0.0,0.5178268251273345
mlp,4,4,0,0.025,fixed horizon 100,191,57,134,1.0000678754191308,0.0,0.0,1.0,0.5,,1.0,,0.0,,0.0,0.6243633276740238
mlp,4,4,0,0.025,fixed horizon 148,191,57,134,1.0000678754191308,0.0,0.0,1.0,0.5,,1.0,,0.0,,0.0,0.6383701188455008
mlp,4,4,0,0.05,fixed horizon 50,191,57,134,0.9997441444650315,0.0,0.0,1.0,0.5,,1.0,,0.0,,0.0,0.5178268251273345
mlp,4,4,0,0.05,fixed horizon 100,191,57,134,0.9996633693517563,0.0,0.0,1.0,0.5,,1.0,,0.0,,0.0,0.6243633276740238
mlp,4,4,0,0.05,fixed horizon 148,191,57,134,0.9996633693517563,0.0,0.0,1.0,0.5,,1.0,,0.0,,0.0,0.6383701188455008
mlp,4,4,0,0.075,fixed horizon 50,191,57,134,0.9982100033924247,0.0,0.0,1.0,0.5,,1.0,,0.0,,0.0,0.5178268251273345
mlp,4,4,0,0.075,fixed horizon 100,191,57,134,0.9998285687401923,0.0,0.0,1.0,0.5,,1.0,,0.0,,0.0,0.6243633276740238
mlp,4,4,0,0.075,fixed horizon 148,191,57,134,0.9998239153255819,0.0,0.0,1.0,0.5,,1.0,,0.0,,0.0,0.6383701188455008
mlp,4,4,0,0.1,fixed horizon 50,191,57,134,0.9980362850212737,0.0,0.016129032258064516,1.0,0.5080645161290323,0.38,0.9899999999999999,0.62,0.01000000000000012,,0.01,0.5178268251273345
mlp,4,4,0,0.1,fixed horizon 100,191,57,134,0.9978382519178544,0.0,0.0,1.0,0.5,,1.0,,0.0,,0.0,0.6243633276740238
mlp,4,4,0,0.1,fixed horizon 148,191,57,134,0.9993362904240792,0.0,0.0,1.0,0.5,,1.0,,0.0,,0.0,0.6383701188455008
mlp,4,4,0,0.15,fixed horizon 50,191,57,134,1.017211014777342,0.02631578947368421,0.06451612903225806,0.9736842105263158,0.519100169779287,0.59,0.9735483870967743,0.41000000000000003,0.02645161290322573,0.38,0.05,0.5178268251273345
mlp,4,4,0,0.15,fixed horizon 100,191,57,134,1.009133196215532,0.02631578947368421,0.08064516129032258,0.9736842105263158,0.5271646859083192,0.27199999999999996,0.9412903225806452,0.728,0.058709677419354844,0.19,0.06,0.6243633276740238
mlp,4,4,0,0.15,fixed horizon 148,191,57,134,1.0000885635580228,0.02631578947368421,0.04838709677419355,0.9736842105263158,0.5110356536502547,0.786036036036036,0.9896469049694856,0.213963963963964,0.010353095030514403,0.8040540540540541,0.04,0.6383701188455008
mlp,4,4,0,0.2,fixed horizon 50,191,57,134,0.9347389787388352,0.21052631578947367,0.20967741935483872,0.7894736842105263,0.49957555178268254,0.24307692307692313,0.8412903225806452,0.7569230769230768,0.15870967741935482,0.195,0.21,0.5178268251273345
mlp,4,4,0,0.2,fixed horizon 100,191,57,134,0.9840691778221625,0.18421052631578946,0.12903225806451613,0.8157894736842105,0.4724108658743633,0.365,0.9180645161290322,0.635,0.08193548387096783,0.2385714285714286,0.15,0.6243633276740238
mlp,4,4,0,0.2,fixed horizon 148,191,57,134,0.9663617862064517,0.18421052631578946,0.20967741935483872,0.8157894736842105,0.5127334465195246,0.45530145530145527,0.8857890148212728,0.5446985446985447,0.11421098517872719,0.17471042471042472,0.2,0.6383701188455008
mlp,4,4,0,0.3,fixed horizon 50,191,57,134,0.8185119857151644,0.6052631578947368,0.5161290322580645,0.39473684210526316,0.45543293718166383,0.08812500000000001,0.5293548387096776,0.911875,0.4706451612903224,0.08,0.55,0.5178268251273345
mlp,4,4,0,0.3,fixed horizon 100,191,57,134,0.8238808091224697,0.5789473684210527,0.5806451612903226,0.42105263157894735,0.5008488964346349,0.14527777777777773,0.5037096774193548,0.8547222222222223,0.4962903225806452,0.050454545454545446,0.58,0.6243633276740238
mlp,4,4,0,0.3,fixed horizon 148,191,57,134,0.822543819844141,0.5789473684210527,0.6290322580645161,0.42105263157894735,0.5250424448217317,0.16406791406791407,0.4741717523975589,0.8359320859320859,0.5258282476024412,0.032555282555282554,0.61,0.6383701188455008
mlp,4,4,1,0.01,fixed horizon 50,191,57,134,1.000013717671536,0.0,0.0,1.0,0.5,,1.0,,0.0,,0.0,0.5178268251273345
mlp,4,4,1,0.01,fixed horizon 100,191,57,134,1.0000368928560175,0.0,0.0,1.0,0.5,,1.0,,0.0,,0.0,0.6243633276740238
mlp,4,4,1,0.01,fixed horizon 148,191,57,134,1.0000368928560175,0.0,0.0,1.0,0.5,,1.0,,0.0,,0.0,0.6383701188455008
mlp,4,4,1,0.025,fixed horizon 50,191,57,134,1.0000086405976498,0.0,0.0,1.0,0.5,,1.0,,0.0,,0.0,0.5178268251273345
mlp,4,4,1,0.025,fixed horizon 100,191,57,134,1.0000094170441798,0.0,0.0,1.0,0.5,,1.0,,0.0,,0.0,0.6243633276740238
mlp,4,4,1,0.025,fixed horizon 148,191,57,134,1.0000094170441798,0.0,0.0,1.0,0.5,,1.0,,0.0,,0.0,0.6383701188455008
mlp,4,4,1,0.05,fixed horizon 50,191,57,134,1.0000094690212074,0.0,0.0,1.0,0.5,,1.0,,0.0,,0.0,0.5178268251273345
mlp,4,4,1,0.05,fixed horizon 100,191,57,134,1.0000054775001594,0.0,0.0,1.0,0.5,,1.0,,0.0,,0.0,0.6243633276740238
mlp,4,4,1,0.05,fixed horizon 148,191,57,134,1.0000054775001594,0.0,0.0,1.0,0.5,,1.0,,0.0,,0.0,0.6383701188455008
mlp,4,4,1,0.075,fixed horizon 50,191,57,134,1.016840103918141,0.0,0.0,1.0,0.5,,1.0,,0.0,,0.0,0.5178268251273345
mlp,4,4,1,0.075,fixed horizon 100,191,57,134,1.0966485077111325,0.0,0.0,1.0,0.5,,1.0,,0.0,,0.0,0.6243633276740238
mlp,4,4,1,0.075,fixed horizon 148,191,57,134,1.1527438482647783,0.0,0.0,1.0,0.5,,1.0,,0.0,,0.0,0.6383701188455008
mlp,4,4,1,0.1,fixed horizon 50,191,57,134,1.0374889637702838,0.0,0.0,1.0,0.5,,1.0,,0.0,,0.0,0.5178268251273345
mlp,4,4,1,0.1,fixed horizon 100,191,57,134,1.163101754566266,0.0,0.0,1.0,0.5,,1.0,,0.0,,0.0,0.6243633276740238
mlp,4,4,1,0.1,fixed horizon 148,191,57,134,1.1073587317171711,0.0,0.0,1.0,0.5,,1.0,,0.0,,0.0,0.6383701188455008
mlp,4,4,1,0.15,fixed horizon 50,191,57,134,1.114518433417839,0.0,0.03225806451612903,1.0,0.5161290322580645,0.8300000000000001,0.9945161290322581,0.16999999999999993,0.005483870967741944,,0.02,0.5178268251273345
mlp,4,4,1,0.15,fixed horizon 100,191,57,134,1.124600422103952,0.0,0.03225806451612903,1.0,0.5161290322580645,0.94,0.9980645161290321,0.06000000000000005,0.001935483870967869,,0.02,0.6243633276740238
mlp,4,4,1,0.15,fixed horizon 148,191,57,134,1.1538309864791751,0.0,0.016129032258064516,1.0,0.5080645161290323,0.8716216216216216,0.9979293809938972,0.1283783783783784,0.0020706190061028362,,0.01,0.6383701188455008
mlp,4,4,1,0.2,fixed horizon 50,191,57,134,1.1605725053022555,0.0,0.06451612903225806,1.0,0.532258064516129,0.6699999999999999,0.9787096774193549,0.33000000000000007,0.021290322580645116,,0.04,0.5178268251273345
mlp,4,4,1,0.2,fixed horizon 100,191,57,134,1.1144893849778528,0.02631578947368421,0.11290322580645161,0.9736842105263158,0.5432937181663837,0.8557142857142856,0.9837096774193549,0.14428571428571435,0.01629032258064511,0.8,0.08,0.6243633276740238
mlp,4,4,1,0.2,fixed horizon 148,191,57,134,1.197723854323031,0.02631578947368421,0.06451612903225806,0.9736842105263158,0.519100169779287,0.7415540540540541,0.9833260680034874,0.25844594594594594,0.01667393199651257,0.777027027027027,0.05,0.6383701188455008
mlp,4,4,1,0.3,fixed horizon 50,191,57,134,1.3743304822207707,0.4473684210526316,0.2903225806451613,0.5526315789473685,0.4214770797962649,0.5233333333333333,0.8616129032258065,0.4766666666666667,0.13838709677419347,0.5176470588235293,0.35,0.5178268251273345
mlp,4,4,1,0.3,fixed horizon 100,191,57,134,1.347625695572335,0.23684210526315788,0.3064516129032258,0.7631578947368421,0.534804753820034,0.73,0.9172580645161291,0.27,0.08274193548387088,0.7766666666666667,0.28,0.6243633276740238
mlp,4,4,1,0.3,fixed horizon 148,191,57,134,1.3940700385613793,0.18421052631578946,0.4032258064516129,0.8157894736842105,0.6095076400679117,0.6194594594594595,0.8465562336530079,0.38054054054054054,0.15344376634699208,0.581081081081081,0.32,0.6383701188455008
mlp,4,4,2,0.01,fixed horizon 50,191,57,134,1.0003623002114164,0.0,0.0,1.0,0.5,,1.0,,0.0,,0.0,0.5178268251273345
mlp,4,4,2,0.01,fixed horizon 100,191,57,134,1.0003623002114164,0.0,0.0,1.0,0.5,,1.0,,0.0,,0.0,0.6243633276740238
mlp,4,4,2,0.01,fixed horizon 148,191,57,134,1.0016423729095403,0.0,0.0,1.0,0.5,,1.0,,0.0,,0.0,0.6383701188455008
mlp,4,4,2,0.025,fixed horizon 50,191,57,134,1.0002950351106876,0.0,0.0,1.0,0.5,,1.0,,0.0,,0.0,0.5178268251273345
mlp,4,4,2,0.025,fixed horizon 100,191,57,134,1.0002950351106876,0.0,0.0,1.0,0.5,,1.0,,0.0,,0.0,0.6243633276740238
mlp,4,4,2,0.025,fixed horizon 148,191,57,134,1.0015124831801046,0.0,0.0,1.0,0.5,,1.0,,0.0,,0.0,0.6383701188455008
mlp,4,4,2,0.05,fixed horizon 50,191,57,134,1.0001016792067778,0.0,0.0,1.0,0.5,,1.0,,0.0,,0.0,0.5178268251273345
mlp,4,4,2,0.05,fixed horizon 100,191,57,134,1.000224361168197,0.0,0.0,1.0,0.5,,1.0,,0.0,,0.0,0.6243633276740238
mlp,4,4,2,0.05,fixed horizon 148,191,57,134,1.006735623388536,0.0,0.0,1.0,0.5,,1.0,,0.0,,0.0,0.6383701188455008
mlp,4,4,2,0.075,fixed horizon 50,191,57,134,1.0007776181265549,0.0,0.016129032258064516,1.0,0.5080645161290323,0.52,0.992258064516129,0.48,0.007741935483871032,,0.01,0.5178268251273345
mlp,4,4,2,0.075,fixed horizon 100,191,57,134,1.0003601125717663,0.0,0.0,1.0,0.5,,1.0,,0.0,,0.0,0.6243633276740238
mlp,4,4,2,0.075,fixed horizon 148,191,57,134,1.0332567706533875,0.0,0.0,1.0,0.5,,1.0,,0.0,,0.0,0.6383701188455008
mlp,4,4,2,0.1,fixed horizon 50,191,57,134,1.0004864565317289,0.0,0.016129032258064516,1.0,0.5080645161290323,0.52,0.992258064516129,0.48,0.007741935483871032,,0.01,0.5178268251273345
mlp,4,4,2,0.1,fixed horizon 100,191,57,134,1.0003071044575838,0.0,0.0,1.0,0.5,,1.0,,0.0,,0.0,0.6243633276740238
mlp,4,4,2,0.1,fixed horizon 148,191,57,134,1.0308495053528142,0.0,0.016129032258064516,1.0,0.5080645161290323,0.8648648648648649,0.9978204010462075,0.1351351351351351,0.0021795989537924942,,0.01,0.6383701188455008
mlp,4,4,2,0.15,fixed horizon 50,191,57,134,1.0003869004342123,0.0,0.06451612903225806,1.0,0.532258064516129,0.815,0.9880645161290322,0.18500000000000005,0.011935483870967767,,0.04,0.5178268251273345
mlp,4,4,2,0.15,fixed horizon 100,191,57,134,1.000754708880092,0.02631578947368421,0.04838709677419355,0.9736842105263158,0.5110356536502547,0.6566666666666666,0.9833870967741936,0.3433333333333334,0.01661290322580644,0.85,0.04,0.6243633276740238
mlp,4,4,2,0.15,fixed horizon 148,191,57,134,1.0003603193551645,0.02631578947368421,0.04838709677419355,0.9736842105263158,0.5110356536502547,0.786036036036036,0.9896469049694856,0.213963963963964,0.010353095030514403,0.8040540540540541,0.04,0.6383701188455008
mlp,4,4,2,0.2,fixed horizon 50,191,57,134,0.9993111021368116,0.21052631578947367,0.20967741935483872,0.7894736842105263,0.49957555178268254,0.20923076923076925,0.8341935483870968,0.7907692307692308,0.1658064516129032,0.125,0.21,0.5178268251273345
mlp,4,4,2,0.2,fixed horizon 100,191,57,134,1.0005887367807893,0.05263157894736842,0.16129032258064516,0.9473684210526315,0.5543293718166383,0.7819999999999999,0.9648387096774194,0.21800000000000008,0.03516129032258064,0.905,0.12,0.6243633276740238
mlp,4,4,2,0.2,fixed horizon 148,191,57,134,1.0000927773693142,0.02631578947368421,0.16129032258064516,0.9736842105263158,0.5674872665534805,0.6621621621621621,0.9455100261551874,0.33783783783783794,0.05448997384481258,0.722972972972973,0.11,0.6383701188455008
mlp,4,4,2,0.3,fixed horizon 50,191,57,134,0.9980269977699774,0.4473684210526316,0.43548387096774194,0.5526315789473685,0.4940577249575552,0.36888888888888893,0.7251612903225807,0.6311111111111111,0.2748387096774193,0.34588235294117653,0.44,0.5178268251273345
mlp,4,4,2,0.3,fixed horizon 100,191,57,134,1.0761915457223308,0.3157894736842105,0.3870967741935484,0.6842105263157895,0.5356536502546689,0.5454166666666667,0.8240322580645161,0.45458333333333334,0.17596774193548392,0.4075,0.36,0.6243633276740238
mlp,4,4,2,0.3,fixed horizon 148,191,57,134,1.0010730762285864,0.34210526315789475,0.5,0.6578947368421053,0.5789473684210527,0.5568875326939843,0.7784437663469922,0.4431124673060157,0.2215562336530078,0.3913721413721414,0.44,0.6383701188455008
mlp,4,4,3,0.01,fixed horizon 50,191,57,134,1.000006095376075,0.0,0.0,1.0,0.5,,1.0,,0.0,,0.0,0.5178268251273345
mlp,4,4,3,0.01,fixed horizon 100,191,57,134,1.0003397867798307,0.0,0.0,1.0,0.5,,1.0,,0.0,,0.0,0.6243633276740238
mlp,4,4,3,0.01,fixed horizon 148,191,57,134,1.0003397867798307,0.0,0.0,1.0,0.5,,1.0,,0.0,,0.0,0.6383701188455008
mlp,4,4,3,0.025,fixed horizon 50,191,57,134,1.0000042442465018,0.0,0.0,1.0,0.5,,1.0,,0.0,,0.0,0.5178268251273345
mlp,4,4,3,0.025,fixed horizon 100,191,57,134,1.00027028470707,0.0,0.0,1.0,0.5,,1.0,,0.0,,0.0,0.6243633276740238
mlp,4,4,3,0.025,fixed horizon 148,191,57,134,1.00027028470707,0.0,0.0,1.0,0.5,,1.0,,0.0,,0.0,0.6383701188455008
mlp,4,4,3,0.05,fixed horizon 50,191,57,134,1.0000042831115328,0.0,0.0,1.0,0.5,,1.0,,0.0,,0.0,0.5178268251273345
mlp,4,4,3,0.05,fixed horizon 100,191,57,134,1.0002037089280575,0.0,0.0,1.0,0.5,,1.0,,0.0,,0.0,0.6243633276740238
mlp,4,4,3,0.05,fixed horizon 148,191,57,134,1.0002226330601136,0.0,0.0,1.0,0.5,,1.0,,0.0,,0.0,0.6383701188455008
mlp,4,4,3,0.075,fixed horizon 50,191,57,134,1.0053396074077108,0.0,0.0,1.0,0.5,,1.0,,0.0,,0.0,0.5178268251273345
mlp,4,4,3,0.075,fixed horizon 100,191,57,134,1.0630526985336906,0.0,0.0,1.0,0.5,,1.0,,0.0,,0.0,0.6243633276740238
mlp,4,4,3,0.075,fixed horizon 148,191,57,134,1.1768695521369195,0.0,0.0,1.0,0.5,,1.0,,0.0,,0.0,0.6383701188455008
mlp,4,4,3,0.1,fixed horizon 50,191,57,134,1.0317942519688958,0.07894736842105263,0.016129032258064516,0.9210526315789473,0.4685908319185059,0.28,0.9883870967741936,0.72,0.011612903225806437,0.28,0.04,0.5178268251273345
mlp,4,4,3,0.1,fixed horizon 100,191,57,134,1.0458237986963523,0.0,0.0,1.0,0.5,,1.0,,0.0,,0.0,0.6243633276740238
mlp,4,4,3,0.1,fixed horizon 148,191,57,134,1.1631497696724244,0.0,0.0,1.0,0.5,,1.0,,0.0,,0.0,0.6383701188455008
mlp,4,4,3,0.15,fixed horizon 50,191,57,134,1.0418525302704167,0.0,0.04838709677419355,1.0,0.5241935483870968,0.9333333333333332,0.9967741935483871,0.06666666666666676,0.003225806451612856,,0.03,0.5178268251273345
mlp,4,4,3,0.15,fixed horizon 100,191,57,134,1.1567787691221427,0.0,0.03225806451612903,1.0,0.5161290322580645,0.975,0.9991935483870968,0.025000000000000022,0.0008064516129031585,,0.02,0.6243633276740238
mlp,4,4,3,0.15,fixed horizon 148,191,57,134,1.2345396172855756,0.0,0.016129032258064516,1.0,0.5080645161290323,0.9662162162162162,0.9994551002615519,0.03378378378378377,0.000544899738448068,,0.01,0.6383701188455008
mlp,4,4,3,0.2,fixed horizon 50,191,57,134,1.3147506055119078,0.0,0.08064516129032258,1.0,0.5403225806451613,0.6679999999999999,0.9732258064516128,0.3320000000000001,0.02677419354838717,,0.05,0.5178268251273345
mlp,4,4,3,0.2,fixed horizon 100,191,57,134,1.3534212667602217,0.05263157894736842,0.0967741935483871,0.9473684210526315,0.5220713073005093,0.6133333333333333,0.9625806451612903,0.3866666666666667,0.03741935483870973,0.695,0.08,0.6243633276740238
mlp,4,4,3,0.2,fixed horizon 148,191,57,134,1.7042306006208554,0.02631578947368421,0.11290322580645161,0.9736842105263158,0.5432937181663837,0.8832046332046334,0.9868134263295554,0.11679536679536662,0.013186573670444623,0.8783783783783784,0.08,0.6383701188455008
mlp,4,4,3,0.3,fixed horizon 50,191,57,134,1.2947563459870843,0.39473684210526316,0.3064516129032258,0.6052631578947368,0.45585738539898135,0.7126315789473684,0.9119354838709678,0.2873684210526316,0.08806451612903221,0.7213333333333333,0.34,0.5178268251273345
mlp,4,4,3,0.3,fixed horizon 100,191,57,134,1.4312907035128686,0.23684210526315788,0.3225806451612903,0.7631578947368421,0.5428692699490663,0.8235000000000001,0.9430645161290323,0.17649999999999988,0.056935483870967696,0.8522222222222223,0.29,0.6243633276740238
mlp,4,4,3,0.3,fixed horizon 148,191,57,134,1.582161527896417,0.2894736842105263,0.46774193548387094,0.7105263157894737,0.5891341256366723,0.7600186393289843,0.8877506538796861,0.23998136067101572,0.1122493461203139,0.8316953316953317,0.4,0.6383701188455008
mlp,4,4,4,0.01,fixed horizon 50,191,57,134,0.9780512473133476,0.0,0.0,1.0,0.5,,1.0,,0.0,,0.0,0.5178268251273345
mlp,4,4,4,0.01,fixed horizon 100,191,57,134,0.9780512473133476,0.0,0.0,1.0,0.5,,1.0,,0.0,,0.0,0.6243633276740238
mlp,4,4,4,0.01,fixed horizon 148,191,57,134,0.9993935872512574,0.0,0.0,1.0,0.5,,1.0,,0.0,,0.0,0.6383701188455008
mlp,4,4,4,0.025,fixed horizon 50,191,57,134,0.977901699203848,0.0,0.0,1.0,0.5,,1.0,,0.0,,0.0,0.5178268251273345
mlp,4,4,4,0.025,fixed horizon 100,191,57,134,0.977901699203848,0.0,0.0,1.0,0.5,,1.0,,0.0,,0.0,0.6243633276740238
mlp,4,4,4,0.025,fixed horizon 148,191,57,134,0.9976985101967775,0.0,0.0,1.0,0.5,,1.0,,0.0,,0.0,0.6383701188455008
mlp,4,4,4,0.05,fixed horizon 50,191,57,134,0.9756995933060993,0.0,0.0,1.0,0.5,,1.0,,0.0,,0.0,0.5178268251273345
mlp,4,4,4,0.05,fixed horizon 100,191,57,134,0.9756995933060993,0.0,0.0,1.0,0.5,,1.0,,0.0,,0.0,0.6243633276740238
mlp,4,4,4,0.05,fixed horizon 148,191,57,134,0.9972585543875332,0.0,0.0,1.0,0.5,,1.0,,0.0,,0.0,0.6383701188455008
mlp,4,4,4,0.075,fixed horizon 50,191,57,134,0.973921755804044,0.07894736842105263,0.016129032258064516,0.9210526315789473,0.4685908319185059,0.36,0.9896774193548387,0.64,0.010322580645161339,0.32,0.04,0.5178268251273345
mlp,4,4,4,0.075,fixed horizon 100,191,57,134,0.9781467598919016,0.0,0.0,1.0,0.5,,1.0,,0.0,,0.0,0.6243633276740238
mlp,4,4,4,0.075,fixed horizon 148,191,57,134,0.99633843975816,0.0,0.0,1.0,0.5,,1.0,,0.0,,0.0,0.6383701188455008
mlp,4,4,4,0.1,fixed horizon 50,191,57,134,0.9687206242962744,0.10526315789473684,0.03225806451612903,0.8947368421052632,0.4634974533106961,0.36,0.9793548387096774,0.64,0.020645161290322567,0.315,0.06,0.5178268251273345
mlp,4,4,4,0.1,fixed horizon 100,191,57,134,0.9678128814102588,0.0,0.016129032258064516,1.0,0.5080645161290323,0.23,0.9875806451612904,0.77,0.012419354838709595,,0.01,0.6243633276740238
mlp,4,4,4,0.1,fixed horizon 148,191,57,134,0.9689157456852633,0.0,0.016129032258064516,1.0,0.5080645161290323,0.1554054054054054,0.9863775065387969,0.8445945945945946,0.013622493461203145,,0.01,0.6383701188455008
mlp,4,4,4,0.15,fixed horizon 50,191,57,134,0.93197120861515,0.18421052631578946,0.0967741935483871,0.8157894736842105,0.4562818336162988,0.26,0.9283870967741935,0.74,0.07161290322580649,0.24857142857142858,0.13,0.5178268251273345
mlp,4,4,4,0.15,fixed horizon 100,191,57,134,0.9154174091455678,0.18421052631578946,0.0967741935483871,0.8157894736842105,0.4562818336162988,0.12833333333333333,0.9156451612903226,0.8716666666666667,0.08435483870967742,0.12285714285714286,0.13,0.6243633276740238
mlp,4,4,4,0.15,fixed horizon 148,191,57,134,0.9547662986716116,0.10526315789473684,0.04838709677419355,0.8947368421052632,0.47156196943972833,0.38513513513513514,0.9702484742807324,0.6148648648648649,0.029751525719267646,0.10304054054054056,0.07,0.6383701188455008
mlp,4,4,4,0.2,fixed horizon 50,191,57,134,0.871212189919909,0.21052631578947367,0.22580645161290322,0.7894736842105263,0.5076400679117148,0.19428571428571434,0.8180645161290322,0.8057142857142856,0.1819354838709678,0.1775,0.22,0.5178268251273345
mlp,4,4,4,0.2,fixed horizon 100,191,57,134,0.897570311504192,0.21052631578947367,0.16129032258064516,0.7894736842105263,0.47538200339558573,0.197,0.8704838709677419,0.8029999999999999,0.12951612903225806,0.10625000000000001,0.18,0.6243633276740238
mlp,4,4,4,0.2,fixed horizon 148,191,57,134,0.9073172076185831,0.21052631578947367,0.20967741935483872,0.7894736842105263,0.49957555178268254,0.4423076923076923,0.8830645161290323,0.5576923076923077,0.11693548387096775,0.1722972972972973,0.21,0.6383701188455008
mlp,4,4,4,0.3,fixed horizon 50,191,57,134,0.6621761940550899,0.631578947368421,0.5967741935483871,0.3684210526315789,0.482597623089983,0.2291891891891892,0.54,0.7708108108108108,0.45999999999999996,0.13583333333333333,0.61,0.5178268251273345
mlp,4,4,4,0.3,fixed horizon 100,191,57,134,0.7157347032430834,0.5789473684210527,0.5645161290322581,0.42105263157894735,0.49278438030560273,0.2137142857142857,0.5561290322580643,0.7862857142857143,0.4438709677419357,0.09545454545454547,0.57,0.6243633276740238
mlp,4,4,4,0.3,fixed horizon 148,191,57,134,0.7107122224754644,0.5526315789473685,0.6290322580645161,0.4473684210526316,0.5382003395585738,0.2423769923769924,0.5234306887532693,0.7576230076230076,0.47656931124673074,0.08783783783783783,0.6,0.6383701188455008
mlp,4,4,5,0.01,fixed horizon 50,191,57,134,0.9999962419323957,0.0,0.0,1.0,0.5,,1.0,,0.0,,0.0,0.5178268251273345
mlp,4,4,5,0.01,fixed horizon 100,191,57,134,0.9999962419323957,0.0,0.0,1.0,0.5,,1.0,,0.0,,0.0,0.6243633276740238
mlp,4,4,5,0.01,fixed horizon 148,191,57,134,0.9999962419323957,0.0,0.0,1.0,0.5,,1.0,,0.0,,0.0,0.6383701188455008
mlp,4,4,5,0.025,fixed horizon 50,191,57,134,0.9999945117721443,0.0,0.0,1.0,0.5,,1.0,,0.0,,0.0,0.5178268251273345
mlp,4,4,5,0.025,fixed horizon 100,191,57,134,0.9999945117721443,0.0,0.0,1.0,0.5,,1.0,,0.0,,0.0,0.6243633276740238
mlp,4,4,5,0.025,fixed horizon 148,191,57,134,0.9999945117721443,0.0,0.0,1.0,0.5,,1.0,,0.0,,0.0,0.6383701188455008
mlp,4,4,5,0.05,fixed horizon 50,191,57,134,0.9999920466272748,0.0,0.0,1.0,0.5,,1.0,,0.0,,0.0,0.5178268251273345
mlp,4,4,5,0.05,fixed horizon 100,191,57,134,0.9999920466272748,0.0,0.0,1.0,0.5,,1.0,,0.0,,0.0,0.6243633276740238
mlp,4,4,5,0.05,fixed horizon 148,191,57,134,0.9999920466272748,0.0,0.0,1.0,0.5,,1.0,,0.0,,0.0,0.6383701188455008
mlp,4,4,5,0.075,fixed horizon 50,191,57,134,0.9999824907484114,0.0,0.0,1.0,0.5,,1.0,,0.0,,0.0,0.5178268251273345
mlp,4,4,5,0.075,fixed horizon 100,191,57,134,0.9999824907484114,0.0,0.0,1.0,0.5,,1.0,,0.0,,0.0,0.6243633276740238
mlp,4,4,5,0.075,fixed horizon 148,191,57,134,0.9999824907484114,0.0,0.0,1.0,0.5,,1.0,,0.0,,0.0,0.6383701188455008
mlp,4,4,5,0.1,fixed horizon 50,191,57,134,0.9999599844339372,0.0,0.0,1.0,0.5,,1.0,,0.0,,0.0,0.5178268251273345
mlp,4,4,5,0.1,fixed horizon 100,191,57,134,0.9999599844339372,0.0,0.0,1.0,0.5,,1.0,,0.0,,0.0,0.6243633276740238
mlp,4,4,5,0.1,fixed horizon 148,191,57,134,0.999978103186836,0.0,0.0,1.0,0.5,,1.0,,0.0,,0.0,0.6383701188455008
mlp,4,4,5,0.15,fixed horizon 50,191,57,134,0.9997558107836222,0.10526315789473684,0.03225806451612903,0.8947368421052632,0.4634974533106961,0.0,0.967741935483871,1.0,0.032258064516129004,0.0,0.06,0.5178268251273345
mlp,4,4,5,0.15,fixed horizon 100,191,57,134,0.9999820256960286,0.0,0.016129032258064516,1.0,0.5080645161290323,0.55,0.9927419354838709,0.44999999999999996,0.007258064516129092,,0.01,0.6243633276740238
mlp,4,4,5,0.15,fixed horizon 148,191,57,134,1.0233384843842785,0.0,0.03225806451612903,1.0,0.5161290322580645,0.8614864864864865,0.9955318221447255,0.1385135135135135,0.0044681778552745355,,0.02,0.6383701188455008
mlp,4,4,5,0.2,fixed horizon 50,191,57,134,1.1271338335821095,0.05263157894736842,0.11290322580645161,0.9473684210526315,0.5301358234295416,0.48571428571428577,0.9419354838709678,0.5142857142857142,0.058064516129032184,0.1,0.09,0.5178268251273345
mlp,4,4,5,0.2,fixed horizon 100,191,57,134,1.0165188606099573,0.05263157894736842,0.16129032258064516,0.9473684210526315,0.5543293718166383,0.914,0.9861290322580645,0.08599999999999997,0.013870967741935525,0.9099999999999999,0.12,0.6243633276740238
mlp,4,4,5,0.2,fixed horizon 148,191,57,134,1.1287704181951588,0.02631578947368421,0.12903225806451613,0.9736842105263158,0.551358234295416,0.4907094594594595,0.9342850915431562,0.5092905405405406,0.0657149084568438,0.722972972972973,0.09,0.6383701188455008
mlp,4,4,5,0.3,fixed horizon 50,191,57,134,1.1465400145846627,0.47368421052631576,0.3709677419354839,0.5263157894736842,0.44864176570458403,0.2156521739130435,0.709032258064516,0.7843478260869565,0.290967741935484,0.3422222222222222,0.41,0.5178268251273345
mlp,4,4,5,0.3,fixed horizon 100,191,57,134,1.174869748710281,0.42105263157894735,0.3870967741935484,0.5789473684210527,0.4830220713073005,0.19958333333333333,0.6901612903225807,0.8004166666666667,0.30983870967741933,0.14625,0.4,0.6243633276740238
mlp,4,4,5,0.3,fixed horizon 148,191,57,134,1.1828967017779433,0.3684210526315789,0.45161290322580644,0.631578947368421,0.5415959252971138,0.3057432432432433,0.6864646904969486,0.6942567567567567,0.3135353095030514,0.13513513513513511,0.42,0.6383701188455008
mlp,4,4,6,0.01,fixed horizon 50,191,57,134,0.9999980968013221,0.0,0.0,1.0,0.5,,1.0,,0.0,,0.0,0.5178268251273345
mlp,4,4,6,0.01,fixed horizon 100,191,57,134,0.9999980968013221,0.0,0.0,1.0,0.5,,1.0,,0.0,,0.0,0.6243633276740238
mlp,4,4,6,0.01,fixed horizon 148,191,57,134,0.9999980968013221,0.0,0.0,1.0,0.5,,1.0,,0.0,,0.0,0.6383701188455008
mlp,4,4,6,0.025,fixed horizon 50,191,57,134,0.9999938013473274,0.0,0.0,1.0,0.5,,1.0,,0.0,,0.0,0.5178268251273345
mlp,4,4,6,0.025,fixed horizon 100,191,57,134,0.9999938013473274,0.0,0.0,1.0,0.5,,1.0,,0.0,,0.0,0.6243633276740238
mlp,4,4,6,0.025,fixed horizon 148,191,57,134,0.9999938013473274,0.0,0.0,1.0,0.5,,1.0,,0.0,,0.0,0.6383701188455008
mlp,4,4,6,0.05,fixed horizon 50,191,57,134,0.9999924248087134,0.0,0.0,1.0,0.5,,1.0,,0.0,,0.0,0.5178268251273345
mlp,4,4,6,0.05,fixed horizon 100,191,57,134,0.9999924248087134,0.0,0.0,1.0,0.5,,1.0,,0.0,,0.0,0.6243633276740238
mlp,4,4,6,0.05,fixed horizon 148,191,57,134,0.9999924248087134,0.0,0.0,1.0,0.5,,1.0,,0.0,,0.0,0.6383701188455008
mlp,4,4,6,0.075,fixed horizon 50,191,57,134,0.9999905082915342,0.0,0.0,1.0,0.5,,1.0,,0.0,,0.0,0.5178268251273345
mlp,4,4,6,0.075,fixed horizon 100,191,57,134,0.9999901078426048,0.0,0.0,1.0,0.5,,1.0,,0.0,,0.0,0.6243633276740238
mlp,4,4,6,0.075,fixed horizon 148,191,57,134,0.9999905082915342,0.0,0.0,1.0,0.5,,1.0,,0.0,,0.0,0.6383701188455008
mlp,4,4,6,0.1,fixed horizon 50,191,57,134,0.9999898453394362,0.0,0.0,1.0,0.5,,1.0,,0.0,,0.0,0.5178268251273345
mlp,4,4,6,0.1,fixed horizon 100,191,57,134,0.9999911336010231,0.0,0.0,1.0,0.5,,1.0,,0.0,,0.0,0.6243633276740238
mlp,4,4,6,0.1,fixed horizon 148,191,57,134,0.9999911336010231,0.0,0.0,1.0,0.5,,1.0,,0.0,,0.0,0.6383701188455008
mlp,4,4,6,0.15,fixed horizon 50,191,57,134,0.9997397702090199,0.10526315789473684,0.03225806451612903,0.8947368421052632,0.4634974533106961,0.0,0.967741935483871,1.0,0.032258064516129004,0.0,0.06,0.5178268251273345
mlp,4,4,6,0.15,fixed horizon 100,191,57,134,1.0000102983696821,0.02631578947368421,0.03225806451612903,0.9736842105263158,0.5029711375212225,0.855,0.9953225806451613,0.14500000000000002,0.0046774193548386744,0.85,0.03,0.6243633276740238
mlp,4,4,6,0.15,fixed horizon 148,191,57,134,1.0000171537414633,0.02631578947368421,0.03225806451612903,0.9736842105263158,0.5029711375212225,0.5777027027027026,0.9863775065387969,0.42229729729729737,0.013622493461203145,0.5743243243243243,0.03,0.6383701188455008
mlp,4,4,6,0.2,fixed horizon 50,191,57,134,1.0520754064866382,0.02631578947368421,0.06451612903225806,0.9736842105263158,0.519100169779287,0.7,0.9806451612903226,0.30000000000000004,0.019354838709677358,0.82,0.05,0.5178268251273345
mlp,4,4,6,0.2,fixed horizon 100,191,57,134,1.000013089154478,0.05263157894736842,0.1935483870967742,0.9473684210526315,0.5704584040747028,0.9283333333333333,0.9861290322580645,0.07166666666666666,0.013870967741935525,0.905,0.14,0.6243633276740238
mlp,4,4,6,0.2,fixed horizon 148,191,57,134,1.0482185813438352,0.02631578947368421,0.14516129032258066,0.9736842105263158,0.5594227504244482,0.68993993993994,0.9549912816041848,0.31006006006006004,0.04500871839581522,0.5945945945945946,0.1,0.6383701188455008
mlp,4,4,6,0.3,fixed horizon 50,191,57,134,0.9999961995067643,0.5263157894736842,0.3709677419354839,0.47368421052631576,0.42232597623089985,0.28608695652173916,0.7351612903225805,0.7139130434782608,0.2648387096774195,0.278,0.43,0.5178268251273345
mlp,4,4,6,0.3,fixed horizon 100,191,57,134,1.0670669834112994,0.3684210526315789,0.3548387096774194,0.631578947368421,0.4932088285229202,0.5081818181818181,0.8254838709677418,0.49181818181818193,0.17451612903225822,0.27642857142857136,0.36,0.6243633276740238
mlp,4,4,6,0.3,fixed horizon 148,191,57,134,1.0416176968051227,0.34210526315789475,0.46774193548387094,0.6578947368421053,0.5628183361629882,0.7159832246039142,0.8671534437663472,0.28401677539608583,0.13284655623365282,0.6616424116424116,0.42,0.6383701188455008
mlp,4,4,7,0.01,fixed horizon 50,191,57,134,0.9999786371363948,0.0,0.0,1.0,0.5,,1.0,,0.0,,0.0,0.5178268251273345
mlp,4,4,7,0.01,fixed horizon 100,191,57,134,0.9999855897685337,0.0,0.0,1.0,0.5,,1.0,,0.0,,0.0,0.6243633276740238
mlp,4,4,7,0.01,fixed horizon 148,191,57,134,0.9999855897685337,0.0,0.0,1.0,0.5,,1.0,,0.0,,0.0,0.6383701188455008
mlp,4,4,7,0.025,fixed horizon 50,191,57,134,0.9999541406237051,0.0,0.0,1.0,0.5,,1.0,,0.0,,0.0,0.5178268251273345
mlp,4,4,7,0.025,fixed horizon 100,191,57,134,0.9999649834659806,0.0,0.0,1.0,0.5,,1.0,,0.0,,0.0,0.6243633276740238
mlp,4,4,7,0.025,fixed horizon 148,191,57,134,0.999965197681307,0.0,0.0,1.0,0.5,,1.0,,0.0,,0.0,0.6383701188455008
mlp,4,4,7,0.05,fixed horizon 50,191,57,134,0.9998752326873085,0.0,0.0,1.0,0.5,,1.0,,0.0,,0.0,0.5178268251273345
mlp,4,4,7,0.05,fixed horizon 100,191,57,134,0.9998817543725765,0.0,0.0,1.0,0.5,,1.0,,0.0,,0.0,0.6243633276740238
mlp,4,4,7,0.05,fixed horizon 148,191,57,134,0.9998817543725765,0.0,0.0,1.0,0.5,,1.0,,0.0,,0.0,0.6383701188455008
mlp,4,4,7,0.075,fixed horizon 50,191,57,134,0.998174063677914,0.0,0.0,1.0,0.5,,1.0,,0.0,,0.0,0.5178268251273345
mlp,4,4,7,0.075,fixed horizon 100,191,57,134,0.998174063677914,0.0,0.0,1.0,0.5,,1.0,,0.0,,0.0,0.6243633276740238
mlp,4,4,7,0.075,fixed horizon 148,191,57,134,0.9992223949785155,0.0,0.0,1.0,0.5,,1.0,,0.0,,0.0,0.6383701188455008
mlp,4,4,7,0.1,fixed horizon 50,191,57,134,0.9947441350970218,0.0,0.0,1.0,0.5,,1.0,,0.0,,0.0,0.5178268251273345
mlp,4,4,7,0.1,fixed horizon 100,191,57,134,0.9947441350970218,0.0,0.0,1.0,0.5,,1.0,,0.0,,0.0,0.6243633276740238
mlp,4,4,7,0.1,fixed horizon 148,191,57,134,0.9947441350970218,0.0,0.0,1.0,0.5,,1.0,,0.0,,0.0,0.6383701188455008
mlp,4,4,7,0.15,fixed horizon 50,191,57,134,0.9819830587171657,0.15789473684210525,0.0967741935483871,0.8421052631578947,0.4694397283531409,0.30666666666666664,0.9329032258064517,0.6933333333333334,0.06709677419354831,0.23666666666666666,0.12,0.5178268251273345
mlp,4,4,7,0.15,fixed horizon 100,191,57,134,0.9818291165215058,0.13157894736842105,0.0967741935483871,0.868421052631579,0.48259762308998305,0.2883333333333334,0.9311290322580645,0.7116666666666667,0.06887096774193546,0.10400000000000001,0.11,0.6243633276740238
mlp,4,4,7,0.15,fixed horizon 148,191,57,134,0.9995008279778216,0.0,0.03225806451612903,1.0,0.5161290322580645,0.7398648648648649,0.9916085440278988,0.2601351351351351,0.008391455972101225,,0.02,0.6383701188455008
mlp,4,4,7,0.2,fixed horizon 50,191,57,134,0.956900828588472,0.21052631578947367,0.16129032258064516,0.7894736842105263,0.47538200339558573,0.25800000000000006,0.8803225806451613,0.742,0.11967741935483867,0.22250000000000003,0.18,0.5178268251273345
mlp,4,4,7,0.2,fixed horizon 100,191,57,134,0.9517449860448363,0.23684210526315788,0.1935483870967742,0.7631578947368421,0.47835314091680814,0.2183333333333333,0.8487096774193549,0.7816666666666667,0.15129032258064512,0.17555555555555558,0.21,0.6243633276740238
mlp,4,4,7,0.2,fixed horizon 148,191,57,134,0.9517449860448363,0.23684210526315788,0.22580645161290322,0.7631578947368421,0.4944821731748727,0.2707528957528958,0.8353312990409765,0.7292471042471043,0.16466870095902353,0.14564564564564567,0.23,0.6383701188455008
mlp,4,4,7,0.3,fixed horizon 50,191,57,134,0.8136589940292265,0.5789473684210527,0.46774193548387094,0.42105263157894735,0.44439728353140917,0.13586206896551725,0.5958064516129034,0.8641379310344828,0.40419354838709665,0.14818181818181822,0.51,0.5178268251273345
mlp,4,4,7,0.3,fixed horizon 100,191,57,134,0.8175618692930643,0.5526315789473685,0.45161290322580644,0.4473684210526316,0.449490662139219,0.16928571428571426,0.6248387096774194,0.8307142857142857,0.3751612903225806,0.09047619047619049,0.49,0.6243633276740238
mlp,4,4,7,0.3,fixed horizon 148,191,57,134,0.8136589940292265,0.5526315789473685,0.5483870967741935,0.4473684210526316,0.49787775891341257,0.1625596184419714,0.5407585004359199,0.8374403815580286,0.4592414995640801,0.05920205920205922,0.55,0.6383701188455008
mlp,4,4,8,0.01,fixed horizon 50,191,57,134,1.0000801176664904,0.0,0.0,1.0,0.5,,1.0,,0.0,,0.0,0.5178268251273345
mlp,4,4,8,0.01,fixed horizon 100,191,57,134,1.000116216889045,0.0,0.0,1.0,0.5,,1.0,,0.0,,0.0,0.6243633276740238
mlp,4,4,8,0.01,fixed horizon 148,191,57,134,1.0001179008613976,0.0,0.0,1.0,0.5,,1.0,,0.0,,0.0,0.6383701188455008
mlp,4,4,8,0.025,fixed horizon 50,191,57,134,1.0000028109078083,0.0,0.0,1.0,0.5,,1.0,,0.0,,0.0,0.5178268251273345
mlp,4,4,8,0.025,fixed horizon 100,191,57,134,1.0000751235558736,0.0,0.0,1.0,0.5,,1.0,,0.0,,0.0,0.6243633276740238
mlp,4,4,8,0.025,fixed horizon 148,191,57,134,1.000080230883276,0.0,0.0,1.0,0.5,,1.0,,0.0,,0.0,0.6383701188455008
mlp,4,4,8,0.05,fixed horizon 50,191,57,134,1.000938901165706,0.0,0.0,1.0,0.5,,1.0,,0.0,,0.0,0.5178268251273345
mlp,4,4,8,0.05,fixed horizon 100,191,57,134,1.000938901165706,0.0,0.0,1.0,0.5,,1.0,,0.0,,0.0,0.6243633276740238
mlp,4,4,8,0.05,fixed horizon 148,191,57,134,1.000938901165706,0.0,0.0,1.0,0.5,,1.0,,0.0,,0.0,0.6383701188455008
mlp,4,4,8,0.075,fixed horizon 50,191,57,134,1.0558821279753619,0.0,0.0,1.0,0.5,,1.0,,0.0,,0.0,0.5178268251273345
mlp,4,4,8,0.075,fixed horizon 100,191,57,134,1.2319458384752637,0.0,0.0,1.0,0.5,,1.0,,0.0,,0.0,0.6243633276740238
mlp,4,4,8,0.075,fixed horizon 148,191,57,134,1.2319458384752637,0.0,0.0,1.0,0.5,,1.0,,0.0,,0.0,0.6383701188455008
mlp,4,4,8,0.1,fixed horizon 50,191,57,134,1.0689328731726875,0.0,0.0,1.0,0.5,,1.0,,0.0,,0.0,0.5178268251273345
mlp,4,4,8,0.1,fixed horizon 100,191,57,134,1.1957902750988842,0.0,0.0,1.0,0.5,,1.0,,0.0,,0.0,0.6243633276740238
mlp,4,4,8,0.1,fixed horizon 148,191,57,134,1.1834864405792118,0.0,0.0,1.0,0.5,,1.0,,0.0,,0.0,0.6383701188455008
mlp,4,4,8,0.15,fixed horizon 50,191,57,134,1.162826349484334,0.0,0.03225806451612903,1.0,0.5161290322580645,0.92,0.9974193548387097,0.07999999999999996,0.002580645161290307,,0.02,0.5178268251273345
mlp,4,4,8,0.15,fixed horizon 100,191,57,134,1.194387950636573,0.0,0.016129032258064516,1.0,0.5080645161290323,0.9,0.9983870967741936,0.09999999999999998,0.001612903225806428,,0.01,0.6243633276740238
mlp,4,4,8,0.15,fixed horizon 148,191,57,134,1.193722158967957,0.0,0.03225806451612903,1.0,0.5161290322580645,0.6959459459459459,0.9901918047079337,0.30405405405405406,0.009808195292066335,,0.02,0.6383701188455008
mlp,4,4,8,0.2,fixed horizon 50,191,57,134,1.2693244318146533,0.02631578947368421,0.06451612903225806,0.9736842105263158,0.519100169779287,0.79,0.9864516129032258,0.20999999999999996,0.013548387096774195,0.9,0.05,0.5178268251273345
mlp,4,4,8,0.2,fixed horizon 100,191,57,134,1.1327728743469119,0.02631578947368421,0.04838709677419355,0.9736842105263158,0.5110356536502547,0.89,0.9946774193548387,0.10999999999999999,0.0053225806451613344,0.88,0.04,0.6243633276740238
mlp,4,4,8,0.2,fixed horizon 148,191,57,134,1.1238791948148934,0.02631578947368421,0.11290322580645161,0.9736842105263158,0.5432937181663837,0.8011583011583012,0.9775501307759372,0.19884169884169878,0.02244986922406278,0.5945945945945946,0.08,0.6383701188455008
mlp,4,4,8,0.3,fixed horizon 50,191,57,134,0.9985202143537971,0.5263157894736842,0.43548387096774194,0.47368421052631576,0.45458404074702885,0.41555555555555557,0.7454838709677419,0.5844444444444444,0.25451612903225806,0.425,0.47,0.5178268251273345
mlp,4,4,8,0.3,fixed horizon 100,191,57,134,1.0667509821372867,0.2894736842105263,0.3387096774193548,0.7105263157894737,0.5246179966044142,0.48333333333333334,0.825,0.5166666666666666,0.17500000000000004,0.41363636363636364,0.32,0.6243633276740238
mlp,4,4,8,0.3,fixed horizon 148,191,57,134,1.0102751551095268,0.34210526315789475,0.5,0.6578947368421053,0.5789473684210527,0.4991281604184829,0.7495640802092416,0.500871839581517,0.2504359197907584,0.38721413721413733,0.44,0.6383701188455008
mlp,4,4,9,0.01,fixed horizon 50,191,57,134,0.9999983594119101,0.0,0.0,1.0,0.5,,1.0,,0.0,,0.0,0.5178268251273345
mlp,4,4,9,0.01,fixed horizon 100,191,57,134,0.9999983594119101,0.0,0.0,1.0,0.5,,1.0,,0.0,,0.0,0.6243633276740238
mlp,4,4,9,0.01,fixed horizon 148,191,57,134,0.9999983594119101,0.0,0.0,1.0,0.5,,1.0,,0.0,,0.0,0.6383701188455008
mlp,4,4,9,0.025,fixed horizon 50,191,57,134,0.9999944706703744,0.0,0.0,1.0,0.5,,1.0,,0.0,,0.0,0.5178268251273345
mlp,4,4,9,0.025,fixed horizon 100,191,57,134,0.9999944706703744,0.0,0.0,1.0,0.5,,1.0,,0.0,,0.0,0.6243633276740238
mlp,4,4,9,0.025,fixed horizon 148,191,57,134,0.9999944706703744,0.0,0.0,1.0,0.5,,1.0,,0.0,,0.0,0.6383701188455008
mlp,4,4,9,0.05,fixed horizon 50,191,57,134,0.9999936959649195,0.0,0.0,1.0,0.5,,1.0,,0.0,,0.0,0.5178268251273345
mlp,4,4,9,0.05,fixed horizon 100,191,57,134,0.9999951767874237,0.0,0.0,1.0,0.5,,1.0,,0.0,,0.0,0.6243633276740238
mlp,4,4,9,0.05,fixed horizon 148,191,57,134,0.9999951767874237,0.0,0.0,1.0,0.5,,1.0,,0.0,,0.0,0.6383701188455008
mlp,4,4,9,0.075,fixed horizon 50,191,57,134,0.9999924817446793,0.0,0.0,1.0,0.5,,1.0,,0.0,,0.0,0.5178268251273345
mlp,4,4,9,0.075,fixed horizon 100,191,57,134,0.9999874058391501,0.0,0.0,1.0,0.5,,1.0,,0.0,,0.0,0.6243633276740238
mlp,4,4,9,0.075,fixed horizon 148,191,57,134,0.9999874058391501,0.0,0.0,1.0,0.5,,1.0,,0.0,,0.0,0.6383701188455008
mlp,4,4,9,0.1,fixed horizon 50,191,57,134,0.9999580819849027,0.0,0.0,1.0,0.5,,1.0,,0.0,,0.0,0.5178268251273345
mlp,4,4,9,0.1,fixed horizon 100,191,57,134,0.9999580819849027,0.0,0.0,1.0,0.5,,1.0,,0.0,,0.0,0.6243633276740238
mlp,4,4,9,0.1,fixed horizon 148,191,57,134,0.9999781442422508,0.0,0.0,1.0,0.5,,1.0,,0.0,,0.0,0.6383701188455008
mlp,4,4,9,0.15,fixed horizon 50,191,57,134,1.000001252734371,0.0,0.06451612903225806,1.0,0.532258064516129,0.535,0.97,0.46499999999999997,0.030000000000000027,,0.04,0.5178268251273345
mlp,4,4,9,0.15,fixed horizon 100,191,57,134,1.0001634446300143,0.0,0.06451612903225806,1.0,0.532258064516129,0.2675,0.952741935483871,0.7324999999999999,0.04725806451612902,,0.04,0.6243633276740238
mlp,4,4,9,0.15,fixed horizon 148,191,57,134,1.02027333507052,0.0,0.04838709677419355,1.0,0.5241935483870968,0.37837837837837834,0.9699215344376634,0.6216216216216217,0.03007846556233662,,0.03,0.6383701188455008
mlp,4,4,9,0.2,fixed horizon 50,191,57,134,1.1113741465372236,0.0,0.06451612903225806,1.0,0.532258064516129,0.615,0.9751612903225807,0.385,0.0248387096774193,,0.04,0.5178268251273345
mlp,4,4,9,0.2,fixed horizon 100,191,57,134,1.107866968224614,0.05263157894736842,0.14516129032258066,0.9473684210526315,0.5462648556876061,0.8199999999999998,0.9738709677419354,0.18000000000000016,0.02612903225806462,0.815,0.11,0.6243633276740238
mlp,4,4,9,0.2,fixed horizon 148,191,57,134,1.1198138696895739,0.02631578947368421,0.1774193548387097,0.9736842105263158,0.5755517826825127,0.656019656019656,0.9389712292938099,0.34398034398034405,0.06102877070619006,0.5405405405405406,0.12,0.6383701188455008
mlp,4,4,9,0.3,fixed horizon 50,191,57,134,1.0001897673481113,0.34210526315789475,0.3225806451612903,0.6578947368421053,0.4902376910016978,0.659,0.89,0.34099999999999997,0.10999999999999999,0.6138461538461539,0.33,0.5178268251273345
mlp,4,4,9,0.3,fixed horizon 100,191,57,134,1.0871768379755913,0.2631578947368421,0.3064516129032258,0.7368421052631579,0.5216468590831919,0.5036842105263158,0.8479032258064515,0.49631578947368415,0.1520967741935485,0.41500000000000004,0.29,0.6243633276740238
mlp,4,4,9,0.3,fixed horizon 148,191,57,134,1.154395586282698,0.34210526315789475,0.4032258064516129,0.6578947368421053,0.5305602716468591,0.4951351351351352,0.7964254577157802,0.5048648648648648,0.20357454228421978,0.24792099792099787,0.38,0.6383701188455008
mlp,5,5,0,0.01,fixed horizon 50,179,53,126,0.8444460547980661,0.0,0.0,1.0,0.5,,1.0,,0.0,,0.0,0.4457831325301205
mlp,5,5,0,0.01,fixed horizon 100,179,53,126,0.8444460547980661,0.0,0.0,1.0,0.5,,1.0,,0.0,,0.0,0.3784549964564139
mlp,5,5,0,0.01,fixed horizon 148,179,53,126,0.8444460547980661,0.0,0.0,1.0,0.5,,1.0,,0.0,,0.0,0.4131821403260099
mlp,5,5,0,0.025,fixed horizon 50,179,53,126,0.8444226386626029,0.0,0.0,1.0,0.5,,1.0,,0.0,,0.0,0.4457831325301205
mlp,5,5,0,0.025,fixed horizon 100,179,53,126,0.8444226386626029,0.0,0.0,1.0,0.5,,1.0,,0.0,,0.0,0.3784549964564139
mlp,5,5,0,0.025,fixed horizon 148,179,53,126,0.8444226386626029,0.0,0.0,1.0,0.5,,1.0,,0.0,,0.0,0.4131821403260099
mlp,5,5,0,0.05,fixed horizon 50,179,53,126,0.8542494515385679,0.0,0.0,1.0,0.5,,1.0,,0.0,,0.0,0.4457831325301205
mlp,5,5,0,0.05,fixed horizon 100,179,53,126,0.8542494515385679,0.0,0.0,1.0,0.5,,1.0,,0.0,,0.0,0.3784549964564139
mlp,5,5,0,0.05,fixed horizon 148,179,53,126,0.8542494515385679,0.0,0.0,1.0,0.5,,1.0,,0.0,,0.0,0.4131821403260099
mlp,5,5,0,0.075,fixed horizon 50,179,53,126,0.8556551394299934,0.0,0.0,1.0,0.5,,1.0,,0.0,,0.0,0.4457831325301205
mlp,5,5,0,0.075,fixed horizon 100,179,53,126,0.8538667889291407,0.0,0.0,1.0,0.5,,1.0,,0.0,,0.0,0.3784549964564139
mlp,5,5,0,0.075,fixed horizon 148,179,53,126,0.8560630272825105,0.0,0.0,1.0,0.5,,1.0,,0.0,,0.0,0.4131821403260099
mlp,5,5,0,0.1,fixed horizon 50,179,53,126,0.8554431705444299,0.0,0.0,1.0,0.5,,1.0,,0.0,,0.0,0.4457831325301205
mlp,5,5,0,0.1,fixed horizon 100,179,53,126,0.8558602874167949,0.0,0.0,1.0,0.5,,1.0,,0.0,,0.0,0.3784549964564139
mlp,5,5,0,0.1,fixed horizon 148,179,53,126,0.856049641777267,0.0,0.0,1.0,0.5,,1.0,,0.0,,0.0,0.4131821403260099
mlp,5,5,0,0.15,fixed horizon 50,179,53,126,0.8945677852367467,0.0,0.0,1.0,0.5,,1.0,,0.0,,0.0,0.4457831325301205
mlp,5,5,0,0.15,fixed horizon 100,179,53,126,0.8945677852367467,0.0,0.0,1.0,0.5,,1.0,,0.0,,0.0,0.3784549964564139
mlp,5,5,0,0.15,fixed horizon 148,179,53,126,0.9360461019837338,0.0,0.0,1.0,0.5,,1.0,,0.0,,0.0,0.4131821403260099
mlp,5,5,0,0.2,fixed horizon 50,179,53,126,0.9067564352161707,0.0,0.0,1.0,0.5,,1.0,,0.0,,0.0,0.4457831325301205
mlp,5,5,0,0.2,fixed horizon 100,179,53,126,0.9611060125658749,0.0,0.0,1.0,0.5,,1.0,,0.0,,0.0,0.3784549964564139
mlp,5,5,0,0.2,fixed horizon 148,179,53,126,0.9560586879219048,0.0,0.0,1.0,0.5,,1.0,,0.0,,0.0,0.4131821403260099
mlp,5,5,0,0.3,fixed horizon 50,179,53,126,0.9172153714387626,0.0,0.0,1.0,0.5,,1.0,,0.0,,0.0,0.4457831325301205
mlp,5,5,0,0.3,fixed horizon 100,179,53,126,0.8924417918445051,0.0,0.0,1.0,0.5,,1.0,,0.0,,0.0,0.3784549964564139
mlp,5,5,0,0.3,fixed horizon 148,179,53,126,0.8798410731359707,0.0,0.0,1.0,0.5,,1.0,,0.0,,0.0,0.4131821403260099
mlp,5,5,1,0.01,fixed horizon 50,179,53,126,0.7911916500535121,0.0,0.0,1.0,0.5,,1.0,,0.0,,0.0,0.4457831325301205
mlp,5,5,1,0.01,fixed horizon 100,179,53,126,0.7952168220448578,0.0,0.0,1.0,0.5,,1.0,,0.0,,0.0,0.3784549964564139
mlp,5,5,1,0.01,fixed horizon 148,179,53,126,0.8258433377788661,0.0,0.0,1.0,0.5,,1.0,,0.0,,0.0,0.4131821403260099
mlp,5,5,1,0.025,fixed horizon 50,179,53,126,0.791180688238254,0.0,0.0,1.0,0.5,,1.0,,0.0,,0.0,0.4457831325301205
mlp,5,5,1,0.025,fixed horizon 100,179,53,126,0.7949227730697845,0.0,0.0,1.0,0.5,,1.0,,0.0,,0.0,0.3784549964564139
mlp,5,5,1,0.025,fixed horizon 148,179,53,126,0.82563570575205,0.0,0.0,1.0,0.5,,1.0,,0.0,,0.0,0.4131821403260099
mlp,5,5,1,0.05,fixed horizon 50,179,53,126,0.8068744410845328,0.0,0.0,1.0,0.5,,1.0,,0.0,,0.0,0.4457831325301205
mlp,5,5,1,0.05,fixed horizon 100,179,53,126,0.8094851148388166,0.0,0.0,1.0,0.5,,1.0,,0.0,,0.0,0.3784549964564139
mlp,5,5,1,0.05,fixed horizon 148,179,53,126,0.8493905403229243,0.0,0.0,1.0,0.5,,1.0,,0.0,,0.0,0.4131821403260099
mlp,5,5,1,0.075,fixed horizon 50,179,53,126,0.8155793290889567,0.0,0.0,1.0,0.5,,1.0,,0.0,,0.0,0.4457831325301205
mlp,5,5,1,0.075,fixed horizon 100,179,53,126,0.8241292146477546,0.0,0.0,1.0,0.5,,1.0,,0.0,,0.0,0.3784549964564139
mlp,5,5,1,0.075,fixed horizon 148,179,53,126,0.8678965146428483,0.0,0.0,1.0,0.5,,1.0,,0.0,,0.0,0.4131821403260099
mlp,5,5,1,0.1,fixed horizon 50,179,53,126,0.8272031559318904,0.0,0.0,1.0,0.5,,1.0,,0.0,,0.0,0.4457831325301205
mlp,5,5,1,0.1,fixed horizon 100,179,53,126,0.8339263587794725,0.0,0.0,1.0,0.5,,1.0,,0.0,,0.0,0.3784549964564139
mlp,5,5,1,0.1,fixed horizon 148,179,53,126,0.8932606853439715,0.0,0.0,1.0,0.5,,1.0,,0.0,,0.0,0.4131821403260099
mlp,5,5,1,0.15,fixed horizon 50,179,53,126,0.8610262158015797,0.0,0.0,1.0,0.5,,1.0,,0.0,,0.0,0.4457831325301205
mlp,5,5,1,0.15,fixed horizon 100,179,53,126,0.8814902428780822,0.0,0.0,1.0,0.5,,1.0,,0.0,,0.0,0.3784549964564139
mlp,5,5,1,0.15,fixed horizon 148,179,53,126,0.9116159098859481,0.0,0.0,1.0,0.5,,1.0,,0.0,,0.0,0.4131821403260099
mlp,5,5,1,0.2,fixed horizon 50,179,53,126,0.8776562092702573,0.0,0.0,1.0,0.5,,1.0,,0.0,,0.0,0.4457831325301205
mlp,5,5,1,0.2,fixed horizon 100,179,53,126,0.9170826734191351,0.0,0.0,1.0,0.5,,1.0,,0.0,,0.0,0.3784549964564139
mlp,5,5,1,0.2,fixed horizon 148,179,53,126,0.8942084427143026,0.0,0.0,1.0,0.5,,1.0,,0.0,,0.0,0.4131821403260099
mlp,5,5,1,0.3,fixed horizon 50,179,53,126,0.9006756765037771,0.0,0.0,1.0,0.5,,1.0,,0.0,,0.0,0.4457831325301205
mlp,5,5,1,0.3,fixed horizon 100,179,53,126,0.9078799661642862,0.0,0.0,1.0,0.5,,1.0,,0.0,,0.0,0.3784549964564139
mlp,5,5,1,0.3,fixed horizon 148,179,53,126,0.8526647433238994,0.0,0.0,1.0,0.5,,1.0,,0.0,,0.0,0.4131821403260099
mlp,5,5,2,0.01,fixed horizon 50,179,53,126,1.0000306752800623,0.0,0.0,1.0,0.5,,1.0,,0.0,,0.0,0.4457831325301205
mlp,5,5,2,0.01,fixed horizon 100,179,53,126,1.0000307447210364,0.0,0.0,1.0,0.5,,1.0,,0.0,,0.0,0.3784549964564139
mlp,5,5,2,0.01,fixed horizon 148,179,53,126,1.0003335181476403,0.0,0.0,1.0,0.5,,1.0,,0.0,,0.0,0.4131821403260099
mlp,5,5,2,0.025,fixed horizon 50,179,53,126,1.0000091331100773,0.0,0.0,1.0,0.5,,1.0,,0.0,,0.0,0.4457831325301205
mlp,5,5,2,0.025,fixed horizon 100,179,53,126,1.0000104642624414,0.0,0.0,1.0,0.5,,1.0,,0.0,,0.0,0.3784549964564139
mlp,5,5,2,0.025,fixed horizon 148,179,53,126,1.000035754075009,0.0,0.0,1.0,0.5,,1.0,,0.0,,0.0,0.4131821403260099
mlp,5,5,2,0.05,fixed horizon 50,179,53,126,0.9999828539888405,0.0,0.0,1.0,0.5,,1.0,,0.0,,0.0,0.4457831325301205
mlp,5,5,2,0.05,fixed horizon 100,179,53,126,0.9999948114333248,0.0,0.0,1.0,0.5,,1.0,,0.0,,0.0,0.3784549964564139
mlp,5,5,2,0.05,fixed horizon 148,179,53,126,1.0008989676987763,0.0,0.0,1.0,0.5,,1.0,,0.0,,0.0,0.4131821403260099
mlp,5,5,2,0.075,fixed horizon 50,179,53,126,0.9997438346709788,0.0,0.0,1.0,0.5,,1.0,,0.0,,0.0,0.4457831325301205
mlp,5,5,2,0.075,fixed horizon 100,179,53,126,1.0000091173846373,0.0,0.0,1.0,0.5,,1.0,,0.0,,0.0,0.3784549964564139
mlp,5,5,2,0.075,fixed horizon 148,179,53,126,1.0034963976749427,0.0,0.0,1.0,0.5,,1.0,,0.0,,0.0,0.4131821403260099
mlp,5,5,2,0.1,fixed horizon 50,179,53,126,1.0000491593032153,0.0,0.0,1.0,0.5,,1.0,,0.0,,0.0,0.4457831325301205
mlp,5,5,2,0.1,fixed horizon 100,179,53,126,0.999962526163336,0.0,0.0,1.0,0.5,,1.0,,0.0,,0.0,0.3784549964564139
mlp,5,5,2,0.1,fixed horizon 148,179,53,126,1.002584893674342,0.0,0.0,1.0,0.5,,1.0,,0.0,,0.0,0.4131821403260099
mlp,5,5,2,0.15,fixed horizon 50,179,53,126,0.9993243229221492,0.0,0.0,1.0,0.5,,1.0,,0.0,,0.0,0.4457831325301205
mlp,5,5,2,0.15,fixed horizon 100,179,53,126,0.9996196733864192,0.0,0.0,1.0,0.5,,1.0,,0.0,,0.0,0.3784549964564139
mlp,5,5,2,0.15,fixed horizon 148,179,53,126,1.0007217666822372,0.0,0.0,1.0,0.5,,1.0,,0.0,,0.0,0.4131821403260099
mlp,5,5,2,0.2,fixed horizon 50,179,53,126,0.9949821083740664,0.0,0.0,1.0,0.5,,1.0,,0.0,,0.0,0.4457831325301205
mlp,5,5,2,0.2,fixed horizon 100,179,53,126,0.9982640951348486,0.0,0.0,1.0,0.5,,1.0,,0.0,,0.0,0.3784549964564139
mlp,5,5,2,0.2,fixed horizon 148,179,53,126,0.9988692612067552,0.0,0.0,1.0,0.5,,1.0,,0.0,,0.0,0.4131821403260099
mlp,5,5,2,0.3,fixed horizon 50,179,53,126,1.010130715072252,0.0,0.0,1.0,0.5,,1.0,,0.0,,0.0,0.4457831325301205
mlp,5,5,2,0.3,fixed horizon 100,179,53,126,0.9866648608146875,0.012048192771084338,0.0,0.9879518072289156,0.4939759036144578,,1.0,,0.0,0.23,0.01,0.3784549964564139
mlp,5,5,2,0.3,fixed horizon 148,179,53,126,1.0005367402201786,0.0,0.0,1.0,0.5,,1.0,,0.0,,0.0,0.4131821403260099
mlp,5,5,3,0.01,fixed horizon 50,179,53,126,0.65608678649067,0.0,0.0,1.0,0.5,,1.0,,0.0,,0.0,0.4457831325301205
mlp,5,5,3,0.01,fixed horizon 100,179,53,126,0.65608678649067,0.0,0.0,1.0,0.5,,1.0,,0.0,,0.0,0.3784549964564139
mlp,5,5,3,0.01,fixed horizon 148,179,53,126,0.65608678649067,0.0,0.0,1.0,0.5,,1.0,,0.0,,0.0,0.4131821403260099
mlp,5,5,3,0.025,fixed horizon 50,179,53,126,0.6560852222560251,0.0,0.0,1.0,0.5,,1.0,,0.0,,0.0,0.4457831325301205
mlp,5,5,3,0.025,fixed horizon 100,179,53,126,0.6560852222560251,0.0,0.0,1.0,0.5,,1.0,,0.0,,0.0,0.3784549964564139
mlp,5,5,3,0.025,fixed horizon 148,179,53,126,0.6560852222560251,0.0,0.0,1.0,0.5,,1.0,,0.0,,0.0,0.4131821403260099
mlp,5,5,3,0.05,fixed horizon 50,179,53,126,0.668251663799413,0.0,0.0,1.0,0.5,,1.0,,0.0,,0.0,0.4457831325301205
mlp,5,5,3,0.05,fixed horizon 100,179,53,126,0.668251663799413,0.0,0.0,1.0,0.5,,1.0,,0.0,,0.0,0.3784549964564139
mlp,5,5,3,0.05,fixed horizon 148,179,53,126,0.6795394702126267,0.0,0.0,1.0,0.5,,1.0,,0.0,,0.0,0.4131821403260099
mlp,5,5,3,0.075,fixed horizon 50,179,53,126,0.6890566118174795,0.0,0.0,1.0,0.5,,1.0,,0.0,,0.0,0.4457831325301205
mlp,5,5,3,0.075,fixed horizon 100,179,53,126,0.6844982100070387,0.0,0.0,1.0,0.5,,1.0,,0.0,,0.0,0.3784549964564139
mlp,5,5,3,0.075,fixed horizon 148,179,53,126,0.6866005007938046,0.0,0.0,1.0,0.5,,1.0,,0.0,,0.0,0.4131821403260099
mlp,5,5,3,0.1,fixed horizon 50,179,53,126,0.7045544344941351,0.0,0.0,1.0,0.5,,1.0,,0.0,,0.0,0.4457831325301205
mlp,5,5,3,0.1,fixed horizon 100,179,53,126,0.6839496971732615,0.0,0.0,1.0,0.5,,1.0,,0.0,,0.0,0.3784549964564139
mlp,5,5,3,0.1,fixed horizon 148,179,53,126,0.6907586262144629,0.0,0.0,1.0,0.5,,1.0,,0.0,,0.0,0.4131821403260099
mlp,5,5,3,0.15,fixed horizon 50,179,53,126,0.7103983263939756,0.0,0.0,1.0,0.5,,1.0,,0.0,,0.0,0.4457831325301205
mlp,5,5,3,0.15,fixed horizon 100,179,53,126,0.7310940556291712,0.0,0.0,1.0,0.5,,1.0,,0.0,,0.0,0.3784549964564139
mlp,5,5,3,0.15,fixed horizon 148,179,53,126,0.735003295915243,0.0,0.0,1.0,0.5,,1.0,,0.0,,0.0,0.4131821403260099
mlp,5,5,3,0.2,fixed horizon 50,179,53,126,0.7177443312641745,0.0,0.0,1.0,0.5,,1.0,,0.0,,0.0,0.4457831325301205
mlp,5,5,3,0.2,fixed horizon 100,179,53,126,0.7265662099229995,0.0,0.0,1.0,0.5,,1.0,,0.0,,0.0,0.3784549964564139
mlp,5,5,3,0.2,fixed horizon 148,179,53,126,0.7700553478106528,0.0,0.0,1.0,0.5,,1.0,,0.0,,0.0,0.4131821403260099
mlp,5,5,3,0.3,fixed horizon 50,179,53,126,0.9122836137517244,0.0,0.0,1.0,0.5,,1.0,,0.0,,0.0,0.4457831325301205
mlp,5,5,3,0.3,fixed horizon 100,179,53,126,0.8240106395787311,0.0,0.0,1.0,0.5,,1.0,,0.0,,0.0,0.3784549964564139
mlp,5,5,3,0.3,fixed horizon 148,179,53,126,0.9132049246462663,0.0,0.0,1.0,0.5,,1.0,,0.0,,0.0,0.4131821403260099
mlp,5,5,4,0.01,fixed horizon 50,179,53,126,0.8126135594360857,0.0,0.0,1.0,0.5,,1.0,,0.0,,0.0,0.4457831325301205
mlp,5,5,4,0.01,fixed horizon 100,179,53,126,0.8126135594360857,0.0,0.0,1.0,0.5,,1.0,,0.0,,0.0,0.3784549964564139
mlp,5,5,4,0.01,fixed horizon 148,179,53,126,0.8126135594360857,0.0,0.0,1.0,0.5,,1.0,,0.0,,0.0,0.4131821403260099
mlp,5,5,4,0.025,fixed horizon 50,179,53,126,0.812585610321107,0.0,0.0,1.0,0.5,,1.0,,0.0,,0.0,0.4457831325301205
mlp,5,5,4,0.025,fixed horizon 100,179,53,126,0.812585610321107,0.0,0.0,1.0,0.5,,1.0,,0.0,,0.0,0.3784549964564139
mlp,5,5,4,0.025,fixed horizon 148,179,53,126,0.812585610321107,0.0,0.0,1.0,0.5,,1.0,,0.0,,0.0,0.4131821403260099
mlp,5,5,4,0.05,fixed horizon 50,179,53,126,0.812435612055794,0.0,0.0,1.0,0.5,,1.0,,0.0,,0.0,0.4457831325301205
mlp,5,5,4,0.05,fixed horizon 100,179,53,126,0.8203413298368796,0.0,0.0,1.0,0.5,,1.0,,0.0,,0.0,0.3784549964564139
mlp,5,5,4,0.05,fixed horizon 148,179,53,126,0.812435612055794,0.0,0.0,1.0,0.5,,1.0,,0.0,,0.0,0.4131821403260099
mlp,5,5,4,0.075,fixed horizon 50,179,53,126,0.8237605440848542,0.0,0.0,1.0,0.5,,1.0,,0.0,,0.0,0.4457831325301205
mlp,5,5,4,0.075,fixed horizon 100,179,53,126,0.8237605440848542,0.0,0.0,1.0,0.5,,1.0,,0.0,,0.0,0.3784549964564139
mlp,5,5,4,0.075,fixed horizon 148,179,53,126,0.8237605440848542,0.0,0.0,1.0,0.5,,1.0,,0.0,,0.0,0.4131821403260099
mlp,5,5,4,0.1,fixed horizon 50,179,53,126,0.8339776737046241,0.0,0.0,1.0,0.5,,1.0,,0.0,,0.0,0.4457831325301205
mlp,5,5,4,0.1,fixed horizon 100,179,53,126,0.8386563464087923,0.0,0.0,1.0,0.5,,1.0,,0.0,,0.0,0.3784549964564139
mlp,5,5,4,0.1,fixed horizon 148,179,53,126,0.8244437198709715,0.0,0.0,1.0,0.5,,1.0,,0.0,,0.0,0.4131821403260099
mlp,5,5,4,0.15,fixed horizon 50,179,53,126,0.875009910533081,0.0,0.0,1.0,0.5,,1.0,,0.0,,0.0,0.4457831325301205
mlp,5,5,4,0.15,fixed horizon 100,179,53,126,0.8514313626880348,0.0,0.0,1.0,0.5,,1.0,,0.0,,0.0,0.3784549964564139
mlp,5,5,4,0.15,fixed horizon 148,179,53,126,0.8579349840115513,0.0,0.0,1.0,0.5,,1.0,,0.0,,0.0,0.4131821403260099
mlp,5,5,4,0.2,fixed horizon 50,179,53,126,0.895509056982072,0.0,0.0,1.0,0.5,,1.0,,0.0,,0.0,0.4457831325301205
mlp,5,5,4,0.2,fixed horizon 100,179,53,126,0.8591945788119523,0.0,0.0,1.0,0.5,,1.0,,0.0,,0.0,0.3784549964564139
mlp,5,5,4,0.2,fixed horizon 148,179,53,126,0.8608701815615812,0.0,0.0,1.0,0.5,,1.0,,0.0,,0.0,0.4131821403260099
mlp,5,5,4,0.3,fixed horizon 50,179,53,126,0.8956381506345722,0.0,0.0,1.0,0.5,,1.0,,0.0,,0.0,0.4457831325301205
mlp,5,5,4,0.3,fixed horizon 100,179,53,126,0.8774315217561774,0.0,0.0,1.0,0.5,,1.0,,0.0,,0.0,0.3784549964564139
mlp,5,5,4,0.3,fixed horizon 148,179,53,126,0.828814115639395,0.0,0.058823529411764705,1.0,0.5294117647058824,0.9121621621621622,0.9948330683624801,0.08783783783783783,0.0051669316375199115,,0.01,0.4131821403260099
mlp,5,5,5,0.01,fixed horizon 50,179,53,126,0.7533109544914715,0.0,0.0,1.0,0.5,,1.0,,0.0,,0.0,0.4457831325301205
mlp,5,5,5,0.01,fixed horizon 100,179,53,126,0.7533109544914715,0.0,0.0,1.0,0.5,,1.0,,0.0,,0.0,0.3784549964564139
mlp,5,5,5,0.01,fixed horizon 148,179,53,126,0.7533109544914715,0.0,0.0,1.0,0.5,,1.0,,0.0,,0.0,0.4131821403260099
mlp,5,5,5,0.025,fixed horizon 50,179,53,126,0.753300977105533,0.0,0.0,1.0,0.5,,1.0,,0.0,,0.0,0.4457831325301205
mlp,5,5,5,0.025,fixed horizon 100,179,53,126,0.753300977105533,0.0,0.0,1.0,0.5,,1.0,,0.0,,0.0,0.3784549964564139
mlp,5,5,5,0.025,fixed horizon 148,179,53,126,0.753300977105533,0.0,0.0,1.0,0.5,,1.0,,0.0,,0.0,0.4131821403260099
mlp,5,5,5,0.05,fixed horizon 50,179,53,126,0.7772608443004385,0.0,0.0,1.0,0.5,,1.0,,0.0,,0.0,0.4457831325301205
mlp,5,5,5,0.05,fixed horizon 100,179,53,126,0.7772608443004385,0.0,0.0,1.0,0.5,,1.0,,0.0,,0.0,0.3784549964564139
mlp,5,5,5,0.05,fixed horizon 148,179,53,126,0.7696475340076799,0.0,0.0,1.0,0.5,,1.0,,0.0,,0.0,0.4131821403260099
mlp,5,5,5,0.075,fixed horizon 50,179,53,126,0.7914669189240588,0.0,0.0,1.0,0.5,,1.0,,0.0,,0.0,0.4457831325301205
mlp,5,5,5,0.075,fixed horizon 100,179,53,126,0.7914669189240588,0.0,0.0,1.0,0.5,,1.0,,0.0,,0.0,0.3784549964564139
mlp,5,5,5,0.075,fixed horizon 148,179,53,126,0.8333790555616609,0.0,0.0,1.0,0.5,,1.0,,0.0,,0.0,0.4131821403260099
mlp,5,5,5,0.1,fixed horizon 50,179,53,126,0.8364103819980365,0.0,0.0,1.0,0.5,,1.0,,0.0,,0.0,0.4457831325301205
mlp,5,5,5,0.1,fixed horizon 100,179,53,126,0.8537742119683731,0.0,0.0,1.0,0.5,,1.0,,0.0,,0.0,0.3784549964564139
mlp,5,5,5,0.1,fixed horizon 148,179,53,126,0.8393693268442942,0.0,0.0,1.0,0.5,,1.0,,0.0,,0.0,0.4131821403260099
mlp,5,5,5,0.15,fixed horizon 50,179,53,126,0.8778364122792361,0.0,0.0,1.0,0.5,,1.0,,0.0,,0.0,0.4457831325301205
mlp,5,5,5,0.15,fixed horizon 100,179,53,126,0.9069962341462001,0.0,0.0,1.0,0.5,,1.0,,0.0,,0.0,0.3784549964564139
mlp,5,5,5,0.15,fixed horizon 148,179,53,126,0.9471442069006777,0.0,0.0,1.0,0.5,,1.0,,0.0,,0.0,0.4131821403260099
mlp,5,5,5,0.2,fixed horizon 50,179,53,126,0.9160765926093274,0.0,0.0,1.0,0.5,,1.0,,0.0,,0.0,0.4457831325301205
mlp,5,5,5,0.2,fixed horizon 100,179,53,126,0.9938210910348686,0.0,0.0,1.0,0.5,,1.0,,0.0,,0.0,0.3784549964564139
mlp,5,5,5,0.2,fixed horizon 148,179,53,126,0.9943602089151543,0.0,0.0,1.0,0.5,,1.0,,0.0,,0.0,0.4131821403260099
mlp,5,5,5,0.3,fixed horizon 50,179,53,126,0.9059761706174155,0.0,0.0,1.0,0.5,,1.0,,0.0,,0.0,0.4457831325301205
mlp,5,5,5,0.3,fixed horizon 100,179,53,126,0.9048453857068333,0.0,0.0,1.0,0.5,,1.0,,0.0,,0.0,0.3784549964564139
mlp,5,5,5,0.3,fixed horizon 148,179,53,126,0.9166373812745219,0.0,0.0,1.0,0.5,,1.0,,0.0,,0.0,0.4131821403260099
mlp,5,5,6,0.01,fixed horizon 50,179,53,126,0.7303555696349685,0.0,0.0,1.0,0.5,,1.0,,0.0,,0.0,0.4457831325301205
mlp,5,5,6,0.01,fixed horizon 100,179,53,126,0.7303555696349685,0.0,0.0,1.0,0.5,,1.0,,0.0,,0.0,0.3784549964564139
mlp,5,5,6,0.01,fixed horizon 148,179,53,126,0.7679441167043427,0.0,0.0,1.0,0.5,,1.0,,0.0,,0.0,0.4131821403260099
mlp,5,5,6,0.025,fixed horizon 50,179,53,126,0.7303338850772217,0.0,0.0,1.0,0.5,,1.0,,0.0,,0.0,0.4457831325301205
mlp,5,5,6,0.025,fixed horizon 100,179,53,126,0.7303338850772217,0.0,0.0,1.0,0.5,,1.0,,0.0,,0.0,0.3784549964564139
mlp,5,5,6,0.025,fixed horizon 148,179,53,126,0.7677675953250561,0.0,0.0,1.0,0.5,,1.0,,0.0,,0.0,0.4131821403260099
mlp,5,5,6,0.05,fixed horizon 50,179,53,126,0.7320988995749488,0.0,0.0,1.0,0.5,,1.0,,0.0,,0.0,0.4457831325301205
mlp,5,5,6,0.05,fixed horizon 100,179,53,126,0.733643110516994,0.0,0.0,1.0,0.5,,1.0,,0.0,,0.0,0.3784549964564139
mlp,5,5,6,0.05,fixed horizon 148,179,53,126,0.7679179649776234,0.0,0.0,1.0,0.5,,1.0,,0.0,,0.0,0.4131821403260099
mlp,5,5,6,0.075,fixed horizon 50,179,53,126,0.7389404695165832,0.0,0.0,1.0,0.5,,1.0,,0.0,,0.0,0.4457831325301205
mlp,5,5,6,0.075,fixed horizon 100,179,53,126,0.7492873051944688,0.0,0.0,1.0,0.5,,1.0,,0.0,,0.0,0.3784549964564139
mlp,5,5,6,0.075,fixed horizon 148,179,53,126,0.8044784915163441,0.0,0.0,1.0,0.5,,1.0,,0.0,,0.0,0.4131821403260099
mlp,5,5,6,0.1,fixed horizon 50,179,53,126,0.7625973601761133,0.0,0.0,1.0,0.5,,1.0,,0.0,,0.0,0.4457831325301205
mlp,5,5,6,0.1,fixed horizon 100,179,53,126,0.748937532469706,0.0,0.0,1.0,0.5,,1.0,,0.0,,0.0,0.3784549964564139
mlp,5,5,6,0.1,fixed horizon 148,179,53,126,0.8176322704188682,0.0,0.0,1.0,0.5,,1.0,,0.0,,0.0,0.4131821403260099
mlp,5,5,6,0.15,fixed horizon 50,179,53,126,0.7812709536934301,0.0,0.0,1.0,0.5,,1.0,,0.0,,0.0,0.4457831325301205
mlp,5,5,6,0.15,fixed horizon 100,179,53,126,0.7651944413990048,0.0,0.0,1.0,0.5,,1.0,,0.0,,0.0,0.3784549964564139
mlp,5,5,6,0.15,fixed horizon 148,179,53,126,0.8339115400826411,0.0,0.0,1.0,0.5,,1.0,,0.0,,0.0,0.4131821403260099
mlp,5,5,6,0.2,fixed horizon 50,179,53,126,0.784455083071266,0.0,0.0,1.0,0.5,,1.0,,0.0,,0.0,0.4457831325301205
mlp,5,5,6,0.2,fixed horizon 100,179,53,126,0.7979174325976675,0.0,0.0,1.0,0.5,,1.0,,0.0,,0.0,0.3784549964564139
mlp,5,5,6,0.2,fixed horizon 148,179,53,126,0.8142709278573418,0.0,0.0,1.0,0.5,,1.0,,0.0,,0.0,0.4131821403260099
mlp,5,5,6,0.3,fixed horizon 50,179,53,126,0.8516587378703813,0.012048192771084338,0.0,0.9879518072289156,0.4939759036144578,,1.0,,0.0,0.9,0.01,0.4457831325301205
mlp,5,5,6,0.3,fixed horizon 100,179,53,126,0.8086234092044572,0.0,0.0,1.0,0.5,,1.0,,0.0,,0.0,0.3784549964564139
mlp,5,5,6,0.3,fixed horizon 148,179,53,126,0.7802495043629618,0.012048192771084338,0.058823529411764705,0.9879518072289156,0.5233876683203401,0.7567567567567568,0.9856915739268681,0.2432432432432432,0.014308426073131875,0.972972972972973,0.02,0.4131821403260099
mlp,5,5,7,0.01,fixed horizon 50,179,53,126,0.9208399722435863,0.0,0.0,1.0,0.5,,1.0,,0.0,,0.0,0.4457831325301205
mlp,5,5,7,0.01,fixed horizon 100,179,53,126,0.9208399722435863,0.0,0.0,1.0,0.5,,1.0,,0.0,,0.0,0.3784549964564139
mlp,5,5,7,0.01,fixed horizon 148,179,53,126,0.937985356365233,0.0,0.0,1.0,0.5,,1.0,,0.0,,0.0,0.4131821403260099
mlp,5,5,7,0.025,fixed horizon 50,179,53,126,0.9208360349879161,0.0,0.0,1.0,0.5,,1.0,,0.0,,0.0,0.4457831325301205
mlp,5,5,7,0.025,fixed horizon 100,179,53,126,0.9208360349879161,0.0,0.0,1.0,0.5,,1.0,,0.0,,0.0,0.3784549964564139
mlp,5,5,7,0.025,fixed horizon 148,179,53,126,0.9377402280039185,0.0,0.0,1.0,0.5,,1.0,,0.0,,0.0,0.4131821403260099
mlp,5,5,7,0.05,fixed horizon 50,179,53,126,0.932442612768065,0.0,0.0,1.0,0.5,,1.0,,0.0,,0.0,0.4457831325301205
mlp,5,5,7,0.05,fixed horizon 100,179,53,126,0.932442612768065,0.0,0.0,1.0,0.5,,1.0,,0.0,,0.0,0.3784549964564139
mlp,5,5,7,0.05,fixed horizon 148,179,53,126,0.9520604412519189,0.0,0.0,1.0,0.5,,1.0,,0.0,,0.0,0.4131821403260099
mlp,5,5,7,0.075,fixed horizon 50,179,53,126,0.9511525570875837,0.0,0.0,1.0,0.5,,1.0,,0.0,,0.0,0.4457831325301205
mlp,5,5,7,0.075,fixed horizon 100,179,53,126,0.9321714522923639,0.0,0.0,1.0,0.5,,1.0,,0.0,,0.0,0.3784549964564139
mlp,5,5,7,0.075,fixed horizon 148,179,53,126,0.9670216590789331,0.0,0.0,1.0,0.5,,1.0,,0.0,,0.0,0.4131821403260099
mlp,5,5,7,0.1,fixed horizon 50,179,53,126,0.9513103551155582,0.0,0.0,1.0,0.5,,1.0,,0.0,,0.0,0.4457831325301205
mlp,5,5,7,0.1,fixed horizon 100,179,53,126,0.9319998901774627,0.0,0.0,1.0,0.5,,1.0,,0.0,,0.0,0.3784549964564139
mlp,5,5,7,0.1,fixed horizon 148,179,53,126,0.9839755143895894,0.0,0.0,1.0,0.5,,1.0,,0.0,,0.0,0.4131821403260099
mlp,5,5,7,0.15,fixed horizon 50,179,53,126,0.9711107835514545,0.0,0.0,1.0,0.5,,1.0,,0.0,,0.0,0.4457831325301205
mlp,5,5,7,0.15,fixed horizon 100,179,53,126,0.9940464501290447,0.0,0.0,1.0,0.5,,1.0,,0.0,,0.0,0.3784549964564139
mlp,5,5,7,0.15,fixed horizon 148,179,53,126,0.9799061095541372,0.0,0.0,1.0,0.5,,1.0,,0.0,,0.0,0.4131821403260099
mlp,5,5,7,0.2,fixed horizon 50,179,53,126,0.991593877974678,0.0,0.0,1.0,0.5,,1.0,,0.0,,0.0,0.4457831325301205
mlp,5,5,7,0.2,fixed horizon 100,179,53,126,0.9901371401741575,0.0,0.0,1.0,0.5,,1.0,,0.0,,0.0,0.3784549964564139
mlp,5,5,7,0.2,fixed horizon 148,179,53,126,0.9626394377931226,0.0,0.0,1.0,0.5,,1.0,,0.0,,0.0,0.4131821403260099
mlp,5,5,7,0.3,fixed horizon 50,179,53,126,0.952819394640759,0.0,0.0,1.0,0.5,,1.0,,0.0,,0.0,0.4457831325301205
mlp,5,5,7,0.3,fixed horizon 100,179,53,126,0.9371665800808939,0.0,0.0,1.0,0.5,,1.0,,0.0,,0.0,0.3784549964564139
mlp,5,5,7,0.3,fixed horizon 148,179,53,126,0.9275061291737245,0.0,0.0,1.0,0.5,,1.0,,0.0,,0.0,0.4131821403260099
mlp,5,5,8,0.01,fixed horizon 50,179,53,126,0.5938683181429509,0.0,0.0,1.0,0.5,,1.0,,0.0,,0.0,0.4457831325301205
mlp,5,5,8,0.01,fixed horizon 100,179,53,126,0.5938683181429509,0.0,0.0,1.0,0.5,,1.0,,0.0,,0.0,0.3784549964564139
mlp,5,5,8,0.01,fixed horizon 148,179,53,126,0.607659721343423,0.0,0.0,1.0,0.5,,1.0,,0.0,,0.0,0.4131821403260099
mlp,5,5,8,0.025,fixed horizon 50,179,53,126,0.5938481219841983,0.0,0.0,1.0,0.5,,1.0,,0.0,,0.0,0.4457831325301205
mlp,5,5,8,0.025,fixed horizon 100,179,53,126,0.5938481219841983,0.0,0.0,1.0,0.5,,1.0,,0.0,,0.0,0.3784549964564139
mlp,5,5,8,0.025,fixed horizon 148,179,53,126,0.607589557988161,0.0,0.0,1.0,0.5,,1.0,,0.0,,0.0,0.4131821403260099
mlp,5,5,8,0.05,fixed horizon 50,179,53,126,0.5953502595656331,0.0,0.0,1.0,0.5,,1.0,,0.0,,0.0,0.4457831325301205
mlp,5,5,8,0.05,fixed horizon 100,179,53,126,0.5953502595656331,0.0,0.0,1.0,0.5,,1.0,,0.0,,0.0,0.3784549964564139
mlp,5,5,8,0.05,fixed horizon 148,179,53,126,0.621591420278597,0.0,0.0,1.0,0.5,,1.0,,0.0,,0.0,0.4131821403260099
mlp,5,5,8,0.075,fixed horizon 50,179,53,126,0.6100881370982889,0.0,0.0,1.0,0.5,,1.0,,0.0,,0.0,0.4457831325301205
mlp,5,5,8,0.075,fixed horizon 100,179,53,126,0.607307661827557,0.0,0.0,1.0,0.5,,1.0,,0.0,,0.0,0.3784549964564139
mlp,5,5,8,0.075,fixed horizon 148,179,53,126,0.6351989449826501,0.0,0.0,1.0,0.5,,1.0,,0.0,,0.0,0.4131821403260099
mlp,5,5,8,0.1,fixed horizon 50,179,53,126,0.6183385046212488,0.0,0.0,1.0,0.5,,1.0,,0.0,,0.0,0.4457831325301205
mlp,5,5,8,0.1,fixed horizon 100,179,53,126,0.6261011710413327,0.0,0.0,1.0,0.5,,1.0,,0.0,,0.0,0.3784549964564139
mlp,5,5,8,0.1,fixed horizon 148,179,53,126,0.6310634810565381,0.0,0.0,1.0,0.5,,1.0,,0.0,,0.0,0.4131821403260099
mlp,5,5,8,0.15,fixed horizon 50,179,53,126,0.6443036373208663,0.0,0.0,1.0,0.5,,1.0,,0.0,,0.0,0.4457831325301205
mlp,5,5,8,0.15,fixed horizon 100,179,53,126,0.7182212928161567,0.0,0.0,1.0,0.5,,1.0,,0.0,,0.0,0.3784549964564139
mlp,5,5,8,0.15,fixed horizon 148,179,53,126,0.6632420611992864,0.0,0.0,1.0,0.5,,1.0,,0.0,,0.0,0.4131821403260099
mlp,5,5,8,0.2,fixed horizon 50,179,53,126,0.6520812693103576,0.0,0.0,1.0,0.5,,1.0,,0.0,,0.0,0.4457831325301205
mlp,5,5,8,0.2,fixed horizon 100,179,53,126,0.6867465168434643,0.0,0.0,1.0,0.5,,1.0,,0.0,,0.0,0.3784549964564139
mlp,5,5,8,0.2,fixed horizon 148,179,53,126,0.689822661224832,0.0,0.0,1.0,0.5,,1.0,,0.0,,0.0,0.4131821403260099
mlp,5,5,8,0.3,fixed horizon 50,179,53,126,0.9982984854696608,0.07228915662650602,0.11764705882352941,0.927710843373494,0.5226789510985117,0.08,0.8917647058823529,0.92,0.1082352941176471,0.08333333333333333,0.08,0.4457831325301205
mlp,5,5,8,0.3,fixed horizon 100,179,53,126,0.7607024670078171,0.0,0.0,1.0,0.5,,1.0,,0.0,,0.0,0.3784549964564139
mlp,5,5,8,0.3,fixed horizon 148,179,53,126,0.7670782688179046,0.0,0.058823529411764705,1.0,0.5294117647058824,0.8175675675675675,0.989268680445151,0.18243243243243246,0.010731319554848961,,0.01,0.4131821403260099
mlp,5,5,9,0.01,fixed horizon 50,179,53,126,1.0000543101402397,0.0,0.0,1.0,0.5,,1.0,,0.0,,0.0,0.4457831325301205
mlp,5,5,9,0.01,fixed horizon 100,179,53,126,1.0000543101402397,0.0,0.0,1.0,0.5,,1.0,,0.0,,0.0,0.3784549964564139
mlp,5,5,9,0.01,fixed horizon 148,179,53,126,1.000931228242996,0.0,0.0,1.0,0.5,,1.0,,0.0,,0.0,0.4131821403260099
mlp,5,5,9,0.025,fixed horizon 50,179,53,126,1.0000312810660748,0.0,0.0,1.0,0.5,,1.0,,0.0,,0.0,0.4457831325301205
mlp,5,5,9,0.025,fixed horizon 100,179,53,126,1.0000312810660748,0.0,0.0,1.0,0.5,,1.0,,0.0,,0.0,0.3784549964564139
mlp,5,5,9,0.025,fixed horizon 148,179,53,126,1.0006041492358293,0.0,0.0,1.0,0.5,,1.0,,0.0,,0.0,0.4131821403260099
mlp,5,5,9,0.05,fixed horizon 50,179,53,126,1.0000442531460907,0.0,0.0,1.0,0.5,,1.0,,0.0,,0.0,0.4457831325301205
mlp,5,5,9,0.05,fixed horizon 100,179,53,126,1.0003066384518489,0.0,0.0,1.0,0.5,,1.0,,0.0,,0.0,0.3784549964564139
mlp,5,5,9,0.05,fixed horizon 148,179,53,126,1.0012513299660726,0.0,0.0,1.0,0.5,,1.0,,0.0,,0.0,0.4131821403260099
mlp,5,5,9,0.075,fixed horizon 50,179,53,126,1.001521558469113,0.0,0.0,1.0,0.5,,1.0,,0.0,,0.0,0.4457831325301205
mlp,5,5,9,0.075,fixed horizon 100,179,53,126,1.002634817737392,0.0,0.0,1.0,0.5,,1.0,,0.0,,0.0,0.3784549964564139
mlp,5,5,9,0.075,fixed horizon 148,179,53,126,1.0276087559797904,0.0,0.0,1.0,0.5,,1.0,,0.0,,0.0,0.4131821403260099
mlp,5,5,9,0.1,fixed horizon 50,179,53,126,1.0013989879299348,0.0,0.0,1.0,0.5,,1.0,,0.0,,0.0,0.4457831325301205
mlp,5,5,9,0.1,fixed horizon 100,179,53,126,1.000859102947401,0.0,0.0,1.0,0.5,,1.0,,0.0,,0.0,0.3784549964564139
mlp,5,5,9,0.1,fixed horizon 148,179,53,126,1.0386309354871703,0.0,0.0,1.0,0.5,,1.0,,0.0,,0.0,0.4131821403260099
mlp,5,5,9,0.15,fixed horizon 50,179,53,126,1.0096437034525867,0.0,0.0,1.0,0.5,,1.0,,0.0,,0.0,0.4457831325301205
mlp,5,5,9,0.15,fixed horizon 100,179,53,126,1.0209410486831925,0.0,0.0,1.0,0.5,,1.0,,0.0,,0.0,0.3784549964564139
mlp,5,5,9,0.15,fixed horizon 148,179,53,126,1.0456055865543479,0.0,0.0,1.0,0.5,,1.0,,0.0,,0.0,0.4131821403260099
mlp,5,5,9,0.2,fixed horizon 50,179,53,126,1.043489695228982,0.0,0.0,1.0,0.5,,1.0,,0.0,,0.0,0.4457831325301205
mlp,5,5,9,0.2,fixed horizon 100,179,53,126,1.0245648100023317,0.0,0.0,1.0,0.5,,1.0,,0.0,,0.0,0.3784549964564139
mlp,5,5,9,0.2,fixed horizon 148,179,53,126,1.0601928710250215,0.0,0.0,1.0,0.5,,1.0,,0.0,,0.0,0.4131821403260099
mlp,5,5,9,0.3,fixed horizon 50,179,53,126,1.1195030427128438,0.0,0.0,1.0,0.5,,1.0,,0.0,,0.0,0.4457831325301205
mlp,5,5,9,0.3,fixed horizon 100,179,53,126,1.0000902335832746,0.0,0.0,1.0,0.5,,1.0,,0.0,,0.0,0.3784549964564139
mlp,5,5,9,0.3,fixed horizon 148,179,53,126,1.0638376412514017,0.0,0.0,1.0,0.5,,1.0,,0.0,,0.0,0.4131821403260099
mlp,6,6,0,0.01,fixed horizon 50,195,58,137,1.0001090286554282,0.0,0.0,1.0,0.5,,1.0,,0.0,,0.0,0.6195652173913043
mlp,6,6,0,0.01,fixed horizon 100,195,58,137,1.0001219920100992,0.0,0.0,1.0,0.5,,1.0,,0.0,,0.0,0.5603864734299517
mlp,6,6,0,0.01,fixed horizon 148,195,58,137,1.000149153782578,0.0,0.0,1.0,0.5,,1.0,,0.0,,0.0,0.5998389694041868
mlp,6,6,0,0.025,fixed horizon 50,195,58,137,0.9998683040684746,0.0,0.0,1.0,0.5,,1.0,,0.0,,0.0,0.6195652173913043
mlp,6,6,0,0.025,fixed horizon 100,195,58,137,0.9998941313101888,0.0,0.0,1.0,0.5,,1.0,,0.0,,0.0,0.5603864734299517
mlp,6,6,0,0.025,fixed horizon 148,195,58,137,0.9998941313101888,0.0,0.0,1.0,0.5,,1.0,,0.0,,0.0,0.5998389694041868
mlp,6,6,0,0.05,fixed horizon 50,195,58,137,0.9993386884466895,0.0,0.0,1.0,0.5,,1.0,,0.0,,0.0,0.6195652173913043
mlp,6,6,0,0.05,fixed horizon 100,195,58,137,0.9995389625328999,0.0,0.0,1.0,0.5,,1.0,,0.0,,0.0,0.5603864734299517
mlp,6,6,0,0.05,fixed horizon 148,195,58,137,0.9999165185882618,0.0,0.0,1.0,0.5,,1.0,,0.0,,0.0,0.5998389694041868
mlp,6,6,0,0.075,fixed horizon 50,195,58,137,1.0002268222885253,0.0,0.0,1.0,0.5,,1.0,,0.0,,0.0,0.6195652173913043
mlp,6,6,0,0.075,fixed horizon 100,195,58,137,1.0009755397112854,0.0,0.0,1.0,0.5,,1.0,,0.0,,0.0,0.5603864734299517
mlp,6,6,0,0.075,fixed horizon 148,195,58,137,1.000985733761889,0.0,0.0,1.0,0.5,,1.0,,0.0,,0.0,0.5998389694041868
mlp,6,6,0,0.1,fixed horizon 50,195,58,137,0.9997183676290801,0.0,0.021739130434782608,1.0,0.5108695652173914,0.7,0.9934782608695653,0.30000000000000004,0.006521739130434745,,0.01,0.6195652173913043
mlp,6,6,0,0.1,fixed horizon 100,195,58,137,1.000317885029626,0.0,0.0,1.0,0.5,,1.0,,0.0,,0.0,0.5603864734299517
mlp,6,6,0,0.1,fixed horizon 148,195,58,137,1.0010786572123476,0.0,0.0,1.0,0.5,,1.0,,0.0,,0.0,0.5998389694041868
mlp,6,6,0,0.15,fixed horizon 50,195,58,137,1.0004993392856982,0.0,0.021739130434782608,1.0,0.5108695652173914,0.72,0.9939130434782608,0.28,0.006086956521739184,,0.01,0.6195652173913043
mlp,6,6,0,0.15,fixed horizon 100,195,58,137,0.9993123815537333,0.0,0.0,1.0,0.5,,1.0,,0.0,,0.0,0.5603864734299517
mlp,6,6,0,0.15,fixed horizon 148,195,58,137,0.9995698932953762,0.0,0.0,1.0,0.5,,1.0,,0.0,,0.0,0.5998389694041868
mlp,6,6,0,0.2,fixed horizon 50,195,58,137,1.000056690479504,0.0,0.021739130434782608,1.0,0.5108695652173914,0.7,0.9934782608695653,0.30000000000000004,0.006521739130434745,,0.01,0.6195652173913043
mlp,6,6,0,0.2,fixed horizon 100,195,58,137,0.9958511743041659,0.0,0.021739130434782608,1.0,0.5108695652173914,0.35,0.9858695652173913,0.65,0.01413043478260867,,0.01,0.5603864734299517
mlp,6,6,0,0.2,fixed horizon 148,195,58,137,0.9965151341942682,0.0,0.021739130434782608,1.0,0.5108695652173914,0.23648648648648649,0.9834018801410105,0.7635135135135135,0.016598119858989513,,0.01,0.5998389694041868
mlp,6,6,0,0.3,fixed horizon 50,195,58,137,0.946023156718268,0.018518518518518517,0.06521739130434782,0.9814814814814815,0.5233494363929146,0.68,0.9791304347826086,0.31999999999999995,0.02086956521739136,0.6,0.04,0.6195652173913043
mlp,6,6,0,0.3,fixed horizon 100,195,58,137,0.9503301754203741,0.14814814814814814,0.15217391304347827,0.8518518518518519,0.5020128824476651,0.7671428571428571,0.9645652173913043,0.23285714285714287,0.0354347826086957,0.8125,0.15,0.5603864734299517
mlp,6,6,0,0.3,fixed horizon 148,195,58,137,0.9614339135042594,0.12962962962962962,0.21739130434782608,0.8703703703703703,0.5438808373590982,0.6466216216216216,0.9231786133960047,0.3533783783783784,0.07682138660399529,0.5579150579150579,0.17,0.5998389694041868
mlp,6,6,1,0.01,fixed horizon 50,195,58,137,1.0003078666891398,0.0,0.0,1.0,0.5,,1.0,,0.0,,0.0,0.6195652173913043
mlp,6,6,1,0.01,fixed horizon 100,195,58,137,1.0003246260339698,0.0,0.0,1.0,0.5,,1.0,,0.0,,0.0,0.5603864734299517
mlp,6,6,1,0.01,fixed horizon 148,195,58,137,1.0006219554570963,0.0,0.0,1.0,0.5,,1.0,,0.0,,0.0,0.5998389694041868
mlp,6,6,1,0.025,fixed horizon 50,195,58,137,1.0001384030698084,0.0,0.0,1.0,0.5,,1.0,,0.0,,0.0,0.6195652173913043
mlp,6,6,1,0.025,fixed horizon 100,195,58,137,1.0002959650976073,0.0,0.0,1.0,0.5,,1.0,,0.0,,0.0,0.5603864734299517
mlp,6,6,1,0.025,fixed horizon 148,195,58,137,1.0003246098841532,0.0,0.0,1.0,0.5,,1.0,,0.0,,0.0,0.5998389694041868
mlp,6,6,1,0.05,fixed horizon 50,195,58,137,1.0010316598298514,0.0,0.0,1.0,0.5,,1.0,,0.0,,0.0,0.6195652173913043
mlp,6,6,1,0.05,fixed horizon 100,195,58,137,1.0005489452309306,0.0,0.0,1.0,0.5,,1.0,,0.0,,0.0,0.5603864734299517
mlp,6,6,1,0.05,fixed horizon 148,195,58,137,1.0063095153407828,0.0,0.0,1.0,0.5,,1.0,,0.0,,0.0,0.5998389694041868
mlp,6,6,1,0.075,fixed horizon 50,195,58,137,1.0026011110092636,0.0,0.021739130434782608,1.0,0.5108695652173914,0.58,0.9908695652173912,0.42000000000000004,0.009130434782608776,,0.01,0.6195652173913043
mlp,6,6,1,0.075,fixed horizon 100,195,58,137,1.0028561213357612,0.0,0.021739130434782608,1.0,0.5108695652173914,0.3,0.9847826086956522,0.7,0.01521739130434785,,0.01,0.5603864734299517
mlp,6,6,1,0.075,fixed horizon 148,195,58,137,1.0077428411698115,0.0,0.0,1.0,0.5,,1.0,,0.0,,0.0,0.5998389694041868
mlp,6,6,1,0.1,fixed horizon 50,195,58,137,1.0031412760338156,0.0,0.021739130434782608,1.0,0.5108695652173914,0.6,0.991304347826087,0.4,0.008695652173912993,,0.01,0.6195652173913043
mlp,6,6,1,0.1,fixed horizon 100,195,58,137,1.0032896087885286,0.0,0.0,1.0,0.5,,1.0,,0.0,,0.0,0.5603864734299517
mlp,6,6,1,0.1,fixed horizon 148,195,58,137,1.0106777473486641,0.0,0.0,1.0,0.5,,1.0,,0.0,,0.0,0.5998389694041868
mlp,6,6,1,0.15,fixed horizon 50,195,58,137,1.0102679983104443,0.0,0.0,1.0,0.5,,1.0,,0.0,,0.0,0.6195652173913043
mlp,6,6,1,0.15,fixed horizon 100,195,58,137,1.0191784945552305,0.0,0.0,1.0,0.5,,1.0,,0.0,,0.0,0.5603864734299517
mlp,6,6,1,0.15,fixed horizon 148,195,58,137,1.0191784945552305,0.0,0.0,1.0,0.5,,1.0,,0.0,,0.0,0.5998389694041868
mlp,6,6,1,0.2,fixed horizon 50,195,58,137,1.0270739544798273,0.0,0.0,1.0,0.5,,1.0,,0.0,,0.0,0.6195652173913043
mlp,6,6,1,0.2,fixed horizon 100,195,58,137,1.0192508023078954,0.0,0.0,1.0,0.5,,1.0,,0.0,,0.0,0.5603864734299517
mlp,6,6,1,0.2,fixed horizon 148,195,58,137,1.0191922191070888,0.0,0.0,1.0,0.5,,1.0,,0.0,,0.0,0.5998389694041868
mlp,6,6,1,0.3,fixed horizon 50,195,58,137,1.5229704096302177,0.018518518518518517,0.043478260869565216,0.9814814814814815,0.5124798711755234,0.71,0.9873913043478261,0.29000000000000004,0.012608695652173929,0.72,0.03,0.6195652173913043
mlp,6,6,1,0.3,fixed horizon 100,195,58,137,1.5455499095584637,0.018518518518518517,0.021739130434782608,0.9814814814814815,0.501610305958132,0.36,0.9860869565217392,0.64,0.013913043478260834,0.36,0.02,0.5603864734299517
mlp,6,6,1,0.3,fixed horizon 148,195,58,137,1.5954876196745225,0.037037037037037035,0.043478260869565216,0.9629629629629629,0.5032206119162641,0.9290540540540541,0.996915393654524,0.07094594594594594,0.0030846063454760264,0.9763513513513513,0.04,0.5998389694041868
mlp,6,6,2,0.01,fixed horizon 50,195,58,137,1.0000198976437678,0.0,0.0,1.0,0.5,,1.0,,0.0,,0.0,0.6195652173913043
mlp,6,6,2,0.01,fixed horizon 100,195,58,137,1.0000198976437678,0.0,0.0,1.0,0.5,,1.0,,0.0,,0.0,0.5603864734299517
mlp,6,6,2,0.01,fixed horizon 148,195,58,137,1.0000198976437678,0.0,0.0,1.0,0.5,,1.0,,0.0,,0.0,0.5998389694041868
mlp,6,6,2,0.025,fixed horizon 50,195,58,137,0.9999179886206576,0.0,0.0,1.0,0.5,,1.0,,0.0,,0.0,0.6195652173913043
mlp,6,6,2,0.025,fixed horizon 100,195,58,137,0.9999179886206576,0.0,0.0,1.0,0.5,,1.0,,0.0,,0.0,0.5603864734299517
mlp,6,6,2,0.025,fixed horizon 148,195,58,137,0.9999179886206576,0.0,0.0,1.0,0.5,,1.0,,0.0,,0.0,0.5998389694041868
mlp,6,6,2,0.05,fixed horizon 50,195,58,137,0.9998507541526945,0.0,0.0,1.0,0.5,,1.0,,0.0,,0.0,0.6195652173913043
mlp,6,6,2,0.05,fixed horizon 100,195,58,137,1.0013176261569923,0.0,0.0,1.0,0.5,,1.0,,0.0,,0.0,0.5603864734299517
mlp,6,6,2,0.05,fixed horizon 148,195,58,137,1.0013176261569923,0.0,0.0,1.0,0.5,,1.0,,0.0,,0.0,0.5998389694041868
mlp,6,6,2,0.075,fixed horizon 50,195,58,137,1.0001024980718856,0.0,0.0,1.0,0.5,,1.0,,0.0,,0.0,0.6195652173913043
mlp,6,6,2,0.075,fixed horizon 100,195,58,137,1.0032514930265486,0.0,0.0,1.0,0.5,,1.0,,0.0,,0.0,0.5603864734299517
mlp,6,6,2,0.075,fixed horizon 148,195,58,137,1.0023822252290981,0.0,0.0,1.0,0.5,,1.0,,0.0,,0.0,0.5998389694041868
mlp,6,6,2,0.1,fixed horizon 50,195,58,137,0.9999486783542537,0.0,0.0,1.0,0.5,,1.0,,0.0,,0.0,0.6195652173913043
mlp,6,6,2,0.1,fixed horizon 100,195,58,137,1.004008706671869,0.0,0.0,1.0,0.5,,1.0,,0.0,,0.0,0.5603864734299517
mlp,6,6,2,0.1,fixed horizon 148,195,58,137,1.0025887695433378,0.0,0.0,1.0,0.5,,1.0,,0.0,,0.0,0.5998389694041868
mlp,6,6,2,0.15,fixed horizon 50,195,58,137,1.0032439120378112,0.0,0.021739130434782608,1.0,0.5108695652173914,0.58,0.9908695652173912,0.42000000000000004,0.009130434782608776,,0.01,0.6195652173913043
mlp,6,6,2,0.15,fixed horizon 100,195,58,137,1.003631674597053,0.0,0.0,1.0,0.5,,1.0,,0.0,,0.0,0.5603864734299517
mlp,6,6,2,0.15,fixed horizon 148,195,58,137,1.0061383894148832,0.0,0.0,1.0,0.5,,1.0,,0.0,,0.0,0.5998389694041868
mlp,6,6,2,0.2,fixed horizon 50,195,58,137,1.0071215359802308,0.0,0.0,1.0,0.5,,1.0,,0.0,,0.0,0.6195652173913043
mlp,6,6,2,0.2,fixed horizon 100,195,58,137,1.0138795569140653,0.0,0.0,1.0,0.5,,1.0,,0.0,,0.0,0.5603864734299517
mlp,6,6,2,0.2,fixed horizon 148,195,58,137,1.016245808683364,0.0,0.0,1.0,0.5,,1.0,,0.0,,0.0,0.5998389694041868
mlp,6,6,2,0.3,fixed horizon 50,195,58,137,1.0184015413024519,0.018518518518518517,0.043478260869565216,0.9814814814814815,0.5124798711755234,0.97,0.998695652173913,0.030000000000000027,0.0013043478260870156,0.94,0.03,0.6195652173913043
mlp,6,6,2,0.3,fixed horizon 100,195,58,137,1.0832663982508148,0.018518518518518517,0.043478260869565216,0.9814814814814815,0.5124798711755234,0.575,0.9815217391304347,0.42500000000000004,0.018478260869565277,0.54,0.03,0.5603864734299517
mlp,6,6,2,0.3,fixed horizon 148,195,58,137,1.0234802867818165,0.037037037037037035,0.06521739130434782,0.9629629629629629,0.5140901771336553,0.6081081081081081,0.9744418331374854,0.3918918918918919,0.025558166862514553,0.6756756756756757,0.05,0.5998389694041868
mlp,6,6,3,0.01,fixed horizon 50,195,58,137,1.0000267560217566,0.0,0.0,1.0,0.5,,1.0,,0.0,,0.0,0.6195652173913043
mlp,6,6,3,0.01,fixed horizon 100,195,58,137,1.0000267560217566,0.0,0.0,1.0,0.5,,1.0,,0.0,,0.0,0.5603864734299517
mlp,6,6,3,0.01,fixed horizon 148,195,58,137,1.0000267560217566,0.0,0.0,1.0,0.5,,1.0,,0.0,,0.0,0.5998389694041868
mlp,6,6,3,0.025,fixed horizon 50,195,58,137,0.9998966848308278,0.0,0.0,1.0,0.5,,1.0,,0.0,,0.0,0.6195652173913043
mlp,6,6,3,0.025,fixed horizon 100,195,58,137,0.9998966848308278,0.0,0.0,1.0,0.5,,1.0,,0.0,,0.0,0.5603864734299517
mlp,6,6,3,0.025,fixed horizon 148,195,58,137,0.9998966848308278,0.0,0.0,1.0,0.5,,1.0,,0.0,,0.0,0.5998389694041868
mlp,6,6,3,0.05,fixed horizon 50,195,58,137,0.9996954629268038,0.0,0.0,1.0,0.5,,1.0,,0.0,,0.0,0.6195652173913043
mlp,6,6,3,0.05,fixed horizon 100,195,58,137,0.9997887821221313,0.0,0.0,1.0,0.5,,1.0,,0.0,,0.0,0.5603864734299517
mlp,6,6,3,0.05,fixed horizon 148,195,58,137,0.9999162200317785,0.0,0.0,1.0,0.5,,1.0,,0.0,,0.0,0.5998389694041868
mlp,6,6,3,0.075,fixed horizon 50,195,58,137,0.9998808130078581,0.0,0.021739130434782608,1.0,0.5108695652173914,0.52,0.9895652173913042,0.48,0.010434782608695792,,0.01,0.6195652173913043
mlp,6,6,3,0.075,fixed horizon 100,195,58,137,0.9996221489690359,0.0,0.0,1.0,0.5,,1.0,,0.0,,0.0,0.5603864734299517
mlp,6,6,3,0.075,fixed horizon 148,195,58,137,0.9996533564999456,0.0,0.0,1.0,0.5,,1.0,,0.0,,0.0,0.5998389694041868
mlp,6,6,3,0.1,fixed horizon 50,195,58,137,0.9995258126203597,0.0,0.021739130434782608,1.0,0.5108695652173914,0.32,0.9852173913043478,0.6799999999999999,0.014782608695652177,,0.01,0.6195652173913043
mlp,6,6,3,0.1,fixed horizon 100,195,58,137,0.9997263964678059,0.0,0.021739130434782608,1.0,0.5108695652173914,0.26,0.9839130434782608,0.74,0.016086956521739193,,0.01,0.5603864734299517
mlp,6,6,3,0.1,fixed horizon 148,195,58,137,0.999492304659278,0.0,0.021739130434782608,1.0,0.5108695652173914,0.10810810810810811,0.9806110458284373,0.8918918918918919,0.019388954171562722,,0.01,0.5998389694041868
mlp,6,6,3,0.15,fixed horizon 50,195,58,137,0.9990921558109959,0.0,0.021739130434782608,1.0,0.5108695652173914,0.32,0.9852173913043478,0.6799999999999999,0.014782608695652177,,0.01,0.6195652173913043
mlp,6,6,3,0.15,fixed horizon 100,195,58,137,0.999148595461614,0.0,0.021739130434782608,1.0,0.5108695652173914,0.16,0.9817391304347826,0.84,0.01826086956521744,,0.01,0.5603864734299517
mlp,6,6,3,0.15,fixed horizon 148,195,58,137,0.99894666746648,0.0,0.043478260869565216,1.0,0.5217391304347826,0.10810810810810811,0.9612220916568743,0.8918918918918919,0.03877790834312567,,0.02,0.5998389694041868
mlp,6,6,3,0.2,fixed horizon 50,195,58,137,0.9981987495311145,0.0,0.043478260869565216,1.0,0.5217391304347826,0.32,0.9704347826086956,0.6799999999999999,0.029565217391304355,,0.02,0.6195652173913043
mlp,6,6,3,0.2,fixed horizon 100,195,58,137,0.99809568579869,0.0,0.043478260869565216,1.0,0.5217391304347826,0.16,0.9634782608695652,0.84,0.03652173913043477,,0.02,0.5603864734299517
mlp,6,6,3,0.2,fixed horizon 148,195,58,137,0.9985993016126978,0.0,0.043478260869565216,1.0,0.5217391304347826,0.10810810810810811,0.9612220916568743,0.8918918918918919,0.03877790834312567,,0.02,0.5998389694041868
mlp,6,6,3,0.3,fixed horizon 50,195,58,137,0.9683468860551129,0.05555555555555555,0.10869565217391304,0.9444444444444444,0.5265700483091788,0.30800000000000005,0.9247826086956522,0.692,0.07521739130434779,0.30666666666666664,0.08,0.6195652173913043
mlp,6,6,3,0.3,fixed horizon 100,195,58,137,0.9716017073967189,0.05555555555555555,0.13043478260869565,0.9444444444444444,0.53743961352657,0.24333333333333332,0.9013043478260869,0.7566666666666667,0.09869565217391307,0.15333333333333332,0.09,0.5603864734299517
mlp,6,6,3,0.3,fixed horizon 148,195,58,137,0.9722984639514523,0.05555555555555555,0.15217391304347827,0.9444444444444444,0.5483091787439613,0.2519305019305019,0.8861633372502938,0.7480694980694981,0.11383666274970616,0.10360360360360361,0.1,0.5998389694041868
mlp,6,6,4,0.01,fixed horizon 50,195,58,137,1.0000319521480834,0.0,0.0,1.0,0.5,,1.0,,0.0,,0.0,0.6195652173913043
mlp,6,6,4,0.01,fixed horizon 100,195,58,137,1.0000319521480834,0.0,0.0,1.0,0.5,,1.0,,0.0,,0.0,0.5603864734299517
mlp,6,6,4,0.01,fixed horizon 148,195,58,137,1.0000319521480834,0.0,0.0,1.0,0.5,,1.0,,0.0,,0.0,0.5998389694041868
mlp,6,6,4,0.025,fixed horizon 50,195,58,137,0.9999820645015591,0.0,0.0,1.0,0.5,,1.0,,0.0,,0.0,0.6195652173913043
mlp,6,6,4,0.025,fixed horizon 100,195,58,137,0.9999820645015591,0.0,0.0,1.0,0.5,,1.0,,0.0,,0.0,0.5603864734299517
mlp,6,6,4,0.025,fixed horizon 148,195,58,137,0.9999820645015591,0.0,0.0,1.0,0.5,,1.0,,0.0,,0.0,0.5998389694041868
mlp,6,6,4,0.05,fixed horizon 50,195,58,137,0.9999653968686354,0.0,0.0,1.0,0.5,,1.0,,0.0,,0.0,0.6195652173913043
mlp,6,6,4,0.05,fixed horizon 100,195,58,137,0.9999653968686354,0.0,0.0,1.0,0.5,,1.0,,0.0,,0.0,0.5603864734299517
mlp,6,6,4,0.05,fixed horizon 148,195,58,137,1.0000044787887343,0.0,0.0,1.0,0.5,,1.0,,0.0,,0.0,0.5998389694041868
mlp,6,6,4,0.075,fixed horizon 50,195,58,137,1.0000513307256678,0.0,0.021739130434782608,1.0,0.5108695652173914,0.54,0.99,0.45999999999999996,0.010000000000000009,,0.01,0.6195652173913043
mlp,6,6,4,0.075,fixed horizon 100,195,58,137,1.0000217187514888,0.0,0.0,1.0,0.5,,1.0,,0.0,,0.0,0.5603864734299517
mlp,6,6,4,0.075,fixed horizon 148,195,58,137,1.000093296684493,0.0,0.0,1.0,0.5,,1.0,,0.0,,0.0,0.5998389694041868
mlp,6,6,4,0.1,fixed horizon 50,195,58,137,0.9999998602324391,0.0,0.021739130434782608,1.0,0.5108695652173914,0.54,0.99,0.45999999999999996,0.010000000000000009,,0.01,0.6195652173913043
mlp,6,6,4,0.1,fixed horizon 100,195,58,137,0.9999512591927422,0.0,0.0,1.0,0.5,,1.0,,0.0,,0.0,0.5603864734299517
mlp,6,6,4,0.1,fixed horizon 148,195,58,137,1.0000035572237724,0.0,0.0,1.0,0.5,,1.0,,0.0,,0.0,0.5998389694041868
mlp,6,6,4,0.15,fixed horizon 50,195,58,137,1.0013702704690695,0.0,0.021739130434782608,1.0,0.5108695652173914,0.54,0.99,0.45999999999999996,0.010000000000000009,,0.01,0.6195652173913043
mlp,6,6,4,0.15,fixed horizon 100,195,58,137,1.0019134344469385,0.0,0.021739130434782608,1.0,0.5108695652173914,0.27,0.9841304347826086,0.73,0.015869565217391357,,0.01,0.5603864734299517
mlp,6,6,4,0.15,fixed horizon 148,195,58,137,1.0001903931391882,0.0,0.0,1.0,0.5,,1.0,,0.0,,0.0,0.5998389694041868
mlp,6,6,4,0.2,fixed horizon 50,195,58,137,1.0120995654001055,0.018518518518518517,0.0,0.9814814814814815,0.49074074074074076,,1.0,,0.0,0.92,0.01,0.6195652173913043
mlp,6,6,4,0.2,fixed horizon 100,195,58,137,1.0175053844498867,0.018518518518518517,0.0,0.9814814814814815,0.49074074074074076,,1.0,,0.0,0.54,0.01,0.5603864734299517
mlp,6,6,4,0.2,fixed horizon 148,195,58,137,1.0130859772583514,0.0,0.0,1.0,0.5,,1.0,,0.0,,0.0,0.5998389694041868
mlp,6,6,4,0.3,fixed horizon 50,195,58,137,1.1617453219360465,0.018518518518518517,0.021739130434782608,0.9814814814814815,0.501610305958132,0.78,0.9952173913043478,0.21999999999999997,0.0047826086956521685,0.78,0.02,0.6195652173913043
mlp,6,6,4,0.3,fixed horizon 100,195,58,137,1.1320189126651201,0.0,0.06521739130434782,1.0,0.532608695652174,0.9466666666666667,0.9965217391304347,0.053333333333333344,0.003478260869565264,,0.03,0.5603864734299517
mlp,6,6,4,0.3,fixed horizon 148,195,58,137,1.2421958195923,0.0,0.043478260869565216,1.0,0.5217391304347826,0.9391891891891893,0.9973560517038778,0.060810810810810745,0.002643948296122245,,0.02,0.5998389694041868
mlp,6,6,5,0.01,fixed horizon 50,195,58,137,0.9999957134267002,0.0,0.0,1.0,0.5,,1.0,,0.0,,0.0,0.6195652173913043
mlp,6,6,5,0.01,fixed horizon 100,195,58,137,1.0002987649707498,0.0,0.0,1.0,0.5,,1.0,,0.0,,0.0,0.5603864734299517
mlp,6,6,5,0.01,fixed horizon 148,195,58,137,1.0005002679288073,0.0,0.0,1.0,0.5,,1.0,,0.0,,0.0,0.5998389694041868
mlp,6,6,5,0.025,fixed horizon 50,195,58,137,0.9999133169995189,0.0,0.0,1.0,0.5,,1.0,,0.0,,0.0,0.6195652173913043
mlp,6,6,5,0.025,fixed horizon 100,195,58,137,1.0000176947309276,0.0,0.0,1.0,0.5,,1.0,,0.0,,0.0,0.5603864734299517
mlp,6,6,5,0.025,fixed horizon 148,195,58,137,1.000067672384746,0.0,0.0,1.0,0.5,,1.0,,0.0,,0.0,0.5998389694041868
mlp,6,6,5,0.05,fixed horizon 50,195,58,137,0.9996816765078944,0.0,0.0,1.0,0.5,,1.0,,0.0,,0.0,0.6195652173913043
mlp,6,6,5,0.05,fixed horizon 100,195,58,137,0.9998336437396316,0.0,0.0,1.0,0.5,,1.0,,0.0,,0.0,0.5603864734299517
mlp,6,6,5,0.05,fixed horizon 148,195,58,137,0.999906494589182,0.0,0.0,1.0,0.5,,1.0,,0.0,,0.0,0.5998389694041868
mlp,6,6,5,0.075,fixed horizon 50,195,58,137,1.0007316658036165,0.0,0.021739130434782608,1.0,0.5108695652173914,0.46,0.9882608695652174,0.54,0.011739130434782585,,0.01,0.6195652173913043
mlp,6,6,5,0.075,fixed horizon 100,195,58,137,1.0000226608414313,0.0,0.0,1.0,0.5,,1.0,,0.0,,0.0,0.5603864734299517
mlp,6,6,5,0.075,fixed horizon 148,195,58,137,1.0000207603367368,0.0,0.0,1.0,0.5,,1.0,,0.0,,0.0,0.5998389694041868
mlp,6,6,5,0.1,fixed horizon 50,195,58,137,1.0004519951684816,0.0,0.021739130434782608,1.0,0.5108695652173914,0.46,0.9882608695652174,0.54,0.011739130434782585,,0.01,0.6195652173913043
mlp,6,6,5,0.1,fixed horizon 100,195,58,137,0.9997014224441431,0.0,0.0,1.0,0.5,,1.0,,0.0,,0.0,0.5603864734299517
mlp,6,6,5,0.1,fixed horizon 148,195,58,137,0.9997014224441431,0.0,0.0,1.0,0.5,,1.0,,0.0,,0.0,0.5998389694041868
mlp,6,6,5,0.15,fixed horizon 50,195,58,137,0.9995721967007453,0.0,0.043478260869565216,1.0,0.5217391304347826,0.46,0.9765217391304348,0.54,0.02347826086956517,,0.02,0.6195652173913043
mlp,6,6,5,0.15,fixed horizon 100,195,58,137,0.9989168545403531,0.0,0.021739130434782608,1.0,0.5108695652173914,0.23,0.9832608695652175,0.77,0.01673913043478248,,0.01,0.5603864734299517
mlp,6,6,5,0.15,fixed horizon 148,195,58,137,0.9994969306415797,0.0,0.0,1.0,0.5,,1.0,,0.0,,0.0,0.5998389694041868
mlp,6,6,5,0.2,fixed horizon 50,195,58,137,0.9969616664938739,0.0,0.043478260869565216,1.0,0.5217391304347826,0.46,0.9765217391304348,0.54,0.02347826086956517,,0.02,0.6195652173913043
mlp,6,6,5,0.2,fixed horizon 100,195,58,137,0.9977062149991658,0.0,0.043478260869565216,1.0,0.5217391304347826,0.23,0.9665217391304348,0.77,0.03347826086956518,,0.02,0.5603864734299517
mlp,6,6,5,0.2,fixed horizon 148,195,58,137,0.9987810028372264,0.0,0.021739130434782608,1.0,0.5108695652173914,0.1554054054054054,0.9816392479435957,0.8445945945945946,0.018360752056404306,,0.01,0.5998389694041868
mlp,6,6,5,0.3,fixed horizon 50,195,58,137,0.9639209884511405,0.018518518518518517,0.10869565217391304,0.9814814814814815,0.5450885668276972,0.44000000000000006,0.9391304347826087,0.5599999999999999,0.060869565217391286,0.44,0.06,0.6195652173913043
mlp,6,6,5,0.3,fixed horizon 100,195,58,137,0.9793582874923151,0.018518518518518517,0.06521739130434782,0.9814814814814815,0.5233494363929146,0.4533333333333333,0.9643478260869565,0.5466666666666666,0.03565217391304354,0.23,0.04,0.5603864734299517
mlp,6,6,5,0.3,fixed horizon 148,195,58,137,0.9763923756227084,0.018518518518518517,0.08695652173913043,0.9814814814814815,0.534219001610306,0.47297297297297297,0.954171562867215,0.527027027027027,0.04582843713278495,0.1554054054054054,0.05,0.5998389694041868
mlp,6,6,6,0.01,fixed horizon 50,195,58,137,1.0003491261809272,0.0,0.0,1.0,0.5,,1.0,,0.0,,0.0,0.6195652173913043
mlp,6,6,6,0.01,fixed horizon 100,195,58,137,1.0003682978680677,0.0,0.0,1.0,0.5,,1.0,,0.0,,0.0,0.5603864734299517
mlp,6,6,6,0.01,fixed horizon 148,195,58,137,1.0005557545060313,0.0,0.0,1.0,0.5,,1.0,,0.0,,0.0,0.5998389694041868
mlp,6,6,6,0.025,fixed horizon 50,195,58,137,1.0001573190466995,0.0,0.0,1.0,0.5,,1.0,,0.0,,0.0,0.6195652173913043
mlp,6,6,6,0.025,fixed horizon 100,195,58,137,1.0003355287334925,0.0,0.0,1.0,0.5,,1.0,,0.0,,0.0,0.5603864734299517
mlp,6,6,6,0.025,fixed horizon 148,195,58,137,1.0003656040360966,0.0,0.0,1.0,0.5,,1.0,,0.0,,0.0,0.5998389694041868
mlp,6,6,6,0.05,fixed horizon 50,195,58,137,1.0009782981131858,0.0,0.0,1.0,0.5,,1.0,,0.0,,0.0,0.6195652173913043
mlp,6,6,6,0.05,fixed horizon 100,195,58,137,1.0001981199449765,0.0,0.0,1.0,0.5,,1.0,,0.0,,0.0,0.5603864734299517
mlp,6,6,6,0.05,fixed horizon 148,195,58,137,1.0002285112010962,0.0,0.0,1.0,0.5,,1.0,,0.0,,0.0,0.5998389694041868
mlp,6,6,6,0.075,fixed horizon 50,195,58,137,1.0012650832822974,0.0,0.021739130434782608,1.0,0.5108695652173914,0.54,0.99,0.45999999999999996,0.010000000000000009,,0.01,0.6195652173913043
mlp,6,6,6,0.075,fixed horizon 100,195,58,137,1.001358368232281,0.0,0.021739130434782608,1.0,0.5108695652173914,0.27,0.9841304347826086,0.73,0.015869565217391357,,0.01,0.5603864734299517
mlp,6,6,6,0.075,fixed horizon 148,195,58,137,1.0005333447801508,0.0,0.0,1.0,0.5,,1.0,,0.0,,0.0,0.5998389694041868
mlp,6,6,6,0.1,fixed horizon 50,195,58,137,1.0008226268254672,0.0,0.021739130434782608,1.0,0.5108695652173914,0.54,0.99,0.45999999999999996,0.010000000000000009,,0.01,0.6195652173913043
mlp,6,6,6,0.1,fixed horizon 100,195,58,137,1.001425125690706,0.0,0.021739130434782608,1.0,0.5108695652173914,0.28,0.9843478260869566,0.72,0.01565217391304341,,0.01,0.5603864734299517
mlp,6,6,6,0.1,fixed horizon 148,195,58,137,1.0003630715114498,0.0,0.0,1.0,0.5,,1.0,,0.0,,0.0,0.5998389694041868
mlp,6,6,6,0.15,fixed horizon 50,195,58,137,1.0019042507068041,0.0,0.021739130434782608,1.0,0.5108695652173914,0.54,0.99,0.45999999999999996,0.010000000000000009,,0.01,0.6195652173913043
mlp,6,6,6,0.15,fixed horizon 100,195,58,137,1.001384398422545,0.0,0.021739130434782608,1.0,0.5108695652173914,0.27,0.9841304347826086,0.73,0.015869565217391357,,0.01,0.5603864734299517
mlp,6,6,6,0.15,fixed horizon 148,195,58,137,1.001722505930985,0.0,0.0,1.0,0.5,,1.0,,0.0,,0.0,0.5998389694041868
mlp,6,6,6,0.2,fixed horizon 50,195,58,137,1.0056555361895434,0.0,0.021739130434782608,1.0,0.5108695652173914,0.86,0.9969565217391304,0.14,0.003043478260869592,,0.01,0.6195652173913043
mlp,6,6,6,0.2,fixed horizon 100,195,58,137,1.0038561791547544,0.0,0.021739130434782608,1.0,0.5108695652173914,0.29,0.9845652173913043,0.71,0.015434782608695685,,0.01,0.5603864734299517
mlp,6,6,6,0.2,fixed horizon 148,195,58,137,1.0052627785642372,0.0,0.0,1.0,0.5,,1.0,,0.0,,0.0,0.5998389694041868
mlp,6,6,6,0.3,fixed horizon 50,195,58,137,1.0617542140245704,0.018518518518518517,0.06521739130434782,0.9814814814814815,0.5233494363929146,0.5666666666666668,0.9717391304347827,0.43333333333333324,0.02826086956521734,0.56,0.04,0.6195652173913043
mlp,6,6,6,0.3,fixed horizon 100,195,58,137,1.076874189290289,0.018518518518518517,0.043478260869565216,0.9814814814814815,0.5124798711755234,0.525,0.9793478260869565,0.475,0.020652173913043526,0.48,0.03,0.5603864734299517
mlp,6,6,6,0.3,fixed horizon 148,195,58,137,1.076874189290289,0.018518518518518517,0.043478260869565216,0.9814814814814815,0.5124798711755234,0.3547297297297297,0.9719447708578144,0.6452702702702703,0.02805522914218561,0.32432432432432434,0.03,0.5998389694041868
mlp,6,6,7,0.01,fixed horizon 50,195,58,137,1.0000301480110978,0.0,0.0,1.0,0.5,,1.0,,0.0,,0.0,0.6195652173913043
mlp,6,6,7,0.01,fixed horizon 100,195,58,137,1.0000301480110978,0.0,0.0,1.0,0.5,,1.0,,0.0,,0.0,0.5603864734299517
mlp,6,6,7,0.01,fixed horizon 148,195,58,137,1.0000301480110978,0.0,0.0,1.0,0.5,,1.0,,0.0,,0.0,0.5998389694041868
mlp,6,6,7,0.025,fixed horizon 50,195,58,137,0.9999868754161909,0.0,0.0,1.0,0.5,,1.0,,0.0,,0.0,0.6195652173913043
mlp,6,6,7,0.025,fixed horizon 100,195,58,137,0.9999868754161909,0.0,0.0,1.0,0.5,,1.0,,0.0,,0.0,0.5603864734299517
mlp,6,6,7,0.025,fixed horizon 148,195,58,137,0.9999868754161909,0.0,0.0,1.0,0.5,,1.0,,0.0,,0.0,0.5998389694041868
mlp,6,6,7,0.05,fixed horizon 50,195,58,137,0.9999799918271577,0.0,0.0,1.0,0.5,,1.0,,0.0,,0.0,0.6195652173913043
mlp,6,6,7,0.05,fixed horizon 100,195,58,137,0.9999805865818147,0.0,0.0,1.0,0.5,,1.0,,0.0,,0.0,0.5603864734299517
mlp,6,6,7,0.05,fixed horizon 148,195,58,137,0.9999805865818147,0.0,0.0,1.0,0.5,,1.0,,0.0,,0.0,0.5998389694041868
mlp,6,6,7,0.075,fixed horizon 50,195,58,137,1.000328640867624,0.0,0.021739130434782608,1.0,0.5108695652173914,0.56,0.9904347826086957,0.43999999999999995,0.009565217391304337,,0.01,0.6195652173913043
mlp,6,6,7,0.075,fixed horizon 100,195,58,137,1.000104453732256,0.0,0.0,1.0,0.5,,1.0,,0.0,,0.0,0.5603864734299517
mlp,6,6,7,0.075,fixed horizon 148,195,58,137,1.0003428396532208,0.0,0.0,1.0,0.5,,1.0,,0.0,,0.0,0.5998389694041868
mlp,6,6,7,0.1,fixed horizon 50,195,58,137,1.0000803838820347,0.0,0.021739130434782608,1.0,0.5108695652173914,0.46,0.9882608695652174,0.54,0.011739130434782585,,0.01,0.6195652173913043
mlp,6,6,7,0.1,fixed horizon 100,195,58,137,1.0004745401043813,0.0,0.021739130434782608,1.0,0.5108695652173914,0.28,0.9843478260869566,0.72,0.01565217391304341,,0.01,0.5603864734299517
mlp,6,6,7,0.1,fixed horizon 148,195,58,137,1.0025192211262157,0.0,0.0,1.0,0.5,,1.0,,0.0,,0.0,0.5998389694041868
mlp,6,6,7,0.15,fixed horizon 50,195,58,137,1.000098501723267,0.0,0.021739130434782608,1.0,0.5108695652173914,0.36,0.9860869565217392,0.64,0.013913043478260834,,0.01,0.6195652173913043
mlp,6,6,7,0.15,fixed horizon 100,195,58,137,1.0001873338610021,0.0,0.021739130434782608,1.0,0.5108695652173914,0.23,0.9832608695652175,0.77,0.01673913043478248,,0.01,0.5603864734299517
mlp,6,6,7,0.15,fixed horizon 148,195,58,137,1.0027350248798983,0.0,0.0,1.0,0.5,,1.0,,0.0,,0.0,0.5998389694041868
mlp,6,6,7,0.2,fixed horizon 50,195,58,137,1.012745805268222,0.0,0.0,1.0,0.5,,1.0,,0.0,,0.0,0.6195652173913043
mlp,6,6,7,0.2,fixed horizon 100,195,58,137,1.0021941466397675,0.0,0.0,1.0,0.5,,1.0,,0.0,,0.0,0.5603864734299517
mlp,6,6,7,0.2,fixed horizon 148,195,58,137,1.012745805268222,0.0,0.0,1.0,0.5,,1.0,,0.0,,0.0,0.5998389694041868
mlp,6,6,7,0.3,fixed horizon 50,195,58,137,1.0099982384314323,0.018518518518518517,0.021739130434782608,0.9814814814814815,0.501610305958132,0.54,0.99,0.45999999999999996,0.010000000000000009,0.82,0.02,0.6195652173913043
mlp,6,6,7,0.3,fixed horizon 100,195,58,137,1.0534354371756716,0.018518518518518517,0.043478260869565216,0.9814814814814815,0.5124798711755234,0.5,0.9782608695652174,0.5,0.021739130434782594,0.47,0.03,0.5603864734299517
mlp,6,6,7,0.3,fixed horizon 148,195,58,137,1.0534354371756716,0.018518518518518517,0.043478260869565216,0.9814814814814815,0.5124798711755234,0.33783783783783783,0.9712103407755582,0.6621621621621622,0.028789659224441766,0.31756756756756754,0.03,0.5998389694041868
mlp,6,6,8,0.01,fixed horizon 50,195,58,137,1.0000248202541695,0.0,0.0,1.0,0.5,,1.0,,0.0,,0.0,0.6195652173913043
mlp,6,6,8,0.01,fixed horizon 100,195,58,137,1.0000248202541695,0.0,0.0,1.0,0.5,,1.0,,0.0,,0.0,0.5603864734299517
mlp,6,6,8,0.01,fixed horizon 148,195,58,137,1.0000248202541695,0.0,0.0,1.0,0.5,,1.0,,0.0,,0.0,0.5998389694041868
mlp,6,6,8,0.025,fixed horizon 50,195,58,137,0.9999964388420249,0.0,0.0,1.0,0.5,,1.0,,0.0,,0.0,0.6195652173913043
mlp,6,6,8,0.025,fixed horizon 100,195,58,137,0.9999964388420249,0.0,0.0,1.0,0.5,,1.0,,0.0,,0.0,0.5603864734299517
mlp,6,6,8,0.025,fixed horizon 148,195,58,137,0.9999964388420249,0.0,0.0,1.0,0.5,,1.0,,0.0,,0.0,0.5998389694041868
mlp,6,6,8,0.05,fixed horizon 50,195,58,137,0.9999865834824675,0.0,0.0,1.0,0.5,,1.0,,0.0,,0.0,0.6195652173913043
mlp,6,6,8,0.05,fixed horizon 100,195,58,137,0.9999865834824675,0.0,0.0,1.0,0.5,,1.0,,0.0,,0.0,0.5603864734299517
mlp,6,6,8,0.05,fixed horizon 148,195,58,137,0.9999865834824675,0.0,0.0,1.0,0.5,,1.0,,0.0,,0.0,0.5998389694041868
mlp,6,6,8,0.075,fixed horizon 50,195,58,137,0.999958701122006,0.0,0.0,1.0,0.5,,1.0,,0.0,,0.0,0.6195652173913043
mlp,6,6,8,0.075,fixed horizon 100,195,58,137,0.999958701122006,0.0,0.0,1.0,0.5,,1.0,,0.0,,0.0,0.5603864734299517
mlp,6,6,8,0.075,fixed horizon 148,195,58,137,0.999958701122006,0.0,0.0,1.0,0.5,,1.0,,0.0,,0.0,0.5998389694041868
mlp,6,6,8,0.1,fixed horizon 50,195,58,137,0.9999788429087392,0.0,0.021739130434782608,1.0,0.5108695652173914,0.52,0.9895652173913042,0.48,0.010434782608695792,,0.01,0.6195652173913043
mlp,6,6,8,0.1,fixed horizon 100,195,58,137,0.999829172593171,0.0,0.0,1.0,0.5,,1.0,,0.0,,0.0,0.5603864734299517
mlp,6,6,8,0.1,fixed horizon 148,195,58,137,0.9998594314444297,0.0,0.0,1.0,0.5,,1.0,,0.0,,0.0,0.5998389694041868
mlp,6,6,8,0.15,fixed horizon 50,195,58,137,0.9998032189167757,0.0,0.021739130434782608,1.0,0.5108695652173914,0.52,0.9895652173913042,0.48,0.010434782608695792,,0.01,0.6195652173913043
mlp,6,6,8,0.15,fixed horizon 100,195,58,137,0.9998032189167757,0.0,0.021739130434782608,1.0,0.5108695652173914,0.26,0.9839130434782608,0.74,0.016086956521739193,,0.01,0.5603864734299517
mlp,6,6,8,0.15,fixed horizon 148,195,58,137,1.0020698338045437,0.0,0.0,1.0,0.5,,1.0,,0.0,,0.0,0.5998389694041868
mlp,6,6,8,0.2,fixed horizon 50,195,58,137,1.0018962447733215,0.0,0.021739130434782608,1.0,0.5108695652173914,0.54,0.99,0.45999999999999996,0.010000000000000009,,0.01,0.6195652173913043
mlp,6,6,8,0.2,fixed horizon 100,195,58,137,1.0063749230353387,0.0,0.021739130434782608,1.0,0.5108695652173914,0.3,0.9847826086956522,0.7,0.01521739130434785,,0.01,0.5603864734299517
mlp,6,6,8,0.2,fixed horizon 148,195,58,137,1.0077702429006334,0.0,0.0,1.0,0.5,,1.0,,0.0,,0.0,0.5998389694041868
mlp,6,6,8,0.3,fixed horizon 50,195,58,137,1.1941320511441842,0.018518518518518517,0.021739130434782608,0.9814814814814815,0.501610305958132,0.8,0.9956521739130434,0.19999999999999996,0.004347826086956608,0.8,0.02,0.6195652173913043
mlp,6,6,8,0.3,fixed horizon 100,195,58,137,1.2080373422001398,0.018518518518518517,0.021739130434782608,0.9814814814814815,0.501610305958132,0.41,0.9871739130434782,0.5900000000000001,0.012826086956521765,0.44,0.02,0.5603864734299517
mlp,6,6,8,0.3,fixed horizon 148,195,58,137,1.2080373422001398,0.018518518518518517,0.021739130434782608,0.9814814814814815,0.501610305958132,0.27702702702702703,0.984283196239718,0.722972972972973,0.01571680376028195,0.2972972972972973,0.02,0.5998389694041868
mlp,6,6,9,0.01,fixed horizon 50,195,58,137,1.0000413554353402,0.0,0.0,1.0,0.5,,1.0,,0.0,,0.0,0.6195652173913043
mlp,6,6,9,0.01,fixed horizon 100,195,58,137,1.0000512117432947,0.0,0.0,1.0,0.5,,1.0,,0.0,,0.0,0.5603864734299517
mlp,6,6,9,0.01,fixed horizon 148,195,58,137,1.0007486509628805,0.0,0.0,1.0,0.5,,1.0,,0.0,,0.0,0.5998389694041868
mlp,6,6,9,0.025,fixed horizon 50,195,58,137,1.000015790356104,0.0,0.0,1.0,0.5,,1.0,,0.0,,0.0,0.6195652173913043
mlp,6,6,9,0.025,fixed horizon 100,195,58,137,1.000040952878905,0.0,0.0,1.0,0.5,,1.0,,0.0,,0.0,0.5603864734299517
mlp,6,6,9,0.025,fixed horizon 148,195,58,137,1.0003512511152477,0.0,0.0,1.0,0.5,,1.0,,0.0,,0.0,0.5998389694041868
mlp,6,6,9,0.05,fixed horizon 50,195,58,137,0.9999741431045356,0.0,0.0,1.0,0.5,,1.0,,0.0,,0.0,0.6195652173913043
mlp,6,6,9,0.05,fixed horizon 100,195,58,137,1.0000452659835692,0.0,0.0,1.0,0.5,,1.0,,0.0,,0.0,0.5603864734299517
mlp,6,6,9,0.05,fixed horizon 148,195,58,137,1.0000587477967529,0.0,0.0,1.0,0.5,,1.0,,0.0,,0.0,0.5998389694041868
mlp,6,6,9,0.075,fixed horizon 50,195,58,137,0.9998137613914401,0.0,0.0,1.0,0.5,,1.0,,0.0,,0.0,0.6195652173913043
mlp,6,6,9,0.075,fixed horizon 100,195,58,137,1.0002646715827481,0.0,0.0,1.0,0.5,,1.0,,0.0,,0.0,0.5603864734299517
mlp,6,6,9,0.075,fixed horizon 148,195,58,137,1.0000324909783251,0.0,0.0,1.0,0.5,,1.0,,0.0,,0.0,0.5998389694041868
mlp,6,6,9,0.1,fixed horizon 50,195,58,137,0.9998920453943928,0.0,0.021739130434782608,1.0,0.5108695652173914,0.52,0.9895652173913042,0.48,0.010434782608695792,,0.01,0.6195652173913043
mlp,6,6,9,0.1,fixed horizon 100,195,58,137,1.0000092058197985,0.0,0.0,1.0,0.5,,1.0,,0.0,,0.0,0.5603864734299517
mlp,6,6,9,0.1,fixed horizon 148,195,58,137,1.000054001080729,0.0,0.0,1.0,0.5,,1.0,,0.0,,0.0,0.5998389694041868
mlp,6,6,9,0.15,fixed horizon 50,195,58,137,0.9998878651571167,0.0,0.021739130434782608,1.0,0.5108695652173914,0.52,0.9895652173913042,0.48,0.010434782608695792,,0.01,0.6195652173913043
mlp,6,6,9,0.15,fixed horizon 100,195,58,137,0.9999395162907685,0.0,0.0,1.0,0.5,,1.0,,0.0,,0.0,0.5603864734299517
mlp,6,6,9,0.15,fixed horizon 148,195,58,137,0.9998952020405475,0.0,0.0,1.0,0.5,,1.0,,0.0,,0.0,0.5998389694041868
mlp,6,6,9,0.2,fixed horizon 50,195,58,137,1.0002762905182354,0.0,0.021739130434782608,1.0,0.5108695652173914,0.54,0.99,0.45999999999999996,0.010000000000000009,,0.01,0.6195652173913043
mlp,6,6,9,0.2,fixed horizon 100,195,58,137,1.0000324909783251,0.0,0.0,1.0,0.5,,1.0,,0.0,,0.0,0.5603864734299517
mlp,6,6,9,0.2,fixed horizon 148,195,58,137,1.0000324909783251,0.0,0.0,1.0,0.5,,1.0,,0.0,,0.0,0.5998389694041868
mlp,6,6,9,0.3,fixed horizon 50,195,58,137,1.0159644366907,0.018518518518518517,0.043478260869565216,0.9814814814814815,0.5124798711755234,0.97,0.998695652173913,0.030000000000000027,0.0013043478260870156,0.92,0.03,0.6195652173913043
mlp,6,6,9,0.3,fixed horizon 100,195,58,137,1.0536936185414476,0.037037037037037035,0.06521739130434782,0.9629629629629629,0.5140901771336553,0.5933333333333333,0.9734782608695652,0.40666666666666673,0.026521739130434763,0.6,0.05,0.5603864734299517
mlp,6,6,9,0.3,fixed horizon 148,195,58,137,1.0536936185414476,0.037037037037037035,0.06521739130434782,0.9629629629629629,0.5140901771336553,0.40090090090090086,0.9609283196239717,0.5990990990990992,0.03907168037602826,0.40540540540540543,0.05,0.5998389694041868
mlp,7,7,0,0.01,fixed horizon 50,194,58,136,0.9044321937488612,0.0,0.0,1.0,0.5,,1.0,,0.0,,0.0,0.5701415701415702
mlp,7,7,0,0.01,fixed horizon 100,194,58,136,0.9264732968749898,0.0,0.0,1.0,0.5,,1.0,,0.0,,0.0,0.7112827112827113
mlp,7,7,0,0.01,fixed horizon 148,194,58,136,0.9494708579964403,0.0,0.0,1.0,0.5,,1.0,,0.0,,0.0,0.7932217932217932
mlp,7,7,0,0.025,fixed horizon 50,194,58,136,0.9044300823759319,0.0,0.0,1.0,0.5,,1.0,,0.0,,0.0,0.5701415701415702
mlp,7,7,0,0.025,fixed horizon 100,194,58,136,0.9247640211606268,0.0,0.0,1.0,0.5,,1.0,,0.0,,0.0,0.7112827112827113
mlp,7,7,0,0.025,fixed horizon 148,194,58,136,0.9366569863504529,0.0,0.0,1.0,0.5,,1.0,,0.0,,0.0,0.7932217932217932
mlp,7,7,0,0.05,fixed horizon 50,194,58,136,0.9044237255542094,0.0,0.0,1.0,0.5,,1.0,,0.0,,0.0,0.5701415701415702
mlp,7,7,0,0.05,fixed horizon 100,194,58,136,0.9179090295418398,0.0,0.0,1.0,0.5,,1.0,,0.0,,0.0,0.7112827112827113
mlp,7,7,0,0.05,fixed horizon 148,194,58,136,0.9288845737898049,0.0,0.0,1.0,0.5,,1.0,,0.0,,0.0,0.7932217932217932
mlp,7,7,0,0.075,fixed horizon 50,194,58,136,0.9044028104755956,0.0,0.0,1.0,0.5,,1.0,,0.0,,0.0,0.5701415701415702
mlp,7,7,0,0.075,fixed horizon 100,194,58,136,0.9174738423786564,0.0,0.0,1.0,0.5,,1.0,,0.0,,0.0,0.7112827112827113
mlp,7,7,0,0.075,fixed horizon 148,194,58,136,0.9231547608020669,0.0,0.0,1.0,0.5,,1.0,,0.0,,0.0,0.7932217932217932
mlp,7,7,0,0.1,fixed horizon 50,194,58,136,0.9042926161061824,0.0,0.05405405405405406,1.0,0.527027027027027,0.0,0.9459459459459459,1.0,0.05405405405405406,,0.02,0.5701415701415702
mlp,7,7,0,0.1,fixed horizon 100,194,58,136,0.9044412808890684,0.0,0.0,1.0,0.5,,1.0,,0.0,,0.0,0.7112827112827113
mlp,7,7,0,0.1,fixed horizon 148,194,58,136,0.9044296283172375,0.0,0.0,1.0,0.5,,1.0,,0.0,,0.0,0.7932217932217932
mlp,7,7,0,0.15,fixed horizon 50,194,58,136,0.9041533586973978,0.0,0.05405405405405406,1.0,0.527027027027027,0.0,0.9459459459459459,1.0,0.05405405405405406,,0.02,0.5701415701415702
mlp,7,7,0,0.15,fixed horizon 100,194,58,136,0.9043043402326298,0.0,0.05405405405405406,1.0,0.527027027027027,0.0,0.9459459459459459,1.0,0.05405405405405406,,0.02,0.7112827112827113
mlp,7,7,0,0.15,fixed horizon 148,194,58,136,0.904427772414615,0.0,0.02702702702702703,1.0,0.5135135135135135,0.722972972972973,0.9925127830533235,0.277027027027027,0.007487216946676534,,0.01,0.7932217932217932
mlp,7,7,0,0.2,fixed horizon 50,194,58,136,0.9032414913647272,0.0,0.05405405405405406,1.0,0.527027027027027,0.0,0.9459459459459459,1.0,0.05405405405405406,,0.02,0.5701415701415702
mlp,7,7,0,0.2,fixed horizon 100,194,58,136,0.9042682412147794,0.0,0.05405405405405406,1.0,0.527027027027027,0.0,0.9459459459459459,1.0,0.05405405405405406,,0.02,0.7112827112827113
mlp,7,7,0,0.2,fixed horizon 148,194,58,136,0.9042156099040833,0.0,0.05405405405405406,1.0,0.527027027027027,0.0,0.9459459459459459,1.0,0.05405405405405406,,0.02,0.7932217932217932
mlp,7,7,0,0.3,fixed horizon 50,194,58,136,0.8692295821186442,0.015873015873015872,0.10810810810810811,0.9841269841269841,0.546117546117546,0.0,0.8918918918918919,1.0,0.10810810810810811,0.0,0.05,0.5701415701415702
mlp,7,7,0,0.3,fixed horizon 100,194,58,136,0.8612865849600202,0.015873015873015872,0.10810810810810811,0.9841269841269841,0.546117546117546,0.0,0.8918918918918919,1.0,0.10810810810810811,0.0,0.05,0.7112827112827113
mlp,7,7,0,0.3,fixed horizon 148,194,58,136,0.8663431904210713,0.015873015873015872,0.10810810810810811,0.9841269841269841,0.546117546117546,0.0,0.8918918918918919,1.0,0.10810810810810811,0.0,0.05,0.7932217932217932
mlp,7,7,1,0.01,fixed horizon 50,194,58,136,1.002356554488775,0.0,0.0,1.0,0.5,,1.0,,0.0,,0.0,0.5701415701415702
mlp,7,7,1,0.01,fixed horizon 100,194,58,136,1.002356554488775,0.0,0.0,1.0,0.5,,1.0,,0.0,,0.0,0.7112827112827113
mlp,7,7,1,0.01,fixed horizon 148,194,58,136,1.002356554488775,0.0,0.0,1.0,0.5,,1.0,,0.0,,0.0,0.7932217932217932
mlp,7,7,1,0.025,fixed horizon 50,194,58,136,1.0022903004296664,0.0,0.0,1.0,0.5,,1.0,,0.0,,0.0,0.5701415701415702
mlp,7,7,1,0.025,fixed horizon 100,194,58,136,1.0022903004296664,0.0,0.0,1.0,0.5,,1.0,,0.0,,0.0,0.7112827112827113
mlp,7,7,1,0.025,fixed horizon 148,194,58,136,1.0022903004296664,0.0,0.0,1.0,0.5,,1.0,,0.0,,0.0,0.7932217932217932
mlp,7,7,1,0.05,fixed horizon 50,194,58,136,1.0015848245470023,0.0,0.0,1.0,0.5,,1.0,,0.0,,0.0,0.5701415701415702
mlp,7,7,1,0.05,fixed horizon 100,194,58,136,1.0037716954738278,0.0,0.0,1.0,0.5,,1.0,,0.0,,0.0,0.7112827112827113
mlp,7,7,1,0.05,fixed horizon 148,194,58,136,1.0072796617610704,0.0,0.0,1.0,0.5,,1.0,,0.0,,0.0,0.7932217932217932
mlp,7,7,1,0.075,fixed horizon 50,194,58,136,1.0011509943625811,0.0,0.0,1.0,0.5,,1.0,,0.0,,0.0,0.5701415701415702
mlp,7,7,1,0.075,fixed horizon 100,194,58,136,1.007593970087337,0.0,0.0,1.0,0.5,,1.0,,0.0,,0.0,0.7112827112827113
mlp,7,7,1,0.075,fixed horizon 148,194,58,136,1.0056728712214595,0.0,0.0,1.0,0.5,,1.0,,0.0,,0.0,0.7932217932217932
mlp,7,7,1,0.1,fixed horizon 50,194,58,136,1.0004341610166678,0.0,0.0,1.0,0.5,,1.0,,0.0,,0.0,0.5701415701415702
mlp,7,7,1,0.1,fixed horizon 100,194,58,136,1.00516925853292,0.0,0.0,1.0,0.5,,1.0,,0.0,,0.0,0.7112827112827113
mlp,7,7,1,0.1,fixed horizon 148,194,58,136,1.005564277692734,0.0,0.0,1.0,0.5,,1.0,,0.0,,0.0,0.7932217932217932
mlp,7,7,1,0.15,fixed horizon 50,194,58,136,1.0101466445535447,0.0,0.02702702702702703,1.0,0.5135135135135135,0.46,0.9854054054054054,0.54,0.014594594594594557,,0.01,0.5701415701415702
mlp,7,7,1,0.15,fixed horizon 100,194,58,136,1.0101466445535447,0.0,0.02702702702702703,1.0,0.5135135135135135,0.23,0.9791891891891893,0.77,0.02081081081081071,,0.01,0.7112827112827113
mlp,7,7,1,0.15,fixed horizon 148,194,58,136,1.011858796217985,0.0,0.05405405405405406,1.0,0.527027027027027,0.4966216216216216,0.9727903579254931,0.5033783783783784,0.027209642074506935,,0.02,0.7932217932217932
mlp,7,7,1,0.2,fixed horizon 50,194,58,136,0.999963533361136,0.0,0.02702702702702703,1.0,0.5135135135135135,0.42,0.9843243243243244,0.5800000000000001,0.015675675675675627,,0.01,0.5701415701415702
mlp,7,7,1,0.2,fixed horizon 100,194,58,136,1.0000191093882727,0.0,0.05405405405405406,1.0,0.527027027027027,0.51,0.9735135135135135,0.49,0.02648648648648655,,0.02,0.7112827112827113
mlp,7,7,1,0.2,fixed horizon 148,194,58,136,1.011914768045891,0.0,0.05405405405405406,1.0,0.527027027027027,0.40202702702702703,0.9676771365960556,0.597972972972973,0.03232286340394441,,0.02,0.7932217932217932
mlp,7,7,1,0.3,fixed horizon 50,194,58,136,1.040031364391953,0.0,0.05405405405405406,1.0,0.527027027027027,0.63,0.98,0.37,0.020000000000000018,,0.02,0.5701415701415702
mlp,7,7,1,0.3,fixed horizon 100,194,58,136,1.072938343449258,0.0,0.08108108108108109,1.0,0.5405405405405406,0.65,0.9716216216216217,0.35,0.02837837837837831,,0.03,0.7112827112827113
mlp,7,7,1,0.3,fixed horizon 148,194,58,136,1.1133058676202927,0.0,0.05405405405405406,1.0,0.527027027027027,0.4054054054054054,0.9678597516435353,0.5945945945945946,0.032140248356464673,,0.02,0.7932217932217932
mlp,7,7,2,0.01,fixed horizon 50,194,58,136,1.0001115020687477,0.0,0.0,1.0,0.5,,1.0,,0.0,,0.0,0.5701415701415702
mlp,7,7,2,0.01,fixed horizon 100,194,58,136,1.0001469900134838,0.0,0.0,1.0,0.5,,1.0,,0.0,,0.0,0.7112827112827113
mlp,7,7,2,0.01,fixed horizon 148,194,58,136,1.0198778573795972,0.0,0.0,1.0,0.5,,1.0,,0.0,,0.0,0.7932217932217932
mlp,7,7,2,0.025,fixed horizon 50,194,58,136,1.0000559028771057,0.0,0.0,1.0,0.5,,1.0,,0.0,,0.0,0.5701415701415702
mlp,7,7,2,0.025,fixed horizon 100,194,58,136,1.0000684831516897,0.0,0.0,1.0,0.5,,1.0,,0.0,,0.0,0.7112827112827113
mlp,7,7,2,0.025,fixed horizon 148,194,58,136,1.0184592079250439,0.0,0.0,1.0,0.5,,1.0,,0.0,,0.0,0.7932217932217932
mlp,7,7,2,0.05,fixed horizon 50,194,58,136,1.0000069767826059,0.0,0.0,1.0,0.5,,1.0,,0.0,,0.0,0.5701415701415702
mlp,7,7,2,0.05,fixed horizon 100,194,58,136,1.0000396093841508,0.0,0.0,1.0,0.5,,1.0,,0.0,,0.0,0.7112827112827113
mlp,7,7,2,0.05,fixed horizon 148,194,58,136,1.0105554992996038,0.0,0.0,1.0,0.5,,1.0,,0.0,,0.0,0.7932217932217932
mlp,7,7,2,0.075,fixed horizon 50,194,58,136,0.9999825951775105,0.0,0.0,1.0,0.5,,1.0,,0.0,,0.0,0.5701415701415702
mlp,7,7,2,0.075,fixed horizon 100,194,58,136,1.002459715161962,0.0,0.0,1.0,0.5,,1.0,,0.0,,0.0,0.7112827112827113
mlp,7,7,2,0.075,fixed horizon 148,194,58,136,1.0202082918383302,0.0,0.0,1.0,0.5,,1.0,,0.0,,0.0,0.7932217932217932
mlp,7,7,2,0.1,fixed horizon 50,194,58,136,1.0001889543846096,0.0,0.0,1.0,0.5,,1.0,,0.0,,0.0,0.5701415701415702
mlp,7,7,2,0.1,fixed horizon 100,194,58,136,1.0098969684451906,0.0,0.0,1.0,0.5,,1.0,,0.0,,0.0,0.7112827112827113
mlp,7,7,2,0.1,fixed horizon 148,194,58,136,1.0119718767653956,0.0,0.0,1.0,0.5,,1.0,,0.0,,0.0,0.7932217932217932
mlp,7,7,2,0.15,fixed horizon 50,194,58,136,1.0001759063226603,0.0,0.0,1.0,0.5,,1.0,,0.0,,0.0,0.5701415701415702
mlp,7,7,2,0.15,fixed horizon 100,194,58,136,1.00029994444654,0.0,0.02702702702702703,1.0,0.5135135135135135,0.86,0.9962162162162163,0.14,0.003783783783783745,,0.01,0.7112827112827113
mlp,7,7,2,0.15,fixed horizon 148,194,58,136,1.0150801994302205,0.0,0.02702702702702703,1.0,0.5135135135135135,0.722972972972973,0.9925127830533235,0.277027027027027,0.007487216946676534,,0.01,0.7932217932217932
mlp,7,7,2,0.2,fixed horizon 50,194,58,136,1.0000542035924225,0.0,0.0,1.0,0.5,,1.0,,0.0,,0.0,0.5701415701415702
mlp,7,7,2,0.2,fixed horizon 100,194,58,136,0.9999848037479814,0.0,0.02702702702702703,1.0,0.5135135135135135,0.83,0.9954054054054053,0.17000000000000004,0.004594594594594659,,0.01,0.7112827112827113
mlp,7,7,2,0.2,fixed horizon 148,194,58,136,0.9999848037479814,0.0,0.02702702702702703,1.0,0.5135135135135135,0.581081081081081,0.9886778670562454,0.41891891891891897,0.011322132943754615,,0.01,0.7932217932217932
mlp,7,7,2,0.3,fixed horizon 50,194,58,136,1.0177882664955251,0.015873015873015872,0.08108108108108109,0.9841269841269841,0.5326040326040326,0.12,0.9286486486486486,0.88,0.0713513513513514,0.12,0.04,0.5701415701415702
mlp,7,7,2,0.3,fixed horizon 100,194,58,136,0.9982571867264354,0.0,0.05405405405405406,1.0,0.527027027027027,0.0,0.9459459459459459,1.0,0.05405405405405406,,0.02,0.7112827112827113
mlp,7,7,2,0.3,fixed horizon 148,194,58,136,1.008867916155256,0.0,0.08108108108108109,1.0,0.5405405405405406,0.5382882882882883,0.9625639152666179,0.46171171171171166,0.03743608473338211,,0.03,0.7932217932217932
mlp,7,7,3,0.01,fixed horizon 50,194,58,136,1.0000194755065457,0.0,0.0,1.0,0.5,,1.0,,0.0,,0.0,0.5701415701415702
mlp,7,7,3,0.01,fixed horizon 100,194,58,136,1.0000425136673625,0.0,0.0,1.0,0.5,,1.0,,0.0,,0.0,0.7112827112827113
mlp,7,7,3,0.01,fixed horizon 148,194,58,136,1.0009498507900092,0.0,0.0,1.0,0.5,,1.0,,0.0,,0.0,0.7932217932217932
mlp,7,7,3,0.025,fixed horizon 50,194,58,136,1.0000074648723318,0.0,0.0,1.0,0.5,,1.0,,0.0,,0.0,0.5701415701415702
mlp,7,7,3,0.025,fixed horizon 100,194,58,136,1.000024279723593,0.0,0.0,1.0,0.5,,1.0,,0.0,,0.0,0.7112827112827113
mlp,7,7,3,0.025,fixed horizon 148,194,58,136,1.0000419405508942,0.0,0.0,1.0,0.5,,1.0,,0.0,,0.0,0.7932217932217932
mlp,7,7,3,0.05,fixed horizon 50,194,58,136,0.9999885718472292,0.0,0.0,1.0,0.5,,1.0,,0.0,,0.0,0.5701415701415702
mlp,7,7,3,0.05,fixed horizon 100,194,58,136,1.0000294293567698,0.0,0.0,1.0,0.5,,1.0,,0.0,,0.0,0.7112827112827113
mlp,7,7,3,0.05,fixed horizon 148,194,58,136,0.9999923804846924,0.0,0.0,1.0,0.5,,1.0,,0.0,,0.0,0.7932217932217932
mlp,7,7,3,0.075,fixed horizon 50,194,58,136,1.0000174145498597,0.0,0.0,1.0,0.5,,1.0,,0.0,,0.0,0.5701415701415702
mlp,7,7,3,0.075,fixed horizon 100,194,58,136,1.0028573593479313,0.0,0.0,1.0,0.5,,1.0,,0.0,,0.0,0.7112827112827113
mlp,7,7,3,0.075,fixed horizon 148,194,58,136,1.0032607713606803,0.0,0.0,1.0,0.5,,1.0,,0.0,,0.0,0.7932217932217932
mlp,7,7,3,0.1,fixed horizon 50,194,58,136,1.002234431983259,0.0,0.0,1.0,0.5,,1.0,,0.0,,0.0,0.5701415701415702
mlp,7,7,3,0.1,fixed horizon 100,194,58,136,1.0119054962934753,0.0,0.0,1.0,0.5,,1.0,,0.0,,0.0,0.7112827112827113
mlp,7,7,3,0.1,fixed horizon 148,194,58,136,1.0043399634243808,0.0,0.0,1.0,0.5,,1.0,,0.0,,0.0,0.7932217932217932
mlp,7,7,3,0.15,fixed horizon 50,194,58,136,1.013824825782275,0.0,0.0,1.0,0.5,,1.0,,0.0,,0.0,0.5701415701415702
mlp,7,7,3,0.15,fixed horizon 100,194,58,136,1.0391802795261937,0.0,0.0,1.0,0.5,,1.0,,0.0,,0.0,0.7112827112827113
mlp,7,7,3,0.15,fixed horizon 148,194,58,136,1.0391802795261937,0.0,0.0,1.0,0.5,,1.0,,0.0,,0.0,0.7932217932217932
mlp,7,7,3,0.2,fixed horizon 50,194,58,136,1.086695246652047,0.0,0.0,1.0,0.5,,1.0,,0.0,,0.0,0.5701415701415702
mlp,7,7,3,0.2,fixed horizon 100,194,58,136,1.1322666412409692,0.0,0.02702702702702703,1.0,0.5135135135135135,0.68,0.9913513513513513,0.31999999999999995,0.008648648648648671,,0.01,0.7112827112827113
mlp,7,7,3,0.2,fixed horizon 148,194,58,136,1.0522134060251696,0.0,0.02702702702702703,1.0,0.5135135135135135,0.6756756756756757,0.9912344777209643,0.32432432432432434,0.008765522279035709,,0.01,0.7932217932217932
mlp,7,7,3,0.3,fixed horizon 50,194,58,136,1.0396179320260117,0.0,0.05405405405405406,1.0,0.527027027027027,0.48,0.971891891891892,0.52,0.028108108108108043,,0.02,0.5701415701415702
mlp,7,7,3,0.3,fixed horizon 100,194,58,136,0.9998820963081844,0.0,0.05405405405405406,1.0,0.527027027027027,0.0,0.9459459459459459,1.0,0.05405405405405406,,0.02,0.7112827112827113
mlp,7,7,3,0.3,fixed horizon 148,194,58,136,1.0150917076090729,0.0,0.05405405405405406,1.0,0.527027027027027,0.21283783783783783,0.9574506939371805,0.7871621621621622,0.04254930606281948,,0.02,0.7932217932217932
mlp,7,7,4,0.01,fixed horizon 50,194,58,136,1.000285103706616,0.0,0.0,1.0,0.5,,1.0,,0.0,,0.0,0.5701415701415702
mlp,7,7,4,0.01,fixed horizon 100,194,58,136,1.000285103706616,0.0,0.0,1.0,0.5,,1.0,,0.0,,0.0,0.7112827112827113
mlp,7,7,4,0.01,fixed horizon 148,194,58,136,1.0010078333974874,0.0,0.0,1.0,0.5,,1.0,,0.0,,0.0,0.7932217932217932
mlp,7,7,4,0.025,fixed horizon 50,194,58,136,1.0002460399745954,0.0,0.0,1.0,0.5,,1.0,,0.0,,0.0,0.5701415701415702
mlp,7,7,4,0.025,fixed horizon 100,194,58,136,1.0002460399745954,0.0,0.0,1.0,0.5,,1.0,,0.0,,0.0,0.7112827112827113
mlp,7,7,4,0.025,fixed horizon 148,194,58,136,1.00025389598599,0.0,0.0,1.0,0.5,,1.0,,0.0,,0.0,0.7932217932217932
mlp,7,7,4,0.05,fixed horizon 50,194,58,136,1.0004095217845177,0.0,0.0,1.0,0.5,,1.0,,0.0,,0.0,0.5701415701415702
mlp,7,7,4,0.05,fixed horizon 100,194,58,136,1.0004095217845177,0.0,0.0,1.0,0.5,,1.0,,0.0,,0.0,0.7112827112827113
mlp,7,7,4,0.05,fixed horizon 148,194,58,136,1.0001595384578288,0.0,0.0,1.0,0.5,,1.0,,0.0,,0.0,0.7932217932217932
mlp,7,7,4,0.075,fixed horizon 50,194,58,136,1.0032093662233428,0.0,0.0,1.0,0.5,,1.0,,0.0,,0.0,0.5701415701415702
mlp,7,7,4,0.075,fixed horizon 100,194,58,136,1.0038237860821344,0.0,0.0,1.0,0.5,,1.0,,0.0,,0.0,0.7112827112827113
mlp,7,7,4,0.075,fixed horizon 148,194,58,136,1.000485898512082,0.0,0.0,1.0,0.5,,1.0,,0.0,,0.0,0.7932217932217932
mlp,7,7,4,0.1,fixed horizon 50,194,58,136,1.01149675140686,0.0,0.0,1.0,0.5,,1.0,,0.0,,0.0,0.5701415701415702
mlp,7,7,4,0.1,fixed horizon 100,194,58,136,1.0170755271700669,0.0,0.0,1.0,0.5,,1.0,,0.0,,0.0,0.7112827112827113
mlp,7,7,4,0.1,fixed horizon 148,194,58,136,1.004999847490911,0.0,0.0,1.0,0.5,,1.0,,0.0,,0.0,0.7932217932217932
mlp,7,7,4,0.15,fixed horizon 50,194,58,136,1.0226202084643243,0.0,0.02702702702702703,1.0,0.5135135135135135,0.46,0.9854054054054054,0.54,0.014594594594594557,,0.01,0.5701415701415702
mlp,7,7,4,0.15,fixed horizon 100,194,58,136,1.0666491558223594,0.0,0.02702702702702703,1.0,0.5135135135135135,0.89,0.9970270270270271,0.10999999999999999,0.0029729729729729426,,0.01,0.7112827112827113
mlp,7,7,4,0.15,fixed horizon 148,194,58,136,1.1167593129816016,0.0,0.02702702702702703,1.0,0.5135135135135135,0.9527027027027027,0.9987216946676406,0.04729729729729726,0.0012783053323593974,,0.01,0.7932217932217932
mlp,7,7,4,0.2,fixed horizon 50,194,58,136,1.0529237383410583,0.0,0.0,1.0,0.5,,1.0,,0.0,,0.0,0.5701415701415702
mlp,7,7,4,0.2,fixed horizon 100,194,58,136,1.2857960636113652,0.0,0.02702702702702703,1.0,0.5135135135135135,0.92,0.9978378378378379,0.07999999999999996,0.00216216216216214,,0.01,0.7112827112827113
mlp,7,7,4,0.2,fixed horizon 148,194,58,136,1.2859827213119397,0.0,0.02702702702702703,1.0,0.5135135135135135,0.6216216216216216,0.9897735573411249,0.3783783783783784,0.010226442658875068,,0.01,0.7932217932217932
mlp,7,7,4,0.3,fixed horizon 50,194,58,136,1.0263268834427783,0.0,0.05405405405405406,1.0,0.527027027027027,0.48,0.971891891891892,0.52,0.028108108108108043,,0.02,0.5701415701415702
mlp,7,7,4,0.3,fixed horizon 100,194,58,136,1.0127313205188904,0.0,0.05405405405405406,1.0,0.527027027027027,0.39,0.967027027027027,0.61,0.03297297297297297,,0.02,0.7112827112827113
mlp,7,7,4,0.3,fixed horizon 148,194,58,136,1.0434355176693582,0.0,0.08108108108108109,1.0,0.5405405405405406,0.5743243243243242,0.9654857560262966,0.42567567567567577,0.034514243973703396,,0.03,0.7932217932217932
mlp,7,7,5,0.01,fixed horizon 50,194,58,136,1.0001212264561248,0.0,0.0,1.0,0.5,,1.0,,0.0,,0.0,0.5701415701415702
mlp,7,7,5,0.01,fixed horizon 100,194,58,136,1.0007265407160968,0.0,0.0,1.0,0.5,,1.0,,0.0,,0.0,0.7112827112827113
mlp,7,7,5,0.01,fixed horizon 148,194,58,136,1.0007559258861014,0.0,0.0,1.0,0.5,,1.0,,0.0,,0.0,0.7932217932217932
mlp,7,7,5,0.025,fixed horizon 50,194,58,136,1.000057090117446,0.0,0.0,1.0,0.5,,1.0,,0.0,,0.0,0.5701415701415702
mlp,7,7,5,0.025,fixed horizon 100,194,58,136,1.0001521882882627,0.0,0.0,1.0,0.5,,1.0,,0.0,,0.0,0.7112827112827113
mlp,7,7,5,0.025,fixed horizon 148,194,58,136,1.000331543847487,0.0,0.0,1.0,0.5,,1.0,,0.0,,0.0,0.7932217932217932
mlp,7,7,5,0.05,fixed horizon 50,194,58,136,1.0000999666809234,0.0,0.0,1.0,0.5,,1.0,,0.0,,0.0,0.5701415701415702
mlp,7,7,5,0.05,fixed horizon 100,194,58,136,1.0001036527746174,0.0,0.0,1.0,0.5,,1.0,,0.0,,0.0,0.7112827112827113
mlp,7,7,5,0.05,fixed horizon 148,194,58,136,1.0000759138412363,0.0,0.0,1.0,0.5,,1.0,,0.0,,0.0,0.7932217932217932
mlp,7,7,5,0.075,fixed horizon 50,194,58,136,1.0000949237206225,0.0,0.0,1.0,0.5,,1.0,,0.0,,0.0,0.5701415701415702
mlp,7,7,5,0.075,fixed horizon 100,194,58,136,1.0001030890930154,0.0,0.0,1.0,0.5,,1.0,,0.0,,0.0,0.7112827112827113
mlp,7,7,5,0.075,fixed horizon 148,194,58,136,1.0072344626743854,0.0,0.0,1.0,0.5,,1.0,,0.0,,0.0,0.7932217932217932
mlp,7,7,5,0.1,fixed horizon 50,194,58,136,1.0000266166954708,0.0,0.0,1.0,0.5,,1.0,,0.0,,0.0,0.5701415701415702
mlp,7,7,5,0.1,fixed horizon 100,194,58,136,1.0066825525568515,0.0,0.0,1.0,0.5,,1.0,,0.0,,0.0,0.7112827112827113
mlp,7,7,5,0.1,fixed horizon 148,194,58,136,1.002823667601715,0.0,0.0,1.0,0.5,,1.0,,0.0,,0.0,0.7932217932217932
mlp,7,7,5,0.15,fixed horizon 50,194,58,136,0.9999777839538843,0.0,0.02702702702702703,1.0,0.5135135135135135,0.0,0.972972972972973,1.0,0.027027027027026973,,0.01,0.5701415701415702
mlp,7,7,5,0.15,fixed horizon 100,194,58,136,0.999992658896931,0.0,0.0,1.0,0.5,,1.0,,0.0,,0.0,0.7112827112827113
mlp,7,7,5,0.15,fixed horizon 148,194,58,136,1.0000956595524815,0.0,0.02702702702702703,1.0,0.5135135135135135,0.722972972972973,0.9925127830533235,0.277027027027027,0.007487216946676534,,0.01,0.7932217932217932
mlp,7,7,5,0.2,fixed horizon 50,194,58,136,1.0000507184969727,0.0,0.0,1.0,0.5,,1.0,,0.0,,0.0,0.5701415701415702
mlp,7,7,5,0.2,fixed horizon 100,194,58,136,0.9999220356368861,0.0,0.02702702702702703,1.0,0.5135135135135135,0.0,0.972972972972973,1.0,0.027027027027026973,,0.01,0.7112827112827113
mlp,7,7,5,0.2,fixed horizon 148,194,58,136,0.999964006031427,0.0,0.02702702702702703,1.0,0.5135135135135135,0.581081081081081,0.9886778670562454,0.41891891891891897,0.011322132943754615,,0.01,0.7932217932217932
mlp,7,7,5,0.3,fixed horizon 50,194,58,136,1.0128197110055654,0.0,0.05405405405405406,1.0,0.527027027027027,0.4,0.9675675675675675,0.6,0.032432432432432545,,0.02,0.5701415701415702
mlp,7,7,5,0.3,fixed horizon 100,194,58,136,1.0155325699032784,0.0,0.05405405405405406,1.0,0.527027027027027,0.2,0.9567567567567568,0.8,0.043243243243243246,,0.02,0.7112827112827113
mlp,7,7,5,0.3,fixed horizon 148,194,58,136,0.9973145095727469,0.0,0.05405405405405406,1.0,0.527027027027027,0.0,0.9459459459459459,1.0,0.05405405405405406,,0.02,0.7932217932217932
mlp,7,7,6,0.01,fixed horizon 50,194,58,136,1.000090575649385,0.0,0.0,1.0,0.5,,1.0,,0.0,,0.0,0.5701415701415702
mlp,7,7,6,0.01,fixed horizon 100,194,58,136,1.0008253005442607,0.0,0.0,1.0,0.5,,1.0,,0.0,,0.0,0.7112827112827113
mlp,7,7,6,0.01,fixed horizon 148,194,58,136,1.0008360781714647,0.0,0.0,1.0,0.5,,1.0,,0.0,,0.0,0.7932217932217932
mlp,7,7,6,0.025,fixed horizon 50,194,58,136,1.0000368515018812,0.0,0.0,1.0,0.5,,1.0,,0.0,,0.0,0.5701415701415702
mlp,7,7,6,0.025,fixed horizon 100,194,58,136,1.0007754105685311,0.0,0.0,1.0,0.5,,1.0,,0.0,,0.0,0.7112827112827113
mlp,7,7,6,0.025,fixed horizon 148,194,58,136,1.000786723163342,0.0,0.0,1.0,0.5,,1.0,,0.0,,0.0,0.7932217932217932
mlp,7,7,6,0.05,fixed horizon 50,194,58,136,1.0000308916050327,0.0,0.0,1.0,0.5,,1.0,,0.0,,0.0,0.5701415701415702
mlp,7,7,6,0.05,fixed horizon 100,194,58,136,1.0000410800439903,0.0,0.0,1.0,0.5,,1.0,,0.0,,0.0,0.7112827112827113
mlp,7,7,6,0.05,fixed horizon 148,194,58,136,1.0000308916050327,0.0,0.0,1.0,0.5,,1.0,,0.0,,0.0,0.7932217932217932
mlp,7,7,6,0.075,fixed horizon 50,194,58,136,1.000040824766447,0.0,0.0,1.0,0.5,,1.0,,0.0,,0.0,0.5701415701415702
mlp,7,7,6,0.075,fixed horizon 100,194,58,136,1.0000673536605056,0.0,0.0,1.0,0.5,,1.0,,0.0,,0.0,0.7112827112827113
mlp,7,7,6,0.075,fixed horizon 148,194,58,136,1.0264549577543425,0.0,0.0,1.0,0.5,,1.0,,0.0,,0.0,0.7932217932217932
mlp,7,7,6,0.1,fixed horizon 50,194,58,136,1.0000143616842563,0.0,0.0,1.0,0.5,,1.0,,0.0,,0.0,0.5701415701415702
mlp,7,7,6,0.1,fixed horizon 100,194,58,136,1.0002149081477898,0.0,0.0,1.0,0.5,,1.0,,0.0,,0.0,0.7112827112827113
mlp,7,7,6,0.1,fixed horizon 148,194,58,136,1.0302173613824321,0.0,0.0,1.0,0.5,,1.0,,0.0,,0.0,0.7932217932217932
mlp,7,7,6,0.15,fixed horizon 50,194,58,136,1.0229618606481516,0.0,0.02702702702702703,1.0,0.5135135135135135,0.46,0.9854054054054054,0.54,0.014594594594594557,,0.01,0.5701415701415702
mlp,7,7,6,0.15,fixed horizon 100,194,58,136,1.0588550634520677,0.0,0.0,1.0,0.5,,1.0,,0.0,,0.0,0.7112827112827113
mlp,7,7,6,0.15,fixed horizon 148,194,58,136,1.0600493198755576,0.0,0.0,1.0,0.5,,1.0,,0.0,,0.0,0.7932217932217932
mlp,7,7,6,0.2,fixed horizon 50,194,58,136,1.090819504863812,0.0,0.0,1.0,0.5,,1.0,,0.0,,0.0,0.5701415701415702
mlp,7,7,6,0.2,fixed horizon 100,194,58,136,1.0708692245793014,0.0,0.02702702702702703,1.0,0.5135135135135135,0.91,0.9975675675675675,0.08999999999999997,0.0024324324324325186,,0.01,0.7112827112827113
mlp,7,7,6,0.2,fixed horizon 148,194,58,136,1.035654973529821,0.0,0.02702702702702703,1.0,0.5135135135135135,0.9256756756756757,0.997991234477721,0.07432432432432434,0.0020087655222790213,,0.01,0.7932217932217932
mlp,7,7,6,0.3,fixed horizon 50,194,58,136,0.9999655258402069,0.0,0.05405405405405406,1.0,0.527027027027027,0.0,0.9459459459459459,1.0,0.05405405405405406,,0.02,0.5701415701415702
mlp,7,7,6,0.3,fixed horizon 100,194,58,136,0.9978470294023528,0.0,0.05405405405405406,1.0,0.527027027027027,0.0,0.9459459459459459,1.0,0.05405405405405406,,0.02,0.7112827112827113
mlp,7,7,6,0.3,fixed horizon 148,194,58,136,0.9982487292073288,0.0,0.05405405405405406,1.0,0.527027027027027,0.0,0.9459459459459459,1.0,0.05405405405405406,,0.02,0.7932217932217932
mlp,7,7,7,0.01,fixed horizon 50,194,58,136,1.0002093105272798,0.0,0.0,1.0,0.5,,1.0,,0.0,,0.0,0.5701415701415702
mlp,7,7,7,0.01,fixed horizon 100,194,58,136,1.0002128357307625,0.0,0.0,1.0,0.5,,1.0,,0.0,,0.0,0.7112827112827113
mlp,7,7,7,0.01,fixed horizon 148,194,58,136,1.0005019001470006,0.0,0.0,1.0,0.5,,1.0,,0.0,,0.0,0.7932217932217932
mlp,7,7,7,0.025,fixed horizon 50,194,58,136,1.000194345427575,0.0,0.0,1.0,0.5,,1.0,,0.0,,0.0,0.5701415701415702
mlp,7,7,7,0.025,fixed horizon 100,194,58,136,1.0002024755224124,0.0,0.0,1.0,0.5,,1.0,,0.0,,0.0,0.7112827112827113
mlp,7,7,7,0.025,fixed horizon 148,194,58,136,1.0002128130075738,0.0,0.0,1.0,0.5,,1.0,,0.0,,0.0,0.7932217932217932
mlp,7,7,7,0.05,fixed horizon 50,194,58,136,1.0002072858678195,0.0,0.0,1.0,0.5,,1.0,,0.0,,0.0,0.5701415701415702
mlp,7,7,7,0.05,fixed horizon 100,194,58,136,1.0002031861190295,0.0,0.0,1.0,0.5,,1.0,,0.0,,0.0,0.7112827112827113
mlp,7,7,7,0.05,fixed horizon 148,194,58,136,1.0109355637199342,0.0,0.0,1.0,0.5,,1.0,,0.0,,0.0,0.7932217932217932
mlp,7,7,7,0.075,fixed horizon 50,194,58,136,1.0133190887917565,0.0,0.0,1.0,0.5,,1.0,,0.0,,0.0,0.5701415701415702
mlp,7,7,7,0.075,fixed horizon 100,194,58,136,1.0133190887917565,0.0,0.0,1.0,0.5,,1.0,,0.0,,0.0,0.7112827112827113
mlp,7,7,7,0.075,fixed horizon 148,194,58,136,1.0175559068553455,0.0,0.0,1.0,0.5,,1.0,,0.0,,0.0,0.7932217932217932
mlp,7,7,7,0.1,fixed horizon 50,194,58,136,1.0203295941614616,0.0,0.0,1.0,0.5,,1.0,,0.0,,0.0,0.5701415701415702
mlp,7,7,7,0.1,fixed horizon 100,194,58,136,1.031957393077554,0.0,0.0,1.0,0.5,,1.0,,0.0,,0.0,0.7112827112827113
mlp,7,7,7,0.1,fixed horizon 148,194,58,136,1.055696330390551,0.0,0.0,1.0,0.5,,1.0,,0.0,,0.0,0.7932217932217932
mlp,7,7,7,0.15,fixed horizon 50,194,58,136,1.0230974199909224,0.0,0.0,1.0,0.5,,1.0,,0.0,,0.0,0.5701415701415702
mlp,7,7,7,0.15,fixed horizon 100,194,58,136,1.0663451873216987,0.0,0.0,1.0,0.5,,1.0,,0.0,,0.0,0.7112827112827113
mlp,7,7,7,0.15,fixed horizon 148,194,58,136,1.071342398061305,0.0,0.02702702702702703,1.0,0.5135135135135135,0.8716216216216216,0.9965303140978816,0.1283783783783784,0.00346968590211838,,0.01,0.7932217932217932
mlp,7,7,7,0.2,fixed horizon 50,194,58,136,1.1254752259290923,0.0,0.0,1.0,0.5,,1.0,,0.0,,0.0,0.5701415701415702
mlp,7,7,7,0.2,fixed horizon 100,194,58,136,1.1326208773945665,0.0,0.02702702702702703,1.0,0.5135135135135135,0.64,0.9902702702702703,0.36,0.009729729729729741,,0.01,0.7112827112827113
mlp,7,7,7,0.2,fixed horizon 148,194,58,136,1.0731937539317957,0.0,0.02702702702702703,1.0,0.5135135135135135,0.6013513513513513,0.9892257121986853,0.3986486486486487,0.01077428780131473,,0.01,0.7932217932217932
mlp,7,7,7,0.3,fixed horizon 50,194,58,136,1.0084559637253603,0.0,0.05405405405405406,1.0,0.527027027027027,0.41000000000000003,0.9681081081081081,0.59,0.0318918918918919,,0.02,0.5701415701415702
mlp,7,7,7,0.3,fixed horizon 100,194,58,136,0.9997589015887935,0.0,0.05405405405405406,1.0,0.527027027027027,0.0,0.9459459459459459,1.0,0.05405405405405406,,0.02,0.7112827112827113
mlp,7,7,7,0.3,fixed horizon 148,194,58,136,0.9997589015887935,0.0,0.05405405405405406,1.0,0.527027027027027,0.0,0.9459459459459459,1.0,0.05405405405405406,,0.02,0.7932217932217932
mlp,7,7,8,0.01,fixed horizon 50,194,58,136,1.0001805489233986,0.0,0.0,1.0,0.5,,1.0,,0.0,,0.0,0.5701415701415702
mlp,7,7,8,0.01,fixed horizon 100,194,58,136,1.0005349366287484,0.0,0.0,1.0,0.5,,1.0,,0.0,,0.0,0.7112827112827113
mlp,7,7,8,0.01,fixed horizon 148,194,58,136,1.0006172652676701,0.0,0.0,1.0,0.5,,1.0,,0.0,,0.0,0.7932217932217932
mlp,7,7,8,0.025,fixed horizon 50,194,58,136,1.0000819556050307,0.0,0.0,1.0,0.5,,1.0,,0.0,,0.0,0.5701415701415702
mlp,7,7,8,0.025,fixed horizon 100,194,58,136,1.0001703438908986,0.0,0.0,1.0,0.5,,1.0,,0.0,,0.0,0.7112827112827113
mlp,7,7,8,0.025,fixed horizon 148,194,58,136,1.0002322859164412,0.0,0.0,1.0,0.5,,1.0,,0.0,,0.0,0.7932217932217932
mlp,7,7,8,0.05,fixed horizon 50,194,58,136,1.0000868436048678,0.0,0.0,1.0,0.5,,1.0,,0.0,,0.0,0.5701415701415702
mlp,7,7,8,0.05,fixed horizon 100,194,58,136,1.0000699374794872,0.0,0.0,1.0,0.5,,1.0,,0.0,,0.0,0.7112827112827113
mlp,7,7,8,0.05,fixed horizon 148,194,58,136,1.0000699374794872,0.0,0.0,1.0,0.5,,1.0,,0.0,,0.0,0.7932217932217932
mlp,7,7,8,0.075,fixed horizon 50,194,58,136,0.9999948113143117,0.0,0.0,1.0,0.5,,1.0,,0.0,,0.0,0.5701415701415702
mlp,7,7,8,0.075,fixed horizon 100,194,58,136,1.0012275465950387,0.0,0.0,1.0,0.5,,1.0,,0.0,,0.0,0.7112827112827113
mlp,7,7,8,0.075,fixed horizon 148,194,58,136,1.0016236893207198,0.0,0.0,1.0,0.5,,1.0,,0.0,,0.0,0.7932217932217932
mlp,7,7,8,0.1,fixed horizon 50,194,58,136,0.9999791070007751,0.0,0.0,1.0,0.5,,1.0,,0.0,,0.0,0.5701415701415702
mlp,7,7,8,0.1,fixed horizon 100,194,58,136,1.0001038498030488,0.0,0.0,1.0,0.5,,1.0,,0.0,,0.0,0.7112827112827113
mlp,7,7,8,0.1,fixed horizon 148,194,58,136,1.0047735699462006,0.0,0.0,1.0,0.5,,1.0,,0.0,,0.0,0.7932217932217932
mlp,7,7,8,0.15,fixed horizon 50,194,58,136,0.9999884297589893,0.0,0.02702702702702703,1.0,0.5135135135135135,0.02,0.9735135135135135,0.98,0.02648648648648655,,0.01,0.5701415701415702
mlp,7,7,8,0.15,fixed horizon 100,194,58,136,1.0001303416771927,0.0,0.0,1.0,0.5,,1.0,,0.0,,0.0,0.7112827112827113
mlp,7,7,8,0.15,fixed horizon 148,194,58,136,1.0050234707543302,0.0,0.02702702702702703,1.0,0.5135135135135135,0.8716216216216216,0.9965303140978816,0.1283783783783784,0.00346968590211838,,0.01,0.7932217932217932
mlp,7,7,8,0.2,fixed horizon 50,194,58,136,1.0088680085821047,0.0,0.05405405405405406,1.0,0.527027027027027,0.53,0.9745945945945946,0.47,0.025405405405405368,,0.02,0.5701415701415702
mlp,7,7,8,0.2,fixed horizon 100,194,58,136,1.0495337166808631,0.0,0.02702702702702703,1.0,0.5135135135135135,0.8,0.9945945945945945,0.19999999999999996,0.005405405405405461,,0.01,0.7112827112827113
mlp,7,7,8,0.2,fixed horizon 148,194,58,136,1.1223136198479646,0.0,0.02702702702702703,1.0,0.5135135135135135,0.7364864864864865,0.9928780131482834,0.2635135135135135,0.007121986851716611,,0.01,0.7932217932217932
mlp,7,7,8,0.3,fixed horizon 50,194,58,136,1.4665257438133703,0.0,0.05405405405405406,1.0,0.527027027027027,0.36,0.9654054054054054,0.64,0.034594594594594574,,0.02,0.5701415701415702
mlp,7,7,8,0.3,fixed horizon 100,194,58,136,1.313320030668836,0.0,0.05405405405405406,1.0,0.527027027027027,0.26,0.9599999999999999,0.74,0.04000000000000015,,0.02,0.7112827112827113
mlp,7,7,8,0.3,fixed horizon 148,194,58,136,1.1832827202518779,0.0,0.05405405405405406,1.0,0.527027027027027,0.14864864864864866,0.9539810080350621,0.8513513513513513,0.04601899196493786,,0.02,0.7932217932217932
mlp,7,7,9,0.01,fixed horizon 50,194,58,136,0.9999964169201745,0.0,0.0,1.0,0.5,,1.0,,0.0,,0.0,0.5701415701415702
mlp,7,7,9,0.01,fixed horizon 100,194,58,136,1.0017888050212336,0.0,0.0,1.0,0.5,,1.0,,0.0,,0.0,0.7112827112827113
mlp,7,7,9,0.01,fixed horizon 148,194,58,136,1.0017888050212336,0.0,0.0,1.0,0.5,,1.0,,0.0,,0.0,0.7932217932217932
mlp,7,7,9,0.025,fixed horizon 50,194,58,136,0.9999937098411509,0.0,0.0,1.0,0.5,,1.0,,0.0,,0.0,0.5701415701415702
mlp,7,7,9,0.025,fixed horizon 100,194,58,136,1.0011474060519876,0.0,0.0,1.0,0.5,,1.0,,0.0,,0.0,0.7112827112827113
mlp,7,7,9,0.025,fixed horizon 148,194,58,136,1.0014908003118013,0.0,0.0,1.0,0.5,,1.0,,0.0,,0.0,0.7932217932217932
mlp,7,7,9,0.05,fixed horizon 50,194,58,136,0.9999810824809254,0.0,0.0,1.0,0.5,,1.0,,0.0,,0.0,0.5701415701415702
mlp,7,7,9,0.05,fixed horizon 100,194,58,136,0.9999810824809254,0.0,0.0,1.0,0.5,,1.0,,0.0,,0.0,0.7112827112827113
mlp,7,7,9,0.05,fixed horizon 148,194,58,136,0.9999895385558629,0.0,0.0,1.0,0.5,,1.0,,0.0,,0.0,0.7932217932217932
mlp,7,7,9,0.075,fixed horizon 50,194,58,136,0.9999866158185523,0.0,0.0,1.0,0.5,,1.0,,0.0,,0.0,0.5701415701415702
mlp,7,7,9,0.075,fixed horizon 100,194,58,136,0.9999544373320455,0.0,0.02702702702702703,1.0,0.5135135135135135,0.0,0.972972972972973,1.0,0.027027027027026973,,0.01,0.7112827112827113
mlp,7,7,9,0.075,fixed horizon 148,194,58,136,0.9999866158185523,0.0,0.0,1.0,0.5,,1.0,,0.0,,0.0,0.7932217932217932
mlp,7,7,9,0.1,fixed horizon 50,194,58,136,0.999939709456807,0.0,0.02702702702702703,1.0,0.5135135135135135,0.0,0.972972972972973,1.0,0.027027027027026973,,0.01,0.5701415701415702
mlp,7,7,9,0.1,fixed horizon 100,194,58,136,0.999966610447433,0.0,0.0,1.0,0.5,,1.0,,0.0,,0.0,0.7112827112827113
mlp,7,7,9,0.1,fixed horizon 148,194,58,136,0.9999832958159762,0.0,0.0,1.0,0.5,,1.0,,0.0,,0.0,0.7932217932217932
mlp,7,7,9,0.15,fixed horizon 50,194,58,136,0.9997898252460942,0.0,0.05405405405405406,1.0,0.527027027027027,0.0,0.9459459459459459,1.0,0.05405405405405406,,0.02,0.5701415701415702
mlp,7,7,9,0.15,fixed horizon 100,194,58,136,0.9999704128560081,0.0,0.0,1.0,0.5,,1.0,,0.0,,0.0,0.7112827112827113
mlp,7,7,9,0.15,fixed horizon 148,194,58,136,0.9997807467850193,0.0,0.05405405405405406,1.0,0.527027027027027,0.0,0.9459459459459459,1.0,0.05405405405405406,,0.02,0.7932217932217932
mlp,7,7,9,0.2,fixed horizon 50,194,58,136,0.9998099724989541,0.0,0.05405405405405406,1.0,0.527027027027027,0.0,0.9459459459459459,1.0,0.05405405405405406,,0.02,0.5701415701415702
mlp,7,7,9,0.2,fixed horizon 100,194,58,136,0.999181469047118,0.0,0.05405405405405406,1.0,0.527027027027027,0.0,0.9459459459459459,1.0,0.05405405405405406,,0.02,0.7112827112827113
mlp,7,7,9,0.2,fixed horizon 148,194,58,136,0.9999232514511794,0.0,0.02702702702702703,1.0,0.5135135135135135,0.0,0.972972972972973,1.0,0.027027027027026973,,0.01,0.7932217932217932
mlp,7,7,9,0.3,fixed horizon 50,194,58,136,0.9795791159242679,0.015873015873015872,0.10810810810810811,0.9841269841269841,0.546117546117546,0.0,0.8918918918918919,1.0,0.10810810810810811,0.18,0.05,0.5701415701415702
mlp,7,7,9,0.3,fixed horizon 100,194,58,136,0.9818441267209775,0.0,0.10810810810810811,1.0,0.5540540540540541,0.0,0.8918918918918919,1.0,0.10810810810810811,,0.04,0.7112827112827113
mlp,7,7,9,0.3,fixed horizon 148,194,58,136,0.9771840197341003,0.015873015873015872,0.10810810810810811,0.9841269841269841,0.546117546117546,0.0,0.8918918918918919,1.0,0.10810810810810811,0.05405405405405406,0.05,0.7932217932217932
mlp,8,8,0,0.01,fixed horizon 50,196,58,138,1.0024900961331915,0.0,0.0,1.0,0.5,,1.0,,0.0,,0.0,0.5844298245614035
mlp,8,8,0,0.01,fixed horizon 100,196,58,138,1.0060817902331247,0.0,0.0,1.0,0.5,,1.0,,0.0,,0.0,0.5745614035087719
mlp,8,8,0,0.01,fixed horizon 148,196,58,138,1.0060817902331247,0.0,0.02631578947368421,1.0,0.5131578947368421,0.9324324324324325,0.9982219061166431,0.06756756756756754,0.0017780938833569238,,0.02,0.6025219298245614
mlp,8,8,0,0.025,fixed horizon 50,196,58,138,1.0018981551002406,0.0,0.0,1.0,0.5,,1.0,,0.0,,0.0,0.5844298245614035
mlp,8,8,0,0.025,fixed horizon 100,196,58,138,1.0023870877740118,0.0,0.0,1.0,0.5,,1.0,,0.0,,0.0,0.5745614035087719
mlp,8,8,0,0.025,fixed horizon 148,196,58,138,1.004098095483001,0.0,0.02631578947368421,1.0,0.5131578947368421,0.9290540540540541,0.9981330014224752,0.07094594594594594,0.0018669985775248144,,0.02,0.6025219298245614
mlp,8,8,0,0.05,fixed horizon 50,196,58,138,1.0000965351295896,0.08333333333333333,0.039473684210526314,0.9166666666666666,0.4780701754385965,0.27999999999999997,0.9715789473684211,0.72,0.028421052631578902,0.37,0.05,0.5844298245614035
mlp,8,8,0,0.05,fixed horizon 100,196,58,138,1.0004104360753947,0.125,0.02631578947368421,0.875,0.4506578947368421,0.21,0.9792105263157895,0.79,0.02078947368421047,0.41,0.05,0.5745614035087719
mlp,8,8,0,0.05,fixed horizon 148,196,58,138,1.0022649905826468,0.041666666666666664,0.15789473684210525,0.9583333333333334,0.5581140350877193,0.7837837837837839,0.9658605974395448,0.21621621621621612,0.03413940256045522,0.5675675675675675,0.13,0.6025219298245614
mlp,8,8,0,0.075,fixed horizon 50,196,58,138,1.0237492951723781,0.0,0.013157894736842105,1.0,0.506578947368421,0.84,0.9978947368421053,0.16000000000000003,0.002105263157894721,,0.01,0.5844298245614035
mlp,8,8,0,0.075,fixed horizon 100,196,58,138,1.003022753013893,0.20833333333333334,0.19736842105263158,0.7916666666666666,0.4945175438596491,0.8733333333333334,0.975,0.1266666666666666,0.025000000000000022,0.8700000000000001,0.2,0.5745614035087719
mlp,8,8,0,0.075,fixed horizon 148,196,58,138,1.0193133615726766,0.2916666666666667,0.34210526315789475,0.7083333333333334,0.5252192982456141,0.7245322245322244,0.9057610241820768,0.27546777546777557,0.09423897581792318,0.7200772200772201,0.33,0.6025219298245614
mlp,8,8,0,0.1,fixed horizon 50,196,58,138,1.0131104403682594,0.041666666666666664,0.05263157894736842,0.9583333333333334,0.5054824561403509,0.885,0.9939473684210526,0.11499999999999999,0.0060526315789474205,0.9,0.05,0.5844298245614035
mlp,8,8,0,0.1,fixed horizon 100,196,58,138,1.0058290918332717,0.375,0.35526315789473684,0.625,0.4901315789473684,0.8896296296296297,0.9607894736842106,0.11037037037037034,0.03921052631578936,0.8922222222222224,0.36,0.5745614035087719
mlp,8,8,0,0.1,fixed horizon 148,196,58,138,1.028231596005725,0.2916666666666667,0.3815789473684211,0.7083333333333334,0.5449561403508772,0.7418452935694314,0.90149359886202,0.2581547064305686,0.09850640113798004,0.7277992277992278,0.36,0.6025219298245614
mlp,8,8,0,0.15,fixed horizon 50,196,58,138,1.0634828472952562,0.08333333333333333,0.17105263157894737,0.9166666666666666,0.543859649122807,0.8984615384615383,0.9826315789473685,0.10153846153846169,0.017368421052631478,0.87,0.15,0.5844298245614035
mlp,8,8,0,0.15,fixed horizon 100,196,58,138,1.1293294991593303,0.4166666666666667,0.5394736842105263,0.5833333333333334,0.5614035087719298,0.8324390243902438,0.9096052631578947,0.16756097560975625,0.0903947368421053,0.817,0.51,0.5745614035087719
mlp,8,8,0,0.15,fixed horizon 148,196,58,138,1.047022466072094,0.7083333333333334,0.7631578947368421,0.2916666666666667,0.5274122807017544,0.7397483690587139,0.8013869132290184,0.2602516309412861,0.19861308677098155,0.6931637519872814,0.75,0.6025219298245614
mlp,8,8,0,0.2,fixed horizon 50,196,58,138,1.1113920842477054,0.3333333333333333,0.32894736842105265,0.6666666666666666,0.49780701754385964,0.6951999999999999,0.8997368421052631,0.30480000000000007,0.10026315789473694,0.705,0.33,0.5844298245614035
mlp,8,8,0,0.2,fixed horizon 100,196,58,138,1.149041532612695,0.7916666666666666,0.9078947368421053,0.20833333333333334,0.5581140350877193,0.6876811594202898,0.7164473684210527,0.31231884057971016,0.2835526315789473,0.701578947368421,0.88,0.5745614035087719
mlp,8,8,0,0.2,fixed horizon 148,196,58,138,1.1882087350091979,0.7916666666666666,0.881578947368421,0.20833333333333334,0.5449561403508771,0.6204114562323518,0.6653627311522049,0.37958854376764817,0.3346372688477951,0.6233997155049785,0.86,0.6025219298245614
mlp,8,8,0,0.3,fixed horizon 50,196,58,138,0.9974407912078206,0.8333333333333334,0.9605263157894737,0.16666666666666666,0.5635964912280702,0.40767123287671236,0.43105263157894735,0.5923287671232876,0.5689473684210526,0.446,0.93,0.5844298245614035
mlp,8,8,0,0.3,fixed horizon 100,196,58,138,0.9966274632521928,1.0,1.0,0.0,0.5,0.25592105263157894,0.25592105263157894,0.7440789473684211,0.7440789473684211,0.30541666666666667,1.0,0.5745614035087719
mlp,8,8,0,0.3,fixed horizon 148,196,58,138,0.9975766333859405,1.0,0.9868421052631579,0.0,0.4934210526315789,0.21828828828828828,0.2285739687055477,0.7817117117117117,0.7714260312944523,0.2742117117117117,0.99,0.6025219298245614
mlp,8,8,1,0.01,fixed horizon 50,196,58,138,1.0020772727724085,0.0,0.0,1.0,0.5,,1.0,,0.0,,0.0,0.5844298245614035
mlp,8,8,1,0.01,fixed horizon 100,196,58,138,1.0065657794459528,0.0,0.0,1.0,0.5,,1.0,,0.0,,0.0,0.5745614035087719
mlp,8,8,1,0.01,fixed horizon 148,196,58,138,1.0074844519486805,0.0,0.06578947368421052,1.0,0.5328947368421053,0.9716216216216216,0.998133001422475,0.02837837837837842,0.0018669985775250364,,0.05,0.6025219298245614
mlp,8,8,1,0.025,fixed horizon 50,196,58,138,0.9999980247418827,0.0,0.039473684210526314,1.0,0.5197368421052632,0.0,0.9605263157894737,1.0,0.03947368421052633,,0.03,0.5844298245614035
mlp,8,8,1,0.025,fixed horizon 100,196,58,138,1.0030145485949664,0.0,0.0,1.0,0.5,,1.0,,0.0,,0.0,0.5745614035087719
mlp,8,8,1,0.025,fixed horizon 148,196,58,138,1.0043518738124164,0.0,0.06578947368421052,1.0,0.5328947368421053,0.9662162162162161,0.9977773826458037,0.03378378378378388,0.0022226173541962657,,0.05,0.6025219298245614
mlp,8,8,1,0.05,fixed horizon 50,196,58,138,1.0000787316720001,0.08333333333333333,0.039473684210526314,0.9166666666666666,0.4780701754385965,0.32666666666666666,0.9734210526315789,0.6733333333333333,0.026578947368421146,0.37,0.05,0.5844298245614035
mlp,8,8,1,0.05,fixed horizon 100,196,58,138,1.0035752723388125,0.041666666666666664,0.02631578947368421,0.9583333333333334,0.4923245614035088,0.85,0.9960526315789474,0.15000000000000002,0.003947368421052588,0.84,0.03,0.5745614035087719
mlp,8,8,1,0.05,fixed horizon 148,196,58,138,1.0162102816988843,0.125,0.18421052631578946,0.875,0.5296052631578947,0.7760617760617761,0.9587482219061167,0.22393822393822393,0.04125177809388325,0.7342342342342342,0.17,0.6025219298245614
mlp,8,8,1,0.075,fixed horizon 50,196,58,138,1.001560220350243,0.08333333333333333,0.05263157894736842,0.9166666666666666,0.48464912280701755,0.5,0.9736842105263158,0.5,0.02631578947368418,0.36,0.06,0.5844298245614035
mlp,8,8,1,0.075,fixed horizon 100,196,58,138,1.031313877495015,0.20833333333333334,0.2236842105263158,0.7916666666666666,0.5076754385964912,0.98,0.9955263157894736,0.020000000000000018,0.004473684210526407,0.9780000000000001,0.22,0.5745614035087719
mlp,8,8,1,0.075,fixed horizon 148,196,58,138,1.0381416420436815,0.25,0.23684210526315788,0.75,0.4934210526315789,0.7263513513513514,0.9351884779516358,0.2736486486486486,0.06481152204836416,0.7443693693693693,0.24,0.6025219298245614
mlp,8,8,1,0.1,fixed horizon 50,196,58,138,1.0000154789388982,0.08333333333333333,0.07894736842105263,0.9166666666666666,0.49780701754385964,0.21333333333333337,0.9378947368421052,0.7866666666666666,0.062105263157894774,0.28,0.08,0.5844298245614035
mlp,8,8,1,0.1,fixed horizon 100,196,58,138,0.9999894917604771,0.5,0.40789473684210525,0.5,0.45394736842105265,0.7174193548387097,0.884736842105263,0.28258064516129033,0.11526315789473696,0.67,0.43,0.5745614035087719
mlp,8,8,1,0.1,fixed horizon 148,196,58,138,1.0140243527032793,0.3333333333333333,0.39473684210526316,0.6666666666666666,0.5307017543859649,0.6700450450450449,0.8697546230440968,0.3299549549549551,0.1302453769559032,0.6646959459459459,0.38,0.6025219298245614
mlp,8,8,1,0.15,fixed horizon 50,196,58,138,1.0023444677963385,0.16666666666666666,0.13157894736842105,0.8333333333333334,0.4824561403508772,0.35000000000000003,0.9144736842105263,0.6499999999999999,0.08552631578947367,0.485,0.14,0.5844298245614035
mlp,8,8,1,0.15,fixed horizon 100,196,58,138,0.9999854004644045,0.5833333333333334,0.6973684210526315,0.4166666666666667,0.5570175438596491,0.7379245283018866,0.8172368421052632,0.2620754716981134,0.18276315789473685,0.6450000000000001,0.67,0.5745614035087719
mlp,8,8,1,0.15,fixed horizon 148,196,58,138,1.0528112850186016,0.625,0.6710526315789473,0.375,0.5230263157894737,0.7799417064122945,0.8523293029871976,0.22005829358770546,0.14767069701280244,0.7972972972972973,0.66,0.6025219298245614
mlp,8,8,1,0.2,fixed horizon 50,196,58,138,1.0055389162921666,0.375,0.34210526315789475,0.625,0.48355263157894735,0.6592307692307693,0.883421052631579,0.3407692307692307,0.116578947368421,0.6400000000000001,0.35,0.5844298245614035
mlp,8,8,1,0.2,fixed horizon 100,196,58,138,1.069877987337029,0.8333333333333334,0.9342105263157895,0.16666666666666666,0.5504385964912281,0.8928169014084507,0.8998684210526318,0.10718309859154929,0.10013157894736824,0.8934999999999998,0.91,0.5745614035087719
mlp,8,8,1,0.2,fixed horizon 148,196,58,138,1.023154640223252,0.8333333333333334,0.9210526315789473,0.16666666666666666,0.543859649122807,0.7551158301158302,0.7744487908961593,0.24488416988416983,0.22555120910384074,0.7334459459459459,0.9,0.6025219298245614
mlp,8,8,1,0.3,fixed horizon 50,196,58,138,1.0009813150022346,0.8333333333333334,0.9473684210526315,0.16666666666666666,0.5570175438596491,0.4833333333333333,0.5105263157894736,0.5166666666666667,0.4894736842105264,0.476,0.92,0.5844298245614035
mlp,8,8,1,0.3,fixed horizon 100,196,58,138,1.0491185434777233,1.0,1.0,0.0,0.5,0.46684210526315795,0.46684210526315795,0.533157894736842,0.533157894736842,0.50125,1.0,0.5745614035087719
mlp,8,8,1,0.3,fixed horizon 148,196,58,138,1.0711904474165885,1.0,0.9736842105263158,0.0,0.4868421052631579,0.6078341855368882,0.6181543385490753,0.39216581446311183,0.3818456614509247,0.6199324324324325,0.98,0.6025219298245614
mlp,8,8,2,0.01,fixed horizon 50,196,58,138,1.000076935378898,0.0,0.0,1.0,0.5,,1.0,,0.0,,0.0,0.5844298245614035
mlp,8,8,2,0.01,fixed horizon 100,196,58,138,1.0135406687642932,0.0,0.0,1.0,0.5,,1.0,,0.0,,0.0,0.5745614035087719
mlp,8,8,2,0.01,fixed horizon 148,196,58,138,1.0135406687642932,0.0,0.0,1.0,0.5,,1.0,,0.0,,0.0,0.6025219298245614
mlp,8,8,2,0.025,fixed horizon 50,196,58,138,1.0000314331417612,0.0,0.013157894736842105,1.0,0.506578947368421,0.16,0.9889473684210526,0.84,0.011052631578947425,,0.01,0.5844298245614035
mlp,8,8,2,0.025,fixed horizon 100,196,58,138,1.0000756190889835,0.0,0.0,1.0,0.5,,1.0,,0.0,,0.0,0.5745614035087719
mlp,8,8,2,0.025,fixed horizon 148,196,58,138,1.0030108856802484,0.0,0.039473684210526314,1.0,0.5197368421052632,0.9301801801801801,0.9972439544807967,0.06981981981981988,0.0027560455192032762,,0.03,0.6025219298245614
mlp,8,8,2,0.05,fixed horizon 50,196,58,138,1.004035465281592,0.0,0.0,1.0,0.5,,1.0,,0.0,,0.0,0.5844298245614035
mlp,8,8,2,0.05,fixed horizon 100,196,58,138,1.0006563033768487,0.041666666666666664,0.05263157894736842,0.9583333333333334,0.5054824561403509,0.85,0.9921052631578948,0.15000000000000002,0.007894736842105177,0.76,0.05,0.5745614035087719
mlp,8,8,2,0.05,fixed horizon 148,196,58,138,1.012924192942792,0.08333333333333333,0.17105263157894737,0.9166666666666666,0.543859649122807,0.7962577962577962,0.965149359886202,0.20374220374220375,0.034850640113798015,0.7398648648648649,0.15,0.6025219298245614
mlp,8,8,2,0.075,fixed horizon 50,196,58,138,1.0249294955165733,0.0,0.013157894736842105,1.0,0.506578947368421,0.84,0.9978947368421053,0.16000000000000003,0.002105263157894721,,0.01,0.5844298245614035
mlp,8,8,2,0.075,fixed horizon 100,196,58,138,1.0105890275774854,0.125,0.14473684210526316,0.875,0.5098684210526316,0.8209090909090908,0.974078947368421,0.1790909090909092,0.025921052631578956,0.81,0.14,0.5745614035087719
mlp,8,8,2,0.075,fixed horizon 148,196,58,138,1.0000792089705688,0.2916666666666667,0.3026315789473684,0.7083333333333334,0.5054824561403509,0.6935957696827263,0.9072724039829304,0.3064042303172737,0.09272759601706959,0.7171814671814671,0.3,0.6025219298245614
mlp,8,8,2,0.1,fixed horizon 50,196,58,138,1.0141176644996288,0.041666666666666664,0.05263157894736842,0.9583333333333334,0.5054824561403509,0.885,0.9939473684210526,0.11499999999999999,0.0060526315789474205,0.9,0.05,0.5844298245614035
mlp,8,8,2,0.1,fixed horizon 100,196,58,138,1.0109308641212262,0.25,0.2236842105263158,0.75,0.4868421052631579,0.8135294117647058,0.9582894736842105,0.18647058823529417,0.04171052631578953,0.8216666666666668,0.23,0.5745614035087719
mlp,8,8,2,0.1,fixed horizon 148,196,58,138,0.9997206684557249,0.2916666666666667,0.39473684210526316,0.7083333333333334,0.5515350877192983,0.6813063063063062,0.8741998577524894,0.3186936936936938,0.12580014224751057,0.609073359073359,0.37,0.6025219298245614
mlp,8,8,2,0.15,fixed horizon 50,196,58,138,0.9994389998677041,0.16666666666666666,0.27631578947368424,0.8333333333333334,0.5548245614035088,0.819047619047619,0.9500000000000001,0.18095238095238098,0.04999999999999993,0.725,0.25,0.5844298245614035
mlp,8,8,2,0.15,fixed horizon 100,196,58,138,1.0157298973239195,0.375,0.40789473684210525,0.625,0.5164473684210527,0.5606451612903227,0.8207894736842105,0.4393548387096773,0.1792105263157895,0.5622222222222223,0.4,0.5745614035087719
mlp,8,8,2,0.15,fixed horizon 148,196,58,138,0.9985265950553426,0.75,0.6842105263157895,0.25,0.46710526315789475,0.6712577962577962,0.7750711237553343,0.32874220374220375,0.22492887624466573,0.7064564564564564,0.7,0.6025219298245614
mlp,8,8,2,0.2,fixed horizon 50,196,58,138,0.980786162675626,0.4583333333333333,0.47368421052631576,0.5416666666666666,0.5076754385964912,0.5205555555555555,0.7728947368421053,0.47944444444444445,0.2271052631578947,0.5272727272727273,0.47,0.5844298245614035
mlp,8,8,2,0.2,fixed horizon 100,196,58,138,0.9903459294308773,0.8333333333333334,0.8947368421052632,0.16666666666666666,0.5307017543859649,0.5245588235294116,0.5746052631578946,0.47544117647058837,0.4253947368421054,0.5265000000000001,0.88,0.5745614035087719
mlp,8,8,2,0.2,fixed horizon 148,196,58,138,0.97622213827152,0.7916666666666666,0.868421052631579,0.20833333333333334,0.5383771929824561,0.49037674037674045,0.5574324324324325,0.5096232596232595,0.44256756756756754,0.4708392603129445,0.85,0.6025219298245614
mlp,8,8,2,0.3,fixed horizon 50,196,58,138,0.9020487324868971,0.9166666666666666,1.0,0.08333333333333333,0.5416666666666666,0.34578947368421054,0.34578947368421054,0.6542105263157895,0.6542105263157895,0.440909090909091,0.98,0.5844298245614035
mlp,8,8,2,0.3,fixed horizon 100,196,58,138,0.9546721528076189,1.0,1.0,0.0,0.5,0.29421052631578953,0.29421052631578953,0.7057894736842105,0.7057894736842105,0.36041666666666666,1.0,0.5745614035087719
mlp,8,8,2,0.3,fixed horizon 148,196,58,138,0.9861957464665827,1.0,1.0,0.0,0.5,0.31561166429587484,0.31561166429587484,0.6843883357041252,0.6843883357041252,0.3626126126126126,1.0,0.6025219298245614
mlp,8,8,3,0.01,fixed horizon 50,196,58,138,0.9999844705001326,0.0,0.05263157894736842,1.0,0.5263157894736842,0.06,0.9505263157894737,0.94,0.049473684210526336,,0.04,0.5844298245614035
mlp,8,8,3,0.01,fixed horizon 100,196,58,138,1.0069347737044956,0.0,0.0,1.0,0.5,,1.0,,0.0,,0.0,0.5745614035087719
mlp,8,8,3,0.01,fixed horizon 148,196,58,138,1.0553426030236392,0.0,0.0,1.0,0.5,,1.0,,0.0,,0.0,0.6025219298245614
mlp,8,8,3,0.025,fixed horizon 50,196,58,138,0.9999650097490694,0.0,0.06578947368421052,1.0,0.5328947368421053,0.072,0.9389473684210526,0.928,0.06105263157894736,,0.05,0.5844298245614035
mlp,8,8,3,0.025,fixed horizon 100,196,58,138,0.9999842297532286,0.041666666666666664,0.05263157894736842,0.9583333333333334,0.5054824561403509,0.03,0.9489473684210527,0.97,0.05105263157894735,0.86,0.05,0.5745614035087719
mlp,8,8,3,0.025,fixed horizon 148,196,58,138,1.0420522908069942,0.0,0.039473684210526314,1.0,0.5197368421052632,0.7995495495495496,0.9920874822190612,0.2004504504504504,0.007912517780938821,,0.03,0.6025219298245614
mlp,8,8,3,0.05,fixed horizon 50,196,58,138,0.999952522127089,0.0,0.06578947368421052,1.0,0.5328947368421053,0.064,0.9384210526315788,0.9359999999999999,0.06157894736842118,,0.05,0.5844298245614035
mlp,8,8,3,0.05,fixed horizon 100,196,58,138,0.9999823694362436,0.041666666666666664,0.10526315789473684,0.9583333333333334,0.5317982456140351,0.47750000000000004,0.9450000000000001,0.5225,0.05499999999999994,0.76,0.09,0.5745614035087719
mlp,8,8,3,0.05,fixed horizon 148,196,58,138,1.03481603585405,0.08333333333333333,0.17105263157894737,0.9166666666666666,0.543859649122807,0.8066528066528066,0.9669274537695592,0.1933471933471934,0.03307254623044076,0.8344594594594594,0.15,0.6025219298245614
mlp,8,8,3,0.075,fixed horizon 50,196,58,138,1.0105757746726074,0.08333333333333333,0.039473684210526314,0.9166666666666666,0.4780701754385965,0.38000000000000006,0.9755263157894735,0.6199999999999999,0.024473684210526536,0.38,0.05,0.5844298245614035
mlp,8,8,3,0.075,fixed horizon 100,196,58,138,0.9999492109105844,0.08333333333333333,0.14473684210526316,0.9166666666666666,0.5307017543859649,0.46727272727272734,0.9228947368421053,0.5327272727272727,0.07710526315789468,0.395,0.13,0.5745614035087719
mlp,8,8,3,0.075,fixed horizon 148,196,58,138,1.043441609713976,0.20833333333333334,0.3157894736842105,0.7916666666666666,0.5537280701754386,0.8367117117117117,0.948435277382646,0.16328828828828834,0.05156472261735401,0.8391891891891892,0.29,0.6025219298245614
mlp,8,8,3,0.1,fixed horizon 50,196,58,138,1.0481822103998568,0.08333333333333333,0.039473684210526314,0.9166666666666666,0.4780701754385965,0.4000000000000001,0.976315789473684,0.5999999999999999,0.023684210526315974,0.4,0.05,0.5844298245614035
mlp,8,8,3,0.1,fixed horizon 100,196,58,138,1.0309210444246313,0.25,0.2631578947368421,0.75,0.506578947368421,0.844,0.9589473684210525,0.15600000000000003,0.04105263157894745,0.8449999999999999,0.26,0.5745614035087719
mlp,8,8,3,0.1,fixed horizon 148,196,58,138,1.1109031304693158,0.25,0.40789473684210525,0.75,0.5789473684210527,0.8031822144725369,0.9197190611664298,0.1968177855274631,0.08028093883357024,0.8006756756756758,0.37,0.6025219298245614
mlp,8,8,3,0.15,fixed horizon 50,196,58,138,1.0541576850756447,0.16666666666666666,0.18421052631578946,0.8333333333333334,0.5087719298245614,0.715714285714286,0.9476315789473686,0.28428571428571403,0.0523684210526314,0.5950000000000001,0.18,0.5844298245614035
mlp,8,8,3,0.15,fixed horizon 100,196,58,138,1.0248956471971313,0.7083333333333334,0.8157894736842105,0.2916666666666667,0.5537280701754386,0.8674193548387096,0.8918421052631579,0.13258064516129042,0.10815789473684212,0.8723529411764706,0.79,0.5745614035087719
mlp,8,8,3,0.15,fixed horizon 148,196,58,138,1.1952368941668343,0.5416666666666666,0.5921052631578947,0.4583333333333333,0.525219298245614,0.8268768768768768,0.8974928876244664,0.17312312312312317,0.10250711237553356,0.8544698544698546,0.58,0.6025219298245614
mlp,8,8,3,0.2,fixed horizon 50,196,58,138,1.1915930419710419,0.3333333333333333,0.3157894736842105,0.6666666666666666,0.49122807017543857,0.8075000000000001,0.9392105263157894,0.1924999999999999,0.060789473684210615,0.8425,0.32,0.5844298245614035
mlp,8,8,3,0.2,fixed horizon 100,196,58,138,1.2676262918440175,0.8333333333333334,0.9078947368421053,0.16666666666666666,0.537280701754386,0.8757971014492753,0.8872368421052632,0.12420289855072475,0.11276315789473679,0.8795,0.89,0.5745614035087719
mlp,8,8,3,0.2,fixed horizon 148,196,58,138,1.2301183540553546,0.7083333333333334,0.7368421052631579,0.2916666666666667,0.5142543859649122,0.8125,0.8618421052631579,0.1875,0.13815789473684215,0.848966613672496,0.73,0.6025219298245614
mlp,8,8,3,0.3,fixed horizon 50,196,58,138,1.3710785880054412,0.6666666666666666,0.8026315789473685,0.3333333333333333,0.5679824561403509,0.6714754098360656,0.7363157894736844,0.3285245901639344,0.26368421052631563,0.6675,0.77,0.5844298245614035
mlp,8,8,3,0.3,fixed horizon 100,196,58,138,1.230139941386794,1.0,1.0,0.0,0.5,0.5278947368421053,0.5278947368421053,0.4721052631578947,0.4721052631578947,0.5433333333333333,1.0,0.5745614035087719
mlp,8,8,3,0.3,fixed horizon 148,196,58,138,1.1406979666746409,1.0,0.9736842105263158,0.0,0.4868421052631579,0.539536157779401,0.551653627311522,0.460463842220599,0.448346372688478,0.5501126126126126,0.98,0.6025219298245614
mlp,8,8,4,0.01,fixed horizon 50,196,58,138,1.0000830218051349,0.0,0.0,1.0,0.5,,1.0,,0.0,,0.0,0.5844298245614035
mlp,8,8,4,0.01,fixed horizon 100,196,58,138,1.015626059826178,0.0,0.0,1.0,0.5,,1.0,,0.0,,0.0,0.5745614035087719
mlp,8,8,4,0.01,fixed horizon 148,196,58,138,1.015626059826178,0.0,0.02631578947368421,1.0,0.5131578947368421,0.9797297297297297,0.9994665718349928,0.020270270270270285,0.0005334281650072326,,0.02,0.6025219298245614
mlp,8,8,4,0.025,fixed horizon 50,196,58,138,1.0000273349788324,0.0,0.013157894736842105,1.0,0.506578947368421,0.16,0.9889473684210526,0.84,0.011052631578947425,,0.01,0.5844298245614035
mlp,8,8,4,0.025,fixed horizon 100,196,58,138,1.002048311821331,0.0,0.0,1.0,0.5,,1.0,,0.0,,0.0,0.5745614035087719
mlp,8,8,4,0.025,fixed horizon 148,196,58,138,1.0050249988223867,0.0,0.06578947368421052,1.0,0.5328947368421053,0.9662162162162161,0.9977773826458037,0.03378378378378388,0.0022226173541962657,,0.05,0.6025219298245614
mlp,8,8,4,0.05,fixed horizon 50,196,58,138,1.0001191800553082,0.08333333333333333,0.039473684210526314,0.9166666666666666,0.4780701754385965,0.35333333333333333,0.9744736842105264,0.6466666666666667,0.02552631578947362,0.33,0.05,0.5844298245614035
mlp,8,8,4,0.05,fixed horizon 100,196,58,138,1.0000522392604176,0.041666666666666664,0.039473684210526314,0.9583333333333334,0.49890350877192985,0.7999999999999999,0.9921052631578948,0.20000000000000007,0.007894736842105177,0.76,0.04,0.5745614035087719
mlp,8,8,4,0.05,fixed horizon 148,196,58,138,1.0020913710480983,0.041666666666666664,0.15789473684210525,0.9583333333333334,0.5581140350877193,0.7646396396396398,0.9628378378378378,0.23536036036036023,0.03716216216216217,0.5540540540540541,0.13,0.6025219298245614
mlp,8,8,4,0.075,fixed horizon 50,196,58,138,1.0005194005991929,0.08333333333333333,0.05263157894736842,0.9166666666666666,0.48464912280701755,0.515,0.9744736842105262,0.485,0.02552631578947384,0.38,0.06,0.5844298245614035
mlp,8,8,4,0.075,fixed horizon 100,196,58,138,0.9999817727781529,0.041666666666666664,0.14473684210526316,0.9583333333333334,0.5515350877192983,0.4809090909090909,0.9248684210526315,0.519090909090909,0.07513157894736855,0.76,0.12,0.5745614035087719
mlp,8,8,4,0.075,fixed horizon 148,196,58,138,1.000037563265865,0.20833333333333334,0.2894736842105263,0.7916666666666666,0.5405701754385965,0.6934889434889435,0.9112731152204837,0.3065110565110565,0.08872688477951629,0.7243243243243244,0.27,0.6025219298245614
mlp,8,8,4,0.1,fixed horizon 50,196,58,138,1.000484045510862,0.08333333333333333,0.06578947368421052,0.9166666666666666,0.49122807017543857,0.3,0.9539473684210527,0.7,0.046052631578947345,0.38,0.07,0.5844298245614035
mlp,8,8,4,0.1,fixed horizon 100,196,58,138,1.0291292268281356,0.125,0.15789473684210525,0.875,0.5164473684210527,0.7058333333333334,0.9535526315789473,0.2941666666666666,0.04644736842105268,0.7233333333333333,0.15,0.5745614035087719
mlp,8,8,4,0.1,fixed horizon 148,196,58,138,0.9999573660882236,0.2916666666666667,0.35526315789473684,0.7083333333333334,0.5317982456140351,0.5693193193193193,0.8469950213371265,0.43068068068068066,0.15300497866287355,0.7171814671814671,0.34,0.6025219298245614
mlp,8,8,4,0.15,fixed horizon 50,196,58,138,1.0652070775357003,0.20833333333333334,0.09210526315789473,0.7916666666666666,0.44188596491228066,0.52,0.9557894736842105,0.48,0.04421052631578948,0.5,0.12,0.5844298245614035
mlp,8,8,4,0.15,fixed horizon 100,196,58,138,1.0111085473881745,0.4583333333333333,0.6842105263157895,0.5416666666666666,0.6129385964912281,0.8092307692307692,0.8694736842105263,0.1907692307692308,0.1305263157894737,0.7581818181818182,0.63,0.5745614035087719
mlp,8,8,4,0.15,fixed horizon 148,196,58,138,1.0030678881148285,0.7916666666666666,0.8026315789473685,0.20833333333333334,0.5054824561403509,0.7600797518830307,0.8074324324324325,0.23992024811696933,0.19256756756756754,0.7635135135135134,0.8,0.6025219298245614
mlp,8,8,4,0.2,fixed horizon 50,196,58,138,1.0531500829990297,0.375,0.3684210526315789,0.625,0.4967105263157895,0.6221428571428571,0.8607894736842105,0.3778571428571429,0.13921052631578945,0.5822222222222222,0.37,0.5844298245614035
mlp,8,8,4,0.2,fixed horizon 100,196,58,138,1.0000279159133905,0.8333333333333334,0.9210526315789473,0.16666666666666666,0.543859649122807,0.6425714285714286,0.6707894736842106,0.35742857142857143,0.3292105263157894,0.6440000000000001,0.9,0.5745614035087719
mlp,8,8,4,0.2,fixed horizon 148,196,58,138,1.0720269941602314,0.7916666666666666,0.8289473684210527,0.20833333333333334,0.518640350877193,0.6112183612183615,0.6777204836415363,0.3887816387816385,0.32227951635846375,0.5647226173541963,0.82,0.6025219298245614
mlp,8,8,4,0.3,fixed horizon 50,196,58,138,0.9288659499511631,0.75,0.868421052631579,0.25,0.5592105263157895,0.23,0.33131578947368423,0.77,0.6686842105263158,0.31555555555555553,0.84,0.5844298245614035
mlp,8,8,4,0.3,fixed horizon 100,196,58,138,0.9505802534959672,0.9583333333333334,0.9868421052631579,0.041666666666666664,0.5142543859649122,0.2514666666666667,0.2613157894736842,0.7485333333333333,0.7386842105263158,0.3126086956521739,0.98,0.5745614035087719
mlp,8,8,4,0.3,fixed horizon 148,196,58,138,0.9288659499511631,0.9166666666666666,0.9605263157894737,0.08333333333333333,0.5219298245614035,0.15734912995186967,0.1906116642958748,0.8426508700481303,0.8093883357041252,0.25153562653562656,0.95,0.6025219298245614
mlp,8,8,5,0.01,fixed horizon 50,196,58,138,0.9999991065626543,0.0,0.039473684210526314,1.0,0.5197368421052632,0.0,0.9605263157894737,1.0,0.03947368421052633,,0.03,0.5844298245614035
mlp,8,8,5,0.01,fixed horizon 100,196,58,138,0.9999991065626543,0.0,0.039473684210526314,1.0,0.5197368421052632,0.0,0.9605263157894737,1.0,0.03947368421052633,,0.03,0.5745614035087719
mlp,8,8,5,0.01,fixed horizon 148,196,58,138,0.9999991065626543,0.0,0.039473684210526314,1.0,0.5197368421052632,0.0,0.9605263157894737,1.0,0.03947368421052633,,0.03,0.6025219298245614
mlp,8,8,5,0.025,fixed horizon 50,196,58,138,0.9999895514456534,0.125,0.07894736842105263,0.875,0.4769736842105263,0.006666666666666667,0.9215789473684209,0.9933333333333333,0.07842105263157906,0.006666666666666667,0.09,0.5844298245614035
mlp,8,8,5,0.025,fixed horizon 100,196,58,138,0.9999895514456534,0.125,0.07894736842105263,0.875,0.4769736842105263,0.0033333333333333335,0.9213157894736842,0.9966666666666667,0.0786842105263158,0.0033333333333333335,0.09,0.5745614035087719
mlp,8,8,5,0.025,fixed horizon 148,196,58,138,0.9999895514456534,0.125,0.07894736842105263,0.875,0.4769736842105263,0.0022522522522522522,0.9212304409672831,0.9977477477477478,0.07876955903271687,0.0022522522522522522,0.09,0.6025219298245614
mlp,8,8,5,0.05,fixed horizon 50,196,58,138,0.9999828425169195,0.125,0.07894736842105263,0.875,0.4769736842105263,0.0,0.9210526315789473,1.0,0.07894736842105265,0.0,0.09,0.5844298245614035
mlp,8,8,5,0.05,fixed horizon 100,196,58,138,1.022611940403711,0.041666666666666664,0.05263157894736842,0.9583333333333334,0.5054824561403509,0.9,0.994736842105263,0.09999999999999998,0.0052631578947369695,0.87,0.05,0.5745614035087719
mlp,8,8,5,0.05,fixed horizon 148,196,58,138,1.022611940403711,0.041666666666666664,0.09210526315789473,0.9583333333333334,0.5252192982456141,0.749034749034749,0.9768847795163587,0.250965250965251,0.02311522048364134,0.5878378378378378,0.08,0.6025219298245614
mlp,8,8,5,0.075,fixed horizon 50,196,58,138,1.0000107882541809,0.0,0.07894736842105263,1.0,0.5394736842105263,0.036666666666666674,0.9239473684210526,0.9633333333333334,0.07605263157894737,,0.06,0.5844298245614035
mlp,8,8,5,0.075,fixed horizon 100,196,58,138,1.0134815143310052,0.20833333333333334,0.21052631578947367,0.7916666666666666,0.5010964912280702,0.89,0.9768421052631578,0.10999999999999999,0.023157894736842155,0.8859999999999999,0.21,0.5745614035087719
mlp,8,8,5,0.075,fixed horizon 148,196,58,138,1.0472800844025454,0.125,0.19736842105263158,0.875,0.5361842105263158,0.7171171171171171,0.9441678520625887,0.2828828828828829,0.055832147937411314,0.6936936936936936,0.18,0.6025219298245614
mlp,8,8,5,0.1,fixed horizon 50,196,58,138,0.9999845055279124,0.125,0.10526315789473684,0.875,0.4901315789473684,0.0125,0.8960526315789473,0.9875,0.10394736842105268,0.0,0.11,0.5844298245614035
mlp,8,8,5,0.1,fixed horizon 100,196,58,138,1.0050726341729816,0.375,0.35526315789473684,0.625,0.4901315789473684,0.8896296296296297,0.9607894736842106,0.11037037037037034,0.03921052631578936,0.8911111111111113,0.36,0.5745614035087719
mlp,8,8,5,0.1,fixed horizon 148,196,58,138,1.0254700746783507,0.3333333333333333,0.3684210526315789,0.6666666666666666,0.5175438596491228,0.6433397683397685,0.8685988620199147,0.35666023166023153,0.13140113798008535,0.6393581081081081,0.36,0.6025219298245614
mlp,8,8,5,0.15,fixed horizon 50,196,58,138,0.9999931957733187,0.2916666666666667,0.19736842105263158,0.7083333333333334,0.45285087719298245,0.3066666666666667,0.863157894736842,0.6933333333333334,0.136842105263158,0.31714285714285717,0.22,0.5844298245614035
mlp,8,8,5,0.15,fixed horizon 100,196,58,138,1.042502917777984,0.75,0.8157894736842105,0.25,0.5328947368421053,0.8817741935483873,0.9035526315789476,0.11822580645161274,0.09644736842105239,0.8916666666666667,0.8,0.5745614035087719
mlp,8,8,5,0.15,fixed horizon 148,196,58,138,1.0616898815634344,0.7916666666666666,0.8289473684210527,0.20833333333333334,0.518640350877193,0.665057915057915,0.722350640113798,0.334942084942085,0.277649359886202,0.6795874822190612,0.82,0.6025219298245614
mlp,8,8,5,0.2,fixed horizon 50,196,58,138,0.9999594462741663,0.4583333333333333,0.42105263157894735,0.5416666666666666,0.481359649122807,0.51,0.7936842105263158,0.49,0.20631578947368423,0.4927272727272728,0.43,0.5844298245614035
mlp,8,8,5,0.2,fixed horizon 100,196,58,138,0.9999849236404025,0.875,0.9078947368421053,0.125,0.5164473684210527,0.7791304347826087,0.7994736842105263,0.22086956521739132,0.20052631578947366,0.7342857142857142,0.9,0.5745614035087719
mlp,8,8,5,0.2,fixed horizon 148,196,58,138,1.0316511016527001,0.875,0.9342105263157895,0.125,0.5296052631578947,0.6343738104301483,0.6584281650071123,0.3656261895698517,0.3415718349928877,0.632882882882883,0.92,0.6025219298245614
mlp,8,8,5,0.3,fixed horizon 50,196,58,138,0.9964029402399747,0.8333333333333334,0.9736842105263158,0.16666666666666666,0.5701754385964912,0.4337837837837838,0.4486842105263158,0.5662162162162162,0.5513157894736842,0.433,0.94,0.5844298245614035
mlp,8,8,5,0.3,fixed horizon 100,196,58,138,0.9976886438423519,1.0,1.0,0.0,0.5,0.36671052631578943,0.36671052631578943,0.6332894736842105,0.6332894736842105,0.4370833333333333,1.0,0.5745614035087719
mlp,8,8,5,0.3,fixed horizon 148,196,58,138,0.9992349802256248,0.9166666666666666,0.9605263157894737,0.08333333333333333,0.5219298245614035,0.35162902628656056,0.3772226173541963,0.6483709737134394,0.6227773826458036,0.43243243243243246,0.95,0.6025219298245614
mlp,8,8,6,0.01,fixed horizon 50,196,58,138,0.9999544974540667,0.0,0.0,1.0,0.5,,1.0,,0.0,,0.0,0.5844298245614035
mlp,8,8,6,0.01,fixed horizon 100,196,58,138,0.9999620899523051,0.0,0.0,1.0,0.5,,1.0,,0.0,,0.0,0.5745614035087719
mlp,8,8,6,0.01,fixed horizon 148,196,58,138,0.9999620899523051,0.0,0.0,1.0,0.5,,1.0,,0.0,,0.0,0.6025219298245614
mlp,8,8,6,0.025,fixed horizon 50,196,58,138,0.9998523671621147,0.0,0.013157894736842105,1.0,0.506578947368421,0.18,0.9892105263157895,0.8200000000000001,0.01078947368421046,,0.01,0.5844298245614035
mlp,8,8,6,0.025,fixed horizon 100,196,58,138,0.9998523671621147,0.0,0.013157894736842105,1.0,0.506578947368421,0.09,0.9880263157894738,0.91,0.011973684210526248,,0.01,0.5745614035087719
mlp,8,8,6,0.025,fixed horizon 148,196,58,138,0.9998523671621147,0.0,0.013157894736842105,1.0,0.506578947368421,0.060810810810810814,0.9876422475106685,0.9391891891891891,0.012357752489331464,,0.01,0.6025219298245614
mlp,8,8,6,0.05,fixed horizon 50,196,58,138,0.9990349282932983,0.08333333333333333,0.039473684210526314,0.9166666666666666,0.4780701754385965,0.18000000000000002,0.9676315789473683,0.82,0.03236842105263171,0.19,0.05,0.5844298245614035
mlp,8,8,6,0.05,fixed horizon 100,196,58,138,0.9996539083502013,0.08333333333333333,0.013157894736842105,0.9166666666666666,0.4649122807017544,0.09,0.9880263157894738,0.91,0.011973684210526248,0.475,0.03,0.5745614035087719
mlp,8,8,6,0.05,fixed horizon 148,196,58,138,0.9997694257048575,0.08333333333333333,0.17105263157894737,0.9166666666666666,0.543859649122807,0.724012474012474,0.9527916073968705,0.27598752598752596,0.04720839260312948,0.33108108108108103,0.15,0.6025219298245614
mlp,8,8,6,0.075,fixed horizon 50,196,58,138,0.9990041825985968,0.08333333333333333,0.039473684210526314,0.9166666666666666,0.4780701754385965,0.17333333333333334,0.9673684210526315,0.8266666666666667,0.032631578947368456,0.19,0.05,0.5844298245614035
mlp,8,8,6,0.075,fixed horizon 100,196,58,138,1.0137412577772325,0.08333333333333333,0.11842105263157894,0.9166666666666666,0.5175438596491228,0.7944444444444444,0.975657894736842,0.2055555555555556,0.024342105263158054,0.7949999999999999,0.11,0.5745614035087719
mlp,8,8,6,0.075,fixed horizon 148,196,58,138,0.999882655426,0.25,0.3026315789473684,0.75,0.5263157894736842,0.7159224441833136,0.914029160739687,0.28407755581668637,0.08597083926031301,0.7421171171171171,0.29,0.6025219298245614
mlp,8,8,6,0.1,fixed horizon 50,196,58,138,0.9969304427024536,0.08333333333333333,0.09210526315789473,0.9166666666666666,0.5043859649122807,0.2514285714285714,0.9310526315789472,0.7485714285714287,0.06894736842105276,0.16,0.09,0.5844298245614035
mlp,8,8,6,0.1,fixed horizon 100,196,58,138,0.9997989638929816,0.2916666666666667,0.27631578947368424,0.7083333333333334,0.4923245614035088,0.7714285714285714,0.9368421052631577,0.22857142857142865,0.0631578947368423,0.7071428571428572,0.28,0.5745614035087719
mlp,8,8,6,0.1,fixed horizon 148,196,58,138,0.9988891105488426,0.2916666666666667,0.39473684210526316,0.7083333333333334,0.5515350877192983,0.6970720720720719,0.880423186344239,0.3029279279279281,0.119576813655761,0.5424710424710425,0.37,0.6025219298245614
mlp,8,8,6,0.15,fixed horizon 50,196,58,138,0.9843984122500997,0.16666666666666666,0.21052631578947367,0.8333333333333334,0.5219298245614035,0.1775,0.8268421052631579,0.8225,0.17315789473684207,0.225,0.2,0.5844298245614035
mlp,8,8,6,0.15,fixed horizon 100,196,58,138,0.998029634680051,0.4583333333333333,0.4342105263157895,0.5416666666666666,0.48793859649122806,0.6481818181818182,0.847236842105263,0.3518181818181818,0.15276315789473704,0.65,0.44,0.5745614035087719
mlp,8,8,6,0.15,fixed horizon 148,196,58,138,0.9927808676192988,0.4166666666666667,0.618421052631579,0.5833333333333334,0.6008771929824561,0.6305347901092583,0.7715149359886202,0.3694652098907417,0.2284850640113798,0.6351351351351351,0.57,0.6025219298245614
mlp,8,8,6,0.2,fixed horizon 50,196,58,138,0.9871812190001299,0.25,0.3815789473684211,0.75,0.5657894736842105,0.4296551724137931,0.7823684210526317,0.5703448275862069,0.2176315789473683,0.32666666666666666,0.35,0.5844298245614035
mlp,8,8,6,0.2,fixed horizon 100,196,58,138,0.9924400941515292,0.7916666666666666,0.8421052631578947,0.20833333333333334,0.525219298245614,0.7065625,0.7528947368421053,0.2934375,0.24710526315789472,0.7521052631578948,0.83,0.5745614035087719
mlp,8,8,6,0.2,fixed horizon 148,196,58,138,0.9930168294233476,0.8333333333333334,0.9078947368421053,0.16666666666666666,0.537280701754386,0.5754994124559342,0.6145981507823612,0.42450058754406583,0.38540184921763876,0.5844594594594594,0.89,0.6025219298245614
mlp,8,8,6,0.3,fixed horizon 50,196,58,138,0.8466430319589047,0.8333333333333334,0.8947368421052632,0.16666666666666666,0.5307017543859649,0.2538235294117648,0.33236842105263165,0.7461764705882352,0.6676315789473684,0.33399999999999996,0.88,0.5844298245614035
mlp,8,8,6,0.3,fixed horizon 100,196,58,138,0.8957262084853311,1.0,1.0,0.0,0.5,0.24578947368421056,0.24578947368421056,0.7542105263157894,0.7542105263157894,0.36375,1.0,0.5745614035087719
mlp,8,8,6,0.3,fixed horizon 148,196,58,138,0.9197480590863315,1.0,0.9736842105263158,0.0,0.4868421052631579,0.22845142439737037,0.2487553342816501,0.7715485756026297,0.7512446657183499,0.3423423423423424,0.98,0.6025219298245614
mlp,8,8,7,0.01,fixed horizon 50,196,58,138,0.9999824560657004,0.0,0.05263157894736842,1.0,0.5263157894736842,0.12,0.9536842105263158,0.88,0.0463157894736842,,0.04,0.5844298245614035
mlp,8,8,7,0.01,fixed horizon 100,196,58,138,0.9999824560657004,0.0,0.05263157894736842,1.0,0.5263157894736842,0.06,0.9505263157894737,0.94,0.049473684210526336,,0.04,0.5745614035087719
mlp,8,8,7,0.01,fixed horizon 148,196,58,138,0.9999824560657004,0.0,0.05263157894736842,1.0,0.5263157894736842,0.04054054054054054,0.94950213371266,0.9594594594594594,0.05049786628733999,,0.04,0.6025219298245614
mlp,8,8,7,0.025,fixed horizon 50,196,58,138,0.9999567435108703,0.0,0.06578947368421052,1.0,0.5328947368421053,0.12,0.9421052631578949,0.88,0.05789473684210511,,0.05,0.5844298245614035
mlp,8,8,7,0.025,fixed horizon 100,196,58,138,0.9999567435108703,0.0,0.06578947368421052,1.0,0.5328947368421053,0.06,0.9381578947368421,0.94,0.06184210526315792,,0.05,0.5745614035087719
mlp,8,8,7,0.025,fixed horizon 148,196,58,138,0.9999567435108703,0.0,0.06578947368421052,1.0,0.5328947368421053,0.04054054054054054,0.9368776671408251,0.9594594594594594,0.0631223328591749,,0.05,0.6025219298245614
mlp,8,8,7,0.05,fixed horizon 50,196,58,138,0.9998781956769174,0.0,0.07894736842105263,1.0,0.5394736842105263,0.12,0.9305263157894736,0.88,0.06947368421052635,,0.06,0.5844298245614035
mlp,8,8,7,0.05,fixed horizon 100,196,58,138,0.9999532647426164,0.041666666666666664,0.06578947368421052,0.9583333333333334,0.5120614035087719,0.06,0.9381578947368421,0.94,0.06184210526315792,0.86,0.06,0.5745614035087719
mlp,8,8,7,0.05,fixed horizon 148,196,58,138,1.000422931858333,0.08333333333333333,0.17105263157894737,0.9166666666666666,0.543859649122807,0.7396049896049894,0.9554587482219062,0.26039501039501056,0.04454125177809376,0.7567567567567568,0.15,0.6025219298245614
mlp,8,8,7,0.075,fixed horizon 50,196,58,138,1.000304893925732,0.08333333333333333,0.05263157894736842,0.9166666666666666,0.48464912280701755,0.14,0.9547368421052632,0.86,0.04526315789473678,0.36,0.06,0.5844298245614035
mlp,8,8,7,0.075,fixed horizon 100,196,58,138,0.9999750355687993,0.20833333333333334,0.25,0.7916666666666666,0.5208333333333333,0.7031578947368421,0.9257894736842104,0.2968421052631579,0.07421052631578962,0.8700000000000001,0.24,0.5745614035087719
mlp,8,8,7,0.075,fixed horizon 148,196,58,138,0.999958736268679,0.25,0.34210526315789475,0.75,0.5460526315789473,0.6101871101871101,0.8666429587482218,0.38981288981288986,0.13335704125177816,0.7421171171171171,0.32,0.6025219298245614
mlp,8,8,7,0.1,fixed horizon 50,196,58,138,1.0003510350983904,0.08333333333333333,0.05263157894736842,0.9166666666666666,0.48464912280701755,0.14,0.9547368421052632,0.86,0.04526315789473678,0.37,0.06,0.5844298245614035
mlp,8,8,7,0.1,fixed horizon 100,196,58,138,0.9999546920972414,0.25,0.3026315789473684,0.75,0.5263157894736842,0.6969565217391305,0.9082894736842105,0.3030434782608695,0.09171052631578946,0.8716666666666666,0.29,0.5745614035087719
mlp,8,8,7,0.1,fixed horizon 148,196,58,138,0.9999483384076783,0.25,0.42105263157894735,0.75,0.5855263157894737,0.6482263513513513,0.8518847795163584,0.3517736486486487,0.14811522048364156,0.740990990990991,0.38,0.6025219298245614
mlp,8,8,7,0.15,fixed horizon 50,196,58,138,1.0616179819500917,0.20833333333333334,0.09210526315789473,0.7916666666666666,0.44188596491228066,0.52,0.9557894736842105,0.48,0.04421052631578948,0.508,0.12,0.5844298245614035
mlp,8,8,7,0.15,fixed horizon 100,196,58,138,0.9999490881891739,0.5416666666666666,0.6842105263157895,0.4583333333333333,0.5712719298245614,0.7626923076923077,0.8376315789473684,0.23730769230769233,0.1623684210526316,0.8269230769230769,0.65,0.5745614035087719
mlp,8,8,7,0.15,fixed horizon 148,196,58,138,1.0042922072039633,0.7916666666666666,0.8157894736842105,0.20833333333333334,0.5120614035087719,0.6046207497820402,0.6774537695590328,0.39537925021795983,0.3225462304409672,0.6266002844950215,0.81,0.6025219298245614
mlp,8,8,7,0.2,fixed horizon 50,196,58,138,1.0265398964287216,0.375,0.35526315789473684,0.625,0.4901315789473684,0.5881481481481482,0.8536842105263157,0.4118518518518518,0.1463157894736843,0.5866666666666667,0.36,0.5844298245614035
mlp,8,8,7,0.2,fixed horizon 100,196,58,138,0.999596719494568,0.7916666666666666,0.881578947368421,0.20833333333333334,0.5449561403508771,0.7644776119402985,0.7923684210526316,0.2355223880597015,0.2076315789473684,0.7978947368421053,0.86,0.5745614035087719
mlp,8,8,7,0.2,fixed horizon 148,196,58,138,0.9999498379706696,0.8333333333333334,0.881578947368421,0.16666666666666666,0.5241228070175439,0.5576845502218637,0.6100640113798009,0.4423154497781363,0.38993598862019907,0.6047297297297296,0.87,0.6025219298245614
mlp,8,8,7,0.3,fixed horizon 50,196,58,138,0.9949213025013882,0.75,0.9210526315789473,0.25,0.5855263157894737,0.5299999999999998,0.5671052631578948,0.4700000000000002,0.4328947368421052,0.5722222222222222,0.88,0.5844298245614035
mlp,8,8,7,0.3,fixed horizon 100,196,58,138,0.932862761304428,0.9166666666666666,0.9868421052631579,0.08333333333333333,0.5350877192982456,0.25079999999999997,0.26065789473684214,0.7492000000000001,0.7393421052631579,0.3181818181818182,0.97,0.5745614035087719
mlp,8,8,7,0.3,fixed horizon 148,196,58,138,0.8976789501322516,0.9583333333333334,0.9868421052631579,0.041666666666666664,0.5142543859649122,0.14981981981981982,0.16100640113798007,0.8501801801801802,0.83899359886202,0.24059929494712104,0.98,0.6025219298245614
mlp,8,8,8,0.01,fixed horizon 50,196,58,138,1.0069917314152712,0.0,0.0,1.0,0.5,,1.0,,0.0,,0.0,0.5844298245614035
mlp,8,8,8,0.01,fixed horizon 100,196,58,138,1.007499906569435,0.0,0.0,1.0,0.5,,1.0,,0.0,,0.0,0.5745614035087719
mlp,8,8,8,0.01,fixed horizon 148,196,58,138,1.0808365636801227,0.0,0.0,1.0,0.5,,1.0,,0.0,,0.0,0.6025219298245614
mlp,8,8,8,0.025,fixed horizon 50,196,58,138,1.0068144395872265,0.0,0.0,1.0,0.5,,1.0,,0.0,,0.0,0.5844298245614035
mlp,8,8,8,0.025,fixed horizon 100,196,58,138,1.0069193266110714,0.0,0.0,1.0,0.5,,1.0,,0.0,,0.0,0.5745614035087719
mlp,8,8,8,0.025,fixed horizon 148,196,58,138,1.0678802155914116,0.0,0.039473684210526314,1.0,0.5197368421052632,0.8175675675675675,0.9927987197724041,0.18243243243243246,0.007201280227595919,,0.03,0.6025219298245614
mlp,8,8,8,0.05,fixed horizon 50,196,58,138,1.0131003294389924,0.08333333333333333,0.039473684210526314,0.9166666666666666,0.4780701754385965,0.4000000000000001,0.976315789473684,0.5999999999999999,0.023684210526315974,0.4,0.05,0.5844298245614035
mlp,8,8,8,0.05,fixed horizon 100,196,58,138,1.0190675495062174,0.0,0.013157894736842105,1.0,0.506578947368421,0.51,0.9935526315789472,0.49,0.006447368421052757,,0.01,0.5745614035087719
mlp,8,8,8,0.05,fixed horizon 148,196,58,138,1.0638893064167112,0.08333333333333333,0.14473684210526316,0.9166666666666666,0.5307017543859649,0.8366093366093366,0.9763513513513514,0.16339066339066344,0.023648648648648574,0.8851351351351351,0.13,0.6025219298245614
mlp,8,8,8,0.075,fixed horizon 50,196,58,138,1.0631217073476344,0.0,0.013157894736842105,1.0,0.506578947368421,0.96,0.9994736842105264,0.040000000000000036,0.000526315789473597,,0.01,0.5844298245614035
mlp,8,8,8,0.075,fixed horizon 100,196,58,138,1.1197106331510218,0.041666666666666664,0.06578947368421052,0.9583333333333334,0.5120614035087719,0.8080000000000002,0.9873684210526317,0.19199999999999984,0.012631578947368327,0.8,0.06,0.5745614035087719
mlp,8,8,8,0.075,fixed horizon 148,196,58,138,1.0749995963585948,0.20833333333333334,0.2894736842105263,0.7916666666666666,0.5405701754385965,0.754914004914005,0.929054054054054,0.24508599508599505,0.07094594594594605,0.7621621621621623,0.27,0.6025219298245614
mlp,8,8,8,0.1,fixed horizon 50,196,58,138,1.1171685717016244,0.0,0.013157894736842105,1.0,0.506578947368421,0.8,0.9973684210526316,0.19999999999999996,0.0026315789473684292,,0.01,0.5844298245614035
mlp,8,8,8,0.1,fixed horizon 100,196,58,138,1.127945355435501,0.16666666666666666,0.17105263157894737,0.8333333333333334,0.5021929824561404,0.8438461538461539,0.9732894736842105,0.1561538461538461,0.026710526315789518,0.905,0.17,0.5745614035087719
mlp,8,8,8,0.1,fixed horizon 148,196,58,138,1.0938069078858146,0.2916666666666667,0.39473684210526316,0.7083333333333334,0.5515350877192983,0.7729729729729727,0.9103840682788051,0.22702702702702726,0.08961593172119486,0.774131274131274,0.37,0.6025219298245614
mlp,8,8,8,0.15,fixed horizon 50,196,58,138,1.1568488917561732,0.08333333333333333,0.13157894736842105,0.9166666666666666,0.5241228070175439,0.6679999999999999,0.9563157894736843,0.3320000000000001,0.04368421052631566,0.66,0.12,0.5844298245614035
mlp,8,8,8,0.15,fixed horizon 100,196,58,138,1.1485187501158467,0.4166666666666667,0.47368421052631576,0.5833333333333334,0.5285087719298246,0.8588888888888888,0.9331578947368421,0.1411111111111112,0.06684210526315792,0.8459999999999999,0.46,0.5745614035087719
mlp,8,8,8,0.15,fixed horizon 148,196,58,138,1.135375976723618,0.4166666666666667,0.5131578947368421,0.5833333333333334,0.5482456140350878,0.5916493416493415,0.7904516358463727,0.40835065835065854,0.20954836415362732,0.5716216216216216,0.49,0.6025219298245614
mlp,8,8,8,0.2,fixed horizon 50,196,58,138,1.1888243271164045,0.2916666666666667,0.3157894736842105,0.7083333333333334,0.5120614035087719,0.84,0.9494736842105262,0.16000000000000003,0.05052631578947375,0.8714285714285716,0.31,0.5844298245614035
mlp,8,8,8,0.2,fixed horizon 100,196,58,138,1.168437156874981,0.7916666666666666,0.868421052631579,0.20833333333333334,0.5383771929824561,0.8166666666666667,0.8407894736842104,0.18333333333333335,0.15921052631578958,0.8231578947368421,0.85,0.5745614035087719
mlp,8,8,8,0.2,fixed horizon 148,196,58,138,1.170652275107902,0.7916666666666666,0.881578947368421,0.20833333333333334,0.5449561403508771,0.6225292456635741,0.6672297297297297,0.37747075433642585,0.3327702702702703,0.6223328591749645,0.86,0.6025219298245614
mlp,8,8,8,0.3,fixed horizon 50,196,58,138,1.53750787257762,0.5416666666666666,0.6842105263157895,0.4583333333333333,0.5712719298245614,0.428076923076923,0.6086842105263157,0.571923076923077,0.3913157894736843,0.4,0.65,0.5844298245614035
mlp,8,8,8,0.3,fixed horizon 100,196,58,138,1.577720807824268,0.8333333333333334,0.9473684210526315,0.16666666666666666,0.5570175438596491,0.4201388888888889,0.4506578947368421,0.5798611111111112,0.549342105263158,0.429,0.92,0.5745614035087719
mlp,8,8,8,0.3,fixed horizon 148,196,58,138,1.0638717257690724,1.0,0.9736842105263158,0.0,0.4868421052631579,0.5353360116873631,0.5475640113798008,0.4646639883126369,0.4524359886201992,0.563063063063063,0.98,0.6025219298245614
mlp,8,8,9,0.01,fixed horizon 50,196,58,138,1.0000003318953121,0.0,0.039473684210526314,1.0,0.5197368421052632,0.0,0.9605263157894737,1.0,0.03947368421052633,,0.03,0.5844298245614035
mlp,8,8,9,0.01,fixed horizon 100,196,58,138,1.0000003318953121,0.0,0.039473684210526314,1.0,0.5197368421052632,0.0,0.9605263157894737,1.0,0.03947368421052633,,0.03,0.5745614035087719
mlp,8,8,9,0.01,fixed horizon 148,196,58,138,1.0000003318953121,0.0,0.039473684210526314,1.0,0.5197368421052632,0.0,0.9605263157894737,1.0,0.03947368421052633,,0.03,0.6025219298245614
mlp,8,8,9,0.025,fixed horizon 50,196,58,138,0.9999936551695613,0.0,0.06578947368421052,1.0,0.5328947368421053,0.032,0.9363157894736842,0.968,0.06368421052631579,,0.05,0.5844298245614035
mlp,8,8,9,0.025,fixed horizon 100,196,58,138,0.9999936551695613,0.0,0.06578947368421052,1.0,0.5328947368421053,0.016,0.9352631578947368,0.984,0.0647368421052632,,0.05,0.5745614035087719
mlp,8,8,9,0.025,fixed horizon 148,196,58,138,0.9999936551695613,0.0,0.06578947368421052,1.0,0.5328947368421053,0.010810810810810811,0.9349217638691324,0.9891891891891892,0.0650782361308676,,0.05,0.6025219298245614
mlp,8,8,9,0.05,fixed horizon 50,196,58,138,1.0000151274005777,0.0,0.06578947368421052,1.0,0.5328947368421053,0.092,0.9402631578947368,0.908,0.0597368421052632,,0.05,0.5844298245614035
mlp,8,8,9,0.05,fixed horizon 100,196,58,138,1.000041221517517,0.041666666666666664,0.05263157894736842,0.9583333333333334,0.5054824561403509,0.0425,0.9496052631578946,0.9575,0.05039473684210538,0.86,0.05,0.5745614035087719
mlp,8,8,9,0.05,fixed horizon 148,196,58,138,1.0002863887069313,0.041666666666666664,0.15789473684210525,0.9583333333333334,0.5581140350877193,0.7792792792792794,0.965149359886202,0.22072072072072058,0.034850640113798015,0.581081081081081,0.13,0.6025219298245614
mlp,8,8,9,0.075,fixed horizon 50,196,58,138,1.0000258389706238,0.0,0.06578947368421052,1.0,0.5328947368421053,0.096,0.9405263157894735,0.904,0.059473684210526456,,0.05,0.5844298245614035
mlp,8,8,9,0.075,fixed horizon 100,196,58,138,1.0081618838246862,0.041666666666666664,0.05263157894736842,0.9583333333333334,0.5054824561403509,0.7375,0.9861842105263158,0.26249999999999996,0.013815789473684226,0.79,0.05,0.5745614035087719
mlp,8,8,9,0.075,fixed horizon 148,196,58,138,1.0017804322980768,0.20833333333333334,0.27631578947368424,0.7916666666666666,0.5339912280701754,0.7551480051480051,0.9323435277382647,0.24485199485199494,0.06765647226173532,0.7783783783783783,0.26,0.6025219298245614
mlp,8,8,9,0.1,fixed horizon 50,196,58,138,1.0000179217231984,0.08333333333333333,0.07894736842105263,0.9166666666666666,0.49780701754385964,0.16333333333333333,0.9339473684210525,0.8366666666666667,0.06605263157894747,0.52,0.08,0.5844298245614035
mlp,8,8,9,0.1,fixed horizon 100,196,58,138,1.0043538932413862,0.16666666666666666,0.2236842105263158,0.8333333333333334,0.5285087719298246,0.8035294117647059,0.9560526315789474,0.19647058823529406,0.043947368421052624,0.8324999999999999,0.21,0.5745614035087719
mlp,8,8,9,0.1,fixed horizon 148,196,58,138,1.000547269020322,0.25,0.3684210526315789,0.75,0.5592105263157895,0.768581081081081,0.9147403982930298,0.23141891891891897,0.08525960170697022,0.7421171171171171,0.34,0.6025219298245614
mlp,8,8,9,0.15,fixed horizon 50,196,58,138,1.000000411899515,0.25,0.18421052631578946,0.75,0.46710526315789475,0.33285714285714285,0.8771052631578947,0.6671428571428571,0.12289473684210528,0.37000000000000005,0.2,0.5844298245614035
mlp,8,8,9,0.15,fixed horizon 100,196,58,138,1.0170463143836883,0.4166666666666667,0.618421052631579,0.5833333333333334,0.6008771929824561,0.8776595744680851,0.9243421052631579,0.12234042553191493,0.07565789473684215,0.843,0.57,0.5745614035087719
mlp,8,8,9,0.15,fixed horizon 148,196,58,138,1.1239306254377448,0.5833333333333334,0.618421052631579,0.4166666666666667,0.5175438596491229,0.8990799309948245,0.9375889046941679,0.10092006900517547,0.06241109530583211,0.914092664092664,0.61,0.6025219298245614
mlp,8,8,9,0.2,fixed horizon 50,196,58,138,1.0000026938621767,0.375,0.3815789473684211,0.625,0.5032894736842105,0.569655172413793,0.8357894736842105,0.43034482758620696,0.16421052631578947,0.6022222222222222,0.38,0.5844298245614035
mlp,8,8,9,0.2,fixed horizon 100,196,58,138,1.1119182051150425,0.8333333333333334,0.9342105263157895,0.16666666666666666,0.5504385964912281,0.7688732394366197,0.7840789473684211,0.23112676056338033,0.2159210526315789,0.7685000000000001,0.91,0.5745614035087719
mlp,8,8,9,0.2,fixed horizon 148,196,58,138,1.1631720844583457,0.8333333333333334,0.8552631578947368,0.16666666666666666,0.5109649122807017,0.7556133056133056,0.7909850640113799,0.24438669438669436,0.2090149359886201,0.7611486486486486,0.85,0.6025219298245614
mlp,8,8,9,0.3,fixed horizon 50,196,58,138,0.9888250828562865,0.9583333333333334,1.0,0.041666666666666664,0.5208333333333334,0.34394736842105267,0.34394736842105267,0.6560526315789473,0.6560526315789473,0.388695652173913,0.99,0.5844298245614035
mlp,8,8,9,0.3,fixed horizon 100,196,58,138,1.0517953237951214,1.0,1.0,0.0,0.5,0.3071052631578947,0.3071052631578947,0.6928947368421052,0.6928947368421052,0.3720833333333334,1.0,0.5745614035087719
mlp,8,8,9,0.3,fixed horizon 148,196,58,138,1.0001666527051258,1.0,0.9736842105263158,0.0,0.4868421052631579,0.4553506208911615,0.4696834992887625,0.5446493791088385,0.5303165007112375,0.5073198198198199,0.98,0.6025219298245614
mlp,9,9,0,0.01,fixed horizon 50,201,60,141,1.0044584890922887,0.0,0.0,1.0,0.5,,1.0,,0.0,,0.0,0.5750868055555556
mlp,9,9,0,0.01,fixed horizon 100,201,60,141,1.0044584890922887,0.0,0.0,1.0,0.5,,1.0,,0.0,,0.0,0.5946180555555555
mlp,9,9,0,0.01,fixed horizon 148,201,60,141,1.0044584890922887,0.0,0.0,1.0,0.5,,1.0,,0.0,,0.0,0.6870659722222222
mlp,9,9,0,0.025,fixed horizon 50,201,60,141,1.0040286371445886,0.0,0.0,1.0,0.5,,1.0,,0.0,,0.0,0.5750868055555556
mlp,9,9,0,0.025,fixed horizon 100,201,60,141,1.0040286371445886,0.0,0.0,1.0,0.5,,1.0,,0.0,,0.0,0.5946180555555555
mlp,9,9,0,0.025,fixed horizon 148,201,60,141,1.0040286371445886,0.0,0.0,1.0,0.5,,1.0,,0.0,,0.0,0.6870659722222222
mlp,9,9,0,0.05,fixed horizon 50,201,60,141,1.041363528106101,0.0,0.0,1.0,0.5,,1.0,,0.0,,0.0,0.5750868055555556
mlp,9,9,0,0.05,fixed horizon 100,201,60,141,1.042844907754638,0.0,0.0,1.0,0.5,,1.0,,0.0,,0.0,0.5946180555555555
mlp,9,9,0,0.05,fixed horizon 148,201,60,141,1.0435606612373995,0.0,0.0,1.0,0.5,,1.0,,0.0,,0.0,0.6870659722222222
mlp,9,9,0,0.075,fixed horizon 50,201,60,141,1.0251332660429715,0.027777777777777776,0.078125,0.9722222222222222,0.5251736111111112,0.54,0.9640625,0.45999999999999996,0.035937499999999956,0.54,0.06,0.5750868055555556
mlp,9,9,0,0.075,fixed horizon 100,201,60,141,1.0425617396391964,0.0,0.03125,1.0,0.515625,0.81,0.9940625000000001,0.18999999999999995,0.005937499999999929,,0.02,0.5946180555555555
mlp,9,9,0,0.075,fixed horizon 148,201,60,141,1.0425617396391964,0.0,0.03125,1.0,0.515625,0.5472972972972974,0.9858530405405406,0.45270270270270263,0.01414695945945943,,0.02,0.6870659722222222
mlp,9,9,0,0.1,fixed horizon 50,201,60,141,1.024070860174067,0.027777777777777776,0.09375,0.9722222222222222,0.5329861111111112,0.5133333333333333,0.954375,0.4866666666666667,0.04562500000000003,0.5,0.07,0.5750868055555556
mlp,9,9,0,0.1,fixed horizon 100,201,60,141,1.0419784274444932,0.0,0.046875,1.0,0.5234375,0.8166666666666668,0.99140625,0.18333333333333324,0.008593749999999956,,0.03,0.5946180555555555
mlp,9,9,0,0.1,fixed horizon 148,201,60,141,1.051775398079618,0.0,0.03125,1.0,0.515625,0.5540540540540541,0.9860641891891893,0.44594594594594594,0.013935810810810745,,0.02,0.6870659722222222
mlp,9,9,0,0.15,fixed horizon 50,201,60,141,1.0380096815062596,0.05555555555555555,0.1875,0.9444444444444444,0.5659722222222222,0.5283333333333333,0.9115625,0.4716666666666667,0.08843749999999995,0.46,0.14,0.5750868055555556
mlp,9,9,0,0.15,fixed horizon 100,201,60,141,1.0632841846811751,0.08333333333333333,0.203125,0.9166666666666666,0.5598958333333333,0.11461538461538465,0.82015625,0.8853846153846153,0.17984374999999997,0.11,0.16,0.5946180555555555
mlp,9,9,0,0.15,fixed horizon 148,201,60,141,1.0952861766046944,0.027777777777777776,0.09375,0.9722222222222222,0.5329861111111112,0.213963963963964,0.9263091216216216,0.786036036036036,0.0736908783783784,0.08783783783783784,0.07,0.6870659722222222
mlp,9,9,0,0.2,fixed horizon 50,201,60,141,1.111032142447634,0.1111111111111111,0.28125,0.8888888888888888,0.5850694444444444,0.3011111111111111,0.8034375,0.6988888888888889,0.19656249999999997,0.195,0.22,0.5750868055555556
mlp,9,9,0,0.2,fixed horizon 100,201,60,141,1.145044662470688,0.08333333333333333,0.234375,0.9166666666666666,0.5755208333333333,0.2806666666666667,0.8314062499999999,0.7193333333333334,0.1685937500000001,0.10999999999999999,0.18,0.5946180555555555
mlp,9,9,0,0.2,fixed horizon 148,201,60,141,1.094657877271958,0.1111111111111111,0.40625,0.8888888888888888,0.6475694444444444,0.6143451143451143,0.8433277027027027,0.3856548856548857,0.15667229729729726,0.27533783783783783,0.3,0.6870659722222222
mlp,9,9,0,0.3,fixed horizon 50,201,60,141,0.9812649647552849,0.6388888888888888,0.65625,0.3611111111111111,0.5086805555555556,0.055238095238095246,0.38,0.9447619047619048,0.62,0.1382608695652174,0.65,0.5750868055555556
mlp,9,9,0,0.3,fixed horizon 100,201,60,141,0.9681050063961446,0.75,0.78125,0.25,0.515625,0.26880000000000004,0.42874999999999996,0.7312,0.57125,0.26185185185185184,0.77,0.5946180555555555
mlp,9,9,0,0.3,fixed horizon 148,201,60,141,0.9681050063961446,0.7222222222222222,0.796875,0.2777777777777778,0.5373263888888888,0.240990990990991,0.39516469594594594,0.759009009009009,0.6048353040540541,0.27936590436590436,0.77,0.6870659722222222
mlp,9,9,1,0.01,fixed horizon 50,201,60,141,1.0000322862997864,0.0,0.0,1.0,0.5,,1.0,,0.0,,0.0,0.5750868055555556
mlp,9,9,1,0.01,fixed horizon 100,201,60,141,1.0000959390758273,0.0,0.0,1.0,0.5,,1.0,,0.0,,0.0,0.5946180555555555
mlp,9,9,1,0.01,fixed horizon 148,201,60,141,1.0007377470667802,0.0,0.0,1.0,0.5,,1.0,,0.0,,0.0,0.6870659722222222
mlp,9,9,1,0.025,fixed horizon 50,201,60,141,1.0000105374778472,0.0,0.03125,1.0,0.515625,0.02,0.969375,0.98,0.030625000000000013,,0.02,0.5750868055555556
mlp,9,9,1,0.025,fixed horizon 100,201,60,141,1.0000287919020618,0.0,0.0,1.0,0.5,,1.0,,0.0,,0.0,0.5946180555555555
mlp,9,9,1,0.025,fixed horizon 148,201,60,141,1.0000287919020618,0.0,0.0,1.0,0.5,,1.0,,0.0,,0.0,0.6870659722222222
mlp,9,9,1,0.05,fixed horizon 50,201,60,141,0.9999728304583179,0.027777777777777776,0.09375,0.9722222222222222,0.5329861111111112,0.10000000000000002,0.915625,0.9,0.08437499999999998,0.0,0.07,0.5750868055555556
mlp,9,9,1,0.05,fixed horizon 100,201,60,141,1.0000030682317949,0.0,0.0625,1.0,0.53125,0.27749999999999997,0.95484375,0.7225,0.04515625000000001,,0.04,0.5946180555555555
mlp,9,9,1,0.05,fixed horizon 148,201,60,141,0.999982210693826,0.027777777777777776,0.0625,0.9722222222222222,0.5173611111111112,0.23986486486486489,0.9524915540540541,0.7601351351351351,0.04750844594594594,0.0,0.05,0.6870659722222222
mlp,9,9,1,0.075,fixed horizon 50,201,60,141,0.9997130394409703,0.1111111111111111,0.15625,0.8888888888888888,0.5225694444444444,0.05800000000000001,0.8528125,0.942,0.14718750000000003,0.0,0.14,0.5750868055555556
mlp,9,9,1,0.075,fixed horizon 100,201,60,141,0.9997130394409703,0.1111111111111111,0.15625,0.8888888888888888,0.5225694444444444,0.029000000000000005,0.84828125,0.971,0.15171875,0.0,0.14,0.5946180555555555
mlp,9,9,1,0.075,fixed horizon 148,201,60,141,0.9997130394409703,0.1111111111111111,0.171875,0.8888888888888888,0.5303819444444444,0.10626535626535626,0.8463893581081081,0.8937346437346437,0.15361064189189189,0.0,0.15,0.6870659722222222
mlp,9,9,1,0.1,fixed horizon 50,201,60,141,1.0257453564305863,0.1388888888888889,0.140625,0.8611111111111112,0.5008680555555556,0.20888888888888887,0.8887499999999999,0.7911111111111111,0.11125000000000007,0.12,0.14,0.5750868055555556
mlp,9,9,1,0.1,fixed horizon 100,201,60,141,1.0321253676571598,0.08333333333333333,0.125,0.9166666666666666,0.5208333333333333,0.16,0.895,0.84,0.10499999999999998,0.06,0.11,0.5946180555555555
mlp,9,9,1,0.1,fixed horizon 148,201,60,141,1.0011563850036214,0.0,0.046875,1.0,0.5234375,0.4234234234234234,0.972972972972973,0.5765765765765767,0.027027027027026973,,0.03,0.6870659722222222
mlp,9,9,1,0.15,fixed horizon 50,201,60,141,1.0603382163321238,0.05555555555555555,0.171875,0.9444444444444444,0.5581597222222222,0.6272727272727273,0.9359375000000001,0.3727272727272727,0.06406249999999991,0.35,0.13,0.5750868055555556
mlp,9,9,1,0.15,fixed horizon 100,201,60,141,1.0671170222959319,0.027777777777777776,0.09375,0.9722222222222222,0.5329861111111112,0.40833333333333327,0.94453125,0.5916666666666668,0.055468749999999956,0.32,0.07,0.5946180555555555
mlp,9,9,1,0.15,fixed horizon 148,201,60,141,1.0823563844254682,0.027777777777777776,0.125,0.9722222222222222,0.5486111111111112,0.2483108108108108,0.9060388513513513,0.7516891891891893,0.09396114864864868,0.25,0.09,0.6870659722222222
mlp,9,9,1,0.2,fixed horizon 50,201,60,141,1.0736008223800888,0.1388888888888889,0.25,0.8611111111111112,0.5555555555555556,0.475,0.86875,0.525,0.13124999999999998,0.184,0.21,0.5750868055555556
mlp,9,9,1,0.2,fixed horizon 100,201,60,141,1.1206306685944776,0.1388888888888889,0.28125,0.8611111111111112,0.5711805555555556,0.5555555555555556,0.875,0.4444444444444444,0.125,0.6279999999999999,0.23,0.5946180555555555
mlp,9,9,1,0.2,fixed horizon 148,201,60,141,1.2131934243657974,0.08333333333333333,0.265625,0.9166666666666666,0.5911458333333333,0.53060413354531,0.875316722972973,0.46939586645469,0.12468327702702697,0.713963963963964,0.2,0.6870659722222222
mlp,9,9,1,0.3,fixed horizon 50,201,60,141,0.9831888421033816,0.6944444444444444,0.703125,0.3055555555555556,0.5043402777777778,0.035555555555555556,0.321875,0.9644444444444444,0.678125,0.0912,0.7,0.5750868055555556
mlp,9,9,1,0.3,fixed horizon 100,201,60,141,0.9908624502566917,0.8055555555555556,0.828125,0.19444444444444445,0.5112847222222222,0.16,0.304375,0.84,0.6956249999999999,0.15827586206896552,0.82,0.5946180555555555
mlp,9,9,1,0.3,fixed horizon 148,201,60,141,0.9548074343489587,0.8055555555555556,0.90625,0.19444444444444445,0.5503472222222222,0.24324324324324326,0.31418918918918914,0.7567567567567568,0.6858108108108109,0.20829450139794967,0.87,0.6870659722222222
mlp,9,9,2,0.01,fixed horizon 50,201,60,141,1.00406426618461,0.0,0.0,1.0,0.5,,1.0,,0.0,,0.0,0.5750868055555556
mlp,9,9,2,0.01,fixed horizon 100,201,60,141,1.0177645538759836,0.0,0.0,1.0,0.5,,1.0,,0.0,,0.0,0.5946180555555555
mlp,9,9,2,0.01,fixed horizon 148,201,60,141,1.0408836566089616,0.0,0.0,1.0,0.5,,1.0,,0.0,,0.0,0.6870659722222222
mlp,9,9,2,0.025,fixed horizon 50,201,60,141,1.0037271062369086,0.0,0.0,1.0,0.5,,1.0,,0.0,,0.0,0.5750868055555556
mlp,9,9,2,0.025,fixed horizon 100,201,60,141,1.016761678893023,0.0,0.0,1.0,0.5,,1.0,,0.0,,0.0,0.5946180555555555
mlp,9,9,2,0.025,fixed horizon 148,201,60,141,1.0402287733717912,0.0,0.015625,1.0,0.5078125,0.9662162162162162,0.9994721283783784,0.03378378378378377,0.0005278716216216006,,0.01,0.6870659722222222
mlp,9,9,2,0.05,fixed horizon 50,201,60,141,1.0356963471381138,0.0,0.0,1.0,0.5,,1.0,,0.0,,0.0,0.5750868055555556
mlp,9,9,2,0.05,fixed horizon 100,201,60,141,1.0503503216109622,0.0,0.015625,1.0,0.5078125,0.72,0.995625,0.28,0.004375000000000018,,0.01,0.5946180555555555
mlp,9,9,2,0.05,fixed horizon 148,201,60,141,1.0503503216109622,0.0,0.015625,1.0,0.5078125,0.4864864864864865,0.9919763513513513,0.5135135135135135,0.008023648648648685,,0.01,0.6870659722222222
mlp,9,9,2,0.075,fixed horizon 50,201,60,141,1.0417051628443592,0.0,0.0625,1.0,0.53125,0.625,0.9765625,0.375,0.0234375,,0.04,0.5750868055555556
mlp,9,9,2,0.075,fixed horizon 100,201,60,141,1.0561050836896815,0.0,0.046875,1.0,0.5234375,0.7333333333333334,0.9875,0.2666666666666666,0.012499999999999956,,0.03,0.5946180555555555
mlp,9,9,2,0.075,fixed horizon 148,201,60,141,1.0561050836896815,0.0,0.046875,1.0,0.5234375,0.4954954954954955,0.9763513513513513,0.5045045045045045,0.023648648648648685,,0.03,0.6870659722222222
mlp,9,9,2,0.1,fixed horizon 50,201,60,141,1.0956168715158747,0.027777777777777776,0.078125,0.9722222222222222,0.5251736111111112,0.576,0.9668749999999999,0.42400000000000004,0.03312500000000007,0.58,0.06,0.5750868055555556
mlp,9,9,2,0.1,fixed horizon 100,201,60,141,1.044121199315023,0.0,0.046875,1.0,0.5234375,0.7166666666666667,0.98671875,0.2833333333333333,0.013281250000000022,,0.03,0.5946180555555555
mlp,9,9,2,0.1,fixed horizon 148,201,60,141,1.0836480191932871,0.0,0.03125,1.0,0.515625,0.7027027027027027,0.9907094594594594,0.29729729729729726,0.00929054054054057,,0.02,0.6870659722222222
mlp,9,9,2,0.15,fixed horizon 50,201,60,141,1.219527562866037,0.0,0.046875,1.0,0.5234375,0.96,0.998125,0.040000000000000036,0.00187499999999996,,0.03,0.5750868055555556
mlp,9,9,2,0.15,fixed horizon 100,201,60,141,1.4120928705512041,0.0,0.0625,1.0,0.53125,0.6625,0.9789062500000001,0.3375,0.02109374999999991,,0.04,0.5946180555555555
mlp,9,9,2,0.15,fixed horizon 148,201,60,141,1.4120928705512041,0.0,0.0625,1.0,0.53125,0.44763513513513514,0.9654771959459459,0.5523648648648649,0.03452280405405406,,0.04,0.6870659722222222
mlp,9,9,2,0.2,fixed horizon 50,201,60,141,1.4341225107123265,0.0,0.140625,1.0,0.5703125,0.9088888888888889,0.9871875,0.09111111111111114,0.012812500000000004,,0.09,0.5750868055555556
mlp,9,9,2,0.2,fixed horizon 100,201,60,141,1.6477016114413865,0.0,0.140625,1.0,0.5703125,0.8844444444444445,0.98375,0.11555555555555552,0.016249999999999987,,0.09,0.5946180555555555
mlp,9,9,2,0.2,fixed horizon 148,201,60,141,1.7240904529975078,0.08333333333333333,0.203125,0.9166666666666666,0.5598958333333333,0.683991683991684,0.9358108108108107,0.316008316008316,0.06418918918918926,0.7364864864864865,0.16,0.6870659722222222
mlp,9,9,2,0.3,fixed horizon 50,201,60,141,1.4188805566817537,0.5555555555555556,0.578125,0.4444444444444444,0.5112847222222222,0.18702702702702698,0.53,0.812972972972973,0.47,0.2,0.57,0.5750868055555556
mlp,9,9,2,0.3,fixed horizon 100,201,60,141,1.2856898564495731,0.6944444444444444,0.734375,0.3055555555555556,0.5199652777777778,0.681063829787234,0.76578125,0.318936170212766,0.23421875000000003,0.7539999999999999,0.72,0.5946180555555555
mlp,9,9,2,0.3,fixed horizon 148,201,60,141,1.3010588440106716,0.6944444444444444,0.796875,0.3055555555555556,0.5512152777777778,0.550344462109168,0.6416807432432432,0.449655537890832,0.3583192567567568,0.6086486486486486,0.76,0.6870659722222222
mlp,9,9,3,0.01,fixed horizon 50,201,60,141,1.0000918077620893,0.0,0.0,1.0,0.5,,1.0,,0.0,,0.0,0.5750868055555556
mlp,9,9,3,0.01,fixed horizon 100,201,60,141,1.0001060608130632,0.0,0.0,1.0,0.5,,1.0,,0.0,,0.0,0.5946180555555555
mlp,9,9,3,0.01,fixed horizon 148,201,60,141,1.0017455806640827,0.0,0.0,1.0,0.5,,1.0,,0.0,,0.0,0.6870659722222222
mlp,9,9,3,0.025,fixed horizon 50,201,60,141,1.0000708632088042,0.0,0.0,1.0,0.5,,1.0,,0.0,,0.0,0.5750868055555556
mlp,9,9,3,0.025,fixed horizon 100,201,60,141,1.0000726185187356,0.0,0.0,1.0,0.5,,1.0,,0.0,,0.0,0.5946180555555555
mlp,9,9,3,0.025,fixed horizon 148,201,60,141,1.000620040310983,0.0,0.015625,1.0,0.5078125,0.8445945945945946,0.9975717905405406,0.15540540540540537,0.0024282094594594295,,0.01,0.6870659722222222
mlp,9,9,3,0.05,fixed horizon 50,201,60,141,1.0009855778721681,0.0,0.015625,1.0,0.5078125,0.26,0.9884375,0.74,0.011562500000000031,,0.01,0.5750868055555556
mlp,9,9,3,0.05,fixed horizon 100,201,60,141,1.0033025721893516,0.0,0.015625,1.0,0.5078125,0.71,0.99546875,0.29000000000000004,0.004531249999999987,,0.01,0.5946180555555555
mlp,9,9,3,0.05,fixed horizon 148,201,60,141,0.9999858076797804,0.0,0.046875,1.0,0.5234375,0.45045045045045046,0.9742398648648649,0.5495495495495495,0.025760135135135087,,0.03,0.6870659722222222
mlp,9,9,3,0.075,fixed horizon 50,201,60,141,1.0014510211319534,0.027777777777777776,0.09375,0.9722222222222222,0.5329861111111112,0.4533333333333334,0.94875,0.5466666666666666,0.05125000000000002,0.54,0.07,0.5750868055555556
mlp,9,9,3,0.075,fixed horizon 100,201,60,141,0.9999658803835699,0.027777777777777776,0.0625,0.9722222222222222,0.5173611111111112,0.355,0.9596875,0.645,0.04031249999999997,0.0,0.05,0.5946180555555555
mlp,9,9,3,0.075,fixed horizon 148,201,60,141,0.9999527324767918,0.027777777777777776,0.078125,0.9722222222222222,0.5251736111111112,0.2702702702702703,0.9429898648648649,0.7297297297297297,0.05701013513513509,0.0,0.06,0.6870659722222222
mlp,9,9,3,0.1,fixed horizon 50,201,60,141,1.000490504930977,0.05555555555555555,0.109375,0.9444444444444444,0.5269097222222222,0.31714285714285717,0.9253125,0.6828571428571428,0.07468750000000002,0.32,0.09,0.5750868055555556
mlp,9,9,3,0.1,fixed horizon 100,201,60,141,0.999283113693306,0.1388888888888889,0.171875,0.8611111111111112,0.5164930555555556,0.19363636363636363,0.86140625,0.8063636363636364,0.13859374999999996,0.0,0.16,0.5946180555555555
mlp,9,9,3,0.1,fixed horizon 148,201,60,141,0.999952321604705,0.027777777777777776,0.09375,0.9722222222222222,0.5329861111111112,0.23986486486486483,0.9287373310810811,0.7601351351351352,0.07126266891891886,0.0,0.07,0.6870659722222222
mlp,9,9,3,0.15,fixed horizon 50,201,60,141,0.9984607755972706,0.25,0.25,0.75,0.5,0.125,0.78125,0.875,0.21875,0.06444444444444446,0.25,0.5750868055555556
mlp,9,9,3,0.15,fixed horizon 100,201,60,141,1.0004874218249244,0.05555555555555555,0.140625,0.9444444444444444,0.5425347222222222,0.2466666666666667,0.8940625,0.7533333333333333,0.10593750000000002,0.16,0.11,0.5946180555555555
mlp,9,9,3,0.15,fixed horizon 148,201,60,141,0.9983961282805132,0.2222222222222222,0.25,0.7777777777777778,0.5138888888888888,0.18496621621621623,0.7962415540540541,0.8150337837837838,0.20375844594594594,0.0016891891891891893,0.24,0.6870659722222222
mlp,9,9,3,0.2,fixed horizon 50,201,60,141,0.9893732355864012,0.3333333333333333,0.4375,0.6666666666666666,0.5520833333333333,0.12928571428571428,0.6190625000000001,0.8707142857142858,0.38093749999999993,0.025000000000000005,0.4,0.5750868055555556
mlp,9,9,3,0.2,fixed horizon 100,201,60,141,1.0075914902320224,0.19444444444444445,0.375,0.8055555555555556,0.5902777777777778,0.33916666666666667,0.7521875,0.6608333333333334,0.2478125,0.5399999999999999,0.31,0.5946180555555555
mlp,9,9,3,0.2,fixed horizon 148,201,60,141,1.0075914902320224,0.19444444444444445,0.453125,0.8055555555555556,0.6293402777777778,0.34599254426840637,0.7036528716216217,0.6540074557315936,0.2963471283783783,0.36486486486486486,0.36,0.6870659722222222
mlp,9,9,3,0.3,fixed horizon 50,201,60,141,0.8789554258283919,0.7777777777777778,0.703125,0.2222222222222222,0.4626736111111111,0.03866666666666667,0.3240625,0.9613333333333334,0.6759375000000001,0.09357142857142857,0.73,0.5750868055555556
mlp,9,9,3,0.3,fixed horizon 100,201,60,141,0.9293031277313448,0.75,0.78125,0.25,0.515625,0.24220000000000003,0.40796875,0.7578,0.59203125,0.27629629629629626,0.77,0.5946180555555555
mlp,9,9,3,0.3,fixed horizon 148,201,60,141,0.9312859136118551,0.8055555555555556,0.859375,0.19444444444444445,0.5269097222222222,0.23083538083538083,0.3389991554054054,0.7691646191646192,0.6610008445945946,0.23671947809878843,0.84,0.6870659722222222
mlp,9,9,4,0.01,fixed horizon 50,201,60,141,0.9999872959508307,0.0,0.015625,1.0,0.5078125,0.0,0.984375,1.0,0.015625,,0.01,0.5750868055555556
mlp,9,9,4,0.01,fixed horizon 100,201,60,141,1.0007953936819314,0.0,0.0,1.0,0.5,,1.0,,0.0,,0.0,0.5946180555555555
mlp,9,9,4,0.01,fixed horizon 148,201,60,141,1.0014145759313215,0.0,0.0,1.0,0.5,,1.0,,0.0,,0.0,0.6870659722222222
mlp,9,9,4,0.025,fixed horizon 50,201,60,141,0.9999843775244299,0.0,0.015625,1.0,0.5078125,0.0,0.984375,1.0,0.015625,,0.01,0.5750868055555556
mlp,9,9,4,0.025,fixed horizon 100,201,60,141,1.000029675826837,0.0,0.0,1.0,0.5,,1.0,,0.0,,0.0,0.5946180555555555
mlp,9,9,4,0.025,fixed horizon 148,201,60,141,1.0007702264260454,0.0,0.0,1.0,0.5,,1.0,,0.0,,0.0,0.6870659722222222
mlp,9,9,4,0.05,fixed horizon 50,201,60,141,1.0002224697187303,0.0,0.03125,1.0,0.515625,0.28,0.9775,0.72,0.022499999999999964,,0.02,0.5750868055555556
mlp,9,9,4,0.05,fixed horizon 100,201,60,141,1.0095683680055527,0.0,0.03125,1.0,0.515625,0.925,0.99765625,0.07499999999999996,0.002343749999999978,,0.02,0.5946180555555555
mlp,9,9,4,0.05,fixed horizon 148,201,60,141,1.0200677364548858,0.0,0.03125,1.0,0.515625,0.6959459459459459,0.9904983108108107,0.30405405405405406,0.009501689189189255,,0.02,0.6870659722222222
mlp,9,9,4,0.075,fixed horizon 50,201,60,141,1.0019308729679224,0.027777777777777776,0.046875,0.9722222222222222,0.5095486111111112,0.22666666666666668,0.9637499999999999,0.7733333333333333,0.036250000000000115,0.26,0.04,0.5750868055555556
mlp,9,9,4,0.075,fixed horizon 100,201,60,141,0.9999843775244299,0.0,0.046875,1.0,0.5234375,0.5666666666666667,0.9796875,0.43333333333333335,0.020312499999999956,,0.03,0.5946180555555555
mlp,9,9,4,0.075,fixed horizon 148,201,60,141,1.000221513926117,0.0,0.03125,1.0,0.515625,0.5912162162162162,0.9872255067567568,0.40878378378378377,0.012774493243243201,,0.02,0.6870659722222222
mlp,9,9,4,0.1,fixed horizon 50,201,60,141,1.007005115117409,0.027777777777777776,0.09375,0.9722222222222222,0.5329861111111112,0.48999999999999994,0.9521875,0.51,0.047812500000000036,0.26,0.07,0.5750868055555556
mlp,9,9,4,0.1,fixed horizon 100,201,60,141,0.9999732302143879,0.027777777777777776,0.109375,0.9722222222222222,0.5407986111111112,0.16285714285714287,0.9084375,0.8371428571428572,0.09156249999999999,0.0,0.08,0.5946180555555555
mlp,9,9,4,0.1,fixed horizon 148,201,60,141,0.9997742102898762,0.1111111111111111,0.140625,0.8888888888888888,0.5147569444444444,0.12762762762762764,0.8773226351351351,0.8723723723723724,0.12267736486486491,0.0,0.13,0.6870659722222222
mlp,9,9,4,0.15,fixed horizon 50,201,60,141,1.0076128589231923,0.05555555555555555,0.1875,0.9444444444444444,0.5659722222222222,0.3666666666666667,0.88125,0.6333333333333333,0.11875000000000002,0.33,0.14,0.5750868055555556
mlp,9,9,4,0.15,fixed horizon 100,201,60,141,1.0015300183071407,0.05555555555555555,0.1875,0.9444444444444444,0.5659722222222222,0.1566666666666667,0.8418749999999999,0.8433333333333333,0.15812500000000007,0.15000000000000002,0.14,0.5946180555555555
mlp,9,9,4,0.15,fixed horizon 148,201,60,141,0.9983872484097718,0.2222222222222222,0.234375,0.7777777777777778,0.5060763888888888,0.1581081081081081,0.8026815878378378,0.8418918918918918,0.19731841216216217,0.0016891891891891893,0.23,0.6870659722222222
mlp,9,9,4,0.2,fixed horizon 50,201,60,141,1.011568225325438,0.2777777777777778,0.40625,0.7222222222222222,0.5642361111111112,0.09538461538461539,0.6325,0.9046153846153846,0.36750000000000005,0.078,0.36,0.5750868055555556
mlp,9,9,4,0.2,fixed horizon 100,201,60,141,1.0145494437612395,0.2777777777777778,0.375,0.7222222222222222,0.5486111111111112,0.05541666666666667,0.64578125,0.9445833333333333,0.35421875,0.045,0.34,0.5946180555555555
mlp,9,9,4,0.2,fixed horizon 148,201,60,141,0.9983097223316859,0.2777777777777778,0.390625,0.7222222222222222,0.5564236111111112,0.42648648648648646,0.7759712837837838,0.5735135135135135,0.22402871621621623,0.16756756756756758,0.35,0.6870659722222222
mlp,9,9,4,0.3,fixed horizon 50,201,60,141,0.9419981565040966,0.6666666666666666,0.65625,0.3333333333333333,0.49479166666666663,0.05190476190476191,0.3778125,0.9480952380952381,0.6221875,0.17833333333333332,0.66,0.5750868055555556
mlp,9,9,4,0.3,fixed horizon 100,201,60,141,0.9248449456924647,0.7777777777777778,0.78125,0.2222222222222222,0.5017361111111112,0.1464,0.333125,0.8536,0.666875,0.12642857142857142,0.78,0.5946180555555555
mlp,9,9,4,0.3,fixed horizon 148,201,60,141,0.8845354340081112,0.8611111111111112,0.859375,0.1388888888888889,0.4991319444444444,0.17088452088452089,0.28747888513513514,0.8291154791154791,0.7125211148648649,0.12183958151700088,0.86,0.6870659722222222
mlp,9,9,5,0.01,fixed horizon 50,201,60,141,1.000053224803854,0.0,0.0,1.0,0.5,,1.0,,0.0,,0.0,0.5750868055555556
mlp,9,9,5,0.01,fixed horizon 100,201,60,141,1.0000851445623087,0.0,0.0,1.0,0.5,,1.0,,0.0,,0.0,0.5946180555555555
mlp,9,9,5,0.01,fixed horizon 148,201,60,141,1.0000851445623087,0.0,0.0,1.0,0.5,,1.0,,0.0,,0.0,0.6870659722222222
mlp,9,9,5,0.025,fixed horizon 50,201,60,141,1.000000244772508,0.0,0.03125,1.0,0.515625,0.01,0.9690624999999999,0.99,0.030937500000000062,,0.02,0.5750868055555556
mlp,9,9,5,0.025,fixed horizon 100,201,60,141,1.0000120431845996,0.0,0.0,1.0,0.5,,1.0,,0.0,,0.0,0.5946180555555555
mlp,9,9,5,0.025,fixed horizon 148,201,60,141,1.0000120431845996,0.0,0.0,1.0,0.5,,1.0,,0.0,,0.0,0.6870659722222222
mlp,9,9,5,0.05,fixed horizon 50,201,60,141,1.0000027073367443,0.027777777777777776,0.046875,0.9722222222222222,0.5095486111111112,0.013333333333333334,0.95375,0.9866666666666667,0.04625000000000001,0.04,0.04,0.5750868055555556
mlp,9,9,5,0.05,fixed horizon 100,201,60,141,1.000028457663796,0.0,0.015625,1.0,0.5078125,0.71,0.99546875,0.29000000000000004,0.004531249999999987,,0.01,0.5946180555555555
mlp,9,9,5,0.05,fixed horizon 148,201,60,141,0.9999897168133257,0.0,0.046875,1.0,0.5234375,0.31981981981981983,0.9681165540540541,0.6801801801801801,0.03188344594594594,,0.03,0.6870659722222222
mlp,9,9,5,0.075,fixed horizon 50,201,60,141,0.9999073436863519,0.1111111111111111,0.140625,0.8888888888888888,0.5147569444444444,0.06666666666666668,0.86875,0.9333333333333333,0.13124999999999998,0.005,0.13,0.5750868055555556
mlp,9,9,5,0.075,fixed horizon 100,201,60,141,0.9998889050141145,0.1111111111111111,0.125,0.8888888888888888,0.5069444444444444,0.18125,0.89765625,0.81875,0.10234374999999996,0.005,0.12,0.5946180555555555
mlp,9,9,5,0.075,fixed horizon 148,201,60,141,0.9999822882439919,0.027777777777777776,0.078125,0.9722222222222222,0.5251736111111112,0.19594594594594594,0.9371832770270271,0.8040540540540541,0.06281672297297292,0.0,0.06,0.6870659722222222
mlp,9,9,5,0.1,fixed horizon 50,201,60,141,1.0059711988907711,0.05555555555555555,0.140625,0.9444444444444444,0.5425347222222222,0.36666666666666664,0.9109375,0.6333333333333333,0.08906250000000004,0.38,0.11,0.5750868055555556
mlp,9,9,5,0.1,fixed horizon 100,201,60,141,1.045701512970068,0.0,0.046875,1.0,0.5234375,0.5433333333333333,0.97859375,0.45666666666666667,0.02140624999999996,,0.03,0.5946180555555555
mlp,9,9,5,0.1,fixed horizon 148,201,60,141,1.045701512970068,0.0,0.046875,1.0,0.5234375,0.3671171171171171,0.9703336148648649,0.632882882882883,0.029666385135135087,,0.03,0.6870659722222222
mlp,9,9,5,0.15,fixed horizon 50,201,60,141,1.000406638375447,0.1388888888888889,0.25,0.8611111111111112,0.5555555555555556,0.3425,0.8356250000000001,0.6575,0.16437499999999994,0.176,0.21,0.5750868055555556
mlp,9,9,5,0.15,fixed horizon 100,201,60,141,1.0648560653459513,0.0,0.078125,1.0,0.5390625,0.568,0.96625,0.43200000000000005,0.03374999999999995,,0.05,0.5946180555555555
mlp,9,9,5,0.15,fixed horizon 148,201,60,141,1.0368848339057104,0.0,0.0625,1.0,0.53125,0.38006756756756754,0.961254222972973,0.6199324324324325,0.03874577702702697,,0.04,0.6870659722222222
mlp,9,9,5,0.2,fixed horizon 50,201,60,141,1.0358158297645355,0.08333333333333333,0.25,0.9166666666666666,0.5833333333333333,0.46249999999999997,0.865625,0.5375000000000001,0.13437500000000002,0.25333333333333335,0.19,0.5750868055555556
mlp,9,9,5,0.2,fixed horizon 100,201,60,141,1.0682342207920987,0.1388888888888889,0.28125,0.8611111111111112,0.5711805555555556,0.5088888888888888,0.8618750000000001,0.49111111111111116,0.13812499999999994,0.546,0.23,0.5946180555555555
mlp,9,9,5,0.2,fixed horizon 148,201,60,141,1.0682342207920987,0.1388888888888889,0.28125,0.8611111111111112,0.5711805555555556,0.3438438438438438,0.815456081081081,0.6561561561561562,0.18454391891891897,0.3689189189189189,0.23,0.6870659722222222
mlp,9,9,5,0.3,fixed horizon 50,201,60,141,0.9854525855578239,0.6111111111111112,0.578125,0.3888888888888889,0.4835069444444444,0.08864864864864865,0.473125,0.9113513513513514,0.526875,0.18090909090909094,0.59,0.5750868055555556
mlp,9,9,5,0.3,fixed horizon 100,201,60,141,0.9663323667761696,0.7222222222222222,0.765625,0.2777777777777778,0.5217013888888888,0.2914285714285714,0.4575,0.7085714285714286,0.5425,0.3365384615384616,0.75,0.5946180555555555
mlp,9,9,5,0.3,fixed horizon 148,201,60,141,0.9670643110277635,0.8055555555555556,0.859375,0.19444444444444445,0.5269097222222222,0.2678132678132678,0.37077702702702703,0.7321867321867321,0.629222972972973,0.28657968313140725,0.84,0.6870659722222222
mlp,9,9,6,0.01,fixed horizon 50,201,60,141,1.000158916190875,0.0,0.0,1.0,0.5,,1.0,,0.0,,0.0,0.5750868055555556
mlp,9,9,6,0.01,fixed horizon 100,201,60,141,1.000184414589284,0.0,0.0,1.0,0.5,,1.0,,0.0,,0.0,0.5946180555555555
mlp,9,9,6,0.01,fixed horizon 148,201,60,141,1.000184414589284,0.0,0.0,1.0,0.5,,1.0,,0.0,,0.0,0.6870659722222222
mlp,9,9,6,0.025,fixed horizon 50,201,60,141,1.0001404376781813,0.0,0.0,1.0,0.5,,1.0,,0.0,,0.0,0.5750868055555556
mlp,9,9,6,0.025,fixed horizon 100,201,60,141,1.0001404376781813,0.0,0.0,1.0,0.5,,1.0,,0.0,,0.0,0.5946180555555555
mlp,9,9,6,0.025,fixed horizon 148,201,60,141,1.0001404376781813,0.0,0.0,1.0,0.5,,1.0,,0.0,,0.0,0.6870659722222222
mlp,9,9,6,0.05,fixed horizon 50,201,60,141,0.9998256187676151,0.1111111111111111,0.125,0.8888888888888888,0.5069444444444444,0.037500000000000006,0.8796875,0.9625,0.12031250000000004,0.005,0.12,0.5750868055555556
mlp,9,9,6,0.05,fixed horizon 100,201,60,141,0.9999967906449259,0.0,0.0625,1.0,0.53125,0.25,0.953125,0.75,0.046875,,0.04,0.5946180555555555
mlp,9,9,6,0.05,fixed horizon 148,201,60,141,0.9999967906449259,0.0,0.046875,1.0,0.5234375,0.31981981981981983,0.9681165540540541,0.6801801801801801,0.03188344594594594,,0.03,0.6870659722222222
mlp,9,9,6,0.075,fixed horizon 50,201,60,141,0.999628830933597,0.1111111111111111,0.15625,0.8888888888888888,0.5225694444444444,0.05800000000000001,0.8528125,0.942,0.14718750000000003,0.0,0.14,0.5750868055555556
mlp,9,9,6,0.075,fixed horizon 100,201,60,141,0.999628830933597,0.1111111111111111,0.171875,0.8888888888888888,0.5303819444444444,0.10636363636363635,0.84640625,0.8936363636363637,0.15359374999999997,0.0,0.15,0.5946180555555555
mlp,9,9,6,0.075,fixed horizon 148,201,60,141,0.9996661378236558,0.1111111111111111,0.171875,0.8888888888888888,0.5303819444444444,0.07186732186732187,0.8404771959459459,0.9281326781326782,0.15952280405405406,0.0,0.15,0.6870659722222222
mlp,9,9,6,0.1,fixed horizon 50,201,60,141,1.0146179290644657,0.08333333333333333,0.09375,0.9166666666666666,0.5052083333333333,0.2833333333333333,0.9328124999999999,0.7166666666666667,0.06718750000000007,0.2866666666666667,0.09,0.5750868055555556
mlp,9,9,6,0.1,fixed horizon 100,201,60,141,0.9984500723447295,0.2222222222222222,0.203125,0.7777777777777778,0.4904513888888889,0.08,0.8131250000000001,0.92,0.1868749999999999,0.0025,0.21,0.5946180555555555
mlp,9,9,6,0.1,fixed horizon 148,201,60,141,0.9984500723447295,0.2222222222222222,0.203125,0.7777777777777778,0.4904513888888889,0.05405405405405406,0.8078547297297298,0.9459459459459459,0.19214527027027017,0.0016891891891891893,0.21,0.6870659722222222
mlp,9,9,6,0.15,fixed horizon 50,201,60,141,0.9985524349060226,0.25,0.34375,0.75,0.546875,0.11272727272727273,0.695,0.8872727272727272,0.30500000000000005,0.024444444444444446,0.31,0.5750868055555556
mlp,9,9,6,0.15,fixed horizon 100,201,60,141,0.992938651121327,0.2777777777777778,0.3125,0.7222222222222222,0.5173611111111112,0.042,0.700625,0.958,0.29937499999999995,0.0,0.3,0.5946180555555555
mlp,9,9,6,0.15,fixed horizon 148,201,60,141,0.992938651121327,0.2777777777777778,0.3125,0.7222222222222222,0.5173611111111112,0.028378378378378376,0.6963682432432433,0.9716216216216216,0.3036317567567567,0.0,0.3,0.6870659722222222
mlp,9,9,6,0.2,fixed horizon 50,201,60,141,0.9717467094121711,0.4166666666666667,0.5,0.5833333333333334,0.5416666666666667,0.04125,0.520625,0.95875,0.479375,0.018666666666666668,0.47,0.5750868055555556
mlp,9,9,6,0.2,fixed horizon 100,201,60,141,0.9717467094121711,0.4166666666666667,0.5,0.5833333333333334,0.5416666666666667,0.021875,0.5109375,0.978125,0.48906249999999996,0.009333333333333334,0.47,0.5946180555555555
mlp,9,9,6,0.2,fixed horizon 148,201,60,141,0.9790228423660261,0.4166666666666667,0.484375,0.5833333333333334,0.5338541666666667,0.017872711421098517,0.5242820945945945,0.9821272885789015,0.4757179054054055,0.006756756756756757,0.46,0.6870659722222222
mlp,9,9,6,0.3,fixed horizon 50,201,60,141,0.9265125324026237,0.6944444444444444,0.65625,0.3055555555555556,0.4809027777777778,0.0580952380952381,0.381875,0.9419047619047619,0.618125,0.16,0.67,0.5750868055555556
mlp,9,9,6,0.3,fixed horizon 100,201,60,141,0.928297452479681,0.7777777777777778,0.828125,0.2222222222222222,0.5251736111111112,0.22773584905660377,0.36046875,0.7722641509433963,0.63953125,0.2914285714285714,0.81,0.5946180555555555
mlp,9,9,6,0.3,fixed horizon 148,201,60,141,0.9520464695007843,0.8055555555555556,0.859375,0.19444444444444445,0.5269097222222222,0.2567567567567568,0.36127533783783783,0.7432432432432432,0.6387246621621622,0.3168685927306617,0.84,0.6870659722222222
mlp,9,9,7,0.01,fixed horizon 50,201,60,141,1.0001492713153743,0.0,0.0,1.0,0.5,,1.0,,0.0,,0.0,0.5750868055555556
mlp,9,9,7,0.01,fixed horizon 100,201,60,141,1.0001736669746262,0.0,0.0,1.0,0.5,,1.0,,0.0,,0.0,0.5946180555555555
mlp,9,9,7,0.01,fixed horizon 148,201,60,141,1.0001736669746262,0.0,0.0,1.0,0.5,,1.0,,0.0,,0.0,0.6870659722222222
mlp,9,9,7,0.025,fixed horizon 50,201,60,141,1.0001312643811127,0.0,0.0,1.0,0.5,,1.0,,0.0,,0.0,0.5750868055555556
mlp,9,9,7,0.025,fixed horizon 100,201,60,141,1.0001326521712715,0.0,0.0,1.0,0.5,,1.0,,0.0,,0.0,0.5946180555555555
mlp,9,9,7,0.025,fixed horizon 148,201,60,141,1.0001326521712715,0.0,0.0,1.0,0.5,,1.0,,0.0,,0.0,0.6870659722222222
mlp,9,9,7,0.05,fixed horizon 50,201,60,141,1.0398587642275077,0.0,0.015625,1.0,0.5078125,0.64,0.994375,0.36,0.005624999999999991,,0.01,0.5750868055555556
mlp,9,9,7,0.05,fixed horizon 100,201,60,141,1.0433539020020306,0.0,0.0,1.0,0.5,,1.0,,0.0,,0.0,0.5946180555555555
mlp,9,9,7,0.05,fixed horizon 148,201,60,141,1.0433539020020306,0.0,0.0,1.0,0.5,,1.0,,0.0,,0.0,0.6870659722222222
mlp,9,9,7,0.075,fixed horizon 50,201,60,141,1.050853258286227,0.027777777777777776,0.0625,0.9722222222222222,0.5173611111111112,0.515,0.9696875,0.485,0.030312499999999964,0.52,0.05,0.5750868055555556
mlp,9,9,7,0.075,fixed horizon 100,201,60,141,1.0443504348036876,0.0,0.03125,1.0,0.515625,0.96,0.99875,0.040000000000000036,0.0012499999999999734,,0.02,0.5946180555555555
mlp,9,9,7,0.075,fixed horizon 148,201,60,141,1.0484669249227272,0.0,0.03125,1.0,0.515625,0.6655405405405406,0.9895481418918919,0.33445945945945943,0.010451858108108114,,0.02,0.6870659722222222
mlp,9,9,7,0.1,fixed horizon 50,201,60,141,1.0456708689095902,0.027777777777777776,0.078125,0.9722222222222222,0.5251736111111112,0.472,0.95875,0.528,0.04125000000000001,0.52,0.06,0.5750868055555556
mlp,9,9,7,0.1,fixed horizon 100,201,60,141,1.0487505235920511,0.0,0.046875,1.0,0.5234375,0.51,0.97703125,0.49,0.022968749999999982,,0.03,0.5946180555555555
mlp,9,9,7,0.1,fixed horizon 148,201,60,141,1.0493582563188757,0.0,0.03125,1.0,0.515625,0.6722972972972974,0.9897592905405406,0.32770270270270263,0.01024070945945943,,0.02,0.6870659722222222
mlp,9,9,7,0.15,fixed horizon 50,201,60,141,1.0057257760716196,0.05555555555555555,0.203125,0.9444444444444444,0.5737847222222222,0.4430769230769232,0.8868750000000001,0.5569230769230769,0.11312499999999992,0.4,0.15,0.5750868055555556
mlp,9,9,7,0.15,fixed horizon 100,201,60,141,1.0544464307974626,0.0,0.078125,1.0,0.5390625,0.562,0.9657812499999999,0.43799999999999994,0.034218750000000075,,0.05,0.5946180555555555
mlp,9,9,7,0.15,fixed horizon 148,201,60,141,1.0694594140606657,0.0,0.0625,1.0,0.53125,0.4391891891891892,0.9649493243243243,0.5608108108108107,0.03505067567567566,,0.04,0.6870659722222222
mlp,9,9,7,0.2,fixed horizon 50,201,60,141,1.0435820157579307,0.1111111111111111,0.25,0.8888888888888888,0.5694444444444444,0.44000000000000006,0.86,0.5599999999999999,0.14,0.405,0.2,0.5750868055555556
mlp,9,9,7,0.2,fixed horizon 100,201,60,141,1.0712148113944324,0.1111111111111111,0.296875,0.8888888888888888,0.5928819444444444,0.5431578947368422,0.8643749999999999,0.4568421052631578,0.1356250000000001,0.6275,0.23,0.5946180555555555
mlp,9,9,7,0.2,fixed horizon 148,201,60,141,1.0361223594524942,0.19444444444444445,0.515625,0.8055555555555556,0.6605902777777778,0.5573300573300574,0.7717483108108107,0.44266994266994264,0.22825168918918926,0.5453667953667953,0.4,0.6870659722222222
mlp,9,9,7,0.3,fixed horizon 50,201,60,141,1.1273804371914347,0.5833333333333334,0.625,0.4166666666666667,0.5208333333333334,0.0865,0.4290625,0.9135,0.5709375,0.16095238095238096,0.61,0.5750868055555556
mlp,9,9,7,0.3,fixed horizon 100,201,60,141,0.9779645650510013,0.7777777777777778,0.796875,0.2222222222222222,0.5095486111111112,0.27725490196078434,0.4240625,0.7227450980392156,0.5759375,0.2867857142857143,0.79,0.5946180555555555
mlp,9,9,7,0.3,fixed horizon 148,201,60,141,0.981236966069973,0.8055555555555556,0.859375,0.19444444444444445,0.5269097222222222,0.27506142506142506,0.37700591216216217,0.7249385749385749,0.6229940878378378,0.27586206896551724,0.84,0.6870659722222222
mlp,9,9,8,0.01,fixed horizon 50,201,60,141,1.0002079380336957,0.0,0.0,1.0,0.5,,1.0,,0.0,,0.0,0.5750868055555556
mlp,9,9,8,0.01,fixed horizon 100,201,60,141,1.000896485614488,0.0,0.0,1.0,0.5,,1.0,,0.0,,0.0,0.5946180555555555
mlp,9,9,8,0.01,fixed horizon 148,201,60,141,1.0013457218938646,0.0,0.0,1.0,0.5,,1.0,,0.0,,0.0,0.6870659722222222
mlp,9,9,8,0.025,fixed horizon 50,201,60,141,1.0001883709825377,0.0,0.0,1.0,0.5,,1.0,,0.0,,0.0,0.5750868055555556
mlp,9,9,8,0.025,fixed horizon 100,201,60,141,1.0002280669918344,0.0,0.0,1.0,0.5,,1.0,,0.0,,0.0,0.5946180555555555
mlp,9,9,8,0.025,fixed horizon 148,201,60,141,1.000815409457171,0.0,0.015625,1.0,0.5078125,0.9527027027027027,0.9992609797297297,0.04729729729729726,0.0007390202702702853,,0.01,0.6870659722222222
mlp,9,9,8,0.05,fixed horizon 50,201,60,141,1.0315065363576972,0.0,0.015625,1.0,0.5078125,0.38,0.9903124999999999,0.62,0.009687500000000071,,0.01,0.5750868055555556
mlp,9,9,8,0.05,fixed horizon 100,201,60,141,1.037538291233989,0.0,0.03125,1.0,0.515625,0.99,0.9996875000000001,0.010000000000000009,0.00031249999999993783,,0.02,0.5946180555555555
mlp,9,9,8,0.05,fixed horizon 148,201,60,141,1.0445014956060639,0.0,0.03125,1.0,0.515625,0.6824324324324325,0.9900760135135135,0.31756756756756754,0.009923986486486513,,0.02,0.6870659722222222
mlp,9,9,8,0.075,fixed horizon 50,201,60,141,1.0277840351132603,0.0,0.015625,1.0,0.5078125,0.38,0.9903124999999999,0.62,0.009687500000000071,,0.01,0.5750868055555556
mlp,9,9,8,0.075,fixed horizon 100,201,60,141,1.047334454737325,0.0,0.03125,1.0,0.515625,0.88,0.99625,0.12,0.003750000000000031,,0.02,0.5946180555555555
mlp,9,9,8,0.075,fixed horizon 148,201,60,141,1.0431961838339876,0.0,0.03125,1.0,0.515625,0.6824324324324325,0.9900760135135135,0.31756756756756754,0.009923986486486513,,0.02,0.6870659722222222
mlp,9,9,8,0.1,fixed horizon 50,201,60,141,1.0460445299757613,0.0,0.0625,1.0,0.53125,0.8200000000000001,0.98875,0.17999999999999994,0.011249999999999982,,0.04,0.5750868055555556
mlp,9,9,8,0.1,fixed horizon 100,201,60,141,1.0576125880033456,0.0,0.046875,1.0,0.5234375,0.44,0.9737500000000001,0.56,0.026249999999999885,,0.03,0.5946180555555555
mlp,9,9,8,0.1,fixed horizon 148,201,60,141,1.0924118057440575,0.0,0.03125,1.0,0.515625,0.6858108108108107,0.9901815878378378,0.31418918918918926,0.009818412162162171,,0.02,0.6870659722222222
mlp,9,9,8,0.15,fixed horizon 50,201,60,141,1.194080832091061,0.027777777777777776,0.09375,0.9722222222222222,0.5329861111111112,0.5866666666666666,0.96125,0.41333333333333344,0.03874999999999995,0.74,0.07,0.5750868055555556
mlp,9,9,8,0.15,fixed horizon 100,201,60,141,1.4577038193075915,0.0,0.0625,1.0,0.53125,0.8925,0.99328125,0.10750000000000004,0.0067187499999999956,,0.04,0.5946180555555555
mlp,9,9,8,0.15,fixed horizon 148,201,60,141,1.5043559402566806,0.0,0.046875,1.0,0.5234375,0.7905405405405407,0.9901815878378378,0.20945945945945932,0.009818412162162171,,0.03,0.6870659722222222
mlp,9,9,8,0.2,fixed horizon 50,201,60,141,1.8504334996226237,0.05555555555555555,0.1875,0.9444444444444444,0.5659722222222222,0.48333333333333334,0.903125,0.5166666666666666,0.09687500000000004,0.48,0.14,0.5750868055555556
mlp,9,9,8,0.2,fixed horizon 100,201,60,141,1.7257654909790503,0.05555555555555555,0.25,0.9444444444444444,0.5972222222222222,0.186875,0.79671875,0.813125,0.20328124999999997,0.18,0.18,0.5946180555555555
mlp,9,9,8,0.2,fixed horizon 148,201,60,141,1.584318518230155,0.0,0.140625,1.0,0.5703125,0.7342342342342342,0.9626266891891893,0.2657657657657658,0.037373310810810745,,0.09,0.6870659722222222
mlp,9,9,8,0.3,fixed horizon 50,201,60,141,1.6569989015864859,0.19444444444444445,0.40625,0.8055555555555556,0.6059027777777778,0.4323076923076924,0.7693749999999999,0.5676923076923076,0.23062500000000008,0.6057142857142858,0.33,0.5750868055555556
mlp,9,9,8,0.3,fixed horizon 100,201,60,141,1.5438320425869025,0.3611111111111111,0.515625,0.6388888888888888,0.5772569444444444,0.3575757575757576,0.66875,0.6424242424242423,0.33125000000000004,0.47538461538461535,0.46,0.5946180555555555
mlp,9,9,8,0.3,fixed horizon 148,201,60,141,1.2292484279378775,0.75,0.859375,0.25,0.5546875,0.5708845208845209,0.6312288851351352,0.4291154791154791,0.3687711148648648,0.7337337337337339,0.82,0.6870659722222222
mlp,9,9,9,0.01,fixed horizon 50,201,60,141,1.0000885096846204,0.0,0.0,1.0,0.5,,1.0,,0.0,,0.0,0.5750868055555556
mlp,9,9,9,0.01,fixed horizon 100,201,60,141,1.0001245424732024,0.0,0.0,1.0,0.5,,1.0,,0.0,,0.0,0.5946180555555555
mlp,9,9,9,0.01,fixed horizon 148,201,60,141,1.0001245424732024,0.0,0.0,1.0,0.5,,1.0,,0.0,,0.0,0.6870659722222222
mlp,9,9,9,0.025,fixed horizon 50,201,60,141,0.999999905092988,0.0,0.03125,1.0,0.515625,0.01,0.9690624999999999,0.99,0.030937500000000062,,0.02,0.5750868055555556
mlp,9,9,9,0.025,fixed horizon 100,201,60,141,1.0000393284562636,0.0,0.0,1.0,0.5,,1.0,,0.0,,0.0,0.5946180555555555
mlp,9,9,9,0.025,fixed horizon 148,201,60,141,1.0000393284562636,0.0,0.0,1.0,0.5,,1.0,,0.0,,0.0,0.6870659722222222
mlp,9,9,9,0.05,fixed horizon 50,201,60,141,0.9999939020157478,0.0,0.0625,1.0,0.53125,0.14500000000000002,0.9465625,0.855,0.05343750000000003,,0.04,0.5750868055555556
mlp,9,9,9,0.05,fixed horizon 100,201,60,141,0.9999733453532988,0.027777777777777776,0.0625,0.9722222222222222,0.5173611111111112,0.0025,0.93765625,0.9975,0.06234375000000003,0.0,0.05,0.5946180555555555
mlp,9,9,9,0.05,fixed horizon 148,201,60,141,0.9999733453532988,0.027777777777777776,0.078125,0.9722222222222222,0.5251736111111112,0.1918918918918919,0.9368665540540541,0.8081081081081081,0.06313344594594594,0.0,0.06,0.6870659722222222
mlp,9,9,9,0.075,fixed horizon 50,201,60,141,0.99969628247737,0.1111111111111111,0.15625,0.8888888888888888,0.5225694444444444,0.044000000000000004,0.850625,0.956,0.14937500000000004,0.0,0.14,0.5750868055555556
mlp,9,9,9,0.075,fixed horizon 100,201,60,141,0.9996706918874667,0.1111111111111111,0.171875,0.8888888888888888,0.5303819444444444,0.10272727272727272,0.84578125,0.8972727272727272,0.15421874999999996,0.0,0.15,0.5946180555555555
mlp,9,9,9,0.075,fixed horizon 148,201,60,141,0.9996706918874667,0.1111111111111111,0.171875,0.8888888888888888,0.5303819444444444,0.06941031941031942,0.8400548986486487,0.9305896805896806,0.15994510135135132,0.0,0.15,0.6870659722222222
mlp,9,9,9,0.1,fixed horizon 50,201,60,141,1.0020790042843923,0.027777777777777776,0.09375,0.9722222222222222,0.5329861111111112,0.45999999999999996,0.949375,0.54,0.05062500000000003,0.54,0.07,0.5750868055555556
mlp,9,9,9,0.1,fixed horizon 100,201,60,141,0.9996368234078301,0.1111111111111111,0.171875,0.8888888888888888,0.5303819444444444,0.10272727272727272,0.84578125,0.8972727272727272,0.15421874999999996,0.0,0.15,0.5946180555555555
mlp,9,9,9,0.1,fixed horizon 148,201,60,141,1.0032164278821873,0.0,0.046875,1.0,0.5234375,0.43018018018018017,0.9732896959459459,0.5698198198198199,0.026710304054054057,,0.03,0.6870659722222222
mlp,9,9,9,0.15,fixed horizon 50,201,60,141,1.022989281776212,0.16666666666666666,0.28125,0.8333333333333334,0.5572916666666667,0.20222222222222225,0.775625,0.7977777777777777,0.224375,0.15666666666666665,0.24,0.5750868055555556
mlp,9,9,9,0.15,fixed horizon 100,201,60,141,1.0745066552423959,0.0,0.0625,1.0,0.53125,0.62,0.97625,0.38,0.02375000000000005,,0.04,0.5946180555555555
mlp,9,9,9,0.15,fixed horizon 148,201,60,141,1.105824931159478,0.0,0.0625,1.0,0.53125,0.5506756756756757,0.9719172297297297,0.44932432432432434,0.028082770270270285,,0.04,0.6870659722222222
mlp,9,9,9,0.2,fixed horizon 50,201,60,141,1.039006890887257,0.25,0.359375,0.75,0.5546875,0.1391304347826087,0.690625,0.8608695652173913,0.30937499999999996,0.09111111111111111,0.32,0.5750868055555556
mlp,9,9,9,0.2,fixed horizon 100,201,60,141,1.0395652444449432,0.2777777777777778,0.390625,0.7222222222222222,0.5564236111111112,0.37640000000000007,0.7564062500000001,0.6235999999999999,0.24359374999999994,0.374,0.35,0.5946180555555555
mlp,9,9,9,0.2,fixed horizon 148,201,60,141,1.075577039027793,0.16666666666666666,0.4375,0.8333333333333334,0.6354166666666667,0.5885617760617761,0.819995777027027,0.41143822393822393,0.18000422297297303,0.18243243243243246,0.34,0.6870659722222222
mlp,9,9,9,0.3,fixed horizon 50,201,60,141,0.975719411292955,0.75,0.640625,0.25,0.4453125,0.06682926829268293,0.40218750000000003,0.933170731707317,0.5978125,0.19703703703703704,0.68,0.5750868055555556
mlp,9,9,9,0.3,fixed horizon 100,201,60,141,0.9794974014860394,0.7777777777777778,0.828125,0.2222222222222222,0.5251736111111112,0.3022641509433962,0.4221875,0.6977358490566038,0.5778125000000001,0.2892857142857143,0.81,0.5946180555555555
mlp,9,9,9,0.3,fixed horizon 148,201,60,141,1.0091062877689332,0.8055555555555556,0.90625,0.19444444444444445,0.5503472222222222,0.31721808014911457,0.38122888513513514,0.6827819198508854,0.6187711148648649,0.3569431500465983,0.87,0.6870659722222222
lstm,0,0,0,0.01,fixed horizon 50,192,57,135,1.0630233648927492,0.0,0.02564102564102564,1.0,0.5128205128205128,0.56,0.9887179487179488,0.43999999999999995,0.011282051282051175,,0.01,0.6628835645229088
lstm,0,0,0,0.01,fixed horizon 100,192,57,135,1.0739746617182164,0.0,0.02564102564102564,1.0,0.5128205128205128,0.53,0.987948717948718,0.47,0.01205128205128203,,0.01,0.7318200924758301
lstm,0,0,0,0.01,fixed horizon 148,192,57,135,1.0739746617182164,0.0,0.02564102564102564,1.0,0.5128205128205128,0.3581081081081081,0.9835412335412337,0.6418918918918919,0.016458766458766316,,0.01,0.8066414459857083
lstm,0,0,0,0.025,fixed horizon 50,192,57,135,1.032561358186606,0.01639344262295082,0.1282051282051282,0.9836065573770492,0.5559058427910887,0.6359999999999999,0.9533333333333334,0.3640000000000001,0.046666666666666634,0.56,0.06,0.6628835645229088
lstm,0,0,0,0.025,fixed horizon 100,192,57,135,1.039303053439621,0.04918032786885246,0.15384615384615385,0.9508196721311475,0.5523329129886507,0.37000000000000005,0.903076923076923,0.6299999999999999,0.096923076923077,0.49333333333333335,0.09,0.7318200924758301
lstm,0,0,0,0.025,fixed horizon 148,192,57,135,1.039303053439621,0.04918032786885246,0.15384615384615385,0.9508196721311475,0.5523329129886507,0.25,0.8846153846153846,0.75,0.11538461538461542,0.3333333333333333,0.09,0.8066414459857083
lstm,0,0,0,0.05,fixed horizon 50,192,57,135,0.9691601327058417,0.09836065573770492,0.23076923076923078,0.9016393442622951,0.5662042875157629,0.5244444444444444,0.8902564102564102,0.4755555555555556,0.10974358974358978,0.5066666666666667,0.15,0.6628835645229088
lstm,0,0,0,0.05,fixed horizon 100,192,57,135,0.9704277751752953,0.13114754098360656,0.3076923076923077,0.8688524590163934,0.5882723833543506,0.41916666666666674,0.8212820512820513,0.5808333333333333,0.17871794871794866,0.36875,0.2,0.7318200924758301
lstm,0,0,0,0.05,fixed horizon 148,192,57,135,1.0219612127073046,0.09836065573770492,0.3333333333333333,0.9016393442622951,0.6174863387978142,0.42099792099792094,0.806999306999307,0.5790020790020791,0.193000693000693,0.36373873873873874,0.19,0.8066414459857083
lstm,0,0,0,0.075,fixed horizon 50,192,57,135,0.9209779847399655,0.13114754098360656,0.3076923076923077,0.8688524590163934,0.5882723833543506,0.37833333333333335,0.8087179487179487,0.6216666666666666,0.19128205128205134,0.47250000000000003,0.2,0.6628835645229088
lstm,0,0,0,0.075,fixed horizon 100,192,57,135,0.9788546858130841,0.14754098360655737,0.3333333333333333,0.8524590163934426,0.592896174863388,0.3869230769230769,0.7956410256410256,0.6130769230769231,0.20435897435897443,0.3877777777777778,0.22,0.7318200924758301
lstm,0,0,0,0.075,fixed horizon 148,192,57,135,1.0851622157647136,0.11475409836065574,0.46153846153846156,0.8852459016393442,0.6733921815889029,0.6212462462462462,0.8251905751905753,0.37875375375375375,0.17480942480942474,0.6428571428571429,0.25,0.8066414459857083
lstm,0,0,0,0.1,fixed horizon 50,192,57,135,0.8916103471926746,0.13114754098360656,0.358974358974359,0.8688524590163934,0.6139134089953762,0.2471428571428572,0.7297435897435898,0.7528571428571428,0.27025641025641023,0.24500000000000002,0.22,0.6628835645229088
lstm,0,0,0,0.1,fixed horizon 100,192,57,135,1.143857251655771,0.13114754098360656,0.41025641025641024,0.8688524590163934,0.6395544346364018,0.645625,0.8546153846153846,0.354375,0.14538461538461545,0.5775,0.24,0.7318200924758301
lstm,0,0,0,0.1,fixed horizon 148,192,57,135,1.231080999581349,0.13114754098360656,0.5641025641025641,0.8688524590163934,0.7164775115594788,0.6750614250614251,0.8167013167013167,0.3249385749385749,0.18329868329868326,0.6326013513513513,0.3,0.8066414459857083
lstm,0,0,0,0.15,fixed horizon 50,192,57,135,1.2824585665200705,0.14754098360655737,0.358974358974359,0.8524590163934426,0.6057166876839007,0.4185714285714286,0.7912820512820513,0.5814285714285714,0.2087179487179487,0.43333333333333335,0.23,0.6628835645229088
lstm,0,0,0,0.15,fixed horizon 100,192,57,135,1.3168329428919037,0.19672131147540983,0.46153846153846156,0.8032786885245902,0.6324085750315258,0.375,0.7115384615384615,0.625,0.28846153846153855,0.35333333333333333,0.3,0.7318200924758301
lstm,0,0,0,0.15,fixed horizon 148,192,57,135,1.3628727924203703,0.21311475409836064,0.6666666666666666,0.7868852459016393,0.7267759562841529,0.48362785862785873,0.6557519057519058,0.5163721413721413,0.3442480942480942,0.3508316008316008,0.39,0.8066414459857083
lstm,0,0,0,0.2,fixed horizon 50,192,57,135,1.1713744433964133,0.18032786885245902,0.4358974358974359,0.819672131147541,0.6277847835224885,0.21058823529411766,0.655897435897436,0.7894117647058824,0.344102564102564,0.28181818181818186,0.28,0.6628835645229088
lstm,0,0,0,0.2,fixed horizon 100,192,57,135,1.2157681817057922,0.2459016393442623,0.5897435897435898,0.7540983606557377,0.6719209751996638,0.3817391304347826,0.6353846153846153,0.6182608695652174,0.3646153846153847,0.3546666666666667,0.38,0.7318200924758301
lstm,0,0,0,0.2,fixed horizon 148,192,57,135,1.4059594961251685,0.2459016393442623,0.7692307692307693,0.7540983606557377,0.7616645649432534,0.43063063063063056,0.5620235620235621,0.5693693693693694,0.4379764379764379,0.34144144144144145,0.45,0.8066414459857083
lstm,0,0,0,0.3,fixed horizon 50,192,57,135,1.016621408988435,0.21311475409836064,0.46153846153846156,0.7868852459016393,0.6242118537200505,0.19888888888888892,0.6302564102564102,0.8011111111111111,0.3697435897435898,0.24307692307692313,0.31,0.6628835645229088
lstm,0,0,0,0.3,fixed horizon 100,192,57,135,1.1456418476484982,0.36065573770491804,0.7692307692307693,0.639344262295082,0.7042875157629256,0.4020000000000001,0.5399999999999999,0.5979999999999999,0.4600000000000001,0.4081818181818182,0.52,0.7318200924758301
lstm,0,0,0,0.3,fixed horizon 148,192,57,135,1.5723516265635387,0.2786885245901639,0.8717948717948718,0.7213114754098361,0.7965531736023539,0.4195151033386328,0.4939362439362438,0.5804848966613672,0.5060637560637562,0.30604133545310014,0.51,0.8066414459857083
lstm,0,0,1,0.01,fixed horizon 50,192,57,135,1.4415083223187861,0.0,0.05128205128205128,1.0,0.5256410256410257,0.98,0.998974358974359,0.020000000000000018,0.0010256410256409554,,0.02,0.6628835645229088
lstm,0,0,1,0.01,fixed horizon 100,192,57,135,1.71364255351105,0.03278688524590164,0.10256410256410256,0.9672131147540983,0.5348886086591005,0.5824999999999999,0.9571794871794873,0.4175000000000001,0.04282051282051269,0.625,0.06,0.7318200924758301
lstm,0,0,1,0.01,fixed horizon 148,192,57,135,1.71364255351105,0.03278688524590164,0.10256410256410256,0.9672131147540983,0.5348886086591005,0.3935810810810811,0.9378031878031877,0.6064189189189189,0.06219681219681228,0.42229729729729726,0.06,0.8066414459857083
lstm,0,0,1,0.025,fixed horizon 50,192,57,135,1.4101309107821327,0.0,0.10256410256410256,1.0,0.5512820512820513,0.98,0.9979487179487178,0.020000000000000018,0.002051282051282244,,0.04,0.6628835645229088
lstm,0,0,1,0.025,fixed horizon 100,192,57,135,1.5887643881193358,0.03278688524590164,0.15384615384615385,0.9672131147540983,0.560529634300126,0.5166666666666667,0.9256410256410257,0.4833333333333333,0.07435897435897432,0.55,0.08,0.7318200924758301
lstm,0,0,1,0.025,fixed horizon 148,192,57,135,1.5887643881193358,0.03278688524590164,0.15384615384615385,0.9672131147540983,0.560529634300126,0.34909909909909914,0.8998613998613997,0.6509009009009008,0.10013860013860032,0.3716216216216216,0.08,0.8066414459857083
lstm,0,0,1,0.05,fixed horizon 50,192,57,135,1.4805797795442035,0.0,0.0,1.0,0.5,,1.0,,0.0,,0.0,0.6628835645229088
lstm,0,0,1,0.05,fixed horizon 100,192,57,135,1.5206836218475765,0.04918032786885246,0.20512820512820512,0.9508196721311475,0.5779739386296763,0.5225,0.9020512820512823,0.47750000000000004,0.09794871794871773,0.5333333333333333,0.11,0.7318200924758301
lstm,0,0,1,0.05,fixed horizon 148,192,57,135,1.7602417529674474,0.04918032786885246,0.28205128205128205,0.9508196721311475,0.6164354770912148,0.668918918918919,0.9066181566181566,0.33108108108108103,0.09338184338184341,0.7342342342342342,0.14,0.8066414459857083
lstm,0,0,1,0.075,fixed horizon 50,192,57,135,1.51663819299567,0.06557377049180328,0.1794871794871795,0.9344262295081968,0.5569567044976881,0.6885714285714286,0.9441025641025641,0.3114285714285714,0.0558974358974359,0.69,0.11,0.6628835645229088
lstm,0,0,1,0.075,fixed horizon 100,192,57,135,1.5180517623844167,0.08196721311475409,0.20512820512820512,0.9180327868852459,0.5615804960067255,0.36624999999999996,0.87,0.63375,0.13,0.388,0.13,0.7318200924758301
lstm,0,0,1,0.075,fixed horizon 148,192,57,135,1.6855101251200815,0.08196721311475409,0.358974358974359,0.9180327868852459,0.6385035729298024,0.6718146718146717,0.8821898821898821,0.3281853281853283,0.11781011781011785,0.7027027027027026,0.19,0.8066414459857083
lstm,0,0,1,0.1,fixed horizon 50,192,57,135,1.317510044297595,0.13114754098360656,0.3076923076923077,0.8688524590163934,0.5882723833543506,0.425,0.8230769230769232,0.575,0.17692307692307685,0.45,0.2,0.6628835645229088
lstm,0,0,1,0.1,fixed horizon 100,192,57,135,1.4322885435560027,0.11475409836065574,0.28205128205128205,0.8852459016393442,0.5836485918453131,0.29363636363636364,0.8007692307692308,0.7063636363636363,0.1992307692307692,0.4285714285714285,0.18,0.7318200924758301
lstm,0,0,1,0.1,fixed horizon 148,192,57,135,1.5293517010686848,0.14754098360655737,0.6153846153846154,0.8524590163934426,0.733921815889029,0.6970720720720721,0.8135828135828137,0.3029279279279279,0.1864171864171863,0.6621621621621622,0.33,0.8066414459857083
lstm,0,0,1,0.15,fixed horizon 50,192,57,135,1.6312013492486963,0.13114754098360656,0.358974358974359,0.8688524590163934,0.6139134089953762,0.3428571428571429,0.7641025641025642,0.657142857142857,0.23589743589743584,0.32,0.22,0.6628835645229088
lstm,0,0,1,0.15,fixed horizon 100,192,57,135,1.5173477065070362,0.18032786885245902,0.41025641025641024,0.819672131147541,0.6149642707019756,0.47500000000000003,0.7846153846153845,0.5249999999999999,0.2153846153846155,0.509090909090909,0.27,0.7318200924758301
lstm,0,0,1,0.15,fixed horizon 148,192,57,135,1.8769396746410234,0.19672131147540983,0.48717948717948717,0.8032786885245902,0.6452290878520387,0.47581792318634425,0.7446292446292447,0.5241820768136558,0.25537075537075526,0.3918918918918919,0.31,0.8066414459857083
lstm,0,0,1,0.2,fixed horizon 50,192,57,135,1.5618096340592136,0.19672131147540983,0.4358974358974359,0.8032786885245902,0.619588062211013,0.2376470588235294,0.6676923076923078,0.7623529411764706,0.3323076923076922,0.2716666666666667,0.29,0.6628835645229088
lstm,0,0,1,0.2,fixed horizon 100,192,57,135,2.094306192569471,0.19672131147540983,0.5897435897435898,0.8032786885245902,0.6965111391340899,0.5078260869565218,0.7097435897435899,0.49217391304347824,0.29025641025641014,0.41500000000000004,0.35,0.7318200924758301
lstm,0,0,1,0.2,fixed horizon 148,192,57,135,1.9344758611146298,0.21311475409836064,0.7692307692307693,0.7868852459016393,0.7780580075662042,0.4891891891891892,0.607068607068607,0.5108108108108108,0.392931392931393,0.3186070686070686,0.43,0.8066414459857083
lstm,0,0,1,0.3,fixed horizon 50,192,57,135,1.4353525006668566,0.19672131147540983,0.46153846153846156,0.8032786885245902,0.6324085750315258,0.20888888888888893,0.6348717948717949,0.7911111111111111,0.3651282051282051,0.20166666666666666,0.3,0.6628835645229088
lstm,0,0,1,0.3,fixed horizon 100,192,57,135,2.0258497592408022,0.2459016393442623,0.7692307692307693,0.7540983606557377,0.7616645649432534,0.5136666666666667,0.625897435897436,0.4863333333333333,0.37410256410256404,0.3933333333333333,0.45,0.7318200924758301
lstm,0,0,1,0.3,fixed horizon 148,192,57,135,2.6414169628999398,0.21311475409836064,0.8461538461538461,0.7868852459016393,0.8165195460277428,0.48341523341523346,0.562889812889813,0.5165847665847665,0.437110187110187,0.35654885654885654,0.46,0.8066414459857083
lstm,0,0,2,0.01,fixed horizon 50,192,57,135,1.0625265838545708,0.0,0.0,1.0,0.5,,1.0,,0.0,,0.0,0.6628835645229088
lstm,0,0,2,0.01,fixed horizon 100,192,57,135,1.2093472925449644,0.01639344262295082,0.02564102564102564,0.9836065573770492,0.5046237915090374,0.86,0.9964102564102564,0.14,0.0035897435897436214,0.9,0.02,0.7318200924758301
lstm,0,0,2,0.01,fixed horizon 148,192,57,135,1.3377467567957213,0.0,0.02564102564102564,1.0,0.5128205128205128,0.9932432432432432,0.9998267498267498,0.006756756756756799,0.00017325017325020564,,0.01,0.8066414459857083
lstm,0,0,2,0.025,fixed horizon 50,192,57,135,1.003024506235426,0.03278688524590164,0.1282051282051282,0.9672131147540983,0.5477091214796133,0.604,0.9492307692307693,0.396,0.05076923076923068,0.53,0.07,0.6628835645229088
lstm,0,0,2,0.025,fixed horizon 100,192,57,135,1.1553139235778886,0.03278688524590164,0.05128205128205128,0.9672131147540983,0.5092475830180748,0.87,0.9933333333333334,0.13,0.006666666666666599,0.875,0.04,0.7318200924758301
lstm,0,0,2,0.025,fixed horizon 148,192,57,135,1.3148100208755453,0.0,0.15384615384615385,1.0,0.5769230769230769,0.990990990990991,0.9986139986139986,0.009009009009009028,0.001386001386001423,,0.06,0.8066414459857083
lstm,0,0,2,0.05,fixed horizon 50,192,57,135,1.0270075785110004,0.06557377049180328,0.20512820512820512,0.9344262295081968,0.569777217318201,0.645,0.9271794871794873,0.355,0.07282051282051272,0.62,0.12,0.6628835645229088
lstm,0,0,2,0.05,fixed horizon 100,192,57,135,1.1349130752783452,0.08196721311475409,0.2564102564102564,0.9180327868852459,0.5872215216477512,0.5730000000000001,0.8905128205128207,0.42699999999999994,0.10948717948717934,0.662,0.15,0.7318200924758301
lstm,0,0,2,0.05,fixed horizon 148,192,57,135,1.4130995548348249,0.04918032786885246,0.23076923076923078,0.9508196721311475,0.5907944514501892,0.9361861861861862,0.9852737352737352,0.06381381381381379,0.014726264726264815,0.9391891891891891,0.12,0.8066414459857083
lstm,0,0,2,0.075,fixed horizon 50,192,57,135,0.9507099506534269,0.11475409836065574,0.28205128205128205,0.8852459016393442,0.5836485918453131,0.3963636363636363,0.8297435897435897,0.6036363636363637,0.17025641025641025,0.46571428571428575,0.18,0.6628835645229088
lstm,0,0,2,0.075,fixed horizon 100,192,57,135,1.0669645385641706,0.13114754098360656,0.38461538461538464,0.8688524590163934,0.626733921815889,0.4993333333333333,0.8074358974358974,0.5006666666666667,0.1925641025641026,0.50125,0.23,0.7318200924758301
lstm,0,0,2,0.075,fixed horizon 148,192,57,135,1.2531472952128624,0.11475409836065574,0.5641025641025641,0.8852459016393442,0.7246742328709541,0.7546068796068796,0.8615731115731114,0.24539312039312045,0.13842688842688855,0.6988416988416988,0.29,0.8066414459857083
lstm,0,0,2,0.1,fixed horizon 50,192,57,135,1.0151309447912609,0.13114754098360656,0.358974358974359,0.8688524590163934,0.6139134089953762,0.3257142857142856,0.757948717948718,0.6742857142857144,0.242051282051282,0.26249999999999996,0.22,0.6628835645229088
lstm,0,0,2,0.1,fixed horizon 100,192,57,135,1.0557175366981122,0.13114754098360656,0.4358974358974359,0.8688524590163934,0.6523749474569147,0.538235294117647,0.7987179487179487,0.46176470588235297,0.20128205128205134,0.4925,0.25,0.7318200924758301
lstm,0,0,2,0.1,fixed horizon 148,192,57,135,1.2526847514698773,0.11475409836065574,0.5897435897435898,0.8852459016393442,0.737494745691467,0.7065217391304348,0.8269230769230769,0.2934782608695652,0.17307692307692313,0.6206563706563707,0.3,0.8066414459857083
lstm,0,0,2,0.15,fixed horizon 50,192,57,135,1.0489248139520022,0.14754098360655737,0.41025641025641024,0.8524590163934426,0.6313577133249264,0.29000000000000004,0.7087179487179487,0.71,0.2912820512820513,0.2755555555555556,0.25,0.6628835645229088
lstm,0,0,2,0.15,fixed horizon 100,192,57,135,1.1243097846691055,0.19672131147540983,0.48717948717948717,0.8032786885245902,0.6452290878520387,0.37894736842105264,0.6974358974358975,0.6210526315789473,0.3025641025641025,0.3641666666666667,0.31,0.7318200924758301
lstm,0,0,2,0.15,fixed horizon 148,192,57,135,1.399596777429886,0.14754098360655737,0.6410256410256411,0.8524590163934426,0.7467423287095418,0.5656756756756757,0.7215869715869717,0.43432432432432433,0.2784130284130283,0.45270270270270274,0.34,0.8066414459857083
lstm,0,0,2,0.2,fixed horizon 50,192,57,135,1.2413824930979676,0.14754098360655737,0.41025641025641024,0.8524590163934426,0.6313577133249264,0.26375000000000004,0.697948717948718,0.73625,0.30205128205128196,0.2644444444444445,0.25,0.6628835645229088
lstm,0,0,2,0.2,fixed horizon 100,192,57,135,1.1903867087730506,0.19672131147540983,0.48717948717948717,0.8032786885245902,0.6452290878520387,0.4036842105263158,0.7094871794871795,0.5963157894736841,0.29051282051282046,0.3775,0.31,0.7318200924758301
lstm,0,0,2,0.2,fixed horizon 148,192,57,135,1.3148696852221557,0.19672131147540983,0.7948717948717948,0.8032786885245902,0.7990752416981926,0.5250653879686138,0.6224878724878726,0.4749346120313862,0.37751212751212737,0.3643018018018018,0.43,0.8066414459857083
lstm,0,0,2,0.3,fixed horizon 50,192,57,135,1.0911815914034817,0.21311475409836064,0.46153846153846156,0.7868852459016393,0.6242118537200505,0.18555555555555558,0.6241025641025642,0.8144444444444444,0.37589743589743585,0.17076923076923078,0.31,0.6628835645229088
lstm,0,0,2,0.3,fixed horizon 100,192,57,135,1.4181463777538714,0.2786885245901639,0.7948717948717948,0.7213114754098361,0.7580916351408155,0.4270967741935484,0.5446153846153846,0.5729032258064516,0.4553846153846154,0.3894117647058823,0.48,0.7318200924758301
lstm,0,0,2,0.3,fixed horizon 148,192,57,135,2.1652844844086214,0.21311475409836064,0.8717948717948718,0.7868852459016393,0.8293400588482556,0.5751192368839427,0.6295911295911296,0.42488076311605727,0.3704088704088704,0.4449064449064449,0.47,0.8066414459857083
lstm,0,0,3,0.01,fixed horizon 50,192,57,135,1.091449058417322,0.0,0.0,1.0,0.5,,1.0,,0.0,,0.0,0.6628835645229088
lstm,0,0,3,0.01,fixed horizon 100,192,57,135,1.091449058417322,0.0,0.0,1.0,0.5,,1.0,,0.0,,0.0,0.7318200924758301
lstm,0,0,3,0.01,fixed horizon 148,192,57,135,1.0920011386077741,0.0,0.0,1.0,0.5,,1.0,,0.0,,0.0,0.8066414459857083
lstm,0,0,3,0.025,fixed horizon 50,192,57,135,1.0172865419292212,0.0,0.0,1.0,0.5,,1.0,,0.0,,0.0,0.6628835645229088
lstm,0,0,3,0.025,fixed horizon 100,192,57,135,1.0602330979864893,0.0,0.02564102564102564,1.0,0.5128205128205128,0.81,0.9951282051282052,0.18999999999999995,0.004871794871794788,,0.01,0.7318200924758301
lstm,0,0,3,0.025,fixed horizon 148,192,57,135,1.0618058118669933,0.0,0.02564102564102564,1.0,0.5128205128205128,0.5472972972972973,0.9883922383922384,0.45270270270270274,0.011607761607761558,,0.01,0.8066414459857083
lstm,0,0,3,0.05,fixed horizon 50,192,57,135,0.988017269045746,0.04918032786885246,0.20512820512820512,0.9508196721311475,0.5779739386296763,0.5975,0.9174358974358975,0.40249999999999997,0.08256410256410252,0.5066666666666667,0.11,0.6628835645229088
lstm,0,0,3,0.05,fixed horizon 100,192,57,135,0.9913283286192645,0.08196721311475409,0.23076923076923078,0.9180327868852459,0.5744010088272383,0.4166666666666667,0.8653846153846154,0.5833333333333333,0.13461538461538458,0.458,0.14,0.7318200924758301
lstm,0,0,3,0.05,fixed horizon 148,192,57,135,1.1891858591193676,0.0,0.0,1.0,0.5,,1.0,,0.0,,0.0,0.8066414459857083
lstm,0,0,3,0.075,fixed horizon 50,192,57,135,1.2616003994210867,0.11475409836065574,0.2564102564102564,0.8852459016393442,0.5708280790248004,0.67,0.9153846153846155,0.32999999999999996,0.08461538461538454,0.6457142857142858,0.17,0.6628835645229088
lstm,0,0,3,0.075,fixed horizon 100,192,57,135,1.3581054958698395,0.13114754098360656,0.23076923076923078,0.8688524590163934,0.5498108448928121,0.42888888888888893,0.8682051282051282,0.5711111111111111,0.13179487179487182,0.5387500000000001,0.17,0.7318200924758301
lstm,0,0,3,0.075,fixed horizon 148,192,57,135,1.105780186704892,0.0,0.05128205128205128,1.0,0.5256410256410257,0.5439189189189189,0.9766112266112267,0.45608108108108114,0.02338877338877332,,0.02,0.8066414459857083
lstm,0,0,3,0.1,fixed horizon 50,192,57,135,1.2452922372186541,0.11475409836065574,0.3076923076923077,0.8852459016393442,0.5964691046658259,0.4383333333333334,0.8271794871794871,0.5616666666666665,0.17282051282051292,0.36857142857142866,0.19,0.6628835645229088
lstm,0,0,3,0.1,fixed horizon 100,192,57,135,1.375961220324093,0.14754098360655737,0.28205128205128205,0.8524590163934426,0.5672551492223623,0.4818181818181818,0.8538461538461539,0.5181818181818182,0.14615384615384608,0.5577777777777778,0.2,0.7318200924758301
lstm,0,0,3,0.1,fixed horizon 148,192,57,135,1.0641214083938053,0.09836065573770492,0.3333333333333333,0.9016393442622951,0.6174863387978142,0.6902286902286902,0.8967428967428968,0.30977130977130984,0.10325710325710324,0.661036036036036,0.19,0.8066414459857083
lstm,0,0,3,0.15,fixed horizon 50,192,57,135,1.3064326292405524,0.13114754098360656,0.38461538461538464,0.8688524590163934,0.626733921815889,0.35200000000000004,0.7507692307692307,0.6479999999999999,0.24923076923076926,0.29500000000000004,0.23,0.6628835645229088
lstm,0,0,3,0.15,fixed horizon 100,192,57,135,1.3032777142978489,0.19672131147540983,0.38461538461538464,0.8032786885245902,0.5939470365699874,0.20066666666666666,0.6925641025641025,0.7993333333333333,0.3074358974358975,0.3291666666666667,0.27,0.7318200924758301
lstm,0,0,3,0.15,fixed horizon 148,192,57,135,1.2813913673269197,0.19672131147540983,0.46153846153846156,0.8032786885245902,0.6324085750315258,0.48273273273273276,0.7612612612612613,0.5172672672672672,0.23873873873873874,0.38457207207207206,0.3,0.8066414459857083
lstm,0,0,3,0.2,fixed horizon 50,192,57,135,1.3458734251764062,0.19672131147540983,0.4358974358974359,0.8032786885245902,0.619588062211013,0.24823529411764705,0.6723076923076924,0.7517647058823529,0.3276923076923076,0.2833333333333334,0.29,0.6628835645229088
lstm,0,0,3,0.2,fixed horizon 100,192,57,135,1.1655048573565394,0.19672131147540983,0.6153846153846154,0.8032786885245902,0.7093316519546028,0.33916666666666667,0.5933333333333334,0.6608333333333334,0.4066666666666666,0.2841666666666666,0.36,0.7318200924758301
lstm,0,0,3,0.2,fixed horizon 148,192,57,135,1.3016398118703676,0.22950819672131148,0.7948717948717948,0.7704918032786885,0.7826817990752417,0.6150828247602441,0.694040194040194,0.3849171752397559,0.305959805959806,0.430019305019305,0.45,0.8066414459857083
lstm,0,0,3,0.3,fixed horizon 50,192,57,135,1.0245226573929442,0.19672131147540983,0.46153846153846156,0.8032786885245902,0.6324085750315258,0.1877777777777778,0.6251282051282051,0.8122222222222222,0.3748717948717949,0.17500000000000002,0.3,0.6628835645229088
lstm,0,0,3,0.3,fixed horizon 100,192,57,135,1.134353772608613,0.32786885245901637,0.7435897435897436,0.6721311475409836,0.7078604455653636,0.3827586206896552,0.541025641025641,0.6172413793103448,0.458974358974359,0.43600000000000005,0.49,0.7318200924758301
lstm,0,0,3,0.3,fixed horizon 148,192,57,135,1.2249462517576992,0.32786885245901637,0.8717948717948718,0.6721311475409836,0.7719630096679277,0.37241653418124016,0.4528759528759528,0.6275834658187598,0.5471240471240473,0.302027027027027,0.54,0.8066414459857083
lstm,0,0,4,0.01,fixed horizon 50,192,57,135,1.0732684311800302,0.0,0.05128205128205128,1.0,0.5256410256410257,0.98,0.998974358974359,0.020000000000000018,0.0010256410256409554,,0.02,0.6628835645229088
lstm,0,0,4,0.01,fixed horizon 100,192,57,135,1.1052482154878938,0.01639344262295082,0.05128205128205128,0.9836065573770492,0.5174443043295502,0.6399999999999999,0.9815384615384616,0.3600000000000001,0.018461538461538418,0.7,0.03,0.7318200924758301
lstm,0,0,4,0.01,fixed horizon 148,192,57,135,1.1052482154878938,0.01639344262295082,0.05128205128205128,0.9836065573770492,0.5174443043295502,0.43243243243243246,0.9708939708939709,0.5675675675675675,0.029106029106029108,0.47297297297297297,0.03,0.8066414459857083
lstm,0,0,4,0.025,fixed horizon 50,192,57,135,1.011510667034948,0.04918032786885246,0.1794871794871795,0.9508196721311475,0.5651534258091635,0.6828571428571429,0.9430769230769231,0.31714285714285706,0.056923076923076854,0.6933333333333334,0.1,0.6628835645229088
lstm,0,0,4,0.025,fixed horizon 100,192,57,135,1.055032321251706,0.03278688524590164,0.15384615384615385,0.9672131147540983,0.560529634300126,0.47333333333333333,0.9189743589743591,0.5266666666666666,0.08102564102564092,0.595,0.08,0.7318200924758301
lstm,0,0,4,0.025,fixed horizon 148,192,57,135,1.0692319911383188,0.03278688524590164,0.10256410256410256,0.9672131147540983,0.5348886086591005,0.3344594594594595,0.9317394317394317,0.6655405405405406,0.06826056826056826,0.41216216216216217,0.06,0.8066414459857083
lstm,0,0,4,0.05,fixed horizon 50,192,57,135,0.9541380928299527,0.09836065573770492,0.2564102564102564,0.9016393442622951,0.5790248003362757,0.558,0.8866666666666666,0.44199999999999995,0.1133333333333334,0.6433333333333333,0.16,0.6628835645229088
lstm,0,0,4,0.05,fixed horizon 100,192,57,135,1.0321532019838173,0.08196721311475409,0.28205128205128205,0.9180327868852459,0.600042034468264,0.5,0.8589743589743589,0.5,0.14102564102564108,0.43800000000000006,0.16,0.7318200924758301
lstm,0,0,4,0.05,fixed horizon 148,192,57,135,1.0321532019838173,0.08196721311475409,0.28205128205128205,0.9180327868852459,0.600042034468264,0.3378378378378379,0.8132363132363133,0.6621621621621621,0.1867636867636867,0.295945945945946,0.16,0.8066414459857083
lstm,0,0,4,0.075,fixed horizon 50,192,57,135,0.8503008215478994,0.13114754098360656,0.3076923076923077,0.8688524590163934,0.5882723833543506,0.3283333333333333,0.7933333333333333,0.6716666666666666,0.20666666666666667,0.3525,0.2,0.6628835645229088
lstm,0,0,4,0.075,fixed horizon 100,192,57,135,1.0864071534452535,0.11475409836065574,0.358974358974359,0.8852459016393442,0.6221101303068516,0.43642857142857144,0.7976923076923077,0.5635714285714286,0.2023076923076923,0.41857142857142854,0.21,0.7318200924758301
lstm,0,0,4,0.075,fixed horizon 148,192,57,135,0.9766955874811816,0.18032786885245902,0.46153846153846156,0.819672131147541,0.6406052963430013,0.5,0.7692307692307693,0.5,0.23076923076923073,0.42690417690417687,0.29,0.8066414459857083
lstm,0,0,4,0.1,fixed horizon 50,192,57,135,0.8335940691161886,0.13114754098360656,0.358974358974359,0.8688524590163934,0.6139134089953762,0.25,0.7307692307692307,0.75,0.2692307692307693,0.23,0.22,0.6628835645229088
lstm,0,0,4,0.1,fixed horizon 100,192,57,135,1.0320864800397858,0.19672131147540983,0.46153846153846156,0.8032786885245902,0.6324085750315258,0.4222222222222222,0.7333333333333334,0.5777777777777777,0.2666666666666666,0.4083333333333334,0.3,0.7318200924758301
lstm,0,0,4,0.1,fixed horizon 148,192,57,135,0.9773625795675951,0.21311475409836064,0.6923076923076923,0.7868852459016393,0.7395964691046658,0.5202702702702703,0.667879417879418,0.4797297297297297,0.33212058212058204,0.41839916839916835,0.4,0.8066414459857083
lstm,0,0,4,0.15,fixed horizon 50,192,57,135,0.8361783077795424,0.18032786885245902,0.4358974358974359,0.819672131147541,0.6277847835224885,0.24352941176470586,0.6702564102564103,0.7564705882352941,0.32974358974358975,0.2890909090909091,0.28,0.6628835645229088
lstm,0,0,4,0.15,fixed horizon 100,192,57,135,1.0169724444145962,0.19672131147540983,0.48717948717948717,0.8032786885245902,0.6452290878520387,0.4168421052631579,0.7158974358974358,0.5831578947368421,0.2841025641025642,0.37000000000000005,0.31,0.7318200924758301
lstm,0,0,4,0.15,fixed horizon 148,192,57,135,0.9385753184561199,0.21311475409836064,0.717948717948718,0.7868852459016393,0.7524169819251787,0.5082046332046332,0.646916146916147,0.49179536679536684,0.35308385308385304,0.3643451143451143,0.41,0.8066414459857083
lstm,0,0,4,0.2,fixed horizon 50,192,57,135,0.8143016926618349,0.19672131147540983,0.4358974358974359,0.8032786885245902,0.619588062211013,0.17294117647058826,0.6394871794871795,0.8270588235294117,0.3605128205128205,0.21833333333333335,0.29,0.6628835645229088
lstm,0,0,4,0.2,fixed horizon 100,192,57,135,1.006101865406107,0.21311475409836064,0.6410256410256411,0.7868852459016393,0.7139554434636401,0.366,0.5935897435897436,0.634,0.4064102564102564,0.3261538461538462,0.38,0.7318200924758301
lstm,0,0,4,0.2,fixed horizon 148,192,57,135,0.8095406471522707,0.2459016393442623,0.7948717948717948,0.7540983606557377,0.7744850777637662,0.4178291194420226,0.5372487872487872,0.5821708805579774,0.4627512127512128,0.30585585585585584,0.46,0.8066414459857083
lstm,0,0,4,0.3,fixed horizon 50,192,57,135,0.680608378847844,0.22950819672131148,0.46153846153846156,0.7704918032786885,0.616015132408575,0.1677777777777778,0.6158974358974358,0.8322222222222222,0.38410256410256416,0.22,0.32,0.6628835645229088
lstm,0,0,4,0.3,fixed horizon 100,192,57,135,0.8761812693829614,0.3770491803278688,0.6923076923076923,0.6229508196721312,0.6576292559899117,0.322962962962963,0.5312820512820513,0.677037037037037,0.4687179487179487,0.38478260869565223,0.5,0.7318200924758301
lstm,0,0,4,0.3,fixed horizon 148,192,57,135,0.8861526595945701,0.32786885245901637,0.8717948717948718,0.6721311475409836,0.7719630096679277,0.352543720190779,0.4355509355509356,0.6474562798092209,0.5644490644490644,0.29662162162162165,0.54,0.8066414459857083
lstm,0,0,5,0.01,fixed horizon 50,192,57,135,1.2699244697438408,0.0,0.0,1.0,0.5,,1.0,,0.0,,0.0,0.6628835645229088
lstm,0,0,5,0.01,fixed horizon 100,192,57,135,1.2699244697438408,0.0,0.0,1.0,0.5,,1.0,,0.0,,0.0,0.7318200924758301
lstm,0,0,5,0.01,fixed horizon 148,192,57,135,1.2699244697438408,0.0,0.0,1.0,0.5,,1.0,,0.0,,0.0,0.8066414459857083
lstm,0,0,5,0.025,fixed horizon 50,192,57,135,1.1455501149825982,0.0,0.0,1.0,0.5,,1.0,,0.0,,0.0,0.6628835645229088
lstm,0,0,5,0.025,fixed horizon 100,192,57,135,1.1455501149825982,0.0,0.0,1.0,0.5,,1.0,,0.0,,0.0,0.7318200924758301
lstm,0,0,5,0.025,fixed horizon 148,192,57,135,1.1455501149825982,0.0,0.0,1.0,0.5,,1.0,,0.0,,0.0,0.8066414459857083
lstm,0,0,5,0.05,fixed horizon 50,192,57,135,1.0961510571446538,0.0,0.07692307692307693,1.0,0.5384615384615384,0.9533333333333333,0.9964102564102564,0.046666666666666745,0.0035897435897436214,,0.03,0.6628835645229088
lstm,0,0,5,0.05,fixed horizon 100,192,57,135,1.1138268245558978,0.03278688524590164,0.23076923076923078,0.9672131147540983,0.5989911727616646,0.6800000000000002,0.9261538461538461,0.31999999999999984,0.0738461538461539,0.575,0.11,0.7318200924758301
lstm,0,0,5,0.05,fixed horizon 148,192,57,135,1.1571503920618282,0.03278688524590164,0.1794871794871795,0.9672131147540983,0.5733501471206389,0.5115830115830116,0.9123354123354124,0.48841698841698844,0.08766458766458762,0.44256756756756754,0.09,0.8066414459857083
lstm,0,0,5,0.075,fixed horizon 50,192,57,135,1.2134396449657232,0.09836065573770492,0.28205128205128205,0.9016393442622951,0.5918453131567886,0.52,0.8646153846153846,0.48,0.13538461538461544,0.62,0.17,0.6628835645229088
lstm,0,0,5,0.075,fixed horizon 100,192,57,135,1.3116357688332965,0.11475409836065574,0.28205128205128205,0.8852459016393442,0.5836485918453131,0.39000000000000007,0.8279487179487179,0.6099999999999999,0.17205128205128206,0.4542857142857143,0.18,0.7318200924758301
lstm,0,0,5,0.075,fixed horizon 148,192,57,135,1.388296981952519,0.11475409836065574,0.5641025641025641,0.8852459016393442,0.7246742328709541,0.6796683046683047,0.8193000693000694,0.32033169533169525,0.18069993069993062,0.49131274131274133,0.29,0.8066414459857083
lstm,0,0,5,0.1,fixed horizon 50,192,57,135,1.1138598968415057,0.13114754098360656,0.3076923076923077,0.8688524590163934,0.5882723833543506,0.41,0.8184615384615385,0.5900000000000001,0.18153846153846154,0.44499999999999995,0.2,0.6628835645229088
lstm,0,0,5,0.1,fixed horizon 100,192,57,135,1.24155920496043,0.14754098360655737,0.41025641025641024,0.8524590163934426,0.6313577133249264,0.460625,0.7787179487179489,0.5393749999999999,0.22128205128205114,0.47333333333333333,0.25,0.7318200924758301
lstm,0,0,5,0.1,fixed horizon 148,192,57,135,1.4286798404216348,0.11475409836065574,0.6666666666666666,0.8852459016393442,0.7759562841530054,0.721933471933472,0.8146223146223148,0.278066528066528,0.18537768537768518,0.6023166023166022,0.33,0.8066414459857083
lstm,0,0,5,0.15,fixed horizon 50,192,57,135,1.4931084608593685,0.14754098360655737,0.38461538461538464,0.8524590163934426,0.6185372005044136,0.5373333333333333,0.822051282051282,0.46266666666666667,0.17794871794871803,0.5377777777777779,0.24,0.6628835645229088
lstm,0,0,5,0.15,fixed horizon 100,192,57,135,1.2179905988819721,0.19672131147540983,0.48717948717948717,0.8032786885245902,0.6452290878520387,0.38315789473684214,0.6994871794871794,0.6168421052631579,0.3005128205128206,0.3466666666666667,0.31,0.7318200924758301
lstm,0,0,5,0.15,fixed horizon 148,192,57,135,1.4540507199115542,0.14754098360655737,0.7692307692307693,0.8524590163934426,0.8108448928121059,0.6353603603603605,0.7195079695079697,0.3646396396396395,0.2804920304920303,0.5953453453453453,0.39,0.8066414459857083
lstm,0,0,5,0.2,fixed horizon 50,192,57,135,1.459917583336839,0.14754098360655737,0.41025641025641024,0.8524590163934426,0.6313577133249264,0.2725,0.7015384615384616,0.7275,0.29846153846153844,0.27111111111111114,0.25,0.6628835645229088
lstm,0,0,5,0.2,fixed horizon 100,192,57,135,1.6030674967801408,0.18032786885245902,0.5897435897435898,0.819672131147541,0.7047078604455654,0.4730434782608695,0.6892307692307692,0.5269565217391305,0.3107692307692308,0.37000000000000005,0.34,0.7318200924758301
lstm,0,0,5,0.2,fixed horizon 148,192,57,135,1.7206690610182453,0.21311475409836064,0.7692307692307693,0.7868852459016393,0.7780580075662042,0.45382882882882886,0.57986832986833,0.5461711711711712,0.42013167013166997,0.33471933471933474,0.43,0.8066414459857083
lstm,0,0,5,0.3,fixed horizon 50,192,57,135,1.1772980281385226,0.19672131147540983,0.46153846153846156,0.8032786885245902,0.6324085750315258,0.21666666666666667,0.6384615384615384,0.7833333333333333,0.3615384615384616,0.19666666666666666,0.3,0.6628835645229088
lstm,0,0,5,0.3,fixed horizon 100,192,57,135,1.482183537971576,0.29508196721311475,0.6410256410256411,0.7049180327868853,0.6729718369062632,0.32480000000000003,0.5671794871794871,0.6752,0.4328205128205129,0.3061111111111111,0.43,0.7318200924758301
lstm,0,0,5,0.3,fixed horizon 148,192,57,135,1.7656236890866055,0.2786885245901639,0.8461538461538461,0.7213114754098361,0.7837326607818411,0.39803439803439805,0.49064449064449067,0.6019656019656019,0.5093555093555093,0.31637519872813996,0.5,0.8066414459857083
lstm,0,0,6,0.01,fixed horizon 50,192,57,135,1.1371472982721775,0.0,0.0,1.0,0.5,,1.0,,0.0,,0.0,0.6628835645229088
lstm,0,0,6,0.01,fixed horizon 100,192,57,135,1.1371472982721775,0.0,0.0,1.0,0.5,,1.0,,0.0,,0.0,0.7318200924758301
lstm,0,0,6,0.01,fixed horizon 148,192,57,135,1.1371472982721775,0.0,0.0,1.0,0.5,,1.0,,0.0,,0.0,0.8066414459857083
lstm,0,0,6,0.025,fixed horizon 50,192,57,135,1.0993673855600763,0.0,0.0,1.0,0.5,,1.0,,0.0,,0.0,0.6628835645229088
lstm,0,0,6,0.025,fixed horizon 100,192,57,135,1.1019759758092182,0.0,0.0,1.0,0.5,,1.0,,0.0,,0.0,0.7318200924758301
lstm,0,0,6,0.025,fixed horizon 148,192,57,135,1.1019759758092182,0.0,0.0,1.0,0.5,,1.0,,0.0,,0.0,0.8066414459857083
lstm,0,0,6,0.05,fixed horizon 50,192,57,135,1.1889176339818979,0.0,0.05128205128205128,1.0,0.5256410256410257,0.98,0.998974358974359,0.020000000000000018,0.0010256410256409554,,0.02,0.6628835645229088
lstm,0,0,6,0.05,fixed horizon 100,192,57,135,1.281252069051509,0.04918032786885246,0.23076923076923078,0.9508196721311475,0.5907944514501892,0.6377777777777779,0.9164102564102563,0.3622222222222221,0.08358974358974369,0.6233333333333334,0.12,0.7318200924758301
lstm,0,0,6,0.05,fixed horizon 148,192,57,135,1.0622598685217932,0.0,0.10256410256410256,1.0,0.5512820512820513,0.3175675675675676,0.9300069300069299,0.6824324324324325,0.06999306999307009,,0.04,0.8066414459857083
lstm,0,0,6,0.075,fixed horizon 50,192,57,135,1.2750234757479142,0.13114754098360656,0.3333333333333333,0.8688524590163934,0.6010928961748634,0.58,0.8600000000000002,0.42000000000000004,0.1399999999999998,0.615,0.21,0.6628835645229088
lstm,0,0,6,0.075,fixed horizon 100,192,57,135,1.3658195761084808,0.13114754098360656,0.3333333333333333,0.8688524590163934,0.6010928961748634,0.38,0.7933333333333334,0.62,0.20666666666666655,0.375,0.21,0.7318200924758301
lstm,0,0,6,0.075,fixed horizon 148,192,57,135,1.2067165725700555,0.06557377049180328,0.3333333333333333,0.9344262295081968,0.6338797814207651,0.43970893970893965,0.8132363132363133,0.5602910602910603,0.1867636867636867,0.44594594594594594,0.17,0.8066414459857083
lstm,0,0,6,0.1,fixed horizon 50,192,57,135,1.3341857334812484,0.13114754098360656,0.358974358974359,0.8688524590163934,0.6139134089953762,0.47857142857142854,0.8128205128205129,0.5214285714285715,0.18717948717948707,0.495,0.22,0.6628835645229088
lstm,0,0,6,0.1,fixed horizon 100,192,57,135,1.3255641717868945,0.14754098360655737,0.41025641025641024,0.8524590163934426,0.6313577133249264,0.43875000000000003,0.7697435897435897,0.56125,0.2302564102564103,0.3688888888888889,0.25,0.7318200924758301
lstm,0,0,6,0.1,fixed horizon 148,192,57,135,1.420008727555442,0.18032786885245902,0.6410256410256411,0.819672131147541,0.730348886086591,0.6024324324324325,0.7451489951489952,0.3975675675675675,0.25485100485100476,0.44287469287469283,0.36,0.8066414459857083
lstm,0,0,6,0.15,fixed horizon 50,192,57,135,1.1667381906676593,0.13114754098360656,0.4358974358974359,0.8688524590163934,0.6523749474569147,0.2529411764705883,0.6743589743589745,0.7470588235294118,0.3256410256410255,0.2,0.25,0.6628835645229088
lstm,0,0,6,0.15,fixed horizon 100,192,57,135,1.4676489019603107,0.19672131147540983,0.358974358974359,0.8032786885245902,0.5811265237494746,0.3685714285714285,0.7733333333333334,0.6314285714285715,0.22666666666666657,0.4483333333333334,0.26,0.7318200924758301
lstm,0,0,6,0.15,fixed horizon 148,192,57,135,1.578286395103674,0.21311475409836064,0.6153846153846154,0.7868852459016393,0.7011349306431274,0.5529279279279279,0.724878724878725,0.4470720720720721,0.27512127512127504,0.4464656964656965,0.37,0.8066414459857083
lstm,0,0,6,0.2,fixed horizon 50,192,57,135,1.2293553684186853,0.19672131147540983,0.4358974358974359,0.8032786885245902,0.619588062211013,0.22941176470588237,0.6641025641025643,0.7705882352941176,0.3358974358974357,0.24166666666666667,0.29,0.6628835645229088
lstm,0,0,6,0.2,fixed horizon 100,192,57,135,1.5211837602549234,0.19672131147540983,0.5641025641025641,0.8032786885245902,0.6836906263135771,0.47363636363636363,0.7030769230769232,0.5263636363636364,0.29692307692307685,0.3866666666666667,0.34,0.7318200924758301
lstm,0,0,6,0.2,fixed horizon 148,192,57,135,1.657961617630885,0.22950819672131148,0.7435897435897436,0.7704918032786885,0.757040773434216,0.47110904007455734,0.6067221067221068,0.5288909599254427,0.3932778932778932,0.375,0.43,0.8066414459857083
lstm,0,0,6,0.3,fixed horizon 50,192,57,135,1.1697458436333528,0.19672131147540983,0.46153846153846156,0.8032786885245902,0.6324085750315258,0.19666666666666668,0.6292307692307693,0.8033333333333333,0.37076923076923074,0.17666666666666664,0.3,0.6628835645229088
lstm,0,0,6,0.3,fixed horizon 100,192,57,135,1.3331806397219776,0.36065573770491804,0.6923076923076923,0.639344262295082,0.6658259773013872,0.3440740740740742,0.5458974358974358,0.6559259259259258,0.4541025641025642,0.3763636363636364,0.49,0.7318200924758301
lstm,0,0,6,0.3,fixed horizon 148,192,57,135,1.825297255610433,0.29508196721311475,0.8717948717948718,0.7049180327868853,0.7883564522908786,0.46442766295707477,0.5330907830907832,0.5355723370429253,0.46690921690921683,0.3866366366366367,0.52,0.8066414459857083
lstm,0,0,7,0.01,fixed horizon 50,192,57,135,1.0482915881874182,0.0,0.0,1.0,0.5,,1.0,,0.0,,0.0,0.6628835645229088
lstm,0,0,7,0.01,fixed horizon 100,192,57,135,1.0790487694754496,0.0,0.02564102564102564,1.0,0.5128205128205128,0.94,0.9984615384615384,0.06000000000000005,0.0015384615384615996,,0.01,0.7318200924758301
lstm,0,0,7,0.01,fixed horizon 148,192,57,135,1.0792930716603648,0.0,0.02564102564102564,1.0,0.5128205128205128,0.6351351351351351,0.9906444906444907,0.3648648648648649,0.009355509355509328,,0.01,0.8066414459857083
lstm,0,0,7,0.025,fixed horizon 50,192,57,135,0.9711753905359691,0.01639344262295082,0.15384615384615385,0.9836065573770492,0.5687263556116016,0.6466666666666666,0.9456410256410257,0.3533333333333334,0.0543589743589743,0.5,0.07,0.6628835645229088
lstm,0,0,7,0.025,fixed horizon 100,192,57,135,0.99526401221578,0.04918032786885246,0.1282051282051282,0.9508196721311475,0.5395124001681378,0.52,0.9384615384615385,0.48,0.06153846153846154,0.8033333333333333,0.08,0.7318200924758301
lstm,0,0,7,0.025,fixed horizon 148,192,57,135,1.0266923427043302,0.03278688524590164,0.07692307692307693,0.9672131147540983,0.5220680958385876,0.5990990990990991,0.9691614691614692,0.4009009009009009,0.03083853083853083,0.581081081081081,0.05,0.8066414459857083
lstm,0,0,7,0.05,fixed horizon 50,192,57,135,0.9462047731316998,0.09836065573770492,0.23076923076923078,0.9016393442622951,0.5662042875157629,0.54,0.8938461538461538,0.45999999999999996,0.10615384615384615,0.5166666666666667,0.15,0.6628835645229088
lstm,0,0,7,0.05,fixed horizon 100,192,57,135,0.9586577931606697,0.09836065573770492,0.3076923076923077,0.9016393442622951,0.6046658259773015,0.43916666666666665,0.8274358974358975,0.5608333333333333,0.17256410256410248,0.38833333333333336,0.18,0.7318200924758301
lstm,0,0,7,0.05,fixed horizon 148,192,57,135,1.0290551420440308,0.08196721311475409,0.1794871794871795,0.9180327868852459,0.5487599831862127,0.6351351351351352,0.9345114345114345,0.3648648648648648,0.06548856548856552,0.6391891891891891,0.12,0.8066414459857083
lstm,0,0,7,0.075,fixed horizon 50,192,57,135,0.9255948443012282,0.11475409836065574,0.28205128205128205,0.8852459016393442,0.5836485918453131,0.4127272727272727,0.8343589743589743,0.5872727272727273,0.16564102564102567,0.4885714285714285,0.18,0.6628835645229088
lstm,0,0,7,0.075,fixed horizon 100,192,57,135,0.9499835934880859,0.16393442622950818,0.358974358974359,0.8360655737704918,0.5975199663724254,0.3685714285714285,0.7733333333333333,0.6314285714285715,0.22666666666666668,0.40099999999999997,0.24,0.7318200924758301
lstm,0,0,7,0.075,fixed horizon 148,192,57,135,1.0728071677805604,0.11475409836065574,0.5384615384615384,0.8852459016393442,0.7118537200504413,0.8416988416988415,0.914760914760915,0.15830115830115854,0.08523908523908497,0.7722007722007722,0.28,0.8066414459857083
lstm,0,0,7,0.1,fixed horizon 50,192,57,135,0.871394274043963,0.13114754098360656,0.3333333333333333,0.8688524590163934,0.6010928961748634,0.2984615384615385,0.7661538461538461,0.7015384615384614,0.23384615384615393,0.33999999999999997,0.21,0.6628835645229088
lstm,0,0,7,0.1,fixed horizon 100,192,57,135,0.9443245234297442,0.18032786885245902,0.46153846153846156,0.819672131147541,0.6406052963430013,0.445,0.7438461538461538,0.5549999999999999,0.2561538461538462,0.39818181818181825,0.29,0.7318200924758301
lstm,0,0,7,0.1,fixed horizon 148,192,57,135,1.128471431791466,0.11475409836065574,0.5128205128205128,0.8852459016393442,0.6990332072299286,0.8361486486486486,0.9159736659736663,0.16385135135135143,0.08402633402633375,0.8513513513513514,0.27,0.8066414459857083
lstm,0,0,7,0.15,fixed horizon 50,192,57,135,0.9857988250695049,0.14754098360655737,0.41025641025641024,0.8524590163934426,0.6313577133249264,0.28,0.7046153846153846,0.72,0.29538461538461536,0.2777777777777778,0.25,0.6628835645229088
lstm,0,0,7,0.15,fixed horizon 100,192,57,135,0.9503185006538271,0.21311475409836064,0.5384615384615384,0.7868852459016393,0.6626733921815888,0.3576190476190476,0.6541025641025642,0.6423809523809524,0.3458974358974358,0.3161538461538461,0.34,0.7318200924758301
lstm,0,0,7,0.15,fixed horizon 148,192,57,135,1.2291453930311729,0.18032786885245902,0.7692307692307693,0.819672131147541,0.7944514501891551,0.4761261261261261,0.5970200970200971,0.523873873873874,0.40297990297990294,0.3230958230958231,0.41,0.8066414459857083
lstm,0,0,7,0.2,fixed horizon 50,192,57,135,0.977674768317077,0.16393442622950818,0.4358974358974359,0.8360655737704918,0.6359815048339639,0.1823529411764706,0.6435897435897436,0.8176470588235294,0.35641025641025637,0.22600000000000003,0.27,0.6628835645229088
lstm,0,0,7,0.2,fixed horizon 100,192,57,135,1.0225329641966683,0.22950819672131148,0.5897435897435898,0.7704918032786885,0.6801176965111391,0.4252173913043478,0.6610256410256411,0.5747826086956522,0.3389743589743589,0.38714285714285707,0.37,0.7318200924758301
lstm,0,0,7,0.2,fixed horizon 148,192,57,135,1.0740434619273151,0.21311475409836064,0.7948717948717948,0.7868852459016393,0.790878520386717,0.42262423714036623,0.541060291060291,0.5773757628596338,0.45893970893970903,0.31185031185031187,0.44,0.8066414459857083
lstm,0,0,7,0.3,fixed horizon 50,192,57,135,0.8102439025297143,0.22950819672131148,0.46153846153846156,0.7704918032786885,0.616015132408575,0.17333333333333337,0.6184615384615384,0.8266666666666667,0.3815384615384616,0.22428571428571428,0.32,0.6628835645229088
lstm,0,0,7,0.3,fixed horizon 100,192,57,135,1.1144459712725558,0.32786885245901637,0.7692307692307693,0.6721311475409836,0.7206809583858764,0.4006666666666667,0.5389743589743589,0.5993333333333333,0.46102564102564114,0.4325000000000001,0.5,0.7318200924758301
lstm,0,0,7,0.3,fixed horizon 148,192,57,135,0.964032192296477,0.2786885245901639,0.8461538461538461,0.7213114754098361,0.7837326607818411,0.34909909909909903,0.44923769923769924,0.650900900900901,0.5507623007623008,0.25715421303656594,0.5,0.8066414459857083
lstm,0,0,8,0.01,fixed horizon 50,192,57,135,1.1406126197155273,0.0,0.05128205128205128,1.0,0.5256410256410257,0.98,0.998974358974359,0.020000000000000018,0.0010256410256409554,,0.02,0.6628835645229088
lstm,0,0,8,0.01,fixed horizon 100,192,57,135,1.421847830329134,0.01639344262295082,0.07692307692307693,0.9836065573770492,0.530264817150063,0.7733333333333334,0.9825641025641025,0.22666666666666657,0.017435897435897463,0.77,0.04,0.7318200924758301
lstm,0,0,8,0.01,fixed horizon 148,192,57,135,1.421847830329134,0.01639344262295082,0.07692307692307693,0.9836065573770492,0.530264817150063,0.5225225225225225,0.9632709632709632,0.4774774774774775,0.036729036729036824,0.5202702702702703,0.04,0.8066414459857083
lstm,0,0,8,0.025,fixed horizon 50,192,57,135,1.1186576125073289,0.0,0.10256410256410256,1.0,0.5512820512820513,0.76,0.9753846153846154,0.24,0.024615384615384595,,0.04,0.6628835645229088
lstm,0,0,8,0.025,fixed horizon 100,192,57,135,1.3562346019586442,0.03278688524590164,0.10256410256410256,0.9672131147540983,0.5348886086591005,0.7675,0.9761538461538461,0.23250000000000004,0.02384615384615385,0.765,0.06,0.7318200924758301
lstm,0,0,8,0.025,fixed horizon 148,192,57,135,1.3562346019586442,0.03278688524590164,0.10256410256410256,0.9672131147540983,0.5348886086591005,0.518581081081081,0.9506237006237007,0.48141891891891897,0.04937629937629928,0.5168918918918919,0.06,0.8066414459857083
lstm,0,0,8,0.05,fixed horizon 50,192,57,135,1.1169761590996108,0.03278688524590164,0.1794871794871795,0.9672131147540983,0.5733501471206389,0.7257142857142858,0.9507692307692307,0.27428571428571424,0.0492307692307693,0.72,0.09,0.6628835645229088
lstm,0,0,8,0.05,fixed horizon 100,192,57,135,1.2616576047788335,0.04918032786885246,0.23076923076923078,0.9508196721311475,0.5907944514501892,0.5977777777777777,0.9071794871794873,0.40222222222222226,0.09282051282051273,0.63,0.12,0.7318200924758301
lstm,0,0,8,0.05,fixed horizon 148,192,57,135,1.4225876540069036,0.06557377049180328,0.3076923076923077,0.9344262295081968,0.6210592686002523,0.8434684684684686,0.9518364518364518,0.15653153153153143,0.048163548163548175,0.8429054054054054,0.16,0.8066414459857083
lstm,0,0,8,0.075,fixed horizon 50,192,57,135,1.2368493713836939,0.09836065573770492,0.3076923076923077,0.9016393442622951,0.6046658259773015,0.5466666666666667,0.8605128205128205,0.45333333333333325,0.13948717948717948,0.5566666666666668,0.18,0.6628835645229088
lstm,0,0,8,0.075,fixed horizon 100,192,57,135,1.2409923680741612,0.13114754098360656,0.358974358974359,0.8688524590163934,0.6139134089953762,0.34785714285714286,0.765897435897436,0.6521428571428571,0.23410256410256403,0.375,0.22,0.7318200924758301
lstm,0,0,8,0.075,fixed horizon 148,192,57,135,1.3522092375277692,0.09836065573770492,0.46153846153846156,0.9016393442622951,0.6815889029003783,0.787912912912913,0.902113652113652,0.212087087087087,0.09788634788634798,0.769144144144144,0.24,0.8066414459857083
lstm,0,0,8,0.1,fixed horizon 50,192,57,135,1.1934431893990196,0.13114754098360656,0.3076923076923077,0.8688524590163934,0.5882723833543506,0.39000000000000007,0.8123076923076923,0.6099999999999999,0.1876923076923077,0.42000000000000004,0.2,0.6628835645229088
lstm,0,0,8,0.1,fixed horizon 100,192,57,135,1.2143623711177707,0.13114754098360656,0.358974358974359,0.8688524590163934,0.6139134089953762,0.27999999999999997,0.7415384615384616,0.72,0.2584615384615384,0.2325,0.22,0.7318200924758301
lstm,0,0,8,0.1,fixed horizon 148,192,57,135,1.3041293700240233,0.16393442622950818,0.6410256410256411,0.8360655737704918,0.7385456073980665,0.5354054054054054,0.7021829521829523,0.4645945945945946,0.29781704781704765,0.43243243243243235,0.35,0.8066414459857083
lstm,0,0,8,0.15,fixed horizon 50,192,57,135,1.1935196349911001,0.13114754098360656,0.41025641025641024,0.8688524590163934,0.6395544346364018,0.24250000000000002,0.6892307692307693,0.7575,0.3107692307692307,0.22000000000000003,0.24,0.6628835645229088
lstm,0,0,8,0.15,fixed horizon 100,192,57,135,1.1718003123479679,0.19672131147540983,0.5128205128205128,0.8032786885245902,0.6580496006725515,0.40750000000000003,0.6961538461538461,0.5925,0.3038461538461539,0.34583333333333327,0.32,0.7318200924758301
lstm,0,0,8,0.15,fixed horizon 148,192,57,135,1.3403183063673987,0.16393442622950818,0.7435897435897436,0.8360655737704918,0.7898276586801177,0.5053588070829451,0.6321898821898824,0.4946411929170549,0.36781011781011763,0.35878378378378384,0.39,0.8066414459857083
lstm,0,0,8,0.2,fixed horizon 50,192,57,135,1.353607088287003,0.18032786885245902,0.4358974358974359,0.819672131147541,0.6277847835224885,0.24,0.6687179487179489,0.76,0.3312820512820511,0.2654545454545455,0.28,0.6628835645229088
lstm,0,0,8,0.2,fixed horizon 100,192,57,135,1.3486919439219955,0.22950819672131148,0.5128205128205128,0.7704918032786885,0.6416561580496006,0.2935,0.6376923076923077,0.7065,0.36230769230769233,0.3321428571428572,0.34,0.7318200924758301
lstm,0,0,8,0.2,fixed horizon 148,192,57,135,1.5610925165234286,0.22950819672131148,0.7692307692307693,0.7704918032786885,0.7698612862547289,0.5139639639639639,0.6261261261261262,0.48603603603603607,0.37387387387387383,0.3798262548262548,0.44,0.8066414459857083
lstm,0,0,8,0.3,fixed horizon 50,192,57,135,1.2117081667780873,0.19672131147540983,0.46153846153846156,0.8032786885245902,0.6324085750315258,0.22,0.6399999999999999,0.78,0.3600000000000001,0.20166666666666666,0.3,0.6628835645229088
lstm,0,0,8,0.3,fixed horizon 100,192,57,135,1.4116693917882706,0.32786885245901637,0.6666666666666666,0.6721311475409836,0.6693989071038251,0.34038461538461545,0.5602564102564102,0.6596153846153845,0.43974358974358985,0.34450000000000003,0.46,0.7318200924758301
lstm,0,0,8,0.3,fixed horizon 148,192,57,135,1.5090266350602457,0.29508196721311475,0.8717948717948718,0.7049180327868853,0.7883564522908786,0.3908982511923688,0.4689882189882189,0.6091017488076311,0.5310117810117811,0.3228228228228228,0.52,0.8066414459857083
lstm,0,0,9,0.01,fixed horizon 50,192,57,135,1.068142912705387,0.0,0.0,1.0,0.5,,1.0,,0.0,,0.0,0.6628835645229088
lstm,0,0,9,0.01,fixed horizon 100,192,57,135,1.0771841381844744,0.0,0.0,1.0,0.5,,1.0,,0.0,,0.0,0.7318200924758301
lstm,0,0,9,0.01,fixed horizon 148,192,57,135,1.0771841381844744,0.0,0.0,1.0,0.5,,1.0,,0.0,,0.0,0.8066414459857083
lstm,0,0,9,0.025,fixed horizon 50,192,57,135,1.0585235268126196,0.0,0.05128205128205128,1.0,0.5256410256410257,0.56,0.9774358974358975,0.43999999999999995,0.02256410256410246,,0.02,0.6628835645229088
lstm,0,0,9,0.025,fixed horizon 100,192,57,135,1.0634551786858943,0.0,0.10256410256410256,1.0,0.5512820512820513,0.53,0.9517948717948718,0.47,0.048205128205128234,,0.04,0.7318200924758301
lstm,0,0,9,0.025,fixed horizon 148,192,57,135,1.0634551786858943,0.0,0.10256410256410256,1.0,0.5512820512820513,0.3581081081081081,0.9341649341649342,0.6418918918918919,0.06583506583506582,,0.04,0.8066414459857083
lstm,0,0,9,0.05,fixed horizon 50,192,57,135,1.0121672647278364,0.06557377049180328,0.20512820512820512,0.9344262295081968,0.569777217318201,0.555,0.9087179487179486,0.44499999999999995,0.09128205128205136,0.575,0.12,0.6628835645229088
lstm,0,0,9,0.05,fixed horizon 100,192,57,135,1.0121672647278364,0.09836065573770492,0.3076923076923077,0.9016393442622951,0.6046658259773015,0.4699999999999999,0.836923076923077,0.53,0.163076923076923,0.4066666666666667,0.18,0.7318200924758301
lstm,0,0,9,0.05,fixed horizon 148,192,57,135,1.0637466967301699,0.04918032786885246,0.2564102564102564,0.9508196721311475,0.6036149642707019,0.4378378378378378,0.8558558558558559,0.5621621621621622,0.14414414414414412,0.32432432432432434,0.13,0.8066414459857083
lstm,0,0,9,0.075,fixed horizon 50,192,57,135,1.0789754536458005,0.06557377049180328,0.23076923076923078,0.9344262295081968,0.5825977301387137,0.39777777777777784,0.8610256410256409,0.6022222222222222,0.13897435897435906,0.28500000000000003,0.13,0.6628835645229088
lstm,0,0,9,0.075,fixed horizon 100,192,57,135,1.0423380784167011,0.11475409836065574,0.358974358974359,0.8852459016393442,0.6221101303068516,0.48000000000000004,0.8133333333333334,0.52,0.18666666666666665,0.3671428571428571,0.21,0.7318200924758301
lstm,0,0,9,0.075,fixed horizon 148,192,57,135,1.0433047892252725,0.13114754098360656,0.5128205128205128,0.8688524590163934,0.690836485918453,0.6101351351351352,0.8000693000693001,0.3898648648648648,0.1999306999306999,0.5253378378378378,0.28,0.8066414459857083
lstm,0,0,9,0.1,fixed horizon 50,192,57,135,1.1416598189807103,0.13114754098360656,0.3333333333333333,0.8688524590163934,0.6010928961748634,0.45692307692307693,0.818974358974359,0.543076923076923,0.181025641025641,0.44999999999999996,0.21,0.6628835645229088
lstm,0,0,9,0.1,fixed horizon 100,192,57,135,1.0329978151212682,0.13114754098360656,0.38461538461538464,0.8688524590163934,0.626733921815889,0.41266666666666657,0.7741025641025642,0.5873333333333335,0.22589743589743583,0.355,0.23,0.7318200924758301
lstm,0,0,9,0.1,fixed horizon 148,192,57,135,1.0667422894798584,0.13114754098360656,0.6410256410256411,0.8688524590163934,0.7549390500210172,0.5881081081081081,0.7359667359667359,0.4118918918918919,0.2640332640332641,0.46537162162162166,0.33,0.8066414459857083
lstm,0,0,9,0.15,fixed horizon 50,192,57,135,1.1540460476948193,0.13114754098360656,0.41025641025641024,0.8688524590163934,0.6395544346364018,0.24125,0.6887179487179488,0.75875,0.3112820512820512,0.2025,0.24,0.6628835645229088
lstm,0,0,9,0.15,fixed horizon 100,192,57,135,1.0749440096061496,0.18032786885245902,0.48717948717948717,0.819672131147541,0.6534258091635141,0.37736842105263163,0.6966666666666667,0.6226315789473684,0.30333333333333334,0.3418181818181818,0.3,0.7318200924758301
lstm,0,0,9,0.15,fixed horizon 148,192,57,135,1.1593984291745707,0.18032786885245902,0.7692307692307693,0.819672131147541,0.7944514501891551,0.518918918918919,0.6299376299376299,0.48108108108108105,0.3700623700623701,0.3212530712530713,0.41,0.8066414459857083
lstm,0,0,9,0.2,fixed horizon 50,192,57,135,1.4556368258333188,0.19672131147540983,0.41025641025641024,0.8032786885245902,0.6067675493905003,0.28500000000000003,0.7066666666666667,0.715,0.29333333333333333,0.33499999999999996,0.28,0.6628835645229088
lstm,0,0,9,0.2,fixed horizon 100,192,57,135,1.2381103106766065,0.26229508196721313,0.5384615384615384,0.7377049180327869,0.6380832282471627,0.2561904761904762,0.5994871794871793,0.7438095238095238,0.40051282051282067,0.26875,0.37,0.7318200924758301
lstm,0,0,9,0.2,fixed horizon 148,192,57,135,1.1162776411369228,0.21311475409836064,0.7948717948717948,0.7868852459016393,0.790878520386717,0.4670880557977332,0.5764033264033264,0.5329119442022667,0.42359667359667363,0.32484407484407485,0.44,0.8066414459857083
lstm,0,0,9,0.3,fixed horizon 50,192,57,135,1.2391095066963789,0.19672131147540983,0.46153846153846156,0.8032786885245902,0.6324085750315258,0.19777777777777777,0.6297435897435897,0.8022222222222222,0.3702564102564103,0.18666666666666665,0.3,0.6628835645229088
lstm,0,0,9,0.3,fixed horizon 100,192,57,135,1.4286041598218497,0.29508196721311475,0.7435897435897436,0.7049180327868853,0.7242538881883145,0.40620689655172415,0.5584615384615385,0.5937931034482758,0.44153846153846155,0.30666666666666664,0.47,0.7318200924758301
lstm,0,0,9,0.3,fixed horizon 148,192,57,135,1.4446542513474327,0.32786885245901637,0.8717948717948718,0.6721311475409836,0.7719630096679277,0.3575119236883943,0.43988218988218974,0.6424880763116056,0.5601178101178103,0.25844594594594594,0.54,0.8066414459857083
lstm,1,1,0,0.01,fixed horizon 50,188,56,132,1.2760454560348744,0.0,0.0,1.0,0.5,,1.0,,0.0,,0.0,0.5941146626078132
lstm,1,1,0,0.01,fixed horizon 100,188,56,132,1.2760454560348744,0.0,0.0,1.0,0.5,,1.0,,0.0,,0.0,0.5646879756468798
lstm,1,1,0,0.01,fixed horizon 148,188,56,132,1.2760454560348744,0.0,0.0,1.0,0.5,,1.0,,0.0,,0.0,0.5941146626078133
lstm,1,1,0,0.025,fixed horizon 50,188,56,132,1.174994841468052,0.0,0.0,1.0,0.5,,1.0,,0.0,,0.0,0.5941146626078132
lstm,1,1,0,0.025,fixed horizon 100,188,56,132,1.1786217072869445,0.0,0.0,1.0,0.5,,1.0,,0.0,,0.0,0.5646879756468798
lstm,1,1,0,0.025,fixed horizon 148,188,56,132,1.1786217072869445,0.0,0.0,1.0,0.5,,1.0,,0.0,,0.0,0.5941146626078133
lstm,1,1,0,0.05,fixed horizon 50,188,56,132,1.0960459710240396,0.0,0.0,1.0,0.5,,1.0,,0.0,,0.0,0.5941146626078132
lstm,1,1,0,0.05,fixed horizon 100,188,56,132,1.1179900335625643,0.0,0.0,1.0,0.5,,1.0,,0.0,,0.0,0.5646879756468798
lstm,1,1,0,0.05,fixed horizon 148,188,56,132,1.1179900335625643,0.0,0.0,1.0,0.5,,1.0,,0.0,,0.0,0.5941146626078133
lstm,1,1,0,0.075,fixed horizon 50,188,56,132,1.113730677837659,0.0,0.07407407407407407,1.0,0.537037037037037,0.52,0.9644444444444444,0.48,0.03555555555555556,,0.02,0.5941146626078132
lstm,1,1,0,0.075,fixed horizon 100,188,56,132,1.1152503205672233,0.0136986301369863,0.037037037037037035,0.9863013698630136,0.5116692034500253,0.35,0.975925925925926,0.65,0.024074074074074026,0.77,0.02,0.5646879756468798
lstm,1,1,0,0.075,fixed horizon 148,188,56,132,1.233886346772916,0.0,0.14814814814814814,1.0,0.5740740740740741,0.9577702702702703,0.9937437437437437,0.042229729729729715,0.006256256256256254,,0.04,0.5941146626078133
lstm,1,1,0,0.1,fixed horizon 50,188,56,132,1.2060349086256203,0.0,0.07407407407407407,1.0,0.537037037037037,0.69,0.9770370370370371,0.31000000000000005,0.022962962962962852,,0.02,0.5941146626078132
lstm,1,1,0,0.1,fixed horizon 100,188,56,132,1.1307213617101053,0.1232876712328767,0.18518518518518517,0.8767123287671232,0.5309487569761542,0.512,0.9096296296296297,0.488,0.09037037037037032,0.7155555555555556,0.14,0.5646879756468798
lstm,1,1,0,0.1,fixed horizon 148,188,56,132,1.2220704133956655,0.0410958904109589,0.14814814814814814,0.958904109589041,0.5535261288685946,0.956081081081081,0.9934934934934935,0.04391891891891897,0.006506506506506526,0.48648648648648657,0.07,0.5941146626078133
lstm,1,1,0,0.15,fixed horizon 50,188,56,132,0.9509097152045276,0.0273972602739726,0.14814814814814814,0.9726027397260274,0.5603754439370878,0.24500000000000002,0.8881481481481481,0.755,0.11185185185185187,0.49,0.06,0.5941146626078132
lstm,1,1,0,0.15,fixed horizon 100,188,56,132,1.5114855440229462,0.1232876712328767,0.2222222222222222,0.8767123287671232,0.5494672754946728,0.855,0.9677777777777778,0.14500000000000002,0.03222222222222215,0.7188888888888889,0.15,0.5646879756468798
lstm,1,1,0,0.15,fixed horizon 148,188,56,132,2.9371386043560483,0.0547945205479452,0.3333333333333333,0.9452054794520548,0.639269406392694,0.7267267267267267,0.9089089089089089,0.27327327327327333,0.09109109109109115,0.6706081081081081,0.13,0.5941146626078133
lstm,1,1,0,0.2,fixed horizon 50,188,56,132,0.8590849567759853,0.0684931506849315,0.18518518518518517,0.9315068493150684,0.5583460172501268,0.20800000000000002,0.8533333333333334,0.792,0.1466666666666666,0.392,0.1,0.5941146626078132
lstm,1,1,0,0.2,fixed horizon 100,188,56,132,1.3019417710042616,0.1917808219178082,0.3333333333333333,0.8082191780821918,0.5707762557077626,0.5588888888888889,0.852962962962963,0.4411111111111111,0.14703703703703697,0.6214285714285716,0.23,0.5646879756468798
lstm,1,1,0,0.2,fixed horizon 148,188,56,132,1.7616063221086502,0.1643835616438356,0.37037037037037035,0.8356164383561644,0.6029934043632674,0.5756756756756756,0.842842842842843,0.42432432432432443,0.15715715715715695,0.428490990990991,0.22,0.5941146626078133
lstm,1,1,0,0.3,fixed horizon 50,188,56,132,0.5490446554187385,0.2328767123287671,0.37037037037037035,0.7671232876712328,0.5687468290208015,0.19,0.7,0.81,0.30000000000000004,0.27647058823529413,0.27,0.5941146626078132
lstm,1,1,0,0.3,fixed horizon 100,188,56,132,0.8649763073702453,0.4657534246575342,0.4074074074074074,0.5342465753424658,0.47082699137493655,0.36272727272727273,0.7403703703703703,0.6372727272727272,0.25962962962962965,0.4882352941176471,0.45,0.5646879756468798
lstm,1,1,0,0.3,fixed horizon 148,188,56,132,1.263694595359781,0.3424657534246575,0.4444444444444444,0.6575342465753424,0.5509893455098934,0.34459459459459457,0.7087087087087087,0.6554054054054055,0.2912912912912913,0.4156756756756757,0.37,0.5941146626078133
lstm,1,1,1,0.01,fixed horizon 50,188,56,132,1.0989132967332766,0.0,0.0,1.0,0.5,,1.0,,0.0,,0.0,0.5941146626078132
lstm,1,1,1,0.01,fixed horizon 100,188,56,132,1.1104652870000027,0.0,0.0,1.0,0.5,,1.0,,0.0,,0.0,0.5646879756468798
lstm,1,1,1,0.01,fixed horizon 148,188,56,132,1.129727785313985,0.0,0.0,1.0,0.5,,1.0,,0.0,,0.0,0.5941146626078133
lstm,1,1,1,0.025,fixed horizon 50,188,56,132,0.9661158824200836,0.0,0.0,1.0,0.5,,1.0,,0.0,,0.0,0.5941146626078132
lstm,1,1,1,0.025,fixed horizon 100,188,56,132,1.0027429289964511,0.0,0.0,1.0,0.5,,1.0,,0.0,,0.0,0.5646879756468798
lstm,1,1,1,0.025,fixed horizon 148,188,56,132,1.046247058730147,0.0,0.0,1.0,0.5,,1.0,,0.0,,0.0,0.5941146626078133
lstm,1,1,1,0.05,fixed horizon 50,188,56,132,0.9257203064863663,0.0,0.037037037037037035,1.0,0.5185185185185185,0.68,0.9881481481481481,0.31999999999999995,0.011851851851851891,,0.01,0.5941146626078132
lstm,1,1,1,0.05,fixed horizon 100,188,56,132,0.9890514413497811,0.0273972602739726,0.037037037037037035,0.9726027397260274,0.5048198883815322,0.98,0.9992592592592593,0.020000000000000018,0.0007407407407407085,0.8,0.03,0.5646879756468798
lstm,1,1,1,0.05,fixed horizon 148,188,56,132,1.063144370137419,0.0,0.1111111111111111,1.0,0.5555555555555556,0.990990990990991,0.9989989989989988,0.009009009009009028,0.0010010010010012005,,0.03,0.5941146626078133
lstm,1,1,1,0.075,fixed horizon 50,188,56,132,1.071382129166558,0.0,0.07407407407407407,1.0,0.537037037037037,0.2,0.9407407407407407,0.8,0.059259259259259345,,0.02,0.5941146626078132
lstm,1,1,1,0.075,fixed horizon 100,188,56,132,1.1157385704264922,0.0410958904109589,0.07407407407407407,0.958904109589041,0.5164890918315576,0.13,0.9355555555555556,0.87,0.06444444444444442,0.7600000000000001,0.05,0.5646879756468798
lstm,1,1,1,0.075,fixed horizon 148,188,56,132,1.1179173975670296,0.0410958904109589,0.07407407407407407,0.958904109589041,0.5164890918315576,0.08783783783783784,0.9324324324324325,0.9121621621621622,0.06756756756756754,0.5135135135135135,0.05,0.5941146626078133
lstm,1,1,1,0.1,fixed horizon 50,188,56,132,1.0509837704003455,0.0,0.07407407407407407,1.0,0.537037037037037,0.18,0.9392592592592592,0.8200000000000001,0.06074074074074076,,0.02,0.5941146626078132
lstm,1,1,1,0.1,fixed horizon 100,188,56,132,1.1249812712191525,0.0273972602739726,0.1111111111111111,0.9726027397260274,0.5418569254185692,0.37333333333333335,0.9303703703703704,0.6266666666666667,0.0696296296296296,0.8049999999999999,0.05,0.5646879756468798
lstm,1,1,1,0.1,fixed horizon 148,188,56,132,1.0937089531558755,0.0684931506849315,0.07407407407407407,0.9315068493150684,0.5027904616945713,0.06756756756756757,0.930930930930931,0.9324324324324325,0.06906906906906896,0.5121621621621623,0.07,0.5941146626078133
lstm,1,1,1,0.15,fixed horizon 50,188,56,132,0.9317733714434377,0.0273972602739726,0.1111111111111111,0.9726027397260274,0.5418569254185692,0.06666666666666667,0.8962962962962963,0.9333333333333333,0.10370370370370374,0.48,0.05,0.5941146626078132
lstm,1,1,1,0.15,fixed horizon 100,188,56,132,0.9804904503487432,0.136986301369863,0.2222222222222222,0.863013698630137,0.5426179604261796,0.3983333333333334,0.8662962962962962,0.6016666666666666,0.13370370370370377,0.6359999999999999,0.16,0.5646879756468798
lstm,1,1,1,0.15,fixed horizon 148,188,56,132,1.0784011574025598,0.0958904109589041,0.25925925925925924,0.9041095890410958,0.5816844241501775,0.524131274131274,0.8766266266266265,0.475868725868726,0.12337337337337351,0.5106177606177607,0.14,0.5941146626078133
lstm,1,1,1,0.2,fixed horizon 50,188,56,132,0.8869478943795466,0.0547945205479452,0.18518518518518517,0.9452054794520548,0.56519533231862,0.20400000000000001,0.8525925925925926,0.796,0.14740740740740743,0.325,0.09,0.5941146626078132
lstm,1,1,1,0.2,fixed horizon 100,188,56,132,0.8869867214355186,0.2054794520547945,0.3333333333333333,0.7945205479452054,0.5639269406392694,0.42999999999999994,0.8099999999999999,0.5700000000000001,0.19000000000000006,0.5553333333333332,0.24,0.5646879756468798
lstm,1,1,1,0.2,fixed horizon 148,188,56,132,0.9520432015952923,0.1917808219178082,0.37037037037037035,0.8082191780821918,0.5892947742262811,0.45,0.7962962962962963,0.55,0.20370370370370372,0.42905405405405406,0.24,0.5941146626078133
lstm,1,1,1,0.3,fixed horizon 50,188,56,132,0.6607551893609287,0.2328767123287671,0.2962962962962963,0.7671232876712328,0.5317097919837646,0.21999999999999997,0.768888888888889,0.78,0.23111111111111104,0.33176470588235296,0.25,0.5941146626078132
lstm,1,1,1,0.3,fixed horizon 100,188,56,132,0.7916133398688853,0.5068493150684932,0.48148148148148145,0.4931506849315068,0.4873160832064941,0.3169230769230769,0.6711111111111111,0.6830769230769231,0.3288888888888889,0.45729729729729734,0.5,0.5646879756468798
lstm,1,1,1,0.3,fixed horizon 148,188,56,132,1.0779112975807748,0.3972602739726027,0.4444444444444444,0.6027397260273972,0.5235920852359208,0.3102477477477477,0.6934434434434434,0.6897522522522523,0.30655655655655656,0.3837371854613234,0.41,0.5941146626078133
lstm,1,1,2,0.01,fixed horizon 50,188,56,132,1.1818673280254093,0.0,0.0,1.0,0.5,,1.0,,0.0,,0.0,0.5941146626078132
lstm,1,1,2,0.01,fixed horizon 100,188,56,132,1.1818673280254093,0.0,0.0,1.0,0.5,,1.0,,0.0,,0.0,0.5646879756468798
lstm,1,1,2,0.01,fixed horizon 148,188,56,132,1.3053177504531206,0.0,0.0,1.0,0.5,,1.0,,0.0,,0.0,0.5941146626078133
lstm,1,1,2,0.025,fixed horizon 50,188,56,132,1.1038745151665894,0.0,0.0,1.0,0.5,,1.0,,0.0,,0.0,0.5941146626078132
lstm,1,1,2,0.025,fixed horizon 100,188,56,132,1.1175654719419874,0.0,0.0,1.0,0.5,,1.0,,0.0,,0.0,0.5646879756468798
lstm,1,1,2,0.025,fixed horizon 148,188,56,132,1.2701820704291957,0.0,0.037037037037037035,1.0,0.5185185185185185,0.9932432432432432,0.9997497497497497,0.006756756756756799,0.00025025025025027237,,0.01,0.5941146626078133
lstm,1,1,2,0.05,fixed horizon 50,188,56,132,1.1154780979292567,0.0,0.0,1.0,0.5,,1.0,,0.0,,0.0,0.5941146626078132
lstm,1,1,2,0.05,fixed horizon 100,188,56,132,1.2199637185581984,0.0136986301369863,0.037037037037037035,0.9863013698630136,0.5116692034500253,0.98,0.9992592592592593,0.020000000000000018,0.0007407407407407085,0.99,0.02,0.5646879756468798
lstm,1,1,2,0.05,fixed horizon 148,188,56,132,1.2786899618996634,0.0136986301369863,0.0,0.9863013698630136,0.4931506849315068,,1.0,,0.0,0.6824324324324325,0.01,0.5941146626078133
lstm,1,1,2,0.075,fixed horizon 50,188,56,132,1.4840886995040345,0.0,0.037037037037037035,1.0,0.5185185185185185,0.78,0.9918518518518519,0.21999999999999997,0.008148148148148127,,0.01,0.5941146626078132
lstm,1,1,2,0.075,fixed horizon 100,188,56,132,1.489703397415476,0.0,0.037037037037037035,1.0,0.5185185185185185,0.39,0.9774074074074074,0.61,0.02259259259259261,,0.01,0.5646879756468798
lstm,1,1,2,0.075,fixed horizon 148,188,56,132,2.016758452460893,0.0,0.1111111111111111,1.0,0.5555555555555556,0.8671171171171171,0.9852352352352353,0.13288288288288286,0.014764764764764737,,0.03,0.5941146626078133
lstm,1,1,2,0.1,fixed horizon 50,188,56,132,1.417805186998462,0.0,0.1111111111111111,1.0,0.5555555555555556,0.7933333333333333,0.9770370370370371,0.20666666666666667,0.022962962962962852,,0.03,0.5941146626078132
lstm,1,1,2,0.1,fixed horizon 100,188,56,132,3.5436315470762754,0.0547945205479452,0.1111111111111111,0.9452054794520548,0.528158295281583,0.9866666666666667,0.9985185185185186,0.013333333333333308,0.001481481481481417,0.9850000000000001,0.07,0.5646879756468798
lstm,1,1,2,0.1,fixed horizon 148,188,56,132,3.91340514078291,0.0547945205479452,0.1111111111111111,0.9452054794520548,0.528158295281583,0.6734234234234234,0.9637137137137137,0.32657657657657657,0.03628628628628627,0.6706081081081081,0.07,0.5941146626078133
lstm,1,1,2,0.15,fixed horizon 50,188,56,132,1.8998865392787458,0.0136986301369863,0.1111111111111111,0.9863013698630136,0.5487062404870624,0.4266666666666667,0.9362962962962963,0.5733333333333333,0.0637037037037037,0.9,0.04,0.5941146626078132
lstm,1,1,2,0.15,fixed horizon 100,188,56,132,3.5650769655695784,0.0684931506849315,0.18518518518518517,0.9315068493150684,0.5583460172501268,0.9720000000000001,0.9948148148148148,0.027999999999999914,0.005185185185185182,0.9339999999999999,0.1,0.5646879756468798
lstm,1,1,2,0.15,fixed horizon 148,188,56,132,3.8821813077309937,0.0684931506849315,0.2222222222222222,0.9315068493150684,0.5768645357686453,0.670045045045045,0.9266766766766769,0.32995495495495497,0.07332332332332314,0.6675675675675675,0.11,0.5941146626078133
lstm,1,1,2,0.2,fixed horizon 50,188,56,132,2.116378447534893,0.0273972602739726,0.18518518518518517,0.9726027397260274,0.5788939624556063,0.392,0.8874074074074074,0.608,0.11259259259259258,0.76,0.07,0.5941146626078132
lstm,1,1,2,0.2,fixed horizon 100,188,56,132,2.9618396557175477,0.1506849315068493,0.2962962962962963,0.8493150684931506,0.5728056823947234,0.67375,0.9033333333333332,0.32625000000000004,0.09666666666666679,0.6463636363636365,0.19,0.5646879756468798
lstm,1,1,2,0.2,fixed horizon 148,188,56,132,3.0498568838046456,0.1506849315068493,0.3333333333333333,0.8493150684931506,0.591324200913242,0.49849849849849853,0.8328328328328328,0.5015015015015014,0.16716716716716717,0.43611793611793614,0.2,0.5941146626078133
lstm,1,1,2,0.3,fixed horizon 50,188,56,132,1.31792855953513,0.1917808219178082,0.2222222222222222,0.8082191780821918,0.515220700152207,0.14333333333333334,0.8096296296296296,0.8566666666666667,0.1903703703703704,0.4185714285714286,0.2,0.5941146626078132
lstm,1,1,2,0.3,fixed horizon 100,188,56,132,2.171802520898317,0.273972602739726,0.4074074074074074,0.726027397260274,0.5667174023338407,0.46545454545454545,0.7822222222222223,0.5345454545454545,0.21777777777777774,0.6050000000000001,0.31,0.5646879756468798
lstm,1,1,2,0.3,fixed horizon 148,188,56,132,2.523200573919113,0.2328767123287671,0.4074074074074074,0.7671232876712328,0.5872653475393201,0.406019656019656,0.758008008008008,0.5939803439803439,0.24199199199199195,0.4650238473767885,0.28,0.5941146626078133
lstm,1,1,3,0.01,fixed horizon 50,188,56,132,1.155423160650658,0.0,0.0,1.0,0.5,,1.0,,0.0,,0.0,0.5941146626078132
lstm,1,1,3,0.01,fixed horizon 100,188,56,132,1.155423160650658,0.0,0.0,1.0,0.5,,1.0,,0.0,,0.0,0.5646879756468798
lstm,1,1,3,0.01,fixed horizon 148,188,56,132,1.155423160650658,0.0,0.0,1.0,0.5,,1.0,,0.0,,0.0,0.5941146626078133
lstm,1,1,3,0.025,fixed horizon 50,188,56,132,0.9387475854343926,0.0,0.07407407407407407,1.0,0.537037037037037,0.4,0.9555555555555556,0.6,0.0444444444444444,,0.02,0.5941146626078132
lstm,1,1,3,0.025,fixed horizon 100,188,56,132,1.0337837242895527,0.0,0.0,1.0,0.5,,1.0,,0.0,,0.0,0.5646879756468798
lstm,1,1,3,0.025,fixed horizon 148,188,56,132,1.0337837242895527,0.0,0.0,1.0,0.5,,1.0,,0.0,,0.0,0.5941146626078133
lstm,1,1,3,0.05,fixed horizon 50,188,56,132,0.9502837773552585,0.0,0.07407407407407407,1.0,0.537037037037037,0.41000000000000003,0.9562962962962963,0.59,0.04370370370370369,,0.02,0.5941146626078132
lstm,1,1,3,0.05,fixed horizon 100,188,56,132,1.0236792194470035,0.0410958904109589,0.037037037037037035,0.958904109589041,0.49797057331303907,0.93,0.9974074074074074,0.06999999999999995,0.002592592592592591,0.8033333333333333,0.04,0.5646879756468798
lstm,1,1,3,0.05,fixed horizon 148,188,56,132,1.0236792194470035,0.0410958904109589,0.037037037037037035,0.958904109589041,0.49797057331303907,0.6283783783783784,0.9862362362362362,0.3716216216216216,0.013763763763763759,0.5427927927927928,0.04,0.5941146626078133
lstm,1,1,3,0.075,fixed horizon 50,188,56,132,0.9330181801432055,0.0,0.07407407407407407,1.0,0.537037037037037,0.34,0.9511111111111111,0.6599999999999999,0.04888888888888887,,0.02,0.5941146626078132
lstm,1,1,3,0.075,fixed horizon 100,188,56,132,1.0004412262335256,0.0684931506849315,0.1111111111111111,0.9315068493150684,0.5213089802130898,0.5766666666666667,0.952962962962963,0.42333333333333334,0.04703703703703699,0.728,0.08,0.5646879756468798
lstm,1,1,3,0.075,fixed horizon 148,188,56,132,1.0557178740240056,0.0273972602739726,0.14814814814814814,0.9726027397260274,0.5603754439370878,0.8513513513513513,0.977977977977978,0.14864864864864868,0.02202202202202197,0.5844594594594594,0.06,0.5941146626078133
lstm,1,1,3,0.1,fixed horizon 50,188,56,132,0.8950996913922178,0.0,0.1111111111111111,1.0,0.5555555555555556,0.3266666666666667,0.9251851851851852,0.6733333333333333,0.07481481481481478,,0.03,0.5941146626078132
lstm,1,1,3,0.1,fixed horizon 100,188,56,132,0.9599123317625021,0.0958904109589041,0.14814814814814814,0.9041095890410958,0.5261288685946219,0.4375,0.9166666666666666,0.5625,0.08333333333333337,0.6785714285714287,0.11,0.5646879756468798
lstm,1,1,3,0.1,fixed horizon 148,188,56,132,1.0280332786553896,0.1095890410958904,0.18518518518518517,0.8904109589041096,0.5377980720446474,0.7391891891891892,0.9517017017017017,0.2608108108108108,0.04829829829829835,0.5261824324324325,0.13,0.5941146626078133
lstm,1,1,3,0.15,fixed horizon 50,188,56,132,0.9062962420664563,0.0273972602739726,0.1111111111111111,0.9726027397260274,0.5418569254185692,0.24,0.9155555555555556,0.76,0.08444444444444443,0.86,0.05,0.5941146626078132
lstm,1,1,3,0.15,fixed horizon 100,188,56,132,1.1302050826063816,0.1780821917808219,0.2222222222222222,0.821917808219178,0.5220700152207001,0.5516666666666666,0.9003703703703704,0.44833333333333336,0.09962962962962962,0.6207692307692307,0.19,0.5646879756468798
lstm,1,1,3,0.15,fixed horizon 148,188,56,132,1.0392959048101813,0.136986301369863,0.37037037037037035,0.863013698630137,0.6166920345002537,0.5587837837837838,0.8365865865865866,0.4412162162162162,0.16341341341341342,0.4648648648648649,0.2,0.5941146626078133
lstm,1,1,3,0.2,fixed horizon 50,188,56,132,0.9145532379820429,0.0821917808219178,0.18518518518518517,0.9178082191780822,0.5514967021816337,0.292,0.8688888888888889,0.708,0.13111111111111107,0.4533333333333333,0.11,0.5941146626078132
lstm,1,1,3,0.2,fixed horizon 100,188,56,132,1.0590423332031755,0.1780821917808219,0.37037037037037035,0.821917808219178,0.5961440892947742,0.49499999999999994,0.8129629629629629,0.5050000000000001,0.1870370370370371,0.5938461538461538,0.23,0.5646879756468798
lstm,1,1,3,0.2,fixed horizon 148,188,56,132,1.094355456506198,0.2054794520547945,0.37037037037037035,0.7945205479452054,0.5824454591577879,0.48445945945945945,0.809059059059059,0.5155405405405405,0.19094094094094105,0.4792792792792793,0.25,0.5941146626078133
lstm,1,1,3,0.3,fixed horizon 50,188,56,132,0.5038080930216116,0.2328767123287671,0.3333333333333333,0.7671232876712328,0.550228310502283,0.20222222222222222,0.7340740740740741,0.7977777777777778,0.2659259259259259,0.27294117647058824,0.26,0.5941146626078132
lstm,1,1,3,0.3,fixed horizon 100,188,56,132,1.0194387104299474,0.410958904109589,0.4074074074074074,0.589041095890411,0.49822425164890916,0.38818181818181813,0.7507407407407406,0.6118181818181818,0.2492592592592594,0.5333333333333333,0.41,0.5646879756468798
lstm,1,1,3,0.3,fixed horizon 148,188,56,132,1.15009302186409,0.3424657534246575,0.4444444444444444,0.6575342465753424,0.5509893455098934,0.31193693693693697,0.6941941941941941,0.6880630630630631,0.30580580580580585,0.3724324324324324,0.37,0.5941146626078133
lstm,1,1,4,0.01,fixed horizon 50,188,56,132,1.2605141615571687,0.0,0.0,1.0,0.5,,1.0,,0.0,,0.0,0.5941146626078132
lstm,1,1,4,0.01,fixed horizon 100,188,56,132,1.2605141615571687,0.0,0.0,1.0,0.5,,1.0,,0.0,,0.0,0.5646879756468798
lstm,1,1,4,0.01,fixed horizon 148,188,56,132,1.2605141615571687,0.0,0.0,1.0,0.5,,1.0,,0.0,,0.0,0.5941146626078133
lstm,1,1,4,0.025,fixed horizon 50,188,56,132,1.201812649925556,0.0,0.0,1.0,0.5,,1.0,,0.0,,0.0,0.5941146626078132
lstm,1,1,4,0.025,fixed horizon 100,188,56,132,1.201812649925556,0.0,0.0,1.0,0.5,,1.0,,0.0,,0.0,0.5646879756468798
lstm,1,1,4,0.025,fixed horizon 148,188,56,132,1.201812649925556,0.0,0.0,1.0,0.5,,1.0,,0.0,,0.0,0.5941146626078133
lstm,1,1,4,0.05,fixed horizon 50,188,56,132,1.3766700561887433,0.0,0.037037037037037035,1.0,0.5185185185185185,0.54,0.9829629629629629,0.45999999999999996,0.017037037037037073,,0.01,0.5941146626078132
lstm,1,1,4,0.05,fixed horizon 100,188,56,132,1.1901519650900918,0.0,0.0,1.0,0.5,,1.0,,0.0,,0.0,0.5646879756468798
lstm,1,1,4,0.05,fixed horizon 148,188,56,132,1.1901519650900918,0.0,0.0,1.0,0.5,,1.0,,0.0,,0.0,0.5941146626078133
lstm,1,1,4,0.075,fixed horizon 50,188,56,132,1.442623877507942,0.0,0.07407407407407407,1.0,0.537037037037037,0.35,0.9518518518518518,0.65,0.04814814814814816,,0.02,0.5941146626078132
lstm,1,1,4,0.075,fixed horizon 100,188,56,132,2.0384415766409005,0.0547945205479452,0.037037037037037035,0.9452054794520548,0.4911212582445459,0.92,0.997037037037037,0.07999999999999996,0.002962962962962945,0.9275000000000001,0.05,0.5646879756468798
lstm,1,1,4,0.075,fixed horizon 148,188,56,132,1.207457905678632,0.0,0.037037037037037035,1.0,0.5185185185185185,0.8175675675675675,0.9932432432432433,0.18243243243243246,0.006756756756756688,,0.01,0.5941146626078133
lstm,1,1,4,0.1,fixed horizon 50,188,56,132,1.7754921322806094,0.0,0.07407407407407407,1.0,0.537037037037037,0.54,0.9659259259259259,0.45999999999999996,0.034074074074074145,,0.02,0.5941146626078132
lstm,1,1,4,0.1,fixed horizon 100,188,56,132,2.015941599792982,0.0547945205479452,0.037037037037037035,0.9452054794520548,0.4911212582445459,0.91,0.9966666666666667,0.08999999999999997,0.0033333333333332993,0.9275000000000001,0.05,0.5646879756468798
lstm,1,1,4,0.1,fixed horizon 148,188,56,132,3.632625748343052,0.0547945205479452,0.1111111111111111,0.9452054794520548,0.528158295281583,0.6891891891891891,0.9654654654654655,0.31081081081081086,0.03453453453453448,0.6891891891891891,0.07,0.5941146626078133
lstm,1,1,4,0.15,fixed horizon 50,188,56,132,2.1972147141016265,0.0,0.1111111111111111,1.0,0.5555555555555556,0.5933333333333333,0.9548148148148149,0.40666666666666673,0.045185185185185106,,0.03,0.5941146626078132
lstm,1,1,4,0.15,fixed horizon 100,188,56,132,2.2630859718151988,0.0958904109589041,0.18518518518518517,0.9041095890410958,0.5446473871131405,0.458,0.8996296296296296,0.542,0.10037037037037044,0.7428571428571429,0.12,0.5646879756468798
lstm,1,1,4,0.15,fixed horizon 148,188,56,132,3.3228497690560914,0.0547945205479452,0.2222222222222222,0.9452054794520548,0.5837138508371384,0.6891891891891891,0.930930930930931,0.31081081081081086,0.06906906906906896,0.6891891891891891,0.1,0.5941146626078133
lstm,1,1,4,0.2,fixed horizon 50,188,56,132,2.0991466152116494,0.0410958904109589,0.18518518518518517,0.958904109589041,0.5720446473871131,0.4039999999999999,0.8896296296296297,0.5960000000000001,0.11037037037037034,0.6866666666666666,0.08,0.5941146626078132
lstm,1,1,4,0.2,fixed horizon 100,188,56,132,2.1467965041273245,0.1232876712328767,0.25925925925925924,0.8767123287671232,0.5679857940131913,0.3485714285714286,0.831111111111111,0.6514285714285715,0.16888888888888898,0.6722222222222223,0.16,0.5646879756468798
lstm,1,1,4,0.2,fixed horizon 148,188,56,132,2.781517196648454,0.0684931506849315,0.2962962962962963,0.9315068493150684,0.6139015728056824,0.6570945945945945,0.8983983983983983,0.3429054054054055,0.1016016016016017,0.6837837837837838,0.13,0.5941146626078133
lstm,1,1,4,0.3,fixed horizon 50,188,56,132,0.9430837396555353,0.2465753424657534,0.2962962962962963,0.7534246575342466,0.5248604769152714,0.24,0.7748148148148148,0.76,0.22518518518518515,0.35888888888888887,0.26,0.5941146626078132
lstm,1,1,4,0.3,fixed horizon 100,188,56,132,1.616009615131952,0.3835616438356164,0.4074074074074074,0.6164383561643836,0.5119228817858955,0.4,0.7555555555555555,0.6,0.24444444444444446,0.54,0.39,0.5646879756468798
lstm,1,1,4,0.3,fixed horizon 148,188,56,132,1.764753151083648,0.2602739726027397,0.4444444444444444,0.7397260273972602,0.5920852359208524,0.38063063063063063,0.7247247247247246,0.6193693693693694,0.2752752752752754,0.405049786628734,0.31,0.5941146626078133
lstm,1,1,5,0.01,fixed horizon 50,188,56,132,0.9937485353010618,0.0,0.0,1.0,0.5,,1.0,,0.0,,0.0,0.5941146626078132
lstm,1,1,5,0.01,fixed horizon 100,188,56,132,1.008840528008727,0.0,0.0,1.0,0.5,,1.0,,0.0,,0.0,0.5646879756468798
lstm,1,1,5,0.01,fixed horizon 148,188,56,132,1.0088514798666466,0.0,0.0,1.0,0.5,,1.0,,0.0,,0.0,0.5941146626078133
lstm,1,1,5,0.025,fixed horizon 50,188,56,132,0.939846689441379,0.0,0.037037037037037035,1.0,0.5185185185185185,0.7,0.9888888888888888,0.30000000000000004,0.011111111111111183,,0.01,0.5941146626078132
lstm,1,1,5,0.025,fixed horizon 100,188,56,132,0.9879037213342197,0.0273972602739726,0.0,0.9726027397260274,0.4863013698630137,,1.0,,0.0,0.8,0.02,0.5646879756468798
lstm,1,1,5,0.025,fixed horizon 148,188,56,132,0.9879037213342197,0.0273972602739726,0.0,0.9726027397260274,0.4863013698630137,,1.0,,0.0,0.5405405405405406,0.02,0.5941146626078133
lstm,1,1,5,0.05,fixed horizon 50,188,56,132,0.9874004493744675,0.0,0.07407407407407407,1.0,0.537037037037037,0.24,0.9437037037037037,0.76,0.05629629629629629,,0.02,0.5941146626078132
lstm,1,1,5,0.05,fixed horizon 100,188,56,132,0.9515816108418059,0.0684931506849315,0.037037037037037035,0.9315068493150684,0.4842719431760527,0.8,0.9925925925925926,0.19999999999999996,0.007407407407407418,0.766,0.06,0.5646879756468798
lstm,1,1,5,0.05,fixed horizon 148,188,56,132,0.9802271500448227,0.0410958904109589,0.037037037037037035,0.958904109589041,0.49797057331303907,0.5878378378378378,0.9847347347347347,0.41216216216216217,0.015265265265265282,0.5427927927927928,0.04,0.5941146626078133
lstm,1,1,5,0.075,fixed horizon 50,188,56,132,0.9654372903014411,0.0,0.1111111111111111,1.0,0.5555555555555556,0.16666666666666666,0.9074074074074074,0.8333333333333334,0.09259259259259256,,0.03,0.5941146626078132
lstm,1,1,5,0.075,fixed horizon 100,188,56,132,1.0026566477011332,0.0684931506849315,0.1111111111111111,0.9315068493150684,0.5213089802130898,0.5766666666666667,0.952962962962963,0.42333333333333334,0.04703703703703699,0.728,0.08,0.5646879756468798
lstm,1,1,5,0.075,fixed horizon 148,188,56,132,1.0693659834743867,0.0136986301369863,0.25925925925925924,0.9863013698630136,0.6227803145611365,0.9353281853281855,0.9832332332332333,0.06467181467181449,0.016766766766766694,0.9932432432432432,0.08,0.5941146626078133
lstm,1,1,5,0.1,fixed horizon 50,188,56,132,0.9711198109922113,0.0,0.1111111111111111,1.0,0.5555555555555556,0.16666666666666666,0.9074074074074074,0.8333333333333334,0.09259259259259256,,0.03,0.5941146626078132
lstm,1,1,5,0.1,fixed horizon 100,188,56,132,0.9933432728820858,0.0684931506849315,0.14814814814814814,0.9315068493150684,0.5398274987316083,0.4275,0.9151851851851852,0.5725,0.08481481481481479,0.71,0.09,0.5646879756468798
lstm,1,1,5,0.1,fixed horizon 148,188,56,132,1.053283114981015,0.0273972602739726,0.25925925925925924,0.9726027397260274,0.6159309994926433,0.9314671814671815,0.9822322322322321,0.06853281853281845,0.017767767767767895,0.8547297297297297,0.09,0.5941146626078133
lstm,1,1,5,0.15,fixed horizon 50,188,56,132,1.3243878519886592,0.0,0.18518518518518517,1.0,0.5925925925925926,0.532,0.9133333333333332,0.46799999999999997,0.08666666666666678,,0.05,0.5941146626078132
lstm,1,1,5,0.15,fixed horizon 100,188,56,132,1.1081970645782422,0.1095890410958904,0.18518518518518517,0.8904109589041096,0.5377980720446474,0.32999999999999996,0.8759259259259259,0.67,0.12407407407407411,0.7562499999999999,0.13,0.5646879756468798
lstm,1,1,5,0.15,fixed horizon 148,188,56,132,1.2276508853980794,0.0136986301369863,0.25925925925925924,0.9863013698630136,0.6227803145611365,0.7403474903474904,0.9326826826826826,0.25965250965250963,0.06731731731731738,0.6824324324324325,0.08,0.5941146626078133
lstm,1,1,5,0.2,fixed horizon 50,188,56,132,1.120485628549445,0.0684931506849315,0.18518518518518517,0.9315068493150684,0.5583460172501268,0.312,0.8725925925925926,0.688,0.1274074074074074,0.44800000000000006,0.1,0.5941146626078132
lstm,1,1,5,0.2,fixed horizon 100,188,56,132,1.397979966345738,0.1643835616438356,0.2962962962962963,0.8356164383561644,0.5659563673262303,0.56,0.8696296296296296,0.43999999999999995,0.13037037037037036,0.6741666666666668,0.2,0.5646879756468798
lstm,1,1,5,0.2,fixed horizon 148,188,56,132,1.6378744875118176,0.1643835616438356,0.37037037037037035,0.8356164383561644,0.6029934043632674,0.47702702702702704,0.8063063063063063,0.522972972972973,0.1936936936936937,0.472972972972973,0.22,0.5941146626078133
lstm,1,1,5,0.3,fixed horizon 50,188,56,132,0.7861446810244755,0.2328767123287671,0.3333333333333333,0.7671232876712328,0.550228310502283,0.21333333333333332,0.7377777777777779,0.7866666666666666,0.26222222222222213,0.291764705882353,0.26,0.5941146626078132
lstm,1,1,5,0.3,fixed horizon 100,188,56,132,1.286067670789326,0.3698630136986301,0.4074074074074074,0.6301369863013698,0.5187721968543886,0.3890909090909091,0.7511111111111112,0.6109090909090908,0.24888888888888883,0.5111111111111111,0.38,0.5646879756468798
lstm,1,1,5,0.3,fixed horizon 148,188,56,132,1.4266327404247259,0.3561643835616438,0.4444444444444444,0.6438356164383562,0.5441400304414004,0.3147522522522523,0.6954454454454454,0.6852477477477477,0.3045545545545546,0.3895530145530145,0.38,0.5941146626078133
lstm,1,1,6,0.01,fixed horizon 50,188,56,132,0.9402150662776559,0.0,0.037037037037037035,1.0,0.5185185185185185,0.7,0.9888888888888888,0.30000000000000004,0.011111111111111183,,0.01,0.5941146626078132
lstm,1,1,6,0.01,fixed horizon 100,188,56,132,1.0293945352887077,0.0,0.0,1.0,0.5,,1.0,,0.0,,0.0,0.5646879756468798
lstm,1,1,6,0.01,fixed horizon 148,188,56,132,1.056790020704162,0.0,0.0,1.0,0.5,,1.0,,0.0,,0.0,0.5941146626078133
lstm,1,1,6,0.025,fixed horizon 50,188,56,132,0.9299527987825752,0.0,0.037037037037037035,1.0,0.5185185185185185,0.68,0.9881481481481481,0.31999999999999995,0.011851851851851891,,0.01,0.5941146626078132
lstm,1,1,6,0.025,fixed horizon 100,188,56,132,1.0057883708445439,0.0273972602739726,0.0,0.9726027397260274,0.4863013698630137,,1.0,,0.0,0.845,0.02,0.5646879756468798
lstm,1,1,6,0.025,fixed horizon 148,188,56,132,1.028600830202319,0.0136986301369863,0.0,0.9863013698630136,0.4931506849315068,,1.0,,0.0,0.777027027027027,0.01,0.5941146626078133
lstm,1,1,6,0.05,fixed horizon 50,188,56,132,1.0077289958987545,0.0,0.037037037037037035,1.0,0.5185185185185185,0.62,0.985925925925926,0.38,0.014074074074074017,,0.01,0.5941146626078132
lstm,1,1,6,0.05,fixed horizon 100,188,56,132,1.0228574947985558,0.0410958904109589,0.07407407407407407,0.958904109589041,0.5164890918315576,0.485,0.9618518518518518,0.515,0.03814814814814815,0.7166666666666667,0.05,0.5646879756468798
lstm,1,1,6,0.05,fixed horizon 148,188,56,132,1.1928309768774608,0.0,0.14814814814814814,1.0,0.5740740740740741,0.9054054054054054,0.9859859859859861,0.09459459459459463,0.01401401401401392,,0.04,0.5941146626078133
lstm,1,1,6,0.075,fixed horizon 50,188,56,132,1.1078134550564016,0.0,0.07407407407407407,1.0,0.537037037037037,0.2,0.9407407407407407,0.8,0.059259259259259345,,0.02,0.5941146626078132
lstm,1,1,6,0.075,fixed horizon 100,188,56,132,1.072748118019271,0.0273972602739726,0.07407407407407407,0.9726027397260274,0.5233384069000507,0.48,0.9614814814814815,0.52,0.03851851851851851,0.635,0.04,0.5646879756468798
lstm,1,1,6,0.075,fixed horizon 148,188,56,132,1.1843988838764383,0.0,0.14814814814814814,1.0,0.5740740740740741,0.8935810810810811,0.9842342342342343,0.10641891891891886,0.015765765765765716,,0.04,0.5941146626078133
lstm,1,1,6,0.1,fixed horizon 50,188,56,132,1.1670119544045552,0.0,0.07407407407407407,1.0,0.537037037037037,0.26,0.9451851851851851,0.74,0.05481481481481487,,0.02,0.5941146626078132
lstm,1,1,6,0.1,fixed horizon 100,188,56,132,0.955704433263068,0.136986301369863,0.18518518518518517,0.863013698630137,0.5240994419076611,0.4999999999999999,0.9074074074074074,0.5000000000000001,0.09259259259259256,0.651,0.15,0.5646879756468798
lstm,1,1,6,0.1,fixed horizon 148,188,56,132,1.1501970494025096,0.0136986301369863,0.18518518518518517,0.9863013698630136,0.5857432775240994,0.8810810810810811,0.9779779779779779,0.11891891891891893,0.02202202202202208,0.7364864864864865,0.06,0.5941146626078133
lstm,1,1,6,0.15,fixed horizon 50,188,56,132,1.1771129498623538,0.0,0.1111111111111111,1.0,0.5555555555555556,0.22,0.9133333333333333,0.78,0.08666666666666667,,0.03,0.5941146626078132
lstm,1,1,6,0.15,fixed horizon 100,188,56,132,1.1209134383948411,0.1506849315068493,0.18518518518518517,0.8493150684931506,0.5172501268391679,0.38199999999999995,0.8855555555555555,0.6180000000000001,0.11444444444444446,0.6499999999999999,0.16,0.5646879756468798
lstm,1,1,6,0.15,fixed horizon 148,188,56,132,1.1615428542131756,0.0821917808219178,0.2962962962962963,0.9178082191780822,0.6070522577371893,0.5810810810810811,0.8758758758758758,0.41891891891891886,0.12412412412412421,0.47747747747747743,0.14,0.5941146626078133
lstm,1,1,6,0.2,fixed horizon 50,188,56,132,1.2689164934970314,0.0684931506849315,0.18518518518518517,0.9315068493150684,0.5583460172501268,0.27999999999999997,0.8666666666666666,0.72,0.13333333333333341,0.42400000000000004,0.1,0.5941146626078132
lstm,1,1,6,0.2,fixed horizon 100,188,56,132,1.2393750512822677,0.1780821917808219,0.2962962962962963,0.821917808219178,0.5591070522577372,0.53125,0.8611111111111112,0.46875,0.13888888888888884,0.6361538461538461,0.21,0.5646879756468798
lstm,1,1,6,0.2,fixed horizon 148,188,56,132,1.3213673647788358,0.1780821917808219,0.37037037037037035,0.821917808219178,0.5961440892947742,0.4898648648648649,0.8110610610610611,0.5101351351351351,0.18893893893893887,0.4391891891891892,0.23,0.5941146626078133
lstm,1,1,6,0.3,fixed horizon 50,188,56,132,0.7323223494140321,0.2328767123287671,0.3333333333333333,0.7671232876712328,0.550228310502283,0.2111111111111111,0.7370370370370369,0.7888888888888889,0.26296296296296306,0.2882352941176471,0.26,0.5941146626078132
lstm,1,1,6,0.3,fixed horizon 100,188,56,132,1.1691849672286807,0.3972602739726027,0.4074074074074074,0.6027397260273972,0.5050735667174023,0.3845454545454545,0.7492592592592593,0.6154545454545455,0.2507407407407407,0.5141379310344828,0.4,0.5646879756468798
lstm,1,1,6,0.3,fixed horizon 148,188,56,132,1.413309038219029,0.3287671232876712,0.4444444444444444,0.6712328767123288,0.5578386605783866,0.32207207207207206,0.6986986986986986,0.677927927927928,0.3013013013013014,0.3902027027027028,0.36,0.5941146626078133
lstm,1,1,7,0.01,fixed horizon 50,188,56,132,1.21904292364064,0.0,0.0,1.0,0.5,,1.0,,0.0,,0.0,0.5941146626078132
lstm,1,1,7,0.01,fixed horizon 100,188,56,132,1.21904292364064,0.0,0.0,1.0,0.5,,1.0,,0.0,,0.0,0.5646879756468798
lstm,1,1,7,0.01,fixed horizon 148,188,56,132,1.21904292364064,0.0,0.0,1.0,0.5,,1.0,,0.0,,0.0,0.5941146626078133
lstm,1,1,7,0.025,fixed horizon 50,188,56,132,1.0888657694255697,0.0,0.0,1.0,0.5,,1.0,,0.0,,0.0,0.5941146626078132
lstm,1,1,7,0.025,fixed horizon 100,188,56,132,1.100472648490606,0.0,0.0,1.0,0.5,,1.0,,0.0,,0.0,0.5646879756468798
lstm,1,1,7,0.025,fixed horizon 148,188,56,132,1.100472648490606,0.0,0.0,1.0,0.5,,1.0,,0.0,,0.0,0.5941146626078133
lstm,1,1,7,0.05,fixed horizon 50,188,56,132,0.9846594400905714,0.0,0.1111111111111111,1.0,0.5555555555555556,0.14,0.9044444444444444,0.86,0.09555555555555562,,0.03,0.5941146626078132
lstm,1,1,7,0.05,fixed horizon 100,188,56,132,1.0319396798847575,0.0273972602739726,0.037037037037037035,0.9726027397260274,0.5048198883815322,0.25,0.9722222222222222,0.75,0.02777777777777779,0.73,0.03,0.5646879756468798
lstm,1,1,7,0.05,fixed horizon 148,188,56,132,1.0809355933079232,0.0,0.037037037037037035,1.0,0.5185185185185185,0.10135135135135136,0.9667167167167167,0.8986486486486487,0.03328328328328334,,0.01,0.5941146626078133
lstm,1,1,7,0.075,fixed horizon 50,188,56,132,0.9670428804658293,0.0,0.1111111111111111,1.0,0.5555555555555556,0.12666666666666668,0.902962962962963,0.8733333333333333,0.09703703703703703,,0.03,0.5941146626078132
lstm,1,1,7,0.075,fixed horizon 100,188,56,132,1.0136359021260206,0.0410958904109589,0.14814814814814814,0.958904109589041,0.5535261288685946,0.44500000000000006,0.9177777777777778,0.5549999999999999,0.0822222222222222,0.6966666666666667,0.07,0.5646879756468798
lstm,1,1,7,0.075,fixed horizon 148,188,56,132,1.235886815515809,0.0,0.07407407407407407,1.0,0.537037037037037,0.07432432432432433,0.9314314314314315,0.9256756756756757,0.06856856856856852,,0.02,0.5941146626078133
lstm,1,1,7,0.1,fixed horizon 50,188,56,132,1.156424420957996,0.0,0.1111111111111111,1.0,0.5555555555555556,0.22,0.9133333333333333,0.78,0.08666666666666667,,0.03,0.5941146626078132
lstm,1,1,7,0.1,fixed horizon 100,188,56,132,1.1608824325834715,0.0,0.1111111111111111,1.0,0.5555555555555556,0.11,0.9011111111111111,0.89,0.09888888888888892,,0.03,0.5646879756468798
lstm,1,1,7,0.1,fixed horizon 148,188,56,132,1.1888094321339575,0.0,0.07407407407407407,1.0,0.537037037037037,0.0641891891891892,0.9306806806806807,0.9358108108108107,0.06931931931931934,,0.02,0.5941146626078133
lstm,1,1,7,0.15,fixed horizon 50,188,56,132,1.2839325862956759,0.0,0.1111111111111111,1.0,0.5555555555555556,0.17333333333333334,0.9081481481481481,0.8266666666666667,0.09185185185185185,,0.03,0.5941146626078132
lstm,1,1,7,0.15,fixed horizon 100,188,56,132,1.2673484991813222,0.0,0.1111111111111111,1.0,0.5555555555555556,0.13333333333333333,0.9037037037037037,0.8666666666666667,0.09629629629629632,,0.03,0.5646879756468798
lstm,1,1,7,0.15,fixed horizon 148,188,56,132,1.26705689436835,0.0273972602739726,0.2222222222222222,0.9726027397260274,0.5974124809741248,0.4718468468468468,0.8826326326326326,0.5281531531531531,0.11736736736736741,0.6790540540540541,0.08,0.5941146626078133
lstm,1,1,7,0.2,fixed horizon 50,188,56,132,1.462925696649365,0.0273972602739726,0.18518518518518517,0.9726027397260274,0.5788939624556063,0.384,0.885925925925926,0.616,0.114074074074074,0.63,0.07,0.5941146626078132
lstm,1,1,7,0.2,fixed horizon 100,188,56,132,1.8907743454780506,0.1917808219178082,0.2962962962962963,0.8082191780821918,0.5522577371892441,0.5862499999999999,0.8774074074074073,0.41375000000000006,0.1225925925925927,0.6207142857142857,0.22,0.5646879756468798
lstm,1,1,7,0.2,fixed horizon 148,188,56,132,2.058889951251977,0.1780821917808219,0.37037037037037035,0.821917808219178,0.5961440892947742,0.4851351351351352,0.8093093093093094,0.5148648648648648,0.19069069069069056,0.43814968814968813,0.23,0.5941146626078133
lstm,1,1,7,0.3,fixed horizon 50,188,56,132,0.7104480316601982,0.2328767123287671,0.3333333333333333,0.7671232876712328,0.550228310502283,0.2111111111111111,0.7370370370370369,0.7888888888888889,0.26296296296296306,0.32,0.26,0.5941146626078132
lstm,1,1,7,0.3,fixed horizon 100,188,56,132,1.1372249731640582,0.410958904109589,0.4074074074074074,0.589041095890411,0.49822425164890916,0.38636363636363635,0.75,0.6136363636363636,0.25,0.5233333333333333,0.41,0.5646879756468798
lstm,1,1,7,0.3,fixed horizon 148,188,56,132,1.3468005103007752,0.3424657534246575,0.4444444444444444,0.6575342465753424,0.5509893455098934,0.3186936936936937,0.6971971971971972,0.6813063063063063,0.3028028028028028,0.37513513513513513,0.37,0.5941146626078133
lstm,1,1,8,0.01,fixed horizon 50,188,56,132,1.1951631534783045,0.0,0.0,1.0,0.5,,1.0,,0.0,,0.0,0.5941146626078132
lstm,1,1,8,0.01,fixed horizon 100,188,56,132,1.2036793540642696,0.0,0.0,1.0,0.5,,1.0,,0.0,,0.0,0.5646879756468798
lstm,1,1,8,0.01,fixed horizon 148,188,56,132,1.2036793540642696,0.0,0.0,1.0,0.5,,1.0,,0.0,,0.0,0.5941146626078133
lstm,1,1,8,0.025,fixed horizon 50,188,56,132,1.0592755816637376,0.0,0.0,1.0,0.5,,1.0,,0.0,,0.0,0.5941146626078132
lstm,1,1,8,0.025,fixed horizon 100,188,56,132,1.063818915402583,0.0,0.0,1.0,0.5,,1.0,,0.0,,0.0,0.5646879756468798
lstm,1,1,8,0.025,fixed horizon 148,188,56,132,1.0872125876162215,0.0,0.0,1.0,0.5,,1.0,,0.0,,0.0,0.5941146626078133
lstm,1,1,8,0.05,fixed horizon 50,188,56,132,1.0296833838081338,0.0,0.037037037037037035,1.0,0.5185185185185185,0.5,0.9814814814814815,0.5,0.01851851851851849,,0.01,0.5941146626078132
lstm,1,1,8,0.05,fixed horizon 100,188,56,132,1.0756633721953524,0.0136986301369863,0.037037037037037035,0.9863013698630136,0.5116692034500253,0.98,0.9992592592592593,0.020000000000000018,0.0007407407407407085,0.99,0.02,0.5646879756468798
lstm,1,1,8,0.05,fixed horizon 148,188,56,132,1.1790025776024347,0.0,0.14814814814814814,1.0,0.5740740740740741,0.9374999999999999,0.9907407407407407,0.06250000000000011,0.0092592592592593,,0.04,0.5941146626078133
lstm,1,1,8,0.075,fixed horizon 50,188,56,132,1.1237905533020238,0.0,0.0,1.0,0.5,,1.0,,0.0,,0.0,0.5941146626078132
lstm,1,1,8,0.075,fixed horizon 100,188,56,132,1.2517294813451592,0.0410958904109589,0.037037037037037035,0.958904109589041,0.49797057331303907,0.62,0.985925925925926,0.38,0.014074074074074017,0.6966666666666667,0.04,0.5646879756468798
lstm,1,1,8,0.075,fixed horizon 148,188,56,132,1.262466840587878,0.0410958904109589,0.037037037037037035,0.958904109589041,0.49797057331303907,0.4189189189189189,0.9784784784784785,0.5810810810810811,0.021521521521521536,0.47072072072072074,0.04,0.5941146626078133
lstm,1,1,8,0.1,fixed horizon 50,188,56,132,1.0782004018560565,0.0,0.1111111111111111,1.0,0.5555555555555556,0.48666666666666664,0.942962962962963,0.5133333333333334,0.057037037037037,,0.03,0.5941146626078132
lstm,1,1,8,0.1,fixed horizon 100,188,56,132,1.27556099793373,0.0684931506849315,0.07407407407407407,0.9315068493150684,0.5027904616945713,0.7949999999999999,0.9848148148148148,0.20500000000000007,0.01518518518518519,0.712,0.07,0.5646879756468798
lstm,1,1,8,0.1,fixed horizon 148,188,56,132,1.281231371585436,0.0547945205479452,0.1111111111111111,0.9452054794520548,0.528158295281583,0.7342342342342342,0.9704704704704704,0.2657657657657658,0.029529529529529586,0.46452702702702703,0.07,0.5941146626078133
lstm,1,1,8,0.15,fixed horizon 50,188,56,132,1.3380288297293672,0.0273972602739726,0.14814814814814814,0.9726027397260274,0.5603754439370878,0.565,0.9355555555555555,0.43500000000000005,0.06444444444444453,0.79,0.06,0.5941146626078132
lstm,1,1,8,0.15,fixed horizon 100,188,56,132,1.3712129284477383,0.1506849315068493,0.2222222222222222,0.8493150684931506,0.5357686453576864,0.5216666666666667,0.8937037037037037,0.4783333333333333,0.10629629629629633,0.6818181818181818,0.17,0.5646879756468798
lstm,1,1,8,0.15,fixed horizon 148,188,56,132,1.7017037681555607,0.0821917808219178,0.3333333333333333,0.9178082191780822,0.6255707762557078,0.7297297297297297,0.9099099099099099,0.2702702702702703,0.09009009009009006,0.7117117117117117,0.15,0.5941146626078133
lstm,1,1,8,0.2,fixed horizon 50,188,56,132,1.4379245520126376,0.0547945205479452,0.18518518518518517,0.9452054794520548,0.56519533231862,0.35200000000000004,0.8799999999999999,0.6479999999999999,0.1200000000000001,0.6900000000000001,0.09,0.5941146626078132
lstm,1,1,8,0.2,fixed horizon 100,188,56,132,1.6853986497383566,0.2191780821917808,0.37037037037037035,0.7808219178082192,0.5755961440892947,0.585,0.8462962962962962,0.41500000000000004,0.1537037037037038,0.59125,0.26,0.5646879756468798
lstm,1,1,8,0.2,fixed horizon 148,188,56,132,2.138733398652019,0.1780821917808219,0.37037037037037035,0.821917808219178,0.5961440892947742,0.5195945945945946,0.8220720720720722,0.48040540540540544,0.17792792792792778,0.4215176715176716,0.23,0.5941146626078133
lstm,1,1,8,0.3,fixed horizon 50,188,56,132,0.7366006253403524,0.2328767123287671,0.2962962962962963,0.7671232876712328,0.5317097919837646,0.23249999999999998,0.7725925925925926,0.7675000000000001,0.2274074074074074,0.37882352941176467,0.25,0.5941146626078132
lstm,1,1,8,0.3,fixed horizon 100,188,56,132,1.329946215292671,0.410958904109589,0.4074074074074074,0.589041095890411,0.49822425164890916,0.39545454545454545,0.7537037037037038,0.6045454545454545,0.24629629629629624,0.5359999999999999,0.41,0.5646879756468798
lstm,1,1,8,0.3,fixed horizon 148,188,56,132,1.6594216467645238,0.2602739726027397,0.4444444444444444,0.7397260273972602,0.5920852359208524,0.33220720720720726,0.7032032032032031,0.6677927927927927,0.29679679679679694,0.42674253200568996,0.31,0.5941146626078133
lstm,1,1,9,0.01,fixed horizon 50,188,56,132,1.1325327065708695,0.0,0.0,1.0,0.5,,1.0,,0.0,,0.0,0.5941146626078132
lstm,1,1,9,0.01,fixed horizon 100,188,56,132,1.1325327065708695,0.0,0.0,1.0,0.5,,1.0,,0.0,,0.0,0.5646879756468798
lstm,1,1,9,0.01,fixed horizon 148,188,56,132,1.1325327065708695,0.0,0.0,1.0,0.5,,1.0,,0.0,,0.0,0.5941146626078133
lstm,1,1,9,0.025,fixed horizon 50,188,56,132,1.0609583018727364,0.0,0.037037037037037035,1.0,0.5185185185185185,0.7,0.9888888888888888,0.30000000000000004,0.011111111111111183,,0.01,0.5941146626078132
lstm,1,1,9,0.025,fixed horizon 100,188,56,132,1.0609583018727364,0.0,0.037037037037037035,1.0,0.5185185185185185,0.35,0.975925925925926,0.65,0.024074074074074026,,0.01,0.5646879756468798
lstm,1,1,9,0.025,fixed horizon 148,188,56,132,1.0622296633595396,0.0,0.037037037037037035,1.0,0.5185185185185185,0.23648648648648649,0.9717217217217217,0.7635135135135135,0.028278278278278335,,0.01,0.5941146626078133
lstm,1,1,9,0.05,fixed horizon 50,188,56,132,1.0703506909593101,0.0,0.07407407407407407,1.0,0.537037037037037,0.39,0.9548148148148149,0.61,0.045185185185185106,,0.02,0.5941146626078132
lstm,1,1,9,0.05,fixed horizon 100,188,56,132,1.0358419911433383,0.0410958904109589,0.07407407407407407,0.958904109589041,0.5164890918315576,0.48,0.9614814814814815,0.52,0.03851851851851851,0.73,0.05,0.5646879756468798
lstm,1,1,9,0.05,fixed horizon 148,188,56,132,1.082481741981037,0.0273972602739726,0.14814814814814814,0.9726027397260274,0.5603754439370878,0.9189189189189189,0.9879879879879879,0.08108108108108114,0.012012012012012074,0.527027027027027,0.06,0.5941146626078133
lstm,1,1,9,0.075,fixed horizon 50,188,56,132,1.0495209579683558,0.0,0.07407407407407407,1.0,0.537037037037037,0.28,0.9466666666666667,0.72,0.053333333333333344,,0.02,0.5941146626078132
lstm,1,1,9,0.075,fixed horizon 100,188,56,132,1.0225831023081744,0.0958904109589041,0.1111111111111111,0.9041095890410958,0.5076103500761034,0.56,0.9511111111111111,0.43999999999999995,0.04888888888888887,0.7342857142857142,0.1,0.5646879756468798
lstm,1,1,9,0.075,fixed horizon 148,188,56,132,1.0737993933903458,0.0410958904109589,0.18518518518518517,0.958904109589041,0.5720446473871131,0.7175675675675676,0.9476976976976977,0.28243243243243243,0.05230230230230226,0.5022522522522522,0.08,0.5941146626078133
lstm,1,1,9,0.1,fixed horizon 50,188,56,132,1.0497893779953509,0.0,0.1111111111111111,1.0,0.5555555555555556,0.3466666666666667,0.9274074074074073,0.6533333333333333,0.07259259259259265,,0.03,0.5941146626078132
lstm,1,1,9,0.1,fixed horizon 100,188,56,132,1.1281859479903,0.136986301369863,0.1111111111111111,0.863013698630137,0.487062404870624,0.6533333333333333,0.9614814814814815,0.3466666666666667,0.03851851851851851,0.682,0.13,0.5646879756468798
lstm,1,1,9,0.1,fixed horizon 148,188,56,132,1.2336306055340238,0.0958904109589041,0.07407407407407407,0.9041095890410958,0.48909183155758496,0.48986486486486486,0.9622122122122123,0.5101351351351351,0.037787787787787686,0.4691119691119691,0.09,0.5941146626078133
lstm,1,1,9,0.15,fixed horizon 50,188,56,132,0.9268469864169464,0.0273972602739726,0.1111111111111111,0.9726027397260274,0.5418569254185692,0.13333333333333333,0.9037037037037038,0.8666666666666667,0.09629629629629621,0.48,0.05,0.5941146626078132
lstm,1,1,9,0.15,fixed horizon 100,188,56,132,1.0331663283867818,0.1643835616438356,0.2222222222222222,0.8356164383561644,0.5289193302891932,0.44,0.8755555555555558,0.56,0.12444444444444425,0.6325000000000001,0.18,0.5646879756468798
lstm,1,1,9,0.15,fixed horizon 148,188,56,132,1.1880136403871873,0.136986301369863,0.2222222222222222,0.863013698630137,0.5426179604261796,0.6036036036036035,0.911911911911912,0.39639639639639646,0.08808808808808799,0.4655405405405406,0.16,0.5941146626078133
lstm,1,1,9,0.2,fixed horizon 50,188,56,132,0.9173629304750224,0.0547945205479452,0.18518518518518517,0.9452054794520548,0.56519533231862,0.23200000000000004,0.8577777777777779,0.768,0.14222222222222214,0.34,0.09,0.5941146626078132
lstm,1,1,9,0.2,fixed horizon 100,188,56,132,1.2166935452338177,0.1780821917808219,0.2962962962962963,0.821917808219178,0.5591070522577372,0.47124999999999995,0.8433333333333333,0.52875,0.15666666666666673,0.6115384615384614,0.21,0.5646879756468798
lstm,1,1,9,0.2,fixed horizon 148,188,56,132,1.421831165292582,0.1780821917808219,0.37037037037037035,0.821917808219178,0.5961440892947742,0.4885135135135135,0.8105605605605606,0.5114864864864865,0.18943943943943942,0.48648648648648646,0.23,0.5941146626078133
lstm,1,1,9,0.3,fixed horizon 50,188,56,132,0.5883819394204101,0.2328767123287671,0.3333333333333333,0.7671232876712328,0.550228310502283,0.19111111111111112,0.7303703703703703,0.8088888888888889,0.26962962962962966,0.27529411764705886,0.26,0.5941146626078132
lstm,1,1,9,0.3,fixed horizon 100,188,56,132,1.1171399370696404,0.410958904109589,0.4074074074074074,0.589041095890411,0.49822425164890916,0.3845454545454546,0.7492592592592594,0.6154545454545455,0.2507407407407406,0.5239999999999999,0.41,0.5646879756468798
lstm,1,1,9,0.3,fixed horizon 148,188,56,132,1.44708612215742,0.3424657534246575,0.4444444444444444,0.6575342465753424,0.5509893455098934,0.3265765765765765,0.7007007007007007,0.6734234234234235,0.2992992992992993,0.40270270270270264,0.37,0.5941146626078133
lstm,2,2,0,0.01,fixed horizon 50,186,55,131,1.017170143663082,0.46808510638297873,0.4528301886792453,0.5319148936170213,0.4923725411481333,0.22666666666666666,0.649811320754717,0.7733333333333333,0.35018867924528296,0.13272727272727272,0.46,0.4997992773986351
lstm,2,2,0,0.01,fixed horizon 100,186,55,131,1.017170143663082,0.5106382978723404,0.4528301886792453,0.48936170212765956,0.47109594540345245,0.11333333333333333,0.5984905660377359,0.8866666666666667,0.40150943396226413,0.14125000000000001,0.48,0.47089522280208745
lstm,2,2,0,0.01,fixed horizon 148,186,55,131,1.0631050828854138,0.3191489361702128,0.39622641509433965,0.6808510638297872,0.5385387394620634,0.16151866151866154,0.6677715451300358,0.8384813384813384,0.3322284548699642,0.12837837837837837,0.36,0.4733038940184665
lstm,2,2,0,0.025,fixed horizon 50,186,55,131,0.9821567468185913,0.574468085106383,0.5094339622641509,0.425531914893617,0.467482938578884,0.15777777777777777,0.570943396226415,0.8422222222222222,0.429056603773585,0.10444444444444444,0.54,0.4997992773986351
lstm,2,2,0,0.025,fixed horizon 100,186,55,131,1.007753517731012,0.5319148936170213,0.49056603773584906,0.46808510638297873,0.4793255720594139,0.12423076923076923,0.570377358490566,0.8757692307692307,0.42962264150943397,0.1284,0.51,0.47089522280208745
lstm,2,2,0,0.025,fixed horizon 148,186,55,131,1.051791525681068,0.3829787234042553,0.4339622641509434,0.6170212765957447,0.525491770373344,0.15246768507638067,0.6322029576746558,0.8475323149236194,0.36779704232534416,0.12049549549549551,0.41,0.4733038940184665
lstm,2,2,0,0.05,fixed horizon 50,186,55,131,0.9090622378121846,0.7021276595744681,0.6415094339622641,0.2978723404255319,0.469690887193898,0.024117647058823532,0.3739622641509434,0.9758823529411764,0.6260377358490565,0.019393939393939394,0.67,0.4997992773986351
lstm,2,2,0,0.05,fixed horizon 100,186,55,131,0.9496767284306071,0.8297872340425532,0.7358490566037735,0.1702127659574468,0.4530309112806102,0.12128205128205127,0.35339622641509433,0.8787179487179487,0.6466037735849057,0.14666666666666667,0.78,0.47089522280208745
lstm,2,2,0,0.05,fixed horizon 148,186,55,131,1.032662639456981,0.46808510638297873,0.5094339622641509,0.5319148936170213,0.5206744279405862,0.1616616616616617,0.5729219785823558,0.8383383383383383,0.42707802141764417,0.10534398034398036,0.49,0.4733038940184665
lstm,2,2,0,0.075,fixed horizon 50,186,55,131,1.1983543591022636,0.7021276595744681,0.6415094339622641,0.2978723404255319,0.469690887193898,0.037647058823529415,0.38264150943396225,0.9623529411764706,0.6173584905660378,0.026060606060606062,0.67,0.4997992773986351
lstm,2,2,0,0.075,fixed horizon 100,186,55,131,1.0844074062026945,0.7446808510638298,0.6981132075471698,0.2553191489361702,0.47671617824167,0.051891891891891896,0.33811320754716984,0.9481081081081081,0.6618867924528302,0.031142857142857146,0.72,0.47089522280208745
lstm,2,2,0,0.075,fixed horizon 148,186,55,131,1.1198641637715157,0.723404255319149,0.6792452830188679,0.2765957446808511,0.47792051384985945,0.03678678678678679,0.3457419683834778,0.9632132132132132,0.6542580316165222,0.021462639109697933,0.7,0.4733038940184665
lstm,2,2,0,0.1,fixed horizon 50,186,55,131,1.2140277556386647,0.7021276595744681,0.6415094339622641,0.2978723404255319,0.469690887193898,0.04411764705882353,0.3867924528301886,0.9558823529411765,0.6132075471698114,0.027272727272727275,0.67,0.4997992773986351
lstm,2,2,0,0.1,fixed horizon 100,186,55,131,1.1743344398167082,0.8297872340425532,0.7547169811320755,0.1702127659574468,0.4624648735447612,0.137,0.34867924528301886,0.863,0.6513207547169811,0.13846153846153844,0.79,0.47089522280208745
lstm,2,2,0,0.1,fixed horizon 148,186,55,131,1.1505010368301798,0.723404255319149,0.660377358490566,0.2765957446808511,0.4684865515857085,0.02432432432432433,0.3556858745537991,0.9756756756756757,0.6443141254462009,0.023251192368839428,0.69,0.4733038940184665
lstm,2,2,0,0.15,fixed horizon 50,186,55,131,1.2247670738090668,0.723404255319149,0.660377358490566,0.2765957446808511,0.4684865515857085,0.04171428571428571,0.36716981132075466,0.9582857142857143,0.6328301886792453,0.03705882352941177,0.69,0.4997992773986351
lstm,2,2,0,0.15,fixed horizon 100,186,55,131,1.238091606345995,0.8936170212765957,0.7547169811320755,0.10638297872340426,0.4305499799277399,0.1405,0.35132075471698115,0.8594999999999999,0.6486792452830188,0.19690476190476194,0.82,0.47089522280208745
lstm,2,2,0,0.15,fixed horizon 148,186,55,131,1.4811965076826121,0.7659574468085106,0.660377358490566,0.23404255319148937,0.4472099558410277,0.10077220077220077,0.4061703212646609,0.8992277992277993,0.5938296787353391,0.09834834834834832,0.71,0.4733038940184665
lstm,2,2,0,0.2,fixed horizon 50,186,55,131,1.0667524473910528,0.7659574468085106,0.6981132075471698,0.23404255319148937,0.46607788036932957,0.027567567567567567,0.3211320754716981,0.9724324324324324,0.6788679245283019,0.026666666666666672,0.73,0.4997992773986351
lstm,2,2,0,0.2,fixed horizon 100,186,55,131,1.3704338734270864,0.9148936170212766,0.7735849056603774,0.0851063829787234,0.4293456443195504,0.13951219512195123,0.33433962264150957,0.8604878048780488,0.6656603773584904,0.23465116279069767,0.84,0.47089522280208745
lstm,2,2,0,0.2,fixed horizon 148,186,55,131,1.5266169508845475,0.9574468085106383,0.8490566037735849,0.0425531914893617,0.4458048976314733,0.2255255255255255,0.3424273329933708,0.7744744744744745,0.6575726670066292,0.22297297297297297,0.9,0.4733038940184665
lstm,2,2,0,0.3,fixed horizon 50,186,55,131,0.7959406246696193,0.8723404255319149,0.7924528301886793,0.1276595744680851,0.4600562023283822,0.018095238095238095,0.2218867924528302,0.981904761904762,0.7781132075471698,0.037560975609756096,0.83,0.4997992773986351
lstm,2,2,0,0.3,fixed horizon 100,186,55,131,1.2261933761289006,0.9787234042553191,0.9056603773584906,0.02127659574468085,0.46346848655158573,0.21,0.2845283018867924,0.79,0.7154716981132077,0.1958695652173913,0.94,0.47089522280208745
lstm,2,2,0,0.3,fixed horizon 148,186,55,131,1.5635697202954348,0.9787234042553191,0.8679245283018868,0.02127659574468085,0.44460056202328385,0.22209165687426552,0.3248342682304947,0.7779083431257345,0.6751657317695052,0.2037309048178613,0.92,0.4733038940184665
lstm,2,2,1,0.01,fixed horizon 50,186,55,131,1.407835280060104,0.40425531914893614,0.2830188679245283,0.5957446808510638,0.439381774387796,0.015999999999999997,0.7215094339622642,0.984,0.2784905660377358,0.011578947368421053,0.34,0.4997992773986351
lstm,2,2,1,0.01,fixed horizon 100,186,55,131,1.407835280060104,0.40425531914893614,0.2830188679245283,0.5957446808510638,0.439381774387796,0.007999999999999998,0.7192452830188679,0.992,0.2807547169811321,0.005789473684210527,0.34,0.47089522280208745
lstm,2,2,1,0.01,fixed horizon 148,186,55,131,1.407835280060104,0.40425531914893614,0.2830188679245283,0.5957446808510638,0.439381774387796,0.005405405405405406,0.7185109637939826,0.9945945945945946,0.2814890362060174,0.0039118065433854906,0.34,0.4733038940184665
lstm,2,2,1,0.025,fixed horizon 50,186,55,131,1.077422367944543,0.6808510638297872,0.6226415094339622,0.3191489361702128,0.4708952228020875,0.023636363636363636,0.3920754716981132,0.9763636363636363,0.6079245283018868,0.015625,0.65,0.4997992773986351
lstm,2,2,1,0.025,fixed horizon 100,186,55,131,1.077422367944543,0.6808510638297872,0.6226415094339622,0.3191489361702128,0.4708952228020875,0.011818181818181818,0.3847169811320755,0.9881818181818182,0.6152830188679246,0.0078125,0.65,0.47089522280208745
lstm,2,2,1,0.025,fixed horizon 148,186,55,131,1.1349634051478286,0.6595744680851063,0.5849056603773585,0.3404255319148936,0.462665596146126,0.0076285963382737585,0.4195563488016318,0.9923714036617263,0.5804436511983682,0.008500435919790758,0.62,0.4733038940184665
lstm,2,2,1,0.05,fixed horizon 50,186,55,131,1.0964436151788786,0.7021276595744681,0.6415094339622641,0.2978723404255319,0.469690887193898,0.031176470588235295,0.37849056603773584,0.9688235294117648,0.6215094339622642,0.02303030303030303,0.67,0.4997992773986351
lstm,2,2,1,0.05,fixed horizon 100,186,55,131,1.1358830062575755,0.7872340425531915,0.660377358490566,0.2127659574468085,0.43657165796868724,0.108,0.4109433962264151,0.892,0.5890566037735849,0.1545945945945946,0.72,0.47089522280208745
lstm,2,2,1,0.05,fixed horizon 148,186,55,131,1.1996740568032507,0.7659574468085106,0.7547169811320755,0.23404255319148937,0.49437976716178245,0.19375,0.39150943396226406,0.80625,0.608490566037736,0.21903153153153151,0.76,0.4733038940184665
lstm,2,2,1,0.075,fixed horizon 50,186,55,131,1.1419529898028522,0.723404255319149,0.6415094339622641,0.2765957446808511,0.45905258932155757,0.01882352941176471,0.370566037735849,0.9811764705882353,0.6294339622641509,0.017647058823529415,0.68,0.4997992773986351
lstm,2,2,1,0.075,fixed horizon 100,186,55,131,1.1533392642861715,0.8297872340425532,0.7358490566037735,0.1702127659574468,0.4530309112806102,0.12564102564102564,0.3566037735849057,0.8743589743589744,0.6433962264150943,0.15384615384615383,0.78,0.47089522280208745
lstm,2,2,1,0.075,fixed horizon 148,186,55,131,1.2470449307965363,0.7021276595744681,0.7169811320754716,0.2978723404255319,0.5074267362505018,0.10579658605974396,0.3588730239673636,0.894203413940256,0.6411269760326364,0.14045864045864045,0.71,0.4733038940184665
lstm,2,2,1,0.1,fixed horizon 50,186,55,131,1.488727334108285,0.574468085106383,0.6037735849056604,0.425531914893617,0.5146527498996387,0.11812500000000001,0.4675471698113207,0.881875,0.5324528301886793,0.12074074074074073,0.59,0.4997992773986351
lstm,2,2,1,0.1,fixed horizon 100,186,55,131,1.10475015402356,0.851063829787234,0.7735849056603774,0.14893617021276595,0.4612605379365717,0.1575609756097561,0.3483018867924529,0.8424390243902439,0.6516981132075471,0.16175,0.81,0.47089522280208745
lstm,2,2,1,0.1,fixed horizon 148,186,55,131,1.1980155095103489,0.8297872340425532,0.8113207547169812,0.1702127659574468,0.490766760337214,0.15744814582023883,0.31642019377868436,0.8425518541797612,0.6835798062213156,0.13409563409563413,0.82,0.4733038940184665
lstm,2,2,1,0.15,fixed horizon 50,186,55,131,1.6060663221747729,0.6808510638297872,0.6415094339622641,0.3191489361702128,0.48032918506623845,0.06058823529411765,0.3973584905660377,0.9394117647058824,0.6026415094339623,0.046875,0.66,0.4997992773986351
lstm,2,2,1,0.15,fixed horizon 100,186,55,131,1.0962095473244364,0.9361702127659575,0.7735849056603774,0.06382978723404255,0.41870734644720997,0.14756097560975612,0.34056603773584915,0.8524390243902439,0.6594339622641509,0.205,0.85,0.47089522280208745
lstm,2,2,1,0.15,fixed horizon 148,186,55,131,1.5343064963312245,0.7872340425531915,0.7735849056603774,0.2127659574468085,0.49317543155359295,0.15375741595253792,0.3453595104538501,0.8462425840474621,0.65464048954615,0.1407962016070124,0.78,0.4733038940184665
lstm,2,2,1,0.2,fixed horizon 50,186,55,131,1.703854624153333,0.6808510638297872,0.6415094339622641,0.3191489361702128,0.48032918506623845,0.07294117647058823,0.40528301886792445,0.9270588235294117,0.5947169811320756,0.065,0.66,0.4997992773986351
lstm,2,2,1,0.2,fixed horizon 100,186,55,131,2.3925994000983435,0.9574468085106383,0.7924528301886793,0.0425531914893617,0.41750301083902047,0.3321428571428572,0.47075471698113214,0.6678571428571428,0.5292452830188679,0.34600000000000003,0.87,0.47089522280208745
lstm,2,2,1,0.2,fixed horizon 148,186,55,131,1.607187057842203,0.7872340425531915,0.7547169811320755,0.2127659574468085,0.483741469289442,0.14594594594594595,0.3554309026007139,0.854054054054054,0.6445690973992861,0.13056975894813733,0.77,0.4733038940184665
lstm,2,2,1,0.3,fixed horizon 50,186,55,131,1.2239401600853084,0.8297872340425532,0.7169811320754716,0.1702127659574468,0.44359694901645924,0.02947368421052632,0.3041509433962264,0.9705263157894737,0.6958490566037736,0.06717948717948719,0.77,0.4997992773986351
lstm,2,2,1,0.3,fixed horizon 100,186,55,131,2.530752704469389,0.9574468085106383,0.8301886792452831,0.0425531914893617,0.43637093536732235,0.3227272727272728,0.43773584905660384,0.6772727272727272,0.5622641509433961,0.31800000000000006,0.89,0.47089522280208745
lstm,2,2,1,0.3,fixed horizon 148,186,55,131,2.6909205047455287,0.9787234042553191,0.8867924528301887,0.02127659574468085,0.4540345242874348,0.27113283496262214,0.35364609892911786,0.7288671650373779,0.6463539010708821,0.24603407755581663,0.93,0.4733038940184665
lstm,2,2,2,0.01,fixed horizon 50,186,55,131,1.8479521483297705,0.46808510638297873,0.33962264150943394,0.5319148936170213,0.4357687675632276,0.18000000000000002,0.7215094339622641,0.82,0.2784905660377359,0.17181818181818184,0.4,0.4997992773986351
lstm,2,2,2,0.01,fixed horizon 100,186,55,131,1.8479521483297705,0.46808510638297873,0.33962264150943394,0.5319148936170213,0.4357687675632276,0.09000000000000001,0.6909433962264152,0.91,0.3090566037735848,0.08590909090909092,0.4,0.47089522280208745
lstm,2,2,2,0.01,fixed horizon 148,186,55,131,1.8479521483297705,0.46808510638297873,0.33962264150943394,0.5319148936170213,0.4357687675632276,0.06081081081081081,0.6810300866904642,0.9391891891891891,0.31896991330953584,0.058046683046683034,0.4,0.4733038940184665
lstm,2,2,2,0.025,fixed horizon 50,186,55,131,1.628076501273204,0.6382978723404256,0.5283018867924528,0.3617021276595745,0.4450020072260137,0.12714285714285717,0.538867924528302,0.8728571428571428,0.461132075471698,0.10133333333333334,0.58,0.4997992773986351
lstm,2,2,2,0.025,fixed horizon 100,186,55,131,1.628076501273204,0.6382978723404256,0.5283018867924528,0.3617021276595745,0.4450020072260137,0.06357142857142858,0.5052830188679246,0.9364285714285714,0.4947169811320754,0.05066666666666667,0.58,0.47089522280208745
lstm,2,2,2,0.025,fixed horizon 148,186,55,131,1.628076501273204,0.6382978723404256,0.5283018867924528,0.3617021276595745,0.4450020072260137,0.04295366795366796,0.49439061703212633,0.957046332046332,0.5056093829678736,0.03423423423423424,0.58,0.4733038940184665
lstm,2,2,2,0.05,fixed horizon 50,186,55,131,1.5017871782361176,0.6595744680851063,0.5471698113207547,0.3404255319148936,0.44379767161782413,0.08620689655172416,0.5,0.9137931034482758,0.5,0.06903225806451613,0.6,0.4997992773986351
lstm,2,2,2,0.05,fixed horizon 100,186,55,131,1.4929257641041722,0.6595744680851063,0.5471698113207547,0.3404255319148936,0.44379767161782413,0.04206896551724139,0.4758490566037737,0.9579310344827586,0.5241509433962264,0.0332258064516129,0.6,0.47089522280208745
lstm,2,2,2,0.05,fixed horizon 148,186,55,131,1.4929257641041722,0.6595744680851063,0.5471698113207547,0.3404255319148936,0.44379767161782413,0.028424976700838774,0.4683834778174401,0.9715750232991612,0.53161652218256,0.022449869224062776,0.6,0.4733038940184665
lstm,2,2,2,0.075,fixed horizon 50,186,55,131,1.6585610185644153,0.6382978723404256,0.5283018867924528,0.3617021276595745,0.4450020072260137,0.14142857142857146,0.5464150943396228,0.8585714285714285,0.45358490566037724,0.11600000000000002,0.58,0.4997992773986351
lstm,2,2,2,0.075,fixed horizon 100,186,55,131,1.458727960433613,0.6808510638297872,0.6226415094339622,0.3191489361702128,0.4708952228020875,0.019999999999999997,0.38981132075471703,0.98,0.610188679245283,0.0171875,0.65,0.47089522280208745
lstm,2,2,2,0.075,fixed horizon 148,186,55,131,1.4067064646486414,0.6595744680851063,0.5849056603773585,0.3404255319148936,0.462665596146126,0.02114210985178728,0.4274604793472719,0.9788578901482127,0.5725395206527282,0.018526591107236274,0.62,0.4733038940184665
lstm,2,2,2,0.1,fixed horizon 50,186,55,131,1.6722959686104353,0.6382978723404256,0.5283018867924528,0.3617021276595745,0.4450020072260137,0.14714285714285716,0.549433962264151,0.8528571428571429,0.450566037735849,0.12000000000000002,0.58,0.4997992773986351
lstm,2,2,2,0.1,fixed horizon 100,186,55,131,1.4688199746719242,0.7872340425531915,0.7169811320754716,0.2127659574468085,0.46487354476114007,0.14657894736842103,0.3881132075471699,0.853421052631579,0.6118867924528302,0.1472972972972973,0.75,0.47089522280208745
lstm,2,2,2,0.1,fixed horizon 148,186,55,131,1.4653890670022556,0.6808510638297872,0.6792452830188679,0.3191489361702128,0.49919710959454033,0.0837087087087087,0.3776134625191229,0.9162912912912913,0.622386537480877,0.011613175675675677,0.68,0.4733038940184665
lstm,2,2,2,0.15,fixed horizon 50,186,55,131,1.74463722365575,0.6808510638297872,0.5849056603773585,0.3191489361702128,0.4520272982737856,0.07096774193548387,0.45660377358490556,0.9290322580645162,0.5433962264150944,0.066875,0.63,0.4997992773986351
lstm,2,2,2,0.15,fixed horizon 100,186,55,131,1.7845031909982114,0.6808510638297872,0.6226415094339622,0.3191489361702128,0.4708952228020875,0.09606060606060604,0.43716981132075466,0.9039393939393939,0.5628301886792453,0.050312499999999996,0.65,0.47089522280208745
lstm,2,2,2,0.15,fixed horizon 148,186,55,131,1.6975471421038968,0.7659574468085106,0.6981132075471698,0.23404255319148937,0.46607788036932957,0.15960555149744338,0.4133095359510454,0.8403944485025566,0.5866904640489545,0.11411411411411414,0.73,0.4733038940184665
lstm,2,2,2,0.2,fixed horizon 50,186,55,131,1.6027391687232297,0.723404255319149,0.660377358490566,0.2765957446808511,0.4684865515857085,0.0662857142857143,0.38339622641509435,0.9337142857142857,0.6166037735849057,0.058823529411764705,0.69,0.4997992773986351
lstm,2,2,2,0.2,fixed horizon 100,186,55,131,3.172724528192575,0.9361702127659575,0.7735849056603774,0.06382978723404255,0.41870734644720997,0.3585365853658537,0.5037735849056604,0.6414634146341462,0.4962264150943396,0.42818181818181816,0.85,0.47089522280208745
lstm,2,2,2,0.2,fixed horizon 148,186,55,131,1.7544156160918787,0.8085106382978723,0.7735849056603774,0.19148936170212766,0.4825371336812525,0.1629861568885959,0.3524987251402346,0.837013843111404,0.6475012748597654,0.14971550497866293,0.79,0.4733038940184665
lstm,2,2,2,0.3,fixed horizon 50,186,55,131,1.2401904369272516,0.8297872340425532,0.7169811320754716,0.1702127659574468,0.44359694901645924,0.028947368421052635,0.3037735849056603,0.9710526315789474,0.6962264150943397,0.05179487179487181,0.77,0.4997992773986351
lstm,2,2,2,0.3,fixed horizon 100,186,55,131,2.795064176613726,0.9574468085106383,0.8301886792452831,0.0425531914893617,0.43637093536732235,0.31863636363636366,0.43433962264150944,0.6813636363636364,0.5656603773584905,0.2864444444444445,0.89,0.47089522280208745
lstm,2,2,2,0.3,fixed horizon 148,186,55,131,3.2295505293746385,0.9787234042553191,0.8867924528301887,0.02127659574468085,0.4540345242874348,0.28939045428407123,0.3698368179500255,0.7106095457159287,0.6301631820499745,0.2956815511163337,0.93,0.4733038940184665
lstm,2,2,3,0.01,fixed horizon 50,186,55,131,1.1910886265479268,0.40425531914893614,0.3018867924528302,0.5957446808510638,0.44881573665194696,0.0025,0.6988679245283018,0.9975,0.3011320754716982,0.007368421052631578,0.35,0.4997992773986351
lstm,2,2,3,0.01,fixed horizon 100,186,55,131,1.1914054998045494,0.40425531914893614,0.3018867924528302,0.5957446808510638,0.44881573665194696,0.00125,0.6984905660377357,0.99875,0.30150943396226426,0.003684210526315789,0.35,0.47089522280208745
lstm,2,2,3,0.01,fixed horizon 148,186,55,131,1.1943708610845187,0.40425531914893614,0.3018867924528302,0.5957446808510638,0.44881573665194696,0.0008445945945945946,0.698368179500255,0.9991554054054054,0.301631820499745,0.0024893314366998577,0.35,0.4733038940184665
lstm,2,2,3,0.025,fixed horizon 50,186,55,131,1.0102847730531719,0.6808510638297872,0.6415094339622641,0.3191489361702128,0.48032918506623845,0.04411764705882353,0.3867924528301887,0.9558823529411765,0.6132075471698113,0.045000000000000005,0.66,0.4997992773986351
lstm,2,2,3,0.025,fixed horizon 100,186,55,131,1.0164924942792475,0.7021276595744681,0.6415094339622641,0.2978723404255319,0.469690887193898,0.02323529411764706,0.37339622641509435,0.976764705882353,0.6266037735849057,0.051818181818181826,0.67,0.47089522280208745
lstm,2,2,3,0.025,fixed horizon 148,186,55,131,1.052627070083899,0.6382978723404256,0.6226415094339622,0.3617021276595745,0.4921718185467684,0.023546273546273543,0.3920193778684345,0.9764537264537264,0.6079806221315656,0.02184684684684685,0.63,0.4733038940184665
lstm,2,2,3,0.05,fixed horizon 50,186,55,131,1.0881943066720103,0.7021276595744681,0.6415094339622641,0.2978723404255319,0.469690887193898,0.031176470588235295,0.37849056603773584,0.9688235294117648,0.6215094339622642,0.028484848484848488,0.67,0.4997992773986351
lstm,2,2,3,0.05,fixed horizon 100,186,55,131,1.0881943066720103,0.7021276595744681,0.6415094339622641,0.2978723404255319,0.469690887193898,0.015588235294117648,0.3684905660377359,0.9844117647058823,0.6315094339622641,0.014242424242424244,0.67,0.47089522280208745
lstm,2,2,3,0.05,fixed horizon 148,186,55,131,1.0246295515566355,0.723404255319149,0.6415094339622641,0.2765957446808511,0.45905258932155757,0.01589825119236884,0.36868944416114224,0.9841017488076311,0.6313105558388578,0.06359300476947537,0.68,0.4733038940184665
lstm,2,2,3,0.075,fixed horizon 50,186,55,131,1.0127551973000202,0.7021276595744681,0.6415094339622641,0.2978723404255319,0.469690887193898,0.019411764705882354,0.3709433962264151,0.9805882352941176,0.629056603773585,0.014545454545454545,0.67,0.4997992773986351
lstm,2,2,3,0.075,fixed horizon 100,186,55,131,1.0526939392741554,0.7872340425531915,0.7169811320754716,0.2127659574468085,0.46487354476114007,0.09815789473684211,0.35339622641509433,0.9018421052631579,0.6466037735849057,0.10837837837837837,0.75,0.47089522280208745
lstm,2,2,3,0.075,fixed horizon 148,186,55,131,1.206410760242888,0.6808510638297872,0.6415094339622641,0.3191489361702128,0.48032918506623845,0.04968203497615262,0.39036206017338093,0.9503179650238474,0.6096379398266191,0.05088682432432433,0.66,0.4733038940184665
lstm,2,2,3,0.1,fixed horizon 50,186,55,131,0.8634878990261036,0.723404255319149,0.6981132075471698,0.2765957446808511,0.4873544761140104,0.016216216216216217,0.31320754716981136,0.9837837837837837,0.6867924528301886,0.01,0.71,0.4997992773986351
lstm,2,2,3,0.1,fixed horizon 100,186,55,131,1.0355158408423948,0.851063829787234,0.7358490566037735,0.14893617021276595,0.44239261340826974,0.11384615384615386,0.3479245283018868,0.8861538461538462,0.6520754716981132,0.15925000000000003,0.79,0.47089522280208745
lstm,2,2,3,0.1,fixed horizon 148,186,55,131,1.080311968774723,0.7446808510638298,0.7358490566037735,0.2553191489361702,0.4955841027699719,0.12491337491337492,0.3560683324834268,0.875086625086625,0.6439316675165732,0.06235521235521235,0.74,0.4733038940184665
lstm,2,2,3,0.15,fixed horizon 50,186,55,131,0.8256890078068109,0.723404255319149,0.6981132075471698,0.2765957446808511,0.4873544761140104,0.01081081081081081,0.309433962264151,0.9891891891891892,0.690566037735849,0.007058823529411764,0.71,0.4997992773986351
lstm,2,2,3,0.15,fixed horizon 100,186,55,131,1.1031972769210907,0.9361702127659575,0.7735849056603774,0.06382978723404255,0.41870734644720997,0.1480487804878049,0.3409433962264151,0.8519512195121951,0.6590566037735849,0.22318181818181815,0.85,0.47089522280208745
lstm,2,2,3,0.15,fixed horizon 148,186,55,131,1.0415041520941435,1.0,0.9056603773584906,0.0,0.4528301886792453,0.20129504504504503,0.27664456909739926,0.798704954954955,0.7233554309026007,0.1943645773433008,0.95,0.4733038940184665
lstm,2,2,3,0.2,fixed horizon 50,186,55,131,0.9259046557802187,0.7659574468085106,0.7169811320754716,0.23404255319148937,0.4755118426334805,0.01789473684210527,0.2958490566037736,0.9821052631578947,0.7041509433962264,0.016111111111111114,0.74,0.4997992773986351
lstm,2,2,3,0.2,fixed horizon 100,186,55,131,1.0650949324428352,0.9574468085106383,0.8113207547169812,0.0425531914893617,0.4269369731031714,0.1055813953488372,0.2743396226415094,0.8944186046511629,0.7256603773584906,0.1951111111111111,0.88,0.47089522280208745
lstm,2,2,3,0.2,fixed horizon 148,186,55,131,1.124733159461475,1.0,0.9245283018867925,0.0,0.46226415094339623,0.20656370656370654,0.2664456909739929,0.7934362934362935,0.733554309026007,0.19019551466359977,0.96,0.4733038940184665
lstm,2,2,3,0.3,fixed horizon 50,186,55,131,0.9596493700760506,0.851063829787234,0.7924528301886793,0.14893617021276595,0.4706945002007226,0.015714285714285715,0.22,0.9842857142857143,0.78,0.03799999999999999,0.82,0.4997992773986351
lstm,2,2,3,0.3,fixed horizon 100,186,55,131,1.2992698218930132,0.9787234042553191,0.8867924528301887,0.02127659574468085,0.4540345242874348,0.20553191489361702,0.29547169811320756,0.794468085106383,0.7045283018867925,0.19652173913043472,0.93,0.47089522280208745
lstm,2,2,3,0.3,fixed horizon 148,186,55,131,1.4283284877342575,0.9787234042553191,0.9245283018867925,0.02127659574468085,0.4729024488157367,0.1770546056260342,0.23916369199388066,0.8229453943739657,0.7608363080061193,0.1405699177438308,0.95,0.4733038940184665
lstm,2,2,4,0.01,fixed horizon 50,186,55,131,0.9884787268428975,0.574468085106383,0.5094339622641509,0.425531914893617,0.467482938578884,0.16592592592592595,0.5750943396226414,0.8340740740740741,0.42490566037735855,0.11037037037037037,0.54,0.4997992773986351
lstm,2,2,4,0.01,fixed horizon 100,186,55,131,1.0154412956928163,0.48936170212765956,0.4716981132075472,0.5106382978723404,0.4911682055399438,0.15159999999999998,0.599811320754717,0.8484,0.400188679245283,0.1356521739130435,0.48,0.47089522280208745
lstm,2,2,4,0.01,fixed horizon 148,186,55,131,1.0250730672538368,0.48936170212765956,0.4339622641509434,0.5106382978723404,0.4723002810116419,0.11603995299647474,0.6163946965833758,0.8839600470035253,0.38360530341662424,0.12485311398354876,0.46,0.4733038940184665
lstm,2,2,4,0.025,fixed horizon 50,186,55,131,0.9573981056061438,0.574468085106383,0.5283018867924528,0.425531914893617,0.47691690084303495,0.12071428571428575,0.5354716981132076,0.8792857142857142,0.4645283018867924,0.08740740740740742,0.55,0.4997992773986351
lstm,2,2,4,0.025,fixed horizon 100,186,55,131,1.0006421019626393,0.5957446808510638,0.49056603773584906,0.40425531914893614,0.4474106784423926,0.125,0.5707547169811321,0.875,0.4292452830188679,0.1210714285714286,0.54,0.47089522280208745
lstm,2,2,4,0.025,fixed horizon 148,186,55,131,1.020373631545851,0.5106382978723404,0.5283018867924528,0.48936170212765956,0.5088317944600562,0.17302123552123555,0.5631055583885772,0.8269787644787645,0.43689444161142277,0.1213400900900901,0.52,0.4733038940184665
lstm,2,2,4,0.05,fixed horizon 50,186,55,131,0.9367459219169851,0.574468085106383,0.5471698113207547,0.425531914893617,0.4863508631071859,0.1020689655172414,0.5086792452830189,0.8979310344827586,0.4913207547169811,0.08074074074074075,0.56,0.4997992773986351
lstm,2,2,4,0.05,fixed horizon 100,186,55,131,1.0344659469185142,0.7659574468085106,0.6792452830188679,0.23404255319148937,0.4566439181051786,0.06416666666666665,0.3643396226415095,0.9358333333333333,0.6356603773584906,0.08722222222222221,0.72,0.47089522280208745
lstm,2,2,4,0.05,fixed horizon 148,186,55,131,1.0426363593574663,0.425531914893617,0.4339622641509434,0.574468085106383,0.5042151746286632,0.20329024676850765,0.6542580316165221,0.7967097532314924,0.3457419683834779,0.1787162162162162,0.43,0.4733038940184665
lstm,2,2,4,0.075,fixed horizon 50,186,55,131,1.13513301408139,0.723404255319149,0.6415094339622641,0.2765957446808511,0.45905258932155757,0.03235294117647059,0.3792452830188679,0.9676470588235294,0.620754716981132,0.03235294117647059,0.68,0.4997992773986351
lstm,2,2,4,0.075,fixed horizon 100,186,55,131,1.1636459575531692,0.8085106382978723,0.7169811320754716,0.19148936170212766,0.4542352468887997,0.11394736842105262,0.3647169811320755,0.8860526315789474,0.6352830188679245,0.13578947368421054,0.76,0.47089522280208745
lstm,2,2,4,0.075,fixed horizon 148,186,55,131,1.2386612025737347,0.723404255319149,0.6792452830188679,0.2765957446808511,0.47792051384985945,0.080518018018018,0.3754462009178991,0.9194819819819819,0.6245537990821008,0.08724165341812401,0.7,0.4733038940184665
lstm,2,2,4,0.1,fixed horizon 50,186,55,131,1.0667587572350123,0.723404255319149,0.6792452830188679,0.2765957446808511,0.47792051384985945,0.03444444444444445,0.3441509433962264,0.9655555555555555,0.6558490566037736,0.026470588235294117,0.7,0.4997992773986351
lstm,2,2,4,0.1,fixed horizon 100,186,55,131,1.1517754323114042,0.8297872340425532,0.7169811320754716,0.1702127659574468,0.44359694901645924,0.1131578947368421,0.3641509433962265,0.8868421052631579,0.6358490566037736,0.15487179487179487,0.77,0.47089522280208745
lstm,2,2,4,0.1,fixed horizon 148,186,55,131,1.2224559468695644,0.7872340425531915,0.8113207547169812,0.2127659574468085,0.5120433560818949,0.181803896920176,0.3361805201427843,0.8181961030798239,0.6638194798572157,0.12783053323593868,0.8,0.4733038940184665
lstm,2,2,4,0.15,fixed horizon 50,186,55,131,1.2509924542454725,0.6808510638297872,0.660377358490566,0.3191489361702128,0.4897631473303894,0.052571428571428575,0.3743396226415094,0.9474285714285714,0.6256603773584906,0.055625,0.67,0.4997992773986351
lstm,2,2,4,0.15,fixed horizon 100,186,55,131,1.1029141094122201,0.9361702127659575,0.7735849056603774,0.06382978723404255,0.41870734644720997,0.13341463414634147,0.3296226415094341,0.8665853658536585,0.6703773584905659,0.2134090909090909,0.85,0.47089522280208745
lstm,2,2,4,0.15,fixed horizon 148,186,55,131,1.268092270966505,0.9148936170212766,0.8679245283018868,0.0851063829787234,0.4765154556403051,0.22532314923619268,0.32763895971443147,0.7746768507638073,0.6723610402855685,0.21904462602137018,0.89,0.4733038940184665
lstm,2,2,4,0.2,fixed horizon 50,186,55,131,1.3539149008497937,0.723404255319149,0.6792452830188679,0.2765957446808511,0.47792051384985945,0.06611111111111112,0.3656603773584905,0.9338888888888889,0.6343396226415094,0.049411764705882356,0.7,0.4997992773986351
lstm,2,2,4,0.2,fixed horizon 100,186,55,131,1.9065095245207844,0.9148936170212766,0.7358490566037735,0.0851063829787234,0.4104777197912485,0.18384615384615385,0.3994339622641509,0.8161538461538461,0.600566037735849,0.26767441860465113,0.82,0.47089522280208745
lstm,2,2,4,0.2,fixed horizon 148,186,55,131,1.1528122860768524,0.9787234042553191,0.9245283018867925,0.02127659574468085,0.4729024488157367,0.20628792057363485,0.26619071902090763,0.7937120794263651,0.7338092809790924,0.17817273795534663,0.95,0.4733038940184665
lstm,2,2,4,0.3,fixed horizon 50,186,55,131,0.9768403627731777,0.851063829787234,0.7547169811320755,0.14893617021276595,0.45182657567242074,0.0205,0.26075471698113206,0.9795,0.7392452830188679,0.043500000000000004,0.8,0.4997992773986351
lstm,2,2,4,0.3,fixed horizon 100,186,55,131,1.7148606667747155,0.9574468085106383,0.8301886792452831,0.0425531914893617,0.43637093536732235,0.21659090909090908,0.349622641509434,0.7834090909090909,0.650377358490566,0.24555555555555553,0.89,0.47089522280208745
lstm,2,2,4,0.3,fixed horizon 148,186,55,131,1.890268697624298,0.9787234042553191,0.9056603773584906,0.02127659574468085,0.46346848655158573,0.22804054054054054,0.3008669046404896,0.7719594594594594,0.6991330953595104,0.18830787309048178,0.94,0.4733038940184665
lstm,2,2,5,0.01,fixed horizon 50,186,55,131,1.162407990672348,0.425531914893617,0.32075471698113206,0.574468085106383,0.4476114010437575,0.007058823529411765,0.6815094339622642,0.9929411764705882,0.31849056603773584,0.011,0.37,0.4997992773986351
lstm,2,2,5,0.01,fixed horizon 100,186,55,131,1.177013365495893,0.40425531914893614,0.3018867924528302,0.5957446808510638,0.44881573665194696,0.00125,0.6984905660377357,0.99875,0.30150943396226426,0.003684210526315789,0.35,0.47089522280208745
lstm,2,2,5,0.01,fixed horizon 148,186,55,131,1.1892947710850486,0.40425531914893614,0.3018867924528302,0.5957446808510638,0.44881573665194696,0.0008445945945945946,0.698368179500255,0.9991554054054054,0.301631820499745,0.0024893314366998577,0.35,0.4733038940184665
lstm,2,2,5,0.025,fixed horizon 50,186,55,131,0.9309842578737737,0.7021276595744681,0.6415094339622641,0.2978723404255319,0.469690887193898,0.024705882352941178,0.37433962264150944,0.9752941176470589,0.6256603773584906,0.02121212121212121,0.67,0.4997992773986351
lstm,2,2,5,0.025,fixed horizon 100,186,55,131,1.009900158025892,0.723404255319149,0.6415094339622641,0.2765957446808511,0.45905258932155757,0.022058823529411766,0.37264150943396224,0.9779411764705882,0.6273584905660378,0.07970588235294118,0.68,0.47089522280208745
lstm,2,2,5,0.025,fixed horizon 148,186,55,131,1.0448156753268125,0.6382978723404256,0.6037735849056604,0.3617021276595745,0.48273785628261745,0.012246621621621621,0.40362060173380926,0.9877533783783784,0.5963793982661907,0.012162162162162165,0.62,0.4733038940184665
lstm,2,2,5,0.05,fixed horizon 50,186,55,131,0.8878461041496944,0.7021276595744681,0.6415094339622641,0.2978723404255319,0.469690887193898,0.017647058823529415,0.36981132075471695,0.9823529411764705,0.6301886792452831,0.015151515151515152,0.67,0.4997992773986351
lstm,2,2,5,0.05,fixed horizon 100,186,55,131,0.961884371965078,0.8297872340425532,0.7358490566037735,0.1702127659574468,0.4530309112806102,0.12512820512820513,0.35622641509433967,0.8748717948717949,0.6437735849056603,0.14923076923076925,0.78,0.47089522280208745
lstm,2,2,5,0.05,fixed horizon 148,186,55,131,1.0773159300451267,0.7659574468085106,0.7169811320754716,0.23404255319148937,0.4755118426334805,0.08997155049786629,0.34752677205507393,0.9100284495021337,0.6524732279449261,0.07282282282282282,0.74,0.4733038940184665
lstm,2,2,5,0.075,fixed horizon 50,186,55,131,1.049906641334077,0.7021276595744681,0.6415094339622641,0.2978723404255319,0.469690887193898,0.02647058823529412,0.3754716981132075,0.9735294117647059,0.6245283018867924,0.018181818181818184,0.67,0.4997992773986351
lstm,2,2,5,0.075,fixed horizon 100,186,55,131,1.109617700969296,0.8297872340425532,0.7358490566037735,0.1702127659574468,0.4530309112806102,0.11948717948717949,0.3520754716981132,0.8805128205128205,0.6479245283018868,0.14205128205128206,0.78,0.47089522280208745
lstm,2,2,5,0.075,fixed horizon 148,186,55,131,1.1949061050199505,0.8297872340425532,0.7924528301886793,0.1702127659574468,0.48133279807306306,0.14527027027027026,0.3226670066292708,0.8547297297297297,0.6773329933707293,0.12058212058212057,0.81,0.4733038940184665
lstm,2,2,5,0.1,fixed horizon 50,186,55,131,0.9746179968748839,0.7021276595744681,0.6415094339622641,0.2978723404255319,0.469690887193898,0.015294117647058824,0.36830188679245285,0.9847058823529412,0.6316981132075472,0.013333333333333332,0.67,0.4997992773986351
lstm,2,2,5,0.1,fixed horizon 100,186,55,131,1.0918976333338648,0.8936170212765957,0.7547169811320755,0.10638297872340426,0.4305499799277399,0.13875,0.35000000000000003,0.86125,0.6499999999999999,0.19428571428571426,0.82,0.47089522280208745
lstm,2,2,5,0.1,fixed horizon 148,186,55,131,1.2398485144705527,0.7659574468085106,0.7924528301886793,0.23404255319148937,0.5132476916900843,0.1554054054054054,0.3306986231514534,0.8445945945945946,0.6693013768485466,0.18693693693693694,0.78,0.4733038940184665
lstm,2,2,5,0.15,fixed horizon 50,186,55,131,1.0738317968828213,0.7659574468085106,0.6981132075471698,0.23404255319148937,0.46607788036932957,0.03405405405405406,0.3256603773584905,0.965945945945946,0.6743396226415095,0.03444444444444445,0.73,0.4997992773986351
lstm,2,2,5,0.15,fixed horizon 100,186,55,131,1.2012926626600957,0.9148936170212766,0.7735849056603774,0.0851063829787234,0.4293456443195504,0.13365853658536586,0.329811320754717,0.8663414634146341,0.670188679245283,0.1995348837209302,0.84,0.47089522280208745
lstm,2,2,5,0.15,fixed horizon 148,186,55,131,1.1121065491261626,0.9787234042553191,0.8679245283018868,0.02127659574468085,0.44460056202328385,0.1764101057579318,0.2851861295257522,0.8235898942420682,0.7148138704742478,0.18757344300822562,0.92,0.4733038940184665
lstm,2,2,5,0.2,fixed horizon 50,186,55,131,1.0590520104991938,0.7872340425531915,0.6981132075471698,0.2127659574468085,0.4554395824969891,0.024864864864864868,0.3192452830188679,0.9751351351351352,0.6807547169811321,0.02918918918918919,0.74,0.4997992773986351
lstm,2,2,5,0.2,fixed horizon 100,186,55,131,1.0587096379970655,0.9787234042553191,0.8113207547169812,0.02127659574468085,0.41629867523083103,0.14023255813953492,0.30245283018867924,0.859767441860465,0.6975471698113207,0.22195652173913044,0.89,0.47089522280208745
lstm,2,2,5,0.2,fixed horizon 148,186,55,131,1.606285366357709,0.9361702127659575,0.8490566037735849,0.06382978723404255,0.45644319550381374,0.24114114114114113,0.35568587455379913,0.7588588588588588,0.6443141254462008,0.21022727272727273,0.89,0.4733038940184665
lstm,2,2,5,0.3,fixed horizon 50,186,55,131,0.8293201061970557,0.851063829787234,0.7735849056603774,0.14893617021276595,0.4612605379365717,0.01121951219512195,0.23509433962264153,0.988780487804878,0.7649056603773585,0.0225,0.81,0.4997992773986351
lstm,2,2,5,0.3,fixed horizon 100,186,55,131,1.4785629911202485,0.9787234042553191,0.9056603773584906,0.02127659574468085,0.46346848655158573,0.21958333333333332,0.29320754716981134,0.7804166666666666,0.7067924528301887,0.211304347826087,0.94,0.47089522280208745
lstm,2,2,5,0.3,fixed horizon 148,186,55,131,1.652839170189145,0.9787234042553191,0.8679245283018868,0.02127659574468085,0.44460056202328385,0.21974148061104581,0.3227944926058134,0.7802585193889542,0.6772055073941866,0.20417156286721502,0.92,0.4733038940184665
lstm,2,2,6,0.01,fixed horizon 50,186,55,131,1.369808256311636,0.46808510638297873,0.4716981132075472,0.5319148936170213,0.5018065034122843,0.176,0.6113207547169812,0.8240000000000001,0.3886792452830188,0.07363636363636364,0.47,0.4997992773986351
lstm,2,2,6,0.01,fixed horizon 100,186,55,131,1.369808256311636,0.46808510638297873,0.4716981132075472,0.5319148936170213,0.5018065034122843,0.088,0.5698113207547171,0.912,0.4301886792452829,0.03681818181818182,0.47,0.47089522280208745
lstm,2,2,6,0.01,fixed horizon 148,186,55,131,1.369808256311636,0.46808510638297873,0.4716981132075472,0.5319148936170213,0.5018065034122843,0.059459459459459456,0.5563488016318205,0.9405405405405406,0.44365119836817946,0.024877149877149875,0.47,0.4733038940184665
lstm,2,2,6,0.025,fixed horizon 50,186,55,131,1.2875227057436986,0.5319148936170213,0.5094339622641509,0.46808510638297873,0.48875953432356484,0.12370370370370372,0.5535849056603773,0.8762962962962962,0.4464150943396227,0.0848,0.52,0.4997992773986351
lstm,2,2,6,0.025,fixed horizon 100,186,55,131,1.2879753952042314,0.5319148936170213,0.5094339622641509,0.46808510638297873,0.48875953432356484,0.06185185185185186,0.5220754716981132,0.9381481481481482,0.4779245283018868,0.042800000000000005,0.52,0.47089522280208745
lstm,2,2,6,0.025,fixed horizon 148,186,55,131,1.2879753952042314,0.5319148936170213,0.5094339622641509,0.46808510638297873,0.48875953432356484,0.04179179179179179,0.5118561958184599,0.9582082082082082,0.48814380418154013,0.028918918918918922,0.52,0.4733038940184665
lstm,2,2,6,0.05,fixed horizon 50,186,55,131,1.1493379323336397,0.6808510638297872,0.6415094339622641,0.3191489361702128,0.48032918506623845,0.0511764705882353,0.3913207547169811,0.9488235294117647,0.608679245283019,0.052500000000000005,0.66,0.4997992773986351
lstm,2,2,6,0.05,fixed horizon 100,186,55,131,1.226921579411091,0.574468085106383,0.6037735849056604,0.425531914893617,0.5146527498996387,0.0428125,0.4220754716981132,0.9571875,0.5779245283018868,0.039259259259259265,0.59,0.47089522280208745
lstm,2,2,6,0.05,fixed horizon 148,186,55,131,1.226921579411091,0.574468085106383,0.6037735849056604,0.425531914893617,0.5146527498996387,0.02892736486486487,0.41369199388067307,0.9710726351351351,0.5863080061193269,0.026526526526526525,0.59,0.4733038940184665
lstm,2,2,6,0.075,fixed horizon 50,186,55,131,1.0420705185516748,0.7021276595744681,0.6415094339622641,0.2978723404255319,0.469690887193898,0.026470588235294117,0.3754716981132075,0.9735294117647059,0.6245283018867924,0.019393939393939394,0.67,0.4997992773986351
lstm,2,2,6,0.075,fixed horizon 100,186,55,131,1.1877478689181813,0.7446808510638298,0.7169811320754716,0.2553191489361702,0.48615014050582095,0.1423684210526316,0.38509433962264156,0.8576315789473684,0.6149056603773584,0.1782857142857143,0.73,0.47089522280208745
lstm,2,2,6,0.075,fixed horizon 148,186,55,131,1.2373693252741298,0.6170212765957447,0.6415094339622641,0.3829787234042553,0.5122440786832597,0.06975357710651829,0.4032381438041816,0.9302464228934817,0.5967618561958183,0.08154706430568498,0.63,0.4733038940184665
lstm,2,2,6,0.1,fixed horizon 50,186,55,131,1.013272972108576,0.7021276595744681,0.6415094339622641,0.2978723404255319,0.469690887193898,0.02176470588235294,0.3724528301886792,0.9782352941176471,0.6275471698113209,0.01575757575757576,0.67,0.4997992773986351
lstm,2,2,6,0.1,fixed horizon 100,186,55,131,1.295440216213215,0.9148936170212766,0.7169811320754716,0.0851063829787234,0.40104375752709753,0.27394736842105266,0.47943396226415086,0.7260526315789473,0.5205660377358492,0.3676744186046511,0.81,0.47089522280208745
lstm,2,2,6,0.1,fixed horizon 148,186,55,131,1.2139781325620418,0.8297872340425532,0.7735849056603774,0.1702127659574468,0.4718988358089121,0.16891891891891891,0.3570882202957674,0.8310810810810811,0.6429117797042325,0.20772695772695776,0.8,0.4733038940184665
lstm,2,2,6,0.15,fixed horizon 50,186,55,131,1.2490634727634626,0.723404255319149,0.660377358490566,0.2765957446808511,0.4684865515857085,0.037714285714285714,0.36452830188679247,0.9622857142857143,0.6354716981132076,0.03705882352941176,0.69,0.4997992773986351
lstm,2,2,6,0.15,fixed horizon 100,186,55,131,1.2576976633837382,0.9148936170212766,0.7735849056603774,0.0851063829787234,0.4293456443195504,0.21390243902439024,0.39188679245283026,0.7860975609756098,0.6081132075471698,0.31697674418604654,0.84,0.47089522280208745
lstm,2,2,6,0.15,fixed horizon 148,186,55,131,1.2820088537968193,0.9574468085106383,0.8301886792452831,0.0425531914893617,0.43637093536732235,0.22773341523341523,0.35887302396736365,0.7722665847665848,0.6411269760326364,0.21396396396396397,0.89,0.4733038940184665
lstm,2,2,6,0.2,fixed horizon 50,186,55,131,1.2884665892633045,0.7659574468085106,0.6792452830188679,0.23404255319148937,0.4566439181051786,0.029444444444444447,0.3407547169811321,0.9705555555555555,0.659245283018868,0.051111111111111114,0.72,0.4997992773986351
lstm,2,2,6,0.2,fixed horizon 100,186,55,131,1.463920659965089,0.8297872340425532,0.7547169811320755,0.1702127659574468,0.4624648735447612,0.12349999999999998,0.3384905660377359,0.8765000000000001,0.661509433962264,0.13,0.79,0.47089522280208745
lstm,2,2,6,0.2,fixed horizon 148,186,55,131,1.2645142077812122,0.9787234042553191,0.8867924528301887,0.02127659574468085,0.4540345242874348,0.16949396204715356,0.26351351351351354,0.8305060379528464,0.7364864864864864,0.17053466509988252,0.93,0.4733038940184665
lstm,2,2,6,0.3,fixed horizon 50,186,55,131,1.01215608661381,0.8723404255319149,0.7547169811320755,0.1276595744680851,0.4411882778000803,0.0155,0.2569811320754717,0.9845,0.7430188679245283,0.04780487804878049,0.81,0.4997992773986351
lstm,2,2,6,0.3,fixed horizon 100,186,55,131,1.5255682731466313,0.9574468085106383,0.8867924528301887,0.0425531914893617,0.4646728221597752,0.2236170212765957,0.31150943396226416,0.7763829787234043,0.6884905660377358,0.2211111111111111,0.92,0.47089522280208745
lstm,2,2,6,0.3,fixed horizon 148,186,55,131,1.948456222444989,0.9787234042553191,0.8679245283018868,0.02127659574468085,0.44460056202328385,0.23839600470035252,0.3389852116267211,0.7616039952996475,0.6610147883732789,0.22032902467685073,0.92,0.4733038940184665
lstm,2,2,7,0.01,fixed horizon 50,186,55,131,1.0583208550395633,0.3404255319148936,0.4339622641509434,0.6595744680851063,0.5467683661180249,0.37391304347826093,0.7283018867924529,0.6260869565217391,0.2716981132075471,0.21000000000000002,0.39,0.4997992773986351
lstm,2,2,7,0.01,fixed horizon 100,186,55,131,1.0583208550395633,0.3404255319148936,0.4339622641509434,0.6595744680851063,0.5467683661180249,0.18695652173913047,0.6471698113207547,0.8130434782608695,0.3528301886792453,0.10500000000000001,0.39,0.47089522280208745
lstm,2,2,7,0.01,fixed horizon 148,186,55,131,1.0583208550395633,0.3404255319148936,0.4339622641509434,0.6595744680851063,0.5467683661180249,0.12632197414806107,0.6208567057623663,0.873678025851939,0.3791432942376337,0.07094594594594594,0.39,0.4733038940184665
lstm,2,2,7,0.025,fixed horizon 50,186,55,131,0.9845509927559124,0.5531914893617021,0.5094339622641509,0.44680851063829785,0.4781212364512244,0.16814814814814819,0.5762264150943396,0.8318518518518518,0.4237735849056604,0.1053846153846154,0.53,0.4997992773986351
lstm,2,2,7,0.025,fixed horizon 100,186,55,131,1.0164667633758377,0.48936170212765956,0.49056603773584906,0.5106382978723404,0.5006021678040947,0.17346153846153844,0.5945283018867925,0.8265384615384616,0.4054716981132075,0.14,0.49,0.47089522280208745
lstm,2,2,7,0.025,fixed horizon 148,186,55,131,1.025873713278905,0.5106382978723404,0.49056603773584906,0.48936170212765956,0.48996386993175434,0.13565488565488565,0.5759816420193777,0.8643451143451144,0.42401835798062226,0.12668918918918917,0.5,0.4733038940184665
lstm,2,2,7,0.05,fixed horizon 50,186,55,131,0.9107049737385728,0.6595744680851063,0.5660377358490566,0.3404255319148936,0.45323163388197507,0.05466666666666667,0.4649056603773584,0.9453333333333334,0.5350943396226415,0.05612903225806452,0.61,0.4997992773986351
lstm,2,2,7,0.05,fixed horizon 100,186,55,131,0.9759181766319882,0.7872340425531915,0.6792452830188679,0.2127659574468085,0.4460056202328382,0.18611111111111112,0.44716981132075473,0.8138888888888889,0.5528301886792453,0.2508108108108108,0.73,0.47089522280208745
lstm,2,2,7,0.05,fixed horizon 148,186,55,131,1.0511236382709748,0.425531914893617,0.49056603773584906,0.574468085106383,0.5325170614211161,0.15176715176715175,0.5838857725650178,0.8482328482328483,0.41611422743498216,0.15033783783783786,0.46,0.4733038940184665
lstm,2,2,7,0.075,fixed horizon 50,186,55,131,1.052926195198603,0.7021276595744681,0.6415094339622641,0.2978723404255319,0.469690887193898,0.02823529411764706,0.3766037735849056,0.971764705882353,0.6233962264150944,0.02484848484848485,0.67,0.4997992773986351
lstm,2,2,7,0.075,fixed horizon 100,186,55,131,1.0813086786953419,0.7659574468085106,0.6792452830188679,0.23404255319148937,0.4566439181051786,0.05472222222222222,0.3579245283018868,0.9452777777777778,0.6420754716981132,0.08583333333333334,0.72,0.47089522280208745
lstm,2,2,7,0.075,fixed horizon 148,186,55,131,1.1206612319286742,0.7021276595744681,0.6792452830188679,0.2978723404255319,0.4885588117221999,0.039602102102102105,0.3476542580316165,0.9603978978978979,0.6523457419683836,0.013513513513513514,0.69,0.4733038940184665
lstm,2,2,7,0.1,fixed horizon 50,186,55,131,0.9126106641794671,0.7021276595744681,0.6415094339622641,0.2978723404255319,0.469690887193898,0.01411764705882353,0.36754716981132074,0.9858823529411764,0.6324528301886793,0.012727272727272726,0.67,0.4997992773986351
lstm,2,2,7,0.1,fixed horizon 100,186,55,131,1.0503422449710766,0.851063829787234,0.7358490566037735,0.14893617021276595,0.44239261340826974,0.11615384615384616,0.349622641509434,0.8838461538461538,0.650377358490566,0.15875,0.79,0.47089522280208745
lstm,2,2,7,0.1,fixed horizon 148,186,55,131,1.1149235857287947,0.7446808510638298,0.7358490566037735,0.2553191489361702,0.4955841027699719,0.10914760914760915,0.34446710861805196,0.8908523908523909,0.655532891381948,0.06505791505791507,0.74,0.4733038940184665
lstm,2,2,7,0.15,fixed horizon 50,186,55,131,0.8558145577840361,0.723404255319149,0.6981132075471698,0.2765957446808511,0.4873544761140104,0.013513513513513514,0.3113207547169811,0.9864864864864865,0.6886792452830188,0.01,0.71,0.4997992773986351
lstm,2,2,7,0.15,fixed horizon 100,186,55,131,0.9301846328229448,0.9361702127659575,0.8113207547169812,0.06382978723404255,0.43757527097551185,0.1755813953488372,0.33113207547169815,0.8244186046511628,0.6688679245283018,0.21272727272727276,0.87,0.47089522280208745
lstm,2,2,7,0.15,fixed horizon 148,186,55,131,1.0402589083516505,1.0,0.8867924528301887,0.0,0.44339622641509435,0.1933582518688902,0.2846761856195818,0.8066417481311098,0.7153238143804181,0.19537090281771136,0.94,0.4733038940184665
lstm,2,2,7,0.2,fixed horizon 50,186,55,131,0.7647533806778478,0.7659574468085106,0.7169811320754716,0.23404255319148937,0.4755118426334805,0.011578947368421053,0.2913207547169811,0.988421052631579,0.7086792452830188,0.012777777777777777,0.74,0.4997992773986351
lstm,2,2,7,0.2,fixed horizon 100,186,55,131,0.9126106641794671,0.9787234042553191,0.8679245283018868,0.02127659574468085,0.44460056202328385,0.19782608695652168,0.3037735849056604,0.8021739130434783,0.6962264150943396,0.2295652173913044,0.92,0.47089522280208745
lstm,2,2,7,0.2,fixed horizon 148,186,55,131,0.9683939659024494,1.0,0.9245283018867925,0.0,0.46226415094339623,0.19939327082184224,0.2598164201937787,0.8006067291781578,0.7401835798062213,0.18617021276595744,0.96,0.4733038940184665
lstm,2,2,7,0.3,fixed horizon 50,186,55,131,0.625627211448797,0.8936170212765957,0.7924528301886793,0.10638297872340426,0.4494179044560418,0.009523809523809525,0.21509433962264152,0.9904761904761905,0.7849056603773585,0.03142857142857143,0.84,0.4997992773986351
lstm,2,2,7,0.3,fixed horizon 100,186,55,131,0.8223619218701753,1.0,0.9433962264150944,0.0,0.4716981132075472,0.17559999999999998,0.22226415094339622,0.8244,0.7777358490566038,0.17446808510638295,0.97,0.47089522280208745
lstm,2,2,7,0.3,fixed horizon 148,186,55,131,1.0968154504424943,1.0,0.9433962264150944,0.0,0.4716981132075472,0.18999999999999997,0.23584905660377362,0.81,0.7641509433962264,0.1595744680851064,0.97,0.4733038940184665
lstm,2,2,8,0.01,fixed horizon 50,186,55,131,0.9889985505198954,0.574468085106383,0.5094339622641509,0.425531914893617,0.467482938578884,0.1674074074074074,0.5758490566037735,0.8325925925925926,0.4241509433962265,0.1111111111111111,0.54,0.4997992773986351
lstm,2,2,8,0.01,fixed horizon 100,186,55,131,1.0153901496960713,0.48936170212765956,0.4716981132075472,0.5106382978723404,0.4911682055399438,0.15159999999999998,0.599811320754717,0.8484,0.400188679245283,0.1356521739130435,0.48,0.47089522280208745
lstm,2,2,8,0.01,fixed horizon 148,186,55,131,1.0679012215770047,0.19148936170212766,0.1509433962264151,0.8085106382978723,0.4797270172621437,0.7381756756756757,0.9604793472718001,0.26182432432432434,0.039520652728199934,0.2147147147147147,0.17,0.4733038940184665
lstm,2,2,8,0.025,fixed horizon 50,186,55,131,0.958450259163571,0.574468085106383,0.5283018867924528,0.425531914893617,0.47691690084303495,0.12071428571428575,0.5354716981132076,0.8792857142857142,0.4645283018867924,0.08740740740740742,0.55,0.4997992773986351
lstm,2,2,8,0.025,fixed horizon 100,186,55,131,1.0006244048225357,0.5957446808510638,0.49056603773584906,0.40425531914893614,0.4474106784423926,0.125,0.5707547169811321,0.875,0.4292452830188679,0.1210714285714286,0.54,0.47089522280208745
lstm,2,2,8,0.025,fixed horizon 148,186,55,131,1.049949479498411,0.3404255319148936,0.41509433962264153,0.6595744680851063,0.5373344038538739,0.21621621621621623,0.674655787863335,0.7837837837837838,0.325344212136665,0.10261824324324326,0.38,0.4733038940184665
lstm,2,2,8,0.05,fixed horizon 50,186,55,131,0.9598491203425021,0.574468085106383,0.5283018867924528,0.425531914893617,0.47691690084303495,0.12214285714285715,0.5362264150943397,0.8778571428571429,0.46377358490566034,0.08814814814814814,0.55,0.4997992773986351
lstm,2,2,8,0.05,fixed horizon 100,186,55,131,1.027276035761306,0.48936170212765956,0.4716981132075472,0.5106382978723404,0.4911682055399438,0.14559999999999998,0.5969811320754718,0.8544,0.40301886792452823,0.13608695652173913,0.48,0.47089522280208745
lstm,2,2,8,0.05,fixed horizon 148,186,55,131,1.0838079185575435,0.7659574468085106,0.7169811320754716,0.23404255319148937,0.4755118426334805,0.08943812233285918,0.3471443141254463,0.9105618776671408,0.6528556858745538,0.07282282282282282,0.74,0.4733038940184665
lstm,2,2,8,0.075,fixed horizon 50,186,55,131,1.1155996180642438,0.7021276595744681,0.6415094339622641,0.2978723404255319,0.469690887193898,0.03,0.3777358490566038,0.97,0.6222641509433962,0.02727272727272728,0.67,0.4997992773986351
lstm,2,2,8,0.075,fixed horizon 100,186,55,131,1.1673046774244271,0.6808510638297872,0.6415094339622641,0.3191489361702128,0.48032918506623845,0.01735294117647059,0.36962264150943397,0.9826470588235294,0.6303773584905661,0.01875,0.66,0.47089522280208745
lstm,2,2,8,0.075,fixed horizon 148,186,55,131,1.2805093711171178,0.7872340425531915,0.6981132075471698,0.2127659574468085,0.4554395824969891,0.15485756026296568,0.4099949005609383,0.8451424397370343,0.5900050994390618,0.13056975894813733,0.74,0.4733038940184665
lstm,2,2,8,0.1,fixed horizon 50,186,55,131,1.0415601308936742,0.7021276595744681,0.6415094339622641,0.2978723404255319,0.469690887193898,0.021176470588235297,0.37207547169811317,0.9788235294117646,0.6279245283018868,0.01575757575757576,0.67,0.4997992773986351
lstm,2,2,8,0.1,fixed horizon 100,186,55,131,1.1490612226383412,0.8085106382978723,0.7169811320754716,0.19148936170212766,0.4542352468887997,0.10894736842105263,0.3611320754716981,0.8910526315789473,0.6388679245283019,0.15684210526315787,0.76,0.47089522280208745
lstm,2,2,8,0.1,fixed horizon 148,186,55,131,1.2360077723068044,0.8085106382978723,0.7924528301886793,0.19148936170212766,0.49197109594540345,0.18404118404118405,0.35339112697603264,0.8159588159588159,0.6466088730239674,0.14295874822190613,0.8,0.4733038940184665
lstm,2,2,8,0.15,fixed horizon 50,186,55,131,1.1777830367395614,0.723404255319149,0.6792452830188679,0.2765957446808511,0.47792051384985945,0.029444444444444447,0.3407547169811321,0.9705555555555555,0.659245283018868,0.03411764705882353,0.7,0.4997992773986351
lstm,2,2,8,0.15,fixed horizon 100,186,55,131,1.2493821685640456,0.9574468085106383,0.8113207547169812,0.0425531914893617,0.4269369731031714,0.20534883720930233,0.35528301886792457,0.7946511627906977,0.6447169811320754,0.25866666666666666,0.88,0.47089522280208745
lstm,2,2,8,0.15,fixed horizon 148,186,55,131,1.3499896068733679,0.9574468085106383,0.8113207547169812,0.0425531914893617,0.4269369731031714,0.2220301697045883,0.36881693013768485,0.7779698302954117,0.6311830698623151,0.216966966966967,0.88,0.4733038940184665
lstm,2,2,8,0.2,fixed horizon 50,186,55,131,1.5916517774680567,0.723404255319149,0.6415094339622641,0.2765957446808511,0.45905258932155757,0.04411764705882353,0.3867924528301887,0.9558823529411765,0.6132075471698113,0.08470588235294119,0.68,0.4997992773986351
lstm,2,2,8,0.2,fixed horizon 100,186,55,131,1.4264436030590577,0.9361702127659575,0.7924528301886793,0.06382978723404255,0.4281413087113609,0.16666666666666666,0.33962264150943394,0.8333333333333334,0.6603773584905661,0.23954545454545456,0.86,0.47089522280208745
lstm,2,2,8,0.2,fixed horizon 148,186,55,131,1.462606996885919,1.0,0.9245283018867925,0.0,0.46226415094339623,0.22476558190843904,0.28327383987761345,0.7752344180915609,0.7167261601223865,0.21132834962622196,0.96,0.4733038940184665
lstm,2,2,8,0.3,fixed horizon 50,186,55,131,1.2234669154857762,0.851063829787234,0.7169811320754716,0.14893617021276595,0.4329586511441188,0.014210526315789474,0.2932075471698113,0.9857894736842105,0.7067924528301888,0.05900000000000001,0.78,0.4997992773986351
lstm,2,2,8,0.3,fixed horizon 100,186,55,131,1.8375929841352083,0.9574468085106383,0.8490566037735849,0.0425531914893617,0.4458048976314733,0.25066666666666665,0.3637735849056604,0.7493333333333334,0.6362264150943395,0.2571111111111112,0.9,0.47089522280208745
lstm,2,2,8,0.3,fixed horizon 148,186,55,131,1.7217247755749006,0.9574468085106383,0.8490566037735849,0.0425531914893617,0.4458048976314733,0.24399399399399396,0.3581081081081081,0.7560060060060061,0.6418918918918919,0.20135135135135135,0.9,0.4733038940184665
lstm,2,2,9,0.01,fixed horizon 50,186,55,131,1.004471763900268,0.5319148936170213,0.4716981132075472,0.46808510638297873,0.46989160979526295,0.20479999999999998,0.6249056603773586,0.7952,0.3750943396226414,0.11359999999999999,0.5,0.4997992773986351
lstm,2,2,9,0.01,fixed horizon 100,186,55,131,1.0142084969550413,0.5106382978723404,0.4716981132075472,0.48936170212765956,0.4805299076676034,0.1508,0.599433962264151,0.8492,0.400566037735849,0.1366666666666667,0.49,0.47089522280208745
lstm,2,2,9,0.01,fixed horizon 148,186,55,131,1.0208583519674306,0.5106382978723404,0.49056603773584906,0.48936170212765956,0.48996386993175434,0.1294178794178794,0.5729219785823558,0.8705821205821206,0.42707802141764417,0.12471846846846847,0.5,0.4733038940184665
lstm,2,2,9,0.025,fixed horizon 50,186,55,131,0.9276608795618471,0.574468085106383,0.5471698113207547,0.425531914893617,0.4863508631071859,0.0910344827586207,0.5026415094339624,0.9089655172413793,0.49735849056603765,0.07777777777777778,0.56,0.4997992773986351
lstm,2,2,9,0.025,fixed horizon 100,186,55,131,1.007453040593732,0.5106382978723404,0.49056603773584906,0.48936170212765956,0.48996386993175434,0.16230769230769232,0.5890566037735849,0.8376923076923077,0.41094339622641507,0.13166666666666668,0.5,0.47089522280208745
lstm,2,2,9,0.025,fixed horizon 148,186,55,131,1.0143889844563039,0.5319148936170213,0.5283018867924528,0.46808510638297873,0.4981934965877158,0.16674710424710426,0.5597909229984701,0.8332528957528957,0.4402090770015299,0.14891891891891892,0.53,0.4733038940184665
lstm,2,2,9,0.05,fixed horizon 50,186,55,131,0.8952555295779859,0.6170212765957447,0.5660377358490566,0.3829787234042553,0.47450822962665595,0.07200000000000001,0.4747169811320754,0.9279999999999999,0.5252830188679246,0.07172413793103448,0.59,0.4997992773986351
lstm,2,2,9,0.05,fixed horizon 100,186,55,131,0.9710527631991426,0.7446808510638298,0.6415094339622641,0.2553191489361702,0.4484142914492172,0.20852941176470588,0.49226415094339615,0.7914705882352941,0.5077358490566038,0.24771428571428572,0.69,0.47089522280208745
lstm,2,2,9,0.05,fixed horizon 148,186,55,131,1.0280441867974832,0.5531914893617021,0.49056603773584906,0.44680851063829785,0.46868727418707345,0.14864864864864863,0.5823559408465069,0.8513513513513513,0.4176440591534931,0.1990644490644491,0.52,0.4733038940184665
lstm,2,2,9,0.075,fixed horizon 50,186,55,131,1.0182709124407037,0.7021276595744681,0.6415094339622641,0.2978723404255319,0.469690887193898,0.02823529411764706,0.3766037735849056,0.971764705882353,0.6233962264150944,0.02121212121212121,0.67,0.4997992773986351
lstm,2,2,9,0.075,fixed horizon 100,186,55,131,1.1448588371942097,0.851063829787234,0.7358490566037735,0.14893617021276595,0.44239261340826974,0.12641025641025638,0.35716981132075476,0.8735897435897436,0.6428301886792452,0.16925,0.79,0.47089522280208745
lstm,2,2,9,0.075,fixed horizon 148,186,55,131,1.319271394178121,0.6170212765957447,0.5283018867924528,0.3829787234042553,0.45564030509835407,0.041747104247104254,0.49375318714941363,0.9582528957528957,0.5062468128505864,0.08946877912395153,0.57,0.4733038940184665
lstm,2,2,9,0.1,fixed horizon 50,186,55,131,0.9148902326126589,0.7021276595744681,0.6415094339622641,0.2978723404255319,0.469690887193898,0.01647058823529412,0.3690566037735849,0.9835294117647059,0.630943396226415,0.015151515151515152,0.67,0.4997992773986351
lstm,2,2,9,0.1,fixed horizon 100,186,55,131,1.1416614182480869,0.851063829787234,0.7358490566037735,0.14893617021276595,0.44239261340826974,0.12641025641025638,0.35716981132075476,0.8735897435897436,0.6428301886792452,0.16899999999999998,0.79,0.47089522280208745
lstm,2,2,9,0.1,fixed horizon 148,186,55,131,1.3529098793203382,0.7659574468085106,0.7358490566037735,0.23404255319148937,0.48494580489763145,0.2550242550242549,0.45181030086690466,0.744975744975745,0.5481896991330953,0.22128378378378377,0.75,0.4733038940184665
lstm,2,2,9,0.15,fixed horizon 50,186,55,131,0.8549342280276173,0.723404255319149,0.6792452830188679,0.2765957446808511,0.47792051384985945,0.01666666666666667,0.3320754716981132,0.9833333333333333,0.6679245283018869,0.011176470588235295,0.7,0.4997992773986351
lstm,2,2,9,0.15,fixed horizon 100,186,55,131,1.2804502432147733,0.8723404255319149,0.7547169811320755,0.1276595744680851,0.4411882778000803,0.19624999999999998,0.3933962264150944,0.80375,0.6066037735849056,0.304390243902439,0.81,0.47089522280208745
lstm,2,2,9,0.15,fixed horizon 148,186,55,131,1.345768164748849,0.9574468085106383,0.8490566037735849,0.0425531914893617,0.4458048976314733,0.2057057057057057,0.32559918408975014,0.7942942942942943,0.6744008159102499,0.20780780780780775,0.9,0.4733038940184665
lstm,2,2,9,0.2,fixed horizon 50,186,55,131,1.2291087392692308,0.7659574468085106,0.6792452830188679,0.23404255319148937,0.4566439181051786,0.03611111111111112,0.34528301886792445,0.9638888888888889,0.6547169811320755,0.05888888888888889,0.72,0.4997992773986351
lstm,2,2,9,0.2,fixed horizon 100,186,55,131,1.2806953575182547,0.9148936170212766,0.7924528301886793,0.0851063829787234,0.43877960658370135,0.16190476190476188,0.3358490566037737,0.8380952380952381,0.6641509433962263,0.23488372093023255,0.85,0.47089522280208745
lstm,2,2,9,0.2,fixed horizon 148,186,55,131,1.4383670210851962,0.9787234042553191,0.8301886792452831,0.02127659574468085,0.42573263749498197,0.20024570024570024,0.3360530341662418,0.7997542997542998,0.6639469658337582,0.22121034077555815,0.9,0.4733038940184665
lstm,2,2,9,0.3,fixed horizon 50,186,55,131,0.7637618799757271,0.8936170212765957,0.7735849056603774,0.10638297872340426,0.43998394219189085,0.008780487804878048,0.23320754716981132,0.9912195121951219,0.7667924528301887,0.03095238095238096,0.83,0.4997992773986351
lstm,2,2,9,0.3,fixed horizon 100,186,55,131,1.713760283478975,0.9574468085106383,0.8679245283018868,0.0425531914893617,0.45523885989562424,0.26456521739130434,0.3616981132075472,0.7354347826086957,0.6383018867924528,0.248,0.91,0.47089522280208745
lstm,2,2,9,0.3,fixed horizon 148,186,55,131,2.2700570287785817,0.9787234042553191,0.8867924528301887,0.02127659574468085,0.4540345242874348,0.27142035652673946,0.35390107088220296,0.7285796434732605,0.646098929117797,0.23795534665099885,0.93,0.4733038940184665
lstm,3,3,0,0.01,fixed horizon 50,200,60,140,1.1949046386357893,0.041666666666666664,0.15384615384615385,0.9583333333333334,0.5560897435897436,0.035,0.8515384615384615,0.965,0.14846153846153853,0.07,0.1,0.6786858974358975
lstm,3,3,0,0.01,fixed horizon 100,200,60,140,1.1949046386357893,0.041666666666666664,0.15384615384615385,0.9583333333333334,0.5560897435897436,0.0175,0.848846153846154,0.9825,0.15115384615384597,0.035,0.1,0.6606570512820513
lstm,3,3,0,0.01,fixed horizon 148,200,60,140,1.1949046386357893,0.041666666666666664,0.15384615384615385,0.9583333333333334,0.5560897435897436,0.011824324324324325,0.847972972972973,0.9881756756756757,0.15202702702702697,0.02364864864864865,0.1,0.7003205128205129
lstm,3,3,0,0.025,fixed horizon 50,200,60,140,1.1609050525158526,0.10416666666666667,0.17307692307692307,0.8958333333333334,0.5344551282051282,0.031111111111111114,0.8323076923076923,0.9688888888888889,0.1676923076923077,0.06799999999999999,0.14,0.6786858974358975
lstm,3,3,0,0.025,fixed horizon 100,200,60,140,1.1609050525158526,0.10416666666666667,0.17307692307692307,0.8958333333333334,0.5344551282051282,0.015555555555555557,0.8296153846153848,0.9844444444444445,0.17038461538461525,0.033999999999999996,0.14,0.6606570512820513
lstm,3,3,0,0.025,fixed horizon 148,200,60,140,1.1609050525158526,0.10416666666666667,0.17307692307692307,0.8958333333333334,0.5344551282051282,0.010510510510510511,0.8287422037422038,0.9894894894894894,0.17125779625779625,0.022972972972972974,0.14,0.7003205128205129
lstm,3,3,0,0.05,fixed horizon 50,200,60,140,1.363551357560092,0.16666666666666666,0.34615384615384615,0.8333333333333334,0.5897435897435898,0.27444444444444444,0.7488461538461538,0.7255555555555555,0.25115384615384617,0.3425,0.26,0.6786858974358975
lstm,3,3,0,0.05,fixed horizon 100,200,60,140,1.260204950814306,0.1875,0.36538461538461536,0.8125,0.5889423076923077,0.10263157894736843,0.6721153846153847,0.8973684210526316,0.32788461538461533,0.12666666666666668,0.28,0.6606570512820513
lstm,3,3,0,0.05,fixed horizon 148,200,60,140,1.260204950814306,0.1875,0.36538461538461536,0.8125,0.5889423076923077,0.06863442389758181,0.659693347193347,0.9313655761024182,0.34030665280665295,0.08558558558558559,0.28,0.7003205128205129
lstm,3,3,0,0.075,fixed horizon 50,200,60,140,1.3351364128001684,0.16666666666666666,0.34615384615384615,0.8333333333333334,0.5897435897435898,0.24777777777777776,0.7396153846153845,0.7522222222222222,0.26038461538461555,0.33,0.26,0.6786858974358975
lstm,3,3,0,0.075,fixed horizon 100,200,60,140,1.1976412811184518,0.20833333333333334,0.38461538461538464,0.7916666666666666,0.5881410256410257,0.07250000000000001,0.6432692307692309,0.9275,0.3567307692307691,0.163,0.3,0.6606570512820513
lstm,3,3,0,0.075,fixed horizon 148,200,60,140,1.180866680827229,0.20833333333333334,0.40384615384615385,0.7916666666666666,0.5977564102564102,0.06402831402831405,0.6220114345114346,0.935971685971686,0.3779885654885654,0.10270270270270272,0.31,0.7003205128205129
lstm,3,3,0,0.1,fixed horizon 50,200,60,140,1.3098514053897183,0.22916666666666666,0.46153846153846156,0.7708333333333334,0.6161858974358975,0.18000000000000002,0.6215384615384617,0.82,0.3784615384615383,0.1709090909090909,0.35,0.6786858974358975
lstm,3,3,0,0.1,fixed horizon 100,200,60,140,1.2026451746554558,0.3333333333333333,0.5,0.6666666666666666,0.5833333333333333,0.25499999999999995,0.6275000000000002,0.7450000000000001,0.37249999999999983,0.419375,0.42,0.6606570512820513
lstm,3,3,0,0.1,fixed horizon 148,200,60,140,1.9451320986723382,0.5416666666666666,0.8076923076923077,0.4583333333333333,0.6330128205128205,0.9285714285714286,0.9423076923076923,0.0714285714285714,0.05769230769230771,0.9365904365904366,0.68,0.7003205128205129
lstm,3,3,0,0.15,fixed horizon 50,200,60,140,1.0998235356307358,0.2916666666666667,0.5192307692307693,0.7083333333333334,0.6137820512820513,0.07777777777777778,0.5211538461538462,0.9222222222222223,0.4788461538461538,0.13142857142857142,0.41,0.6786858974358975
lstm,3,3,0,0.15,fixed horizon 100,200,60,140,1.3156519659413364,0.3958333333333333,0.6153846153846154,0.6041666666666666,0.609775641025641,0.445625,0.6588461538461536,0.5543750000000001,0.34115384615384636,0.5536842105263159,0.51,0.6606570512820513
lstm,3,3,0,0.15,fixed horizon 148,200,60,140,1.5278793310643888,0.625,0.9038461538461539,0.375,0.6394230769230769,0.5448533640023002,0.5886174636174636,0.4551466359976998,0.4113825363825364,0.633108108108108,0.77,0.7003205128205129
lstm,3,3,0,0.2,fixed horizon 50,200,60,140,1.0555598680583227,0.375,0.5961538461538461,0.625,0.6105769230769231,0.1464516129032258,0.49115384615384616,0.8535483870967742,0.5088461538461538,0.21222222222222223,0.49,0.6786858974358975
lstm,3,3,0,0.2,fixed horizon 100,200,60,140,1.267341846346397,0.5,0.7307692307692307,0.5,0.6153846153846154,0.3276315789473684,0.5086538461538462,0.6723684210526316,0.49134615384615377,0.4575,0.62,0.6606570512820513
lstm,3,3,0,0.2,fixed horizon 148,200,60,140,1.6854003370878776,0.625,0.8653846153846154,0.375,0.6201923076923077,0.4900900900900901,0.5587318087318087,0.5099099099099099,0.4412681912681913,0.5599099099099099,0.75,0.7003205128205129
lstm,3,3,0,0.3,fixed horizon 50,200,60,140,0.7735735893156469,0.5,0.6730769230769231,0.5,0.5865384615384616,0.06171428571428572,0.3684615384615384,0.9382857142857143,0.6315384615384616,0.1708333333333333,0.59,0.6786858974358975
lstm,3,3,0,0.3,fixed horizon 100,200,60,140,1.168693220779851,0.5833333333333334,0.8653846153846154,0.4166666666666667,0.6410256410256411,0.30933333333333335,0.40230769230769237,0.6906666666666667,0.5976923076923076,0.3642857142857143,0.73,0.6606570512820513
lstm,3,3,0,0.3,fixed horizon 148,200,60,140,1.4176468436955687,0.75,0.9615384615384616,0.25,0.6057692307692308,0.31567567567567567,0.341995841995842,0.6843243243243243,0.658004158004158,0.4172297297297297,0.86,0.7003205128205129
lstm,3,3,1,0.01,fixed horizon 50,200,60,140,1.3079252771061767,0.0625,0.17307692307692307,0.9375,0.5552884615384616,0.42000000000000004,0.8996153846153846,0.58,0.1003846153846154,0.46,0.12,0.6786858974358975
lstm,3,3,1,0.01,fixed horizon 100,200,60,140,1.3403470311049916,0.0,0.019230769230769232,1.0,0.5096153846153846,0.0,0.9807692307692307,1.0,0.019230769230769273,,0.01,0.6606570512820513
lstm,3,3,1,0.01,fixed horizon 148,200,60,140,1.3403470311049916,0.0,0.019230769230769232,1.0,0.5096153846153846,0.0,0.9807692307692307,1.0,0.019230769230769273,,0.01,0.7003205128205129
lstm,3,3,1,0.025,fixed horizon 50,200,60,140,1.2440829922694643,0.10416666666666667,0.3269230769230769,0.8958333333333334,0.6113782051282052,0.3176470588235295,0.7769230769230769,0.6823529411764705,0.22307692307692306,0.328,0.22,0.6786858974358975
lstm,3,3,1,0.025,fixed horizon 100,200,60,140,1.2592661496112203,0.10416666666666667,0.3076923076923077,0.8958333333333334,0.6017628205128205,0.1825,0.7484615384615384,0.8175,0.2515384615384616,0.186,0.21,0.6606570512820513
lstm,3,3,1,0.025,fixed horizon 148,200,60,140,1.2592661496112203,0.10416666666666667,0.3076923076923077,0.8958333333333334,0.6017628205128205,0.1233108108108108,0.7302494802494803,0.8766891891891893,0.26975051975051967,0.12567567567567567,0.21,0.7003205128205129
lstm,3,3,1,0.05,fixed horizon 50,200,60,140,1.2922495424962168,0.10416666666666667,0.3269230769230769,0.8958333333333334,0.6113782051282052,0.36235294117647066,0.7915384615384615,0.6376470588235293,0.20846153846153848,0.508,0.22,0.6786858974358975
lstm,3,3,1,0.05,fixed horizon 100,200,60,140,1.198014072629099,0.16666666666666666,0.36538461538461536,0.8333333333333334,0.5993589743589743,0.09736842105263159,0.6701923076923078,0.9026315789473685,0.32980769230769225,0.22499999999999998,0.27,0.6606570512820513
lstm,3,3,1,0.05,fixed horizon 148,200,60,140,1.198014072629099,0.16666666666666666,0.36538461538461536,0.8333333333333334,0.5993589743589743,0.06578947368421052,0.6586538461538463,0.9342105263157895,0.34134615384615374,0.15202702702702703,0.27,0.7003205128205129
lstm,3,3,1,0.075,fixed horizon 50,200,60,140,1.1691988184735518,0.20833333333333334,0.46153846153846156,0.7916666666666666,0.6266025641025641,0.045000000000000005,0.5592307692307692,0.955,0.4407692307692308,0.094,0.34,0.6786858974358975
lstm,3,3,1,0.075,fixed horizon 100,200,60,140,1.0927881342272263,0.3541666666666667,0.5384615384615384,0.6458333333333334,0.5921474358974359,0.22357142857142856,0.5819230769230769,0.7764285714285715,0.4180769230769231,0.3941176470588235,0.45,0.6606570512820513
lstm,3,3,1,0.075,fixed horizon 148,200,60,140,1.1886567433398958,0.3958333333333333,0.8076923076923077,0.6041666666666666,0.7059294871794872,0.48938223938223935,0.5875779625779626,0.5106177606177607,0.4124220374220374,0.4907539118065433,0.61,0.7003205128205129
lstm,3,3,1,0.1,fixed horizon 50,200,60,140,1.2165707173904619,0.20833333333333334,0.4423076923076923,0.7916666666666666,0.6169871794871795,0.04173913043478261,0.5761538461538461,0.9582608695652174,0.4238461538461539,0.092,0.33,0.6786858974358975
lstm,3,3,1,0.1,fixed horizon 100,200,60,140,1.0635218281595182,0.3958333333333333,0.5961538461538461,0.6041666666666666,0.6001602564102564,0.2796774193548387,0.5705769230769231,0.7203225806451613,0.4294230769230769,0.4257894736842105,0.5,0.6606570512820513
lstm,3,3,1,0.1,fixed horizon 148,200,60,140,1.2001080145999288,0.5,0.8269230769230769,0.5,0.6634615384615384,0.4985857950974229,0.5853690228690229,0.5014142049025772,0.4146309771309771,0.5520833333333334,0.67,0.7003205128205129
lstm,3,3,1,0.15,fixed horizon 50,200,60,140,1.1043698471948626,0.2916666666666667,0.5192307692307693,0.7083333333333334,0.6137820512820513,0.0725925925925926,0.5184615384615385,0.9274074074074075,0.48153846153846147,0.12142857142857143,0.41,0.6786858974358975
lstm,3,3,1,0.15,fixed horizon 100,200,60,140,1.223262747855446,0.4375,0.5961538461538461,0.5625,0.5793269230769231,0.425483870967742,0.6575,0.574516129032258,0.3425,0.5557142857142856,0.52,0.6606570512820513
lstm,3,3,1,0.15,fixed horizon 148,200,60,140,1.0048693757166822,0.6458333333333334,0.9038461538461539,0.3541666666666667,0.6290064102564102,0.3539390454284071,0.416060291060291,0.646060954571593,0.5839397089397089,0.47319093286835223,0.78,0.7003205128205129
lstm,3,3,1,0.2,fixed horizon 50,200,60,140,1.0824393960774363,0.375,0.5769230769230769,0.625,0.6009615384615384,0.128,0.4969230769230769,0.872,0.5030769230769231,0.20333333333333334,0.48,0.6786858974358975
lstm,3,3,1,0.2,fixed horizon 100,200,60,140,1.2966141863095622,0.4791666666666667,0.7115384615384616,0.5208333333333334,0.6161858974358975,0.3254054054054054,0.52,0.6745945945945946,0.48,0.4043478260869564,0.6,0.6606570512820513
lstm,3,3,1,0.2,fixed horizon 148,200,60,140,1.3003383015705414,0.6666666666666666,0.9038461538461539,0.3333333333333333,0.6185897435897436,0.37507188039102934,0.43516112266112267,0.6249281196089707,0.5648388773388773,0.49662162162162166,0.79,0.7003205128205129
lstm,3,3,1,0.3,fixed horizon 50,200,60,140,1.0404940932012263,0.4375,0.6730769230769231,0.5625,0.6177884615384616,0.07885714285714285,0.37999999999999995,0.9211428571428572,0.6200000000000001,0.15142857142857147,0.56,0.6786858974358975
lstm,3,3,1,0.3,fixed horizon 100,200,60,140,1.153805816240796,0.5833333333333334,0.8846153846153846,0.4166666666666667,0.6506410256410257,0.29608695652173916,0.37730769230769223,0.7039130434782608,0.6226923076923078,0.3575000000000001,0.74,0.6606570512820513
lstm,3,3,1,0.3,fixed horizon 148,200,60,140,1.227849111309831,0.8125,0.9615384615384616,0.1875,0.5745192307692308,0.30405405405405406,0.3308212058212058,0.6959459459459459,0.6691787941787942,0.4132016632016632,0.89,0.7003205128205129
lstm,3,3,2,0.01,fixed horizon 50,200,60,140,1.08961355065403,0.020833333333333332,0.09615384615384616,0.9791666666666666,0.5376602564102564,0.032,0.9069230769230768,0.968,0.09307692307692317,0.14,0.06,0.6786858974358975
lstm,3,3,2,0.01,fixed horizon 100,200,60,140,1.1548830363524785,0.0625,0.17307692307692307,0.9375,0.5552884615384616,0.6599999999999999,0.9411538461538462,0.3400000000000001,0.05884615384615377,0.9833333333333334,0.12,0.6606570512820513
lstm,3,3,2,0.01,fixed horizon 148,200,60,140,1.1748236352712276,0.125,0.15384615384615385,0.875,0.5144230769230769,0.5152027027027027,0.9254158004158004,0.48479729729729726,0.0745841995841996,0.6914414414414414,0.14,0.7003205128205129
lstm,3,3,2,0.025,fixed horizon 50,200,60,140,1.0213132507989349,0.125,0.25,0.875,0.5625,0.06307692307692309,0.7657692307692306,0.936923076923077,0.23423076923076935,0.08,0.19,0.6786858974358975
lstm,3,3,2,0.025,fixed horizon 100,200,60,140,1.1105596140963552,0.25,0.3269230769230769,0.75,0.5384615384615384,0.79,0.9313461538461539,0.20999999999999996,0.06865384615384607,0.8891666666666667,0.29,0.6606570512820513
lstm,3,3,2,0.025,fixed horizon 148,200,60,140,1.1321975664826864,0.22916666666666666,0.36538461538461536,0.7708333333333334,0.5681089743589743,0.5615220483641536,0.8397869022869023,0.43847795163584635,0.16021309771309766,0.6621621621621622,0.3,0.7003205128205129
lstm,3,3,2,0.05,fixed horizon 50,200,60,140,1.2729717132144938,0.20833333333333334,0.40384615384615385,0.7916666666666666,0.5977564102564102,0.06952380952380953,0.6242307692307694,0.9304761904761905,0.37576923076923063,0.10600000000000001,0.31,0.6786858974358975
lstm,3,3,2,0.05,fixed horizon 100,200,60,140,1.2729717132144938,0.20833333333333334,0.40384615384615385,0.7916666666666666,0.5977564102564102,0.034761904761904765,0.6101923076923078,0.9652380952380952,0.3898076923076922,0.053000000000000005,0.31,0.6606570512820513
lstm,3,3,2,0.05,fixed horizon 148,200,60,140,1.23472206538448,0.2916666666666667,0.5,0.7083333333333334,0.6041666666666667,0.6676195426195426,0.8338097713097713,0.3323804573804574,0.1661902286902287,0.6843629343629344,0.4,0.7003205128205129
lstm,3,3,2,0.075,fixed horizon 50,200,60,140,1.260487774985487,0.22916666666666666,0.4230769230769231,0.7708333333333334,0.5969551282051282,0.09090909090909091,0.6153846153846154,0.9090909090909091,0.3846153846153846,0.1490909090909091,0.33,0.6786858974358975
lstm,3,3,2,0.075,fixed horizon 100,200,60,140,1.3085480861154453,0.3958333333333333,0.5961538461538461,0.6041666666666666,0.6001602564102564,0.3235483870967742,0.5967307692307693,0.6764516129032259,0.4032692307692307,0.4605263157894737,0.5,0.6606570512820513
lstm,3,3,2,0.075,fixed horizon 148,200,60,140,1.3085480861154453,0.4375,0.6730769230769231,0.5625,0.6177884615384616,0.27779922779922783,0.5139033264033265,0.7222007722007722,0.4860966735966735,0.3545688545688546,0.56,0.7003205128205129
lstm,3,3,2,0.1,fixed horizon 50,200,60,140,1.412544371607834,0.1875,0.40384615384615385,0.8125,0.6081730769230769,0.13142857142857145,0.6492307692307693,0.8685714285714285,0.3507692307692307,0.1488888888888889,0.3,0.6786858974358975
lstm,3,3,2,0.1,fixed horizon 100,200,60,140,1.3154940097852148,0.3958333333333333,0.6153846153846154,0.6041666666666666,0.609775641025641,0.323125,0.5834615384615385,0.676875,0.4165384615384615,0.4326315789473685,0.51,0.6606570512820513
lstm,3,3,2,0.1,fixed horizon 148,200,60,140,1.8132619451789087,0.4791666666666667,0.7692307692307693,0.5208333333333334,0.6450320512820513,0.7638513513513513,0.8183471933471934,0.2361486486486487,0.1816528066528066,0.7397179788484137,0.63,0.7003205128205129
lstm,3,3,2,0.15,fixed horizon 50,200,60,140,1.2068015452706682,0.2916666666666667,0.5,0.7083333333333334,0.6041666666666667,0.09000000000000001,0.545,0.91,0.45499999999999996,0.15857142857142859,0.4,0.6786858974358975
lstm,3,3,2,0.15,fixed horizon 100,200,60,140,1.9739068948386553,0.3541666666666667,0.5,0.6458333333333334,0.5729166666666667,0.4392307692307693,0.7196153846153847,0.5607692307692307,0.28038461538461534,0.5311764705882354,0.43,0.6606570512820513
lstm,3,3,2,0.15,fixed horizon 148,200,60,140,2.1194793776922647,0.4583333333333333,0.6923076923076923,0.5416666666666666,0.6169871794871795,0.5992867867867867,0.7225831600831601,0.4007132132132133,0.27741683991683985,0.5506756756756758,0.58,0.7003205128205129
lstm,3,3,2,0.2,fixed horizon 50,200,60,140,1.1452347757423027,0.3958333333333333,0.5961538461538461,0.6041666666666666,0.6001602564102564,0.15741935483870967,0.49769230769230766,0.8425806451612903,0.5023076923076923,0.25052631578947365,0.5,0.6786858974358975
lstm,3,3,2,0.2,fixed horizon 100,200,60,140,1.5831856886423201,0.4583333333333333,0.6923076923076923,0.5416666666666666,0.6169871794871795,0.34083333333333327,0.5436538461538463,0.6591666666666667,0.45634615384615373,0.4204545454545455,0.58,0.6606570512820513
lstm,3,3,2,0.2,fixed horizon 148,200,60,140,2.363047643363947,0.6041666666666666,0.8653846153846154,0.3958333333333333,0.6306089743589743,0.46186186186186184,0.5343035343035343,0.5381381381381382,0.4656964656964657,0.5260950605778192,0.74,0.7003205128205129
lstm,3,3,2,0.3,fixed horizon 50,200,60,140,1.061553962510764,0.4791666666666667,0.6346153846153846,0.5208333333333334,0.577724358974359,0.10848484848484849,0.43423076923076925,0.8915151515151515,0.5657692307692308,0.21565217391304348,0.56,0.6786858974358975
lstm,3,3,2,0.3,fixed horizon 100,200,60,140,1.5193276125681627,0.5833333333333334,0.8269230769230769,0.4166666666666667,0.6217948717948718,0.33999999999999997,0.45423076923076927,0.66,0.5457692307692308,0.38464285714285706,0.71,0.6606570512820513
lstm,3,3,2,0.3,fixed horizon 148,200,60,140,1.9418254640170445,0.7291666666666666,0.9423076923076923,0.2708333333333333,0.6065705128205128,0.37134583563154994,0.40761434511434513,0.62865416436845,0.5923856548856549,0.4297297297297298,0.84,0.7003205128205129
lstm,3,3,3,0.01,fixed horizon 50,200,60,140,1.198078455920963,0.020833333333333332,0.07692307692307693,0.9791666666666666,0.5280448717948718,0.56,0.9661538461538461,0.43999999999999995,0.03384615384615386,0.74,0.05,0.6786858974358975
lstm,3,3,3,0.01,fixed horizon 100,200,60,140,1.238163404248541,0.0,0.019230769230769232,1.0,0.5096153846153846,0.0,0.9807692307692307,1.0,0.019230769230769273,,0.01,0.6606570512820513
lstm,3,3,3,0.01,fixed horizon 148,200,60,140,1.238163404248541,0.0,0.019230769230769232,1.0,0.5096153846153846,0.0,0.9807692307692307,1.0,0.019230769230769273,,0.01,0.7003205128205129
lstm,3,3,3,0.025,fixed horizon 50,200,60,140,1.1385426674994756,0.08333333333333333,0.28846153846153844,0.9166666666666666,0.6025641025641025,0.4866666666666667,0.8519230769230769,0.5133333333333333,0.1480769230769231,0.565,0.19,0.6786858974358975
lstm,3,3,3,0.025,fixed horizon 100,200,60,140,1.1680728460883254,0.08333333333333333,0.28846153846153844,0.9166666666666666,0.6025641025641025,0.3453333333333334,0.811153846153846,0.6546666666666666,0.188846153846154,0.365,0.19,0.6606570512820513
lstm,3,3,3,0.025,fixed horizon 148,200,60,140,1.1680728460883254,0.08333333333333333,0.28846153846153844,0.9166666666666666,0.6025641025641025,0.23333333333333336,0.7788461538461539,0.7666666666666666,0.22115384615384615,0.2466216216216216,0.19,0.7003205128205129
lstm,3,3,3,0.05,fixed horizon 50,200,60,140,1.3155752114379147,0.16666666666666666,0.3269230769230769,0.8333333333333334,0.5801282051282052,0.44823529411764707,0.8196153846153847,0.5517647058823529,0.18038461538461525,0.5125,0.25,0.6786858974358975
lstm,3,3,3,0.05,fixed horizon 100,200,60,140,1.245100759681972,0.14583333333333334,0.3269230769230769,0.8541666666666666,0.5905448717948718,0.17882352941176471,0.7315384615384618,0.8211764705882353,0.2684615384615382,0.31142857142857144,0.24,0.6606570512820513
lstm,3,3,3,0.05,fixed horizon 148,200,60,140,1.1000838002867115,0.16666666666666666,0.4230769230769231,0.8333333333333334,0.6282051282051282,0.3068181818181818,0.7067307692307694,0.6931818181818181,0.2932692307692306,0.2905405405405405,0.3,0.7003205128205129
lstm,3,3,3,0.075,fixed horizon 50,200,60,140,1.3175608871217726,0.20833333333333334,0.40384615384615385,0.7916666666666666,0.5977564102564102,0.11619047619047619,0.6430769230769232,0.8838095238095238,0.3569230769230768,0.146,0.31,0.6786858974358975
lstm,3,3,3,0.075,fixed horizon 100,200,60,140,1.170594442935624,0.22916666666666666,0.4423076923076923,0.7708333333333334,0.6065705128205128,0.19043478260869562,0.6419230769230772,0.8095652173913044,0.35807692307692285,0.2136363636363636,0.34,0.6606570512820513
lstm,3,3,3,0.075,fixed horizon 148,200,60,140,1.0807385280563548,0.4375,0.8076923076923077,0.5625,0.6850961538461539,0.5714285714285714,0.653846153846154,0.4285714285714286,0.34615384615384603,0.6071428571428571,0.63,0.7003205128205129
lstm,3,3,3,0.1,fixed horizon 50,200,60,140,1.2919791080031073,0.22916666666666666,0.4423076923076923,0.7708333333333334,0.6065705128205128,0.1486956521739131,0.6234615384615385,0.8513043478260869,0.3765384615384615,0.16363636363636366,0.34,0.6786858974358975
lstm,3,3,3,0.1,fixed horizon 100,200,60,140,1.1849551276045718,0.3541666666666667,0.5,0.6458333333333334,0.5729166666666667,0.27230769230769236,0.6361538461538461,0.7276923076923076,0.36384615384615393,0.4152941176470588,0.43,0.6606570512820513
lstm,3,3,3,0.1,fixed horizon 148,200,60,140,1.090840486004239,0.5416666666666666,0.8076923076923077,0.4583333333333333,0.6330128205128205,0.5246138996138995,0.6160343035343037,0.4753861003861005,0.38396569646569634,0.5912162162162162,0.68,0.7003205128205129
lstm,3,3,3,0.15,fixed horizon 50,200,60,140,1.9670087299345917,0.25,0.4423076923076923,0.75,0.5961538461538461,0.5121739130434784,0.7842307692307693,0.48782608695652163,0.2157692307692307,0.53,0.35,0.6786858974358975
lstm,3,3,3,0.15,fixed horizon 100,200,60,140,1.2522883469067518,0.375,0.6153846153846154,0.625,0.6201923076923077,0.26875,0.55,0.73125,0.44999999999999996,0.365,0.5,0.6606570512820513
lstm,3,3,3,0.15,fixed horizon 148,200,60,140,1.98745708801677,0.5625,0.8269230769230769,0.4375,0.6322115384615384,0.874764299182904,0.8964397089397089,0.125235700817096,0.10356029106029108,0.876876876876877,0.7,0.7003205128205129
lstm,3,3,3,0.2,fixed horizon 50,200,60,140,1.501397007678449,0.375,0.5384615384615384,0.625,0.5817307692307692,0.22214285714285714,0.5811538461538461,0.7778571428571428,0.41884615384615387,0.3144444444444444,0.46,0.6786858974358975
lstm,3,3,3,0.2,fixed horizon 100,200,60,140,1.2871388099418672,0.4791666666666667,0.7307692307692307,0.5208333333333334,0.625801282051282,0.33289473684210524,0.5125,0.6671052631578948,0.48750000000000004,0.44695652173913025,0.61,0.6606570512820513
lstm,3,3,3,0.2,fixed horizon 148,200,60,140,2.058238437806916,0.6041666666666666,0.8269230769230769,0.3958333333333333,0.6113782051282051,0.5025141420490259,0.5886174636174637,0.4974858579509741,0.4113825363825363,0.592264678471575,0.72,0.7003205128205129
lstm,3,3,3,0.3,fixed horizon 50,200,60,140,1.3428137876900696,0.4791666666666667,0.6538461538461539,0.5208333333333334,0.5873397435897436,0.16294117647058826,0.4526923076923077,0.8370588235294117,0.5473076923076923,0.2278260869565218,0.57,0.6786858974358975
lstm,3,3,3,0.3,fixed horizon 100,200,60,140,1.4396873874632339,0.5208333333333334,0.7692307692307693,0.4791666666666667,0.624198717948718,0.2655,0.43499999999999994,0.7344999999999999,0.5650000000000001,0.27759999999999996,0.65,0.6606570512820513
lstm,3,3,3,0.3,fixed horizon 148,200,60,140,1.6660561057188568,0.7291666666666666,0.9423076923076923,0.2708333333333333,0.6065705128205128,0.361003861003861,0.3978690228690228,0.6389961389961389,0.6021309771309772,0.4326254826254826,0.84,0.7003205128205129
lstm,3,3,4,0.01,fixed horizon 50,200,60,140,1.4412366101054086,0.0625,0.17307692307692307,0.9375,0.5552884615384616,0.4466666666666666,0.9042307692307692,0.5533333333333335,0.09576923076923083,0.5066666666666667,0.12,0.6786858974358975
lstm,3,3,4,0.01,fixed horizon 100,200,60,140,1.490746190813388,0.041666666666666664,0.11538461538461539,0.9583333333333334,0.5368589743589743,0.5333333333333333,0.9461538461538462,0.4666666666666667,0.053846153846153766,0.64,0.08,0.6606570512820513
lstm,3,3,4,0.01,fixed horizon 148,200,60,140,1.490746190813388,0.041666666666666664,0.11538461538461539,0.9583333333333334,0.5368589743589743,0.3603603603603604,0.9261954261954262,0.6396396396396395,0.07380457380457384,0.43243243243243246,0.08,0.7003205128205129
lstm,3,3,4,0.025,fixed horizon 50,200,60,140,1.3424544902472555,0.08333333333333333,0.3076923076923077,0.9166666666666666,0.6121794871794872,0.44625,0.8296153846153846,0.55375,0.17038461538461536,0.46499999999999997,0.2,0.6786858974358975
lstm,3,3,4,0.025,fixed horizon 100,200,60,140,1.4385685911534127,0.10416666666666667,0.2692307692307692,0.8958333333333334,0.5825320512820513,0.37142857142857144,0.8307692307692308,0.6285714285714286,0.16923076923076918,0.406,0.19,0.6606570512820513
lstm,3,3,4,0.025,fixed horizon 148,200,60,140,1.4385685911534127,0.10416666666666667,0.2692307692307692,0.8958333333333334,0.5825320512820513,0.25096525096525096,0.7983367983367984,0.7490347490347491,0.20166320166320162,0.27432432432432435,0.19,0.7003205128205129
lstm,3,3,4,0.05,fixed horizon 50,200,60,140,1.160975643937551,0.1875,0.38461538461538464,0.8125,0.5985576923076923,0.146,0.6715384615384614,0.854,0.3284615384615386,0.17555555555555558,0.29,0.6786858974358975
lstm,3,3,4,0.05,fixed horizon 100,200,60,140,1.3092237372517572,0.125,0.3269230769230769,0.875,0.6009615384615384,0.19470588235294117,0.7367307692307693,0.8052941176470588,0.2632692307692307,0.37000000000000005,0.23,0.6606570512820513
lstm,3,3,4,0.05,fixed horizon 148,200,60,140,1.3092237372517572,0.125,0.3269230769230769,0.875,0.6009615384615384,0.13155802861685215,0.7160862785862785,0.8684419713831478,0.2839137214137215,0.25,0.23,0.7003205128205129
lstm,3,3,4,0.075,fixed horizon 50,200,60,140,1.1804446501395927,0.22916666666666666,0.4230769230769231,0.7708333333333334,0.5969551282051282,0.20999999999999996,0.6657692307692309,0.79,0.3342307692307691,0.27636363636363637,0.33,0.6786858974358975
lstm,3,3,4,0.075,fixed horizon 100,200,60,140,1.2277284202096534,0.2708333333333333,0.4423076923076923,0.7291666666666666,0.5857371794871795,0.3408695652173913,0.7084615384615385,0.6591304347826087,0.2915384615384615,0.5361538461538462,0.36,0.6606570512820513
lstm,3,3,4,0.075,fixed horizon 148,200,60,140,1.2001231568097293,0.2708333333333333,0.4230769230769231,0.7291666666666666,0.5761217948717948,0.15601965601965603,0.642931392931393,0.8439803439803439,0.357068607068607,0.29365904365904366,0.35,0.7003205128205129
lstm,3,3,4,0.1,fixed horizon 50,200,60,140,1.0282192320478802,0.25,0.5192307692307693,0.75,0.6346153846153846,0.08962962962962964,0.5273076923076924,0.9103703703703704,0.47269230769230763,0.1416666666666667,0.39,0.6786858974358975
lstm,3,3,4,0.1,fixed horizon 100,200,60,140,1.354663128659068,0.3333333333333333,0.4807692307692308,0.6666666666666666,0.5737179487179487,0.4644,0.7424999999999998,0.5356000000000001,0.2575000000000002,0.6543749999999999,0.41,0.6606570512820513
lstm,3,3,4,0.1,fixed horizon 148,200,60,140,1.222085555463929,0.4791666666666667,0.7692307692307693,0.5208333333333334,0.6450320512820513,0.4719594594594595,0.5938149688149688,0.5280405405405405,0.40618503118503124,0.5282021151586369,0.63,0.7003205128205129
lstm,3,3,4,0.15,fixed horizon 50,200,60,140,1.0910789935090568,0.2916666666666667,0.5,0.7083333333333334,0.6041666666666667,0.07692307692307693,0.5384615384615384,0.9230769230769231,0.46153846153846156,0.1357142857142857,0.4,0.6786858974358975
lstm,3,3,4,0.15,fixed horizon 100,200,60,140,1.299937887080384,0.4375,0.6153846153846154,0.5625,0.5889423076923077,0.4575,0.666153846153846,0.5425,0.333846153846154,0.5914285714285715,0.53,0.6606570512820513
lstm,3,3,4,0.15,fixed horizon 148,200,60,140,0.9930616917539736,0.6458333333333334,0.8846153846153846,0.3541666666666667,0.6193910256410257,0.35898942420681557,0.4329521829521829,0.6410105757931844,0.567047817047817,0.4888840453356582,0.77,0.7003205128205129
lstm,3,3,4,0.2,fixed horizon 50,200,60,140,1.297663113893359,0.3958333333333333,0.5576923076923077,0.6041666666666666,0.5809294871794872,0.18482758620689654,0.5453846153846154,0.8151724137931035,0.45461538461538464,0.3,0.48,0.6786858974358975
lstm,3,3,4,0.2,fixed horizon 100,200,60,140,1.3484346977363724,0.5,0.7307692307692307,0.5,0.6153846153846154,0.3036842105263158,0.49115384615384616,0.6963157894736842,0.5088461538461538,0.3854166666666667,0.62,0.6606570512820513
lstm,3,3,4,0.2,fixed horizon 148,200,60,140,0.9490590901586257,0.6666666666666666,0.9230769230769231,0.3333333333333333,0.6282051282051282,0.31432995495495497,0.36707380457380456,0.685670045045045,0.6329261954261954,0.4486908783783784,0.8,0.7003205128205129
lstm,3,3,4,0.3,fixed horizon 50,200,60,140,1.1902194878383312,0.4583333333333333,0.6153846153846154,0.5416666666666666,0.578525641025641,0.12375,0.4607692307692307,0.87625,0.5392307692307693,0.2372727272727273,0.54,0.6786858974358975
lstm,3,3,4,0.3,fixed horizon 100,200,60,140,1.3533424859460812,0.6041666666666666,0.8269230769230769,0.3958333333333333,0.6113782051282051,0.3023255813953488,0.4230769230769231,0.6976744186046512,0.5769230769230769,0.30482758620689654,0.72,0.6606570512820513
lstm,3,3,4,0.3,fixed horizon 148,200,60,140,1.2987575785920225,0.7083333333333334,0.9230769230769231,0.2916666666666667,0.6073717948717949,0.27787162162162166,0.33341995841995836,0.7221283783783783,0.6665800415800416,0.30624006359300476,0.82,0.7003205128205129
lstm,3,3,5,0.01,fixed horizon 50,200,60,140,1.0465257807722064,0.08333333333333333,0.25,0.9166666666666666,0.5833333333333333,0.6507692307692309,0.9126923076923076,0.3492307692307691,0.08730769230769242,0.72,0.17,0.6786858974358975
lstm,3,3,5,0.01,fixed horizon 100,200,60,140,1.065319735116221,0.10416666666666667,0.21153846153846154,0.8958333333333334,0.5536858974358975,0.4636363636363636,0.8865384615384616,0.5363636363636364,0.11346153846153839,0.514,0.16,0.6606570512820513
lstm,3,3,5,0.01,fixed horizon 148,200,60,140,1.070537572057652,0.14583333333333334,0.23076923076923078,0.8541666666666666,0.5424679487179487,0.3507882882882883,0.8501819126819126,0.6492117117117118,0.14981808731808743,0.613899613899614,0.19,0.7003205128205129
lstm,3,3,5,0.025,fixed horizon 50,200,60,140,0.8773335977849988,0.16666666666666666,0.38461538461538464,0.8333333333333334,0.608974358974359,0.16699999999999998,0.6796153846153847,0.833,0.32038461538461527,0.14250000000000002,0.28,0.6786858974358975
lstm,3,3,5,0.025,fixed horizon 100,200,60,140,0.9882667295951788,0.2916666666666667,0.40384615384615385,0.7083333333333334,0.5560897435897436,0.43523809523809526,0.7719230769230768,0.5647619047619048,0.22807692307692318,0.7071428571428571,0.35,0.6606570512820513
lstm,3,3,5,0.025,fixed horizon 148,200,60,140,1.0060854851912435,0.375,0.6153846153846154,0.625,0.6201923076923077,0.4704391891891892,0.674116424116424,0.5295608108108107,0.32588357588357597,0.5536786786786787,0.5,0.7003205128205129
lstm,3,3,5,0.05,fixed horizon 50,200,60,140,0.8692386441877882,0.20833333333333334,0.4230769230769231,0.7916666666666666,0.6073717948717948,0.051818181818181826,0.5988461538461538,0.9481818181818181,0.4011538461538462,0.088,0.32,0.6786858974358975
lstm,3,3,5,0.05,fixed horizon 100,200,60,140,0.9583404140825015,0.3541666666666667,0.5384615384615384,0.6458333333333334,0.5921474358974359,0.3046428571428571,0.6255769230769233,0.6953571428571429,0.37442307692307675,0.4105882352941177,0.45,0.6606570512820513
lstm,3,3,5,0.05,fixed horizon 148,200,60,140,0.9725786463635263,0.5208333333333334,0.7884615384615384,0.4791666666666667,0.6338141025641025,0.4042518127883982,0.5302754677754677,0.5957481872116017,0.46972453222453225,0.442972972972973,0.66,0.7003205128205129
lstm,3,3,5,0.075,fixed horizon 50,200,60,140,0.8403892719030551,0.20833333333333334,0.4423076923076923,0.7916666666666666,0.6169871794871795,0.04086956521739131,0.5757692307692308,0.9591304347826087,0.4242307692307692,0.08,0.33,0.6786858974358975
lstm,3,3,5,0.075,fixed horizon 100,200,60,140,0.9751197695554227,0.3541666666666667,0.5576923076923077,0.6458333333333334,0.6017628205128205,0.3220689655172414,0.6219230769230771,0.6779310344827586,0.37807692307692287,0.38882352941176473,0.46,0.6606570512820513
lstm,3,3,5,0.075,fixed horizon 148,200,60,140,1.0027343589030226,0.4791666666666667,0.7307692307692307,0.5208333333333334,0.625801282051282,0.36735419630156474,0.5376819126819126,0.6326458036984353,0.46231808731808743,0.41891891891891886,0.61,0.7003205128205129
lstm,3,3,5,0.1,fixed horizon 50,200,60,140,0.943046304786462,0.25,0.5,0.75,0.625,0.10384615384615385,0.5519230769230768,0.8961538461538462,0.44807692307692315,0.16,0.38,0.6786858974358975
lstm,3,3,5,0.1,fixed horizon 100,200,60,140,1.0593652443490138,0.3541666666666667,0.5576923076923077,0.6458333333333334,0.6017628205128205,0.2648275862068965,0.59,0.7351724137931035,0.41000000000000003,0.38176470588235295,0.46,0.6606570512820513
lstm,3,3,5,0.1,fixed horizon 148,200,60,140,0.9526376566340439,0.6041666666666666,0.8653846153846154,0.3958333333333333,0.6306089743589743,0.40945945945945944,0.48895530145530136,0.5905405405405406,0.5110446985446986,0.48275862068965525,0.74,0.7003205128205129
lstm,3,3,5,0.15,fixed horizon 50,200,60,140,1.058085541969213,0.3125,0.5384615384615384,0.6875,0.6129807692307692,0.1385714285714286,0.5361538461538461,0.8614285714285714,0.4638461538461539,0.18266666666666667,0.43,0.6786858974358975
lstm,3,3,5,0.15,fixed horizon 100,200,60,140,1.2675220814873982,0.4583333333333333,0.6153846153846154,0.5416666666666666,0.578525641025641,0.4721875,0.6751923076923079,0.5278125,0.32480769230769213,0.5904545454545455,0.54,0.6606570512820513
lstm,3,3,5,0.15,fixed horizon 148,200,60,140,0.9073340285912445,0.6458333333333334,0.9038461538461539,0.3541666666666667,0.6290064102564102,0.34430707303047725,0.4073544698544698,0.6556929269695227,0.5926455301455302,0.4618570183086313,0.78,0.7003205128205129
lstm,3,3,5,0.2,fixed horizon 50,200,60,140,0.9231240669872577,0.4166666666666667,0.5961538461538461,0.5833333333333334,0.5897435897435898,0.1535483870967742,0.49538461538461537,0.8464516129032258,0.5046153846153847,0.22799999999999998,0.51,0.6786858974358975
lstm,3,3,5,0.2,fixed horizon 100,200,60,140,1.151635272282885,0.5,0.75,0.5,0.625,0.3258974358974359,0.49442307692307697,0.6741025641025641,0.505576923076923,0.3841666666666666,0.63,0.6606570512820513
lstm,3,3,5,0.2,fixed horizon 148,200,60,140,0.9602002976358402,0.7291666666666666,0.9615384615384616,0.2708333333333333,0.6161858974358975,0.374054054054054,0.39812889812889807,0.625945945945946,0.6018711018711019,0.4945945945945946,0.85,0.7003205128205129
lstm,3,3,5,0.3,fixed horizon 50,200,60,140,0.5324088337497314,0.5208333333333334,0.6923076923076923,0.4791666666666667,0.5857371794871795,0.07166666666666667,0.35730769230769227,0.9283333333333333,0.6426923076923077,0.168,0.61,0.6786858974358975
lstm,3,3,5,0.3,fixed horizon 100,200,60,140,0.7897708457356304,0.6041666666666666,0.8846153846153846,0.3958333333333333,0.6402243589743589,0.28500000000000003,0.36750000000000005,0.715,0.6325,0.28172413793103446,0.75,0.6606570512820513
lstm,3,3,5,0.3,fixed horizon 148,200,60,140,0.9082811869724691,0.7708333333333334,0.9615384615384616,0.22916666666666666,0.5953525641025641,0.29013513513513517,0.31743762993763,0.7098648648648649,0.68256237006237,0.37600438276113957,0.87,0.7003205128205129
lstm,3,3,6,0.01,fixed horizon 50,200,60,140,1.1730804572177056,0.0,0.038461538461538464,1.0,0.5192307692307693,0.01,0.9619230769230769,0.99,0.03807692307692312,,0.02,0.6786858974358975
lstm,3,3,6,0.01,fixed horizon 100,200,60,140,1.1730804572177056,0.0,0.038461538461538464,1.0,0.5192307692307693,0.005,0.9617307692307692,0.995,0.03826923076923083,,0.02,0.6606570512820513
lstm,3,3,6,0.01,fixed horizon 148,200,60,140,1.1730804572177056,0.0,0.038461538461538464,1.0,0.5192307692307693,0.0033783783783783786,0.9616683991683992,0.9966216216216216,0.03833160083160081,,0.02,0.7003205128205129
lstm,3,3,6,0.025,fixed horizon 50,200,60,140,1.0557951888319306,0.041666666666666664,0.15384615384615385,0.9583333333333334,0.5560897435897436,0.017499999999999998,0.848846153846154,0.9825,0.15115384615384597,0.05,0.1,0.6786858974358975
lstm,3,3,6,0.025,fixed horizon 100,200,60,140,1.0819996768386089,0.0625,0.17307692307692307,0.9375,0.5552884615384616,0.42,0.8996153846153845,0.5800000000000001,0.10038461538461552,0.94,0.12,0.6606570512820513
lstm,3,3,6,0.025,fixed horizon 148,200,60,140,1.0864882901066595,0.041666666666666664,0.15384615384615385,0.9583333333333334,0.5560897435897436,0.24070945945945943,0.8831860706860707,0.7592905405405406,0.11681392931392931,0.6587837837837838,0.1,0.7003205128205129
lstm,3,3,6,0.05,fixed horizon 50,200,60,140,1.2299876078945406,0.1875,0.4230769230769231,0.8125,0.6177884615384616,0.060000000000000005,0.6023076923076923,0.94,0.3976923076923077,0.04444444444444444,0.31,0.6786858974358975
lstm,3,3,6,0.05,fixed horizon 100,200,60,140,1.2717208002260931,0.22916666666666666,0.40384615384615385,0.7708333333333334,0.5873397435897436,0.036666666666666674,0.6109615384615384,0.9633333333333334,0.38903846153846156,0.14818181818181816,0.32,0.6606570512820513
lstm,3,3,6,0.05,fixed horizon 148,200,60,140,1.2717208002260931,0.22916666666666666,0.40384615384615385,0.7708333333333334,0.5873397435897436,0.02477477477477477,0.6061590436590436,0.9752252252252253,0.3938409563409564,0.10012285012285012,0.32,0.7003205128205129
lstm,3,3,6,0.075,fixed horizon 50,200,60,140,1.17134285071163,0.20833333333333334,0.4423076923076923,0.7916666666666666,0.6169871794871795,0.04173913043478262,0.5761538461538461,0.9582608695652174,0.4238461538461539,0.08600000000000001,0.33,0.6786858974358975
lstm,3,3,6,0.075,fixed horizon 100,200,60,140,1.2064511931289428,0.22916666666666666,0.4423076923076923,0.7708333333333334,0.6065705128205128,0.026086956521739136,0.5692307692307692,0.9739130434782609,0.4307692307692308,0.10636363636363635,0.34,0.6606570512820513
lstm,3,3,6,0.075,fixed horizon 148,200,60,140,1.2064511931289428,0.22916666666666666,0.4423076923076923,0.7708333333333334,0.6065705128205128,0.017626321974148058,0.5654885654885655,0.982373678025852,0.4345114345114345,0.07186732186732187,0.34,0.7003205128205129
lstm,3,3,6,0.1,fixed horizon 50,200,60,140,1.2204103980253438,0.22916666666666666,0.5,0.7708333333333334,0.6354166666666667,0.10230769230769231,0.5511538461538461,0.8976923076923077,0.4488461538461539,0.11636363636363639,0.37,0.6786858974358975
lstm,3,3,6,0.1,fixed horizon 100,200,60,140,1.1638173277386308,0.25,0.5,0.75,0.625,0.11692307692307691,0.5584615384615386,0.8830769230769231,0.44153846153846144,0.1525,0.38,0.6606570512820513
lstm,3,3,6,0.1,fixed horizon 148,200,60,140,1.2847133767856014,0.5208333333333334,0.8269230769230769,0.4791666666666667,0.6530448717948718,0.4566310496543054,0.5506756756756757,0.5433689503456947,0.44932432432432434,0.537027027027027,0.68,0.7003205128205129
lstm,3,3,6,0.15,fixed horizon 50,200,60,140,1.3605256464716065,0.25,0.4807692307692308,0.75,0.6153846153846154,0.10800000000000001,0.5711538461538461,0.892,0.4288461538461539,0.1216666666666667,0.37,0.6786858974358975
lstm,3,3,6,0.15,fixed horizon 100,200,60,140,1.3158835818566763,0.375,0.6153846153846154,0.625,0.6201923076923077,0.2765625,0.5548076923076922,0.7234375,0.4451923076923078,0.3622222222222222,0.5,0.6606570512820513
lstm,3,3,6,0.15,fixed horizon 148,200,60,140,1.536611277547509,0.625,0.8846153846153846,0.375,0.6298076923076923,0.5348119858989423,0.588487525987526,0.4651880141010577,0.41151247401247404,0.572972972972973,0.76,0.7003205128205129
lstm,3,3,6,0.2,fixed horizon 50,200,60,140,1.220438166284885,0.3541666666666667,0.5384615384615384,0.6458333333333334,0.5921474358974359,0.1092857142857143,0.5203846153846153,0.8907142857142857,0.47961538461538467,0.1941176470588235,0.45,0.6786858974358975
lstm,3,3,6,0.2,fixed horizon 100,200,60,140,1.241284332574733,0.4583333333333333,0.7115384615384616,0.5416666666666666,0.6266025641025641,0.29108108108108105,0.49557692307692314,0.7089189189189189,0.5044230769230769,0.41636363636363627,0.59,0.6606570512820513
lstm,3,3,6,0.2,fixed horizon 148,200,60,140,1.424151219060665,0.6666666666666666,0.9230769230769231,0.3333333333333333,0.6282051282051282,0.42750563063063063,0.471543659043659,0.5724943693693694,0.528456340956341,0.487964527027027,0.8,0.7003205128205129
lstm,3,3,6,0.3,fixed horizon 50,200,60,140,0.9489057739916933,0.4791666666666667,0.6730769230769231,0.5208333333333334,0.5969551282051282,0.09485714285714286,0.3907692307692307,0.9051428571428571,0.6092307692307692,0.20260869565217393,0.58,0.6786858974358975
lstm,3,3,6,0.3,fixed horizon 100,200,60,140,1.0091834023398154,0.5625,0.8653846153846154,0.4375,0.6514423076923077,0.2591111111111112,0.3588461538461539,0.7408888888888888,0.6411538461538461,0.29814814814814816,0.72,0.6606570512820513
lstm,3,3,6,0.3,fixed horizon 148,200,60,140,1.2173752860741882,0.75,0.9615384615384616,0.25,0.6057692307692308,0.324054054054054,0.3500519750519751,0.675945945945946,0.649948024948025,0.42379879879879884,0.86,0.7003205128205129
lstm,3,3,7,0.01,fixed horizon 50,200,60,140,1.0431366521075536,0.0625,0.15384615384615385,0.9375,0.5456730769230769,0.042499999999999996,0.8526923076923077,0.9575,0.14730769230769225,0.12666666666666668,0.11,0.6786858974358975
lstm,3,3,7,0.01,fixed horizon 100,200,60,140,1.0431366521075536,0.0625,0.15384615384615385,0.9375,0.5456730769230769,0.021249999999999998,0.849423076923077,0.97875,0.15057692307692305,0.06333333333333334,0.11,0.6606570512820513
lstm,3,3,7,0.01,fixed horizon 148,200,60,140,1.0431366521075536,0.0625,0.15384615384615385,0.9375,0.5456730769230769,0.014358108108108109,0.848362785862786,0.9856418918918919,0.15163721413721398,0.0427927927927928,0.11,0.7003205128205129
lstm,3,3,7,0.025,fixed horizon 50,200,60,140,0.8984192378139692,0.1875,0.4230769230769231,0.8125,0.6177884615384616,0.05818181818181818,0.6015384615384615,0.9418181818181818,0.39846153846153853,0.04,0.31,0.6786858974358975
lstm,3,3,7,0.025,fixed horizon 100,200,60,140,0.9129743858091112,0.3541666666666667,0.5192307692307693,0.6458333333333334,0.5825320512820513,0.22592592592592592,0.5980769230769231,0.7740740740740741,0.40192307692307694,0.4111764705882353,0.44,0.6606570512820513
lstm,3,3,7,0.025,fixed horizon 148,200,60,140,0.9947425632095239,0.375,0.5961538461538461,0.625,0.6105769230769231,0.4760244115082825,0.6876299376299377,0.5239755884917174,0.31237006237006226,0.44256756756756754,0.49,0.7003205128205129
lstm,3,3,7,0.05,fixed horizon 50,200,60,140,0.851530024419359,0.20833333333333334,0.46153846153846156,0.7916666666666666,0.6266025641025641,0.03916666666666666,0.5565384615384615,0.9608333333333333,0.44346153846153846,0.078,0.34,0.6786858974358975
lstm,3,3,7,0.05,fixed horizon 100,200,60,140,0.8930606230651109,0.375,0.5769230769230769,0.625,0.6009615384615384,0.25533333333333336,0.5703846153846154,0.7446666666666666,0.4296153846153846,0.4099999999999999,0.48,0.6606570512820513
lstm,3,3,7,0.05,fixed horizon 148,200,60,140,0.9867551179498688,0.4791666666666667,0.6923076923076923,0.5208333333333334,0.6065705128205128,0.3671171171171171,0.5618503118503119,0.632882882882883,0.43814968814968813,0.46298472385428907,0.59,0.7003205128205129
lstm,3,3,7,0.075,fixed horizon 50,200,60,140,0.8177044511490803,0.20833333333333334,0.46153846153846156,0.7916666666666666,0.6266025641025641,0.02,0.5476923076923077,0.98,0.4523076923076923,0.05600000000000001,0.34,0.6786858974358975
lstm,3,3,7,0.075,fixed horizon 100,200,60,140,0.8925888742285764,0.375,0.5961538461538461,0.625,0.6105769230769231,0.24483870967741936,0.5498076923076923,0.7551612903225806,0.45019230769230767,0.40611111111111114,0.49,0.6606570512820513
lstm,3,3,7,0.075,fixed horizon 148,200,60,140,0.9125587380985619,0.5625,0.8653846153846154,0.4375,0.6514423076923077,0.383033033033033,0.46608627858627855,0.6169669669669671,0.5339137214137215,0.4572072072072072,0.72,0.7003205128205129
lstm,3,3,7,0.1,fixed horizon 50,200,60,140,0.9274749565770187,0.22916666666666666,0.5192307692307693,0.7708333333333334,0.6450320512820513,0.07333333333333335,0.5188461538461538,0.9266666666666666,0.48115384615384615,0.07818181818181819,0.38,0.6786858974358975
lstm,3,3,7,0.1,fixed horizon 100,200,60,140,1.0447624979055825,0.3541666666666667,0.5384615384615384,0.6458333333333334,0.5921474358974359,0.20571428571428568,0.5723076923076923,0.7942857142857143,0.4276923076923077,0.37235294117647055,0.45,0.6606570512820513
lstm,3,3,7,0.1,fixed horizon 148,200,60,140,1.0208387265693772,0.3333333333333333,0.6923076923076923,0.6666666666666666,0.6794871794871795,0.22785285285285284,0.46543659043659047,0.7721471471471472,0.5345634095634095,0.24197635135135137,0.52,0.7003205128205129
lstm,3,3,7,0.15,fixed horizon 50,200,60,140,0.9270380916646371,0.2916666666666667,0.5192307692307693,0.7083333333333334,0.6137820512820513,0.06296296296296297,0.5134615384615384,0.937037037037037,0.4865384615384616,0.11285714285714286,0.41,0.6786858974358975
lstm,3,3,7,0.15,fixed horizon 100,200,60,140,0.9234186640614388,0.4375,0.7115384615384616,0.5625,0.6370192307692308,0.26783783783783777,0.4790384615384615,0.7321621621621622,0.5209615384615385,0.4019047619047619,0.58,0.6606570512820513
lstm,3,3,7,0.15,fixed horizon 148,200,60,140,0.951808803492732,0.6041666666666666,0.9038461538461539,0.3958333333333333,0.6498397435897436,0.32820586543990804,0.3928014553014553,0.671794134560092,0.6071985446985446,0.45177073625349484,0.76,0.7003205128205129
lstm,3,3,7,0.2,fixed horizon 50,200,60,140,0.8697159830230567,0.3541666666666667,0.6346153846153846,0.6458333333333334,0.640224358974359,0.1090909090909091,0.4346153846153846,0.8909090909090909,0.5653846153846154,0.1552941176470588,0.5,0.6786858974358975
lstm,3,3,7,0.2,fixed horizon 100,200,60,140,0.9135416336844653,0.4791666666666667,0.7307692307692307,0.5208333333333334,0.625801282051282,0.2707894736842105,0.4671153846153846,0.7292105263157895,0.5328846153846154,0.42391304347826086,0.61,0.6606570512820513
lstm,3,3,7,0.2,fixed horizon 148,200,60,140,1.205267981224847,0.6875,0.9423076923076923,0.3125,0.6274038461538461,0.4255377826806399,0.4586798336798337,0.5744622173193601,0.5413201663201663,0.5161752661752662,0.82,0.7003205128205129
lstm,3,3,7,0.3,fixed horizon 50,200,60,140,0.7329637143452098,0.5,0.6730769230769231,0.5,0.5865384615384616,0.06285714285714286,0.3692307692307693,0.9371428571428572,0.6307692307692307,0.165,0.59,0.6786858974358975
lstm,3,3,7,0.3,fixed horizon 100,200,60,140,0.8340317971792822,0.6041666666666666,0.8846153846153846,0.3958333333333333,0.6402243589743589,0.26565217391304347,0.35038461538461535,0.7343478260869565,0.6496153846153847,0.28172413793103446,0.75,0.6606570512820513
lstm,3,3,7,0.3,fixed horizon 148,200,60,140,0.9683920672087071,0.75,0.9615384615384616,0.25,0.6057692307692308,0.28013513513513516,0.30782224532224534,0.7198648648648649,0.6921777546777547,0.3744369369369369,0.86,0.7003205128205129
lstm,3,3,8,0.01,fixed horizon 50,200,60,140,1.6417478083232566,0.08333333333333333,0.21153846153846154,0.9166666666666666,0.5641025641025641,0.5600000000000002,0.9069230769230772,0.43999999999999984,0.09307692307692284,0.56,0.15,0.6786858974358975
lstm,3,3,8,0.01,fixed horizon 100,200,60,140,1.6417478083232566,0.08333333333333333,0.21153846153846154,0.9166666666666666,0.5641025641025641,0.2800000000000001,0.8476923076923077,0.72,0.15230769230769226,0.28,0.15,0.6606570512820513
lstm,3,3,8,0.01,fixed horizon 148,200,60,140,1.6417478083232566,0.08333333333333333,0.21153846153846154,0.9166666666666666,0.5641025641025641,0.1891891891891892,0.8284823284823284,0.8108108108108107,0.1715176715176716,0.1891891891891892,0.15,0.7003205128205129
lstm,3,3,8,0.025,fixed horizon 50,200,60,140,1.585851729738562,0.08333333333333333,0.28846153846153844,0.9166666666666666,0.6025641025641025,0.5133333333333334,0.8596153846153846,0.4866666666666666,0.14038461538461544,0.55,0.19,0.6786858974358975
lstm,3,3,8,0.025,fixed horizon 100,200,60,140,1.585851729738562,0.08333333333333333,0.28846153846153844,0.9166666666666666,0.6025641025641025,0.2566666666666667,0.7855769230769233,0.7433333333333333,0.21442307692307672,0.275,0.19,0.6606570512820513
lstm,3,3,8,0.025,fixed horizon 148,200,60,140,1.585851729738562,0.08333333333333333,0.28846153846153844,0.9166666666666666,0.6025641025641025,0.17342342342342343,0.7615644490644491,0.8265765765765766,0.2384355509355509,0.1858108108108108,0.19,0.7003205128205129
lstm,3,3,8,0.05,fixed horizon 50,200,60,140,1.4439752619588009,0.14583333333333334,0.3269230769230769,0.8541666666666666,0.5905448717948718,0.37764705882352945,0.7965384615384615,0.6223529411764706,0.20346153846153847,0.45714285714285713,0.24,0.6786858974358975
lstm,3,3,8,0.05,fixed horizon 100,200,60,140,1.440373109614643,0.16666666666666666,0.34615384615384615,0.8333333333333334,0.5897435897435898,0.31722222222222224,0.763653846153846,0.6827777777777777,0.23634615384615398,0.36,0.26,0.6606570512820513
lstm,3,3,8,0.05,fixed horizon 148,200,60,140,1.4401481895114514,0.14583333333333334,0.3076923076923077,0.8541666666666666,0.5809294871794872,0.16554054054054052,0.7432432432432432,0.8344594594594594,0.2567567567567568,0.19208494208494206,0.23,0.7003205128205129
lstm,3,3,8,0.075,fixed horizon 50,200,60,140,1.3136931913355472,0.16666666666666666,0.34615384615384615,0.8333333333333334,0.5897435897435898,0.23666666666666666,0.7357692307692308,0.7633333333333333,0.26423076923076916,0.3225,0.26,0.6786858974358975
lstm,3,3,8,0.075,fixed horizon 100,200,60,140,1.347713324627786,0.22916666666666666,0.40384615384615385,0.7708333333333334,0.5873397435897436,0.3552380952380953,0.7396153846153845,0.6447619047619046,0.26038461538461555,0.4163636363636364,0.32,0.6606570512820513
lstm,3,3,8,0.075,fixed horizon 148,200,60,140,1.6353459966132897,0.375,0.6153846153846154,0.625,0.6201923076923077,0.5251266891891891,0.7077702702702701,0.47487331081081086,0.29222972972972994,0.6674174174174174,0.5,0.7003205128205129
lstm,3,3,8,0.1,fixed horizon 50,200,60,140,1.2872715105933625,0.22916666666666666,0.46153846153846156,0.7708333333333334,0.6161858974358975,0.15666666666666668,0.6107692307692306,0.8433333333333333,0.3892307692307694,0.16909090909090907,0.35,0.6786858974358975
lstm,3,3,8,0.1,fixed horizon 100,200,60,140,1.3535393677628267,0.3125,0.4230769230769231,0.6875,0.5552884615384616,0.31181818181818177,0.7088461538461538,0.6881818181818182,0.2911538461538462,0.518,0.37,0.6606570512820513
lstm,3,3,8,0.1,fixed horizon 148,200,60,140,2.2631845094390015,0.4375,0.7692307692307693,0.5625,0.6658653846153846,0.9476351351351351,0.9597193347193348,0.05236486486486491,0.04028066528066521,0.9517374517374516,0.61,0.7003205128205129
lstm,3,3,8,0.15,fixed horizon 50,200,60,140,1.219978495819134,0.25,0.5,0.75,0.625,0.16692307692307692,0.5834615384615385,0.833076923076923,0.4165384615384615,0.15000000000000002,0.38,0.6786858974358975
lstm,3,3,8,0.15,fixed horizon 100,200,60,140,1.7922875427609621,0.3541666666666667,0.5,0.6458333333333334,0.5729166666666667,0.4934615384615384,0.7467307692307692,0.5065384615384616,0.2532692307692308,0.5852941176470589,0.43,0.6606570512820513
lstm,3,3,8,0.15,fixed horizon 148,200,60,140,2.263923238982735,0.4791666666666667,0.8076923076923077,0.5208333333333334,0.6642628205128205,0.6973938223938224,0.755587318087318,0.3026061776061776,0.24441268191268195,0.7129847238542889,0.65,0.7003205128205129
lstm,3,3,8,0.2,fixed horizon 50,200,60,140,1.3523887835216413,0.375,0.5384615384615384,0.625,0.5817307692307692,0.19857142857142854,0.5684615384615385,0.8014285714285715,0.43153846153846154,0.2888888888888889,0.46,0.6786858974358975
lstm,3,3,8,0.2,fixed horizon 100,200,60,140,1.983398032191416,0.4375,0.6346153846153846,0.5625,0.5985576923076923,0.5406060606060606,0.7084615384615383,0.45939393939393935,0.29153846153846175,0.579047619047619,0.54,0.6606570512820513
lstm,3,3,8,0.2,fixed horizon 148,200,60,140,2.5254678786611655,0.625,0.9230769230769231,0.375,0.6490384615384616,0.6068412162162162,0.6370841995841997,0.39315878378378377,0.3629158004158003,0.6114864864864864,0.78,0.7003205128205129
lstm,3,3,8,0.3,fixed horizon 50,200,60,140,0.8573596952455249,0.4791666666666667,0.6923076923076923,0.5208333333333334,0.6065705128205128,0.11166666666666665,0.385,0.8883333333333333,0.615,0.18869565217391304,0.59,0.6786858974358975
lstm,3,3,8,0.3,fixed horizon 100,200,60,140,1.2409490727019727,0.6041666666666666,0.8461538461538461,0.3958333333333333,0.6209935897435898,0.3159090909090909,0.4211538461538462,0.6840909090909091,0.5788461538461538,0.3458620689655173,0.73,0.6606570512820513
lstm,3,3,8,0.3,fixed horizon 148,200,60,140,1.6990522078955905,0.7916666666666666,0.9615384615384616,0.20833333333333334,0.5849358974358975,0.39148648648648643,0.41489085239085227,0.6085135135135136,0.5851091476091477,0.47510668563300146,0.88,0.7003205128205129
lstm,3,3,9,0.01,fixed horizon 50,200,60,140,1.1048787971876823,0.08333333333333333,0.1346153846153846,0.9166666666666666,0.5256410256410257,0.051428571428571435,0.8723076923076925,0.9485714285714286,0.12769230769230755,0.105,0.11,0.6786858974358975
lstm,3,3,9,0.01,fixed horizon 100,200,60,140,1.1048787971876823,0.08333333333333333,0.1346153846153846,0.9166666666666666,0.5256410256410257,0.025714285714285717,0.8688461538461539,0.9742857142857143,0.13115384615384607,0.0525,0.11,0.6606570512820513
lstm,3,3,9,0.01,fixed horizon 148,200,60,140,1.1048787971876823,0.08333333333333333,0.1346153846153846,0.9166666666666666,0.5256410256410257,0.017374517374517374,0.8677234927234928,0.9826254826254827,0.1322765072765072,0.03547297297297297,0.11,0.7003205128205129
lstm,3,3,9,0.025,fixed horizon 50,200,60,140,1.0530447546844959,0.16666666666666666,0.2692307692307692,0.8333333333333334,0.5512820512820513,0.0785714285714286,0.7519230769230769,0.9214285714285714,0.24807692307692308,0.1125,0.22,0.6786858974358975
lstm,3,3,9,0.025,fixed horizon 100,200,60,140,1.0530447546844959,0.16666666666666666,0.2692307692307692,0.8333333333333334,0.5512820512820513,0.0392857142857143,0.7413461538461539,0.9607142857142857,0.2586538461538461,0.05625,0.22,0.6606570512820513
lstm,3,3,9,0.025,fixed horizon 148,200,60,140,1.0530447546844959,0.16666666666666666,0.2692307692307692,0.8333333333333334,0.5512820512820513,0.026544401544401543,0.7379158004158005,0.9734555984555985,0.2620841995841995,0.03800675675675676,0.22,0.7003205128205129
lstm,3,3,9,0.05,fixed horizon 50,200,60,140,1.2570653360826394,0.1875,0.34615384615384615,0.8125,0.5793269230769231,0.20777777777777778,0.7257692307692309,0.7922222222222222,0.27423076923076906,0.24444444444444446,0.27,0.6786858974358975
lstm,3,3,9,0.05,fixed horizon 100,200,60,140,1.3174833993593327,0.16666666666666666,0.36538461538461536,0.8333333333333334,0.5993589743589743,0.1626315789473684,0.6940384615384616,0.8373684210526315,0.3059615384615384,0.2375,0.27,0.6606570512820513
lstm,3,3,9,0.05,fixed horizon 148,200,60,140,1.1742841729747102,0.3333333333333333,0.6538461538461539,0.6666666666666666,0.6602564102564102,0.881160572337043,0.9222972972972973,0.11883942766295696,0.07770270270270274,0.9227195945945945,0.5,0.7003205128205129
lstm,3,3,9,0.075,fixed horizon 50,200,60,140,1.2910769139880944,0.16666666666666666,0.34615384615384615,0.8333333333333334,0.5897435897435898,0.2288888888888889,0.7330769230769232,0.7711111111111111,0.2669230769230768,0.3125,0.26,0.6786858974358975
lstm,3,3,9,0.075,fixed horizon 100,200,60,140,1.3358377933377314,0.1875,0.34615384615384615,0.8125,0.5793269230769231,0.1277777777777778,0.6980769230769232,0.8722222222222222,0.30192307692307685,0.2255555555555556,0.27,0.6606570512820513
lstm,3,3,9,0.075,fixed horizon 148,200,60,140,1.6558188132583076,0.4375,0.7884615384615384,0.5625,0.6754807692307692,0.6944627554383652,0.7590956340956342,0.3055372445616348,0.2409043659043658,0.805019305019305,0.62,0.7003205128205129
lstm,3,3,9,0.1,fixed horizon 50,200,60,140,1.3232724765590096,0.25,0.46153846153846156,0.75,0.6057692307692308,0.16166666666666665,0.6130769230769231,0.8383333333333334,0.3869230769230769,0.1733333333333333,0.36,0.6786858974358975
lstm,3,3,9,0.1,fixed horizon 100,200,60,140,1.34456591175569,0.3125,0.4423076923076923,0.6875,0.5649038461538461,0.33130434782608686,0.7042307692307693,0.6686956521739131,0.2957692307692307,0.502,0.38,0.6606570512820513
lstm,3,3,9,0.1,fixed horizon 148,200,60,140,1.6016798661171512,0.4375,0.7884615384615384,0.5625,0.6754807692307692,0.6283783783783784,0.7069906444906445,0.3716216216216216,0.2930093555093555,0.7956885456885457,0.62,0.7003205128205129
lstm,3,3,9,0.15,fixed horizon 50,200,60,140,1.9724537578438173,0.2708333333333333,0.4423076923076923,0.7291666666666666,0.5857371794871795,0.3,0.6903846153846155,0.7,0.3096153846153845,0.2830769230769231,0.36,0.6786858974358975
lstm,3,3,9,0.15,fixed horizon 100,200,60,140,1.7939147473754868,0.375,0.5,0.625,0.5625,0.2619230769230769,0.6309615384615387,0.7380769230769231,0.3690384615384613,0.3894444444444444,0.44,0.6606570512820513
lstm,3,3,9,0.15,fixed horizon 148,200,60,140,2.3119935393764384,0.5,0.8076923076923077,0.5,0.6538461538461539,0.5078828828828829,0.60252079002079,0.49211711711711714,0.39747920997921005,0.5655968468468467,0.66,0.7003205128205129
lstm,3,3,9,0.2,fixed horizon 50,200,60,140,1.5023458188187193,0.3541666666666667,0.5384615384615384,0.6458333333333334,0.5921474358974359,0.13214285714285717,0.5326923076923076,0.8678571428571429,0.4673076923076924,0.2247058823529412,0.45,0.6786858974358975
lstm,3,3,9,0.2,fixed horizon 100,200,60,140,2.4212820089172737,0.4375,0.6923076923076923,0.5625,0.6274038461538461,0.4833333333333334,0.6423076923076922,0.5166666666666666,0.35769230769230775,0.501904761904762,0.57,0.6606570512820513
lstm,3,3,9,0.2,fixed horizon 148,200,60,140,3.1927762622984117,0.5833333333333334,0.8076923076923077,0.4166666666666667,0.6121794871794872,0.47120334620334614,0.5728950103950102,0.5287966537966539,0.42710498960498977,0.5400579150579151,0.7,0.7003205128205129
lstm,3,3,9,0.3,fixed horizon 50,200,60,140,1.5198528317969735,0.4791666666666667,0.6346153846153846,0.5208333333333334,0.577724358974359,0.1781818181818182,0.4784615384615384,0.8218181818181818,0.5215384615384616,0.23304347826086955,0.56,0.6786858974358975
lstm,3,3,9,0.3,fixed horizon 100,200,60,140,1.7440247012844996,0.5833333333333334,0.8461538461538461,0.4166666666666667,0.6314102564102564,0.34545454545454546,0.4461538461538461,0.6545454545454545,0.5538461538461539,0.34500000000000003,0.72,0.6606570512820513
lstm,3,3,9,0.3,fixed horizon 148,200,60,140,2.312046851510048,0.6458333333333334,0.9230769230769231,0.3541666666666667,0.6386217948717949,0.3745777027027027,0.4226871101871102,0.6254222972972974,0.5773128898128899,0.4091107236268526,0.79,0.7003205128205129
lstm,4,4,0,0.01,fixed horizon 50,191,57,134,1.0062264311606228,0.0,0.0,1.0,0.5,,1.0,,0.0,,0.0,0.5195246179966044
lstm,4,4,0,0.01,fixed horizon 100,191,57,134,1.0103981858577498,0.0,0.016129032258064516,1.0,0.5080645161290323,0.95,0.9991935483870968,0.050000000000000044,0.0008064516129031585,,0.01,0.5441426146010188
lstm,4,4,0,0.01,fixed horizon 148,191,57,134,1.04050663727676,0.0,0.016129032258064516,1.0,0.5080645161290323,0.8716216216216216,0.9979293809938972,0.1283783783783784,0.0020706190061028362,,0.01,0.5742784380305603
lstm,4,4,0,0.025,fixed horizon 50,191,57,134,0.9366509486305038,0.02631578947368421,0.016129032258064516,0.9736842105263158,0.49490662139219016,0.16,0.9864516129032258,0.84,0.013548387096774195,0.3,0.02,0.5195246179966044
lstm,4,4,0,0.025,fixed horizon 100,191,57,134,0.9994236847576816,0.0,0.016129032258064516,1.0,0.5080645161290323,0.94,0.9990322580645161,0.06000000000000005,0.000967741935483879,,0.01,0.5441426146010188
lstm,4,4,0,0.025,fixed horizon 148,191,57,134,1.0104084059091272,0.0,0.11290322580645161,1.0,0.5564516129032258,0.807915057915058,0.9783129904097646,0.19208494208494198,0.021687009590235395,,0.07,0.5742784380305603
lstm,4,4,0,0.05,fixed horizon 50,191,57,134,0.9830655682544711,0.02631578947368421,0.03225806451612903,0.9736842105263158,0.5029711375212225,0.16,0.9729032258064515,0.84,0.0270967741935485,0.28,0.03,0.5195246179966044
lstm,4,4,0,0.05,fixed horizon 100,191,57,134,1.0035090805545215,0.0,0.04838709677419355,1.0,0.5241935483870968,0.8766666666666666,0.9940322580645161,0.1233333333333334,0.005967741935483883,,0.03,0.5441426146010188
lstm,4,4,0,0.05,fixed horizon 148,191,57,134,1.0518528575799388,0.0,0.16129032258064516,1.0,0.5806451612903226,0.8628378378378379,0.9778770706190061,0.13716216216216215,0.022122929380993916,,0.1,0.5742784380305603
lstm,4,4,0,0.075,fixed horizon 50,191,57,134,1.1302511246919886,0.02631578947368421,0.06451612903225806,0.9736842105263158,0.519100169779287,0.28500000000000003,0.9538709677419354,0.715,0.04612903225806464,0.26,0.05,0.5195246179966044
lstm,4,4,0,0.075,fixed horizon 100,191,57,134,1.0477981015678588,0.10526315789473684,0.1774193548387097,0.8947368421052632,0.5360780984719864,0.5863636363636364,0.9266129032258065,0.4136363636363636,0.07338709677419353,0.4925,0.15,0.5441426146010188
lstm,4,4,0,0.075,fixed horizon 148,191,57,134,1.0920522530067434,0.07894736842105263,0.2903225806451613,0.9210526315789473,0.6056876061120543,0.6584084084084084,0.9008282476024412,0.3415915915915916,0.09917175239755882,0.3581081081081081,0.21,0.5742784380305603
lstm,4,4,0,0.1,fixed horizon 50,191,57,134,1.2840377345722167,0.05263157894736842,0.08064516129032258,0.9473684210526315,0.5140067911714771,0.364,0.9487096774193549,0.636,0.05129032258064514,0.33999999999999997,0.07,0.5195246179966044
lstm,4,4,0,0.1,fixed horizon 100,191,57,134,1.112577990439178,0.13157894736842105,0.24193548387096775,0.868421052631579,0.5551782682512734,0.6559999999999999,0.9167741935483871,0.3440000000000001,0.08322580645161293,0.588,0.2,0.5441426146010188
lstm,4,4,0,0.1,fixed horizon 148,191,57,134,1.0884228012395525,0.18421052631578946,0.3548387096774194,0.8157894736842105,0.5853140916808149,0.6489557739557741,0.8754359197907584,0.3510442260442259,0.12456408020924159,0.666988416988417,0.29,0.5742784380305603
lstm,4,4,0,0.15,fixed horizon 50,191,57,134,1.0243305080589638,0.39473684210526316,0.46774193548387094,0.6052631578947368,0.5365025466893039,0.35034482758620683,0.6961290322580646,0.6496551724137931,0.30387096774193545,0.2853333333333333,0.44,0.5195246179966044
lstm,4,4,0,0.15,fixed horizon 100,191,57,134,0.979809981088218,0.3157894736842105,0.3548387096774194,0.6842105263157895,0.5195246179966044,0.46318181818181814,0.8095161290322581,0.5368181818181819,0.1904838709677419,0.3775,0.34,0.5441426146010188
lstm,4,4,0,0.15,fixed horizon 148,191,57,134,1.1818968195873152,0.2894736842105263,0.4032258064516129,0.7105263157894737,0.5568760611205432,0.6443243243243244,0.8565823888404533,0.3556756756756756,0.14341761115954665,0.7604422604422603,0.36,0.5742784380305603
lstm,4,4,0,0.2,fixed horizon 50,191,57,134,0.9451274616663954,0.47368421052631576,0.5161290322580645,0.5263157894736842,0.5212224108658743,0.256875,0.6164516129032257,0.743125,0.3835483870967743,0.23666666666666666,0.5,0.5195246179966044
lstm,4,4,0,0.2,fixed horizon 100,191,57,134,0.8211022391837239,0.47368421052631576,0.532258064516129,0.5263157894736842,0.5292869269949065,0.19787878787878785,0.5730645161290323,0.8021212121212121,0.4269354838709677,0.1661111111111111,0.51,0.5441426146010188
lstm,4,4,0,0.2,fixed horizon 148,191,57,134,0.967778858200373,0.5263157894736842,0.532258064516129,0.47368421052631576,0.5029711375212224,0.39434889434889436,0.6776373147340888,0.6056511056511056,0.32236268526591116,0.44831081081081087,0.53,0.5742784380305603
lstm,4,4,0,0.3,fixed horizon 50,191,57,134,0.6852342024890703,0.7631578947368421,0.7903225806451613,0.23684210526315788,0.5135823429541596,0.25673469387755105,0.41258064516129034,0.743265306122449,0.5874193548387097,0.2751724137931035,0.78,0.5195246179966044
lstm,4,4,0,0.3,fixed horizon 100,191,57,134,0.8785513026219243,0.6052631578947368,0.6612903225806451,0.39473684210526316,0.5280135823429541,0.24073170731707316,0.49790322580645163,0.7592682926829268,0.5020967741935484,0.20260869565217388,0.64,0.5441426146010188
lstm,4,4,0,0.3,fixed horizon 148,191,57,134,1.1199688938095487,0.7105263157894737,0.7903225806451613,0.2894736842105263,0.5398981324278438,0.34514616657473807,0.4824542284219704,0.6548538334252619,0.5175457715780296,0.3295795795795796,0.76,0.5742784380305603
lstm,4,4,1,0.01,fixed horizon 50,191,57,134,1.3911496030435342,0.0,0.0,1.0,0.5,,1.0,,0.0,,0.0,0.5195246179966044
lstm,4,4,1,0.01,fixed horizon 100,191,57,134,1.3911496030435342,0.0,0.0,1.0,0.5,,1.0,,0.0,,0.0,0.5441426146010188
lstm,4,4,1,0.01,fixed horizon 148,191,57,134,1.3911496030435342,0.0,0.0,1.0,0.5,,1.0,,0.0,,0.0,0.5742784380305603
lstm,4,4,1,0.025,fixed horizon 50,191,57,134,1.3246370838199448,0.0,0.0,1.0,0.5,,1.0,,0.0,,0.0,0.5195246179966044
lstm,4,4,1,0.025,fixed horizon 100,191,57,134,1.3246370838199448,0.0,0.0,1.0,0.5,,1.0,,0.0,,0.0,0.5441426146010188
lstm,4,4,1,0.025,fixed horizon 148,191,57,134,1.3246370838199448,0.0,0.0,1.0,0.5,,1.0,,0.0,,0.0,0.5742784380305603
lstm,4,4,1,0.05,fixed horizon 50,191,57,134,1.2484745153709633,0.02631578947368421,0.0,0.9736842105263158,0.4868421052631579,,1.0,,0.0,0.0,0.01,0.5195246179966044
lstm,4,4,1,0.05,fixed horizon 100,191,57,134,1.346232223421976,0.02631578947368421,0.0,0.9736842105263158,0.4868421052631579,,1.0,,0.0,0.01,0.01,0.5441426146010188
lstm,4,4,1,0.05,fixed horizon 148,191,57,134,1.346232223421976,0.02631578947368421,0.0,0.9736842105263158,0.4868421052631579,,1.0,,0.0,0.006756756756756757,0.01,0.5742784380305603
lstm,4,4,1,0.075,fixed horizon 50,191,57,134,1.3943098435966514,0.05263157894736842,0.03225806451612903,0.9473684210526315,0.48981324278438026,0.47,0.9829032258064516,0.53,0.01709677419354838,0.24000000000000002,0.04,0.5195246179966044
lstm,4,4,1,0.075,fixed horizon 100,191,57,134,1.2466892073182456,0.05263157894736842,0.03225806451612903,0.9473684210526315,0.48981324278438026,0.0,0.967741935483871,1.0,0.032258064516129004,0.0,0.04,0.5441426146010188
lstm,4,4,1,0.075,fixed horizon 148,191,57,134,1.2466892073182456,0.05263157894736842,0.03225806451612903,0.9473684210526315,0.48981324278438026,0.0,0.967741935483871,1.0,0.032258064516129004,0.0,0.04,0.5742784380305603
lstm,4,4,1,0.1,fixed horizon 50,191,57,134,1.6198372315413014,0.05263157894736842,0.08064516129032258,0.9473684210526315,0.5140067911714771,0.192,0.9348387096774193,0.808,0.06516129032258067,0.22,0.07,0.5195246179966044
lstm,4,4,1,0.1,fixed horizon 100,191,57,134,1.295287391942861,0.02631578947368421,0.11290322580645161,0.9736842105263158,0.5432937181663837,0.8200000000000001,0.9796774193548387,0.17999999999999994,0.020322580645161348,0.01,0.08,0.5441426146010188
lstm,4,4,1,0.1,fixed horizon 148,191,57,134,1.3239829759552781,0.02631578947368421,0.14516129032258066,0.9736842105263158,0.5594227504244482,0.6629129129129129,0.9510680034873582,0.3370870870870871,0.048931996512641796,0.006756756756756757,0.1,0.5742784380305603
lstm,4,4,1,0.15,fixed horizon 50,191,57,134,1.5077965847313746,0.2631578947368421,0.25806451612903225,0.7368421052631579,0.49745331069609505,0.5449999999999999,0.8825806451612904,0.45500000000000007,0.11741935483870958,0.36,0.26,0.5195246179966044
lstm,4,4,1,0.15,fixed horizon 100,191,57,134,1.865227937722538,0.23684210526315788,0.2903225806451613,0.7631578947368421,0.5267402376910018,0.5111111111111111,0.8580645161290323,0.48888888888888893,0.14193548387096766,0.49888888888888894,0.27,0.5441426146010188
lstm,4,4,1,0.15,fixed horizon 148,191,57,134,1.865227937722538,0.23684210526315788,0.2903225806451613,0.7631578947368421,0.5267402376910018,0.34534534534534533,0.8099389712292937,0.6546546546546547,0.1900610287707063,0.337087087087087,0.27,0.5742784380305603
lstm,4,4,1,0.2,fixed horizon 50,191,57,134,2.1860379317486087,0.4473684210526316,0.43548387096774194,0.5526315789473685,0.4940577249575552,0.5481481481481483,0.803225806451613,0.4518518518518517,0.196774193548387,0.5270588235294118,0.44,0.5195246179966044
lstm,4,4,1,0.2,fixed horizon 100,191,57,134,2.338713506633991,0.2894736842105263,0.43548387096774194,0.7105263157894737,0.5730050933786078,0.6192592592592592,0.8341935483870969,0.3807407407407408,0.16580645161290308,0.52,0.38,0.5441426146010188
lstm,4,4,1,0.2,fixed horizon 148,191,57,134,2.4563715117424407,0.34210526315789475,0.46774193548387094,0.6578947368421053,0.5628183361629882,0.4606244175209692,0.7477114210985178,0.5393755824790307,0.25228857890148215,0.4215176715176715,0.42,0.5742784380305603
lstm,4,4,1,0.3,fixed horizon 50,191,57,134,1.593167589986418,0.631578947368421,0.7258064516129032,0.3684210526315789,0.5471137521222411,0.31688888888888883,0.5041935483870967,0.6831111111111112,0.49580645161290327,0.27666666666666667,0.69,0.5195246179966044
lstm,4,4,1,0.3,fixed horizon 100,191,57,134,2.1750955046026843,0.5,0.6451612903225806,0.5,0.5725806451612903,0.3315,0.5687096774193549,0.6685,0.43129032258064515,0.19578947368421054,0.59,0.5441426146010188
lstm,4,4,1,0.3,fixed horizon 148,191,57,134,2.555139520660563,0.6052631578947368,0.6774193548387096,0.39473684210526316,0.5360780984719864,0.3555341055341056,0.5634263295553619,0.6444658944658944,0.43657367044463813,0.3287309048178613,0.65,0.5742784380305603
lstm,4,4,2,0.01,fixed horizon 50,191,57,134,0.9618307343000265,0.0,0.0,1.0,0.5,,1.0,,0.0,,0.0,0.5195246179966044
lstm,4,4,2,0.01,fixed horizon 100,191,57,134,1.073570584239366,0.0,0.03225806451612903,1.0,0.5161290322580645,0.935,0.9979032258064515,0.06499999999999995,0.0020967741935484785,,0.02,0.5441426146010188
lstm,4,4,2,0.01,fixed horizon 148,191,57,134,1.0856278714532153,0.0,0.03225806451612903,1.0,0.5161290322580645,0.6655405405405406,0.9892109851787271,0.33445945945945943,0.010789014821272924,,0.02,0.5742784380305603
lstm,4,4,2,0.025,fixed horizon 50,191,57,134,0.9345907761221202,0.02631578947368421,0.016129032258064516,0.9736842105263158,0.49490662139219016,0.22,0.9874193548387097,0.78,0.012580645161290316,0.3,0.02,0.5195246179966044
lstm,4,4,2,0.025,fixed horizon 100,191,57,134,1.0651193868948208,0.0,0.03225806451612903,1.0,0.5161290322580645,0.935,0.9979032258064515,0.06499999999999995,0.0020967741935484785,,0.02,0.5441426146010188
lstm,4,4,2,0.025,fixed horizon 148,191,57,134,1.076645900740152,0.0,0.03225806451612903,1.0,0.5161290322580645,0.6351351351351351,0.9882301656495206,0.3648648648648649,0.011769834350479402,,0.02,0.5742784380305603
lstm,4,4,2,0.05,fixed horizon 50,191,57,134,0.908547275328162,0.02631578947368421,0.04838709677419355,0.9736842105263158,0.5110356536502547,0.24,0.9632258064516129,0.76,0.03677419354838707,0.26,0.04,0.5195246179966044
lstm,4,4,2,0.05,fixed horizon 100,191,57,134,1.0440240001475916,0.0,0.04838709677419355,1.0,0.5241935483870968,0.9166666666666666,0.9959677419354839,0.08333333333333337,0.0040322580645161255,,0.03,0.5441426146010188
lstm,4,4,2,0.05,fixed horizon 148,191,57,134,1.159723926333024,0.0,0.16129032258064516,1.0,0.5806451612903226,0.875,0.9798387096774194,0.125,0.020161290322580627,,0.1,0.5742784380305603
lstm,4,4,2,0.075,fixed horizon 50,191,57,134,1.0612146826229045,0.07894736842105263,0.06451612903225806,0.9210526315789473,0.4927843803056027,0.245,0.9512903225806453,0.755,0.048709677419354724,0.7133333333333333,0.07,0.5195246179966044
lstm,4,4,2,0.075,fixed horizon 100,191,57,134,1.1900699381837097,0.05263157894736842,0.0967741935483871,0.9473684210526315,0.5220713073005093,0.77,0.9777419354838709,0.22999999999999998,0.022258064516129106,0.35500000000000004,0.08,0.5441426146010188
lstm,4,4,2,0.075,fixed horizon 148,191,57,134,1.3515404536909617,0.05263157894736842,0.20967741935483872,0.9473684210526315,0.5785229202037351,0.9152806652806651,0.9822362685265912,0.0847193347193349,0.017763731473408817,0.9324324324324325,0.15,0.5742784380305603
lstm,4,4,2,0.1,fixed horizon 50,191,57,134,1.0343857519486044,0.10526315789473684,0.08064516129032258,0.8947368421052632,0.4876910016977929,0.296,0.9432258064516128,0.704,0.0567741935483872,0.565,0.09,0.5195246179966044
lstm,4,4,2,0.1,fixed horizon 100,191,57,134,1.1375725747848688,0.07894736842105263,0.20967741935483872,0.9210526315789473,0.565365025466893,0.5784615384615385,0.9116129032258065,0.42153846153846153,0.08838709677419354,0.42,0.16,0.5441426146010188
lstm,4,4,2,0.1,fixed horizon 148,191,57,134,1.5181052250537865,0.15789473684210525,0.2903225806451613,0.8421052631578947,0.566213921901528,0.8704954954954955,0.9624019180470794,0.12950450450450446,0.03759808195292058,0.8918918918918918,0.24,0.5742784380305603
lstm,4,4,2,0.15,fixed horizon 50,191,57,134,1.1787554003671759,0.3684210526315789,0.4032258064516129,0.631578947368421,0.5174023769100169,0.3232,0.7270967741935485,0.6768000000000001,0.27290322580645154,0.26857142857142857,0.39,0.5195246179966044
lstm,4,4,2,0.15,fixed horizon 100,191,57,134,1.3277210475775638,0.18421052631578946,0.27419354838709675,0.8157894736842105,0.5449915110356536,0.49588235294117655,0.8617741935483871,0.5041176470588234,0.13822580645161286,0.3085714285714286,0.24,0.5441426146010188
lstm,4,4,2,0.15,fixed horizon 148,191,57,134,2.1702582629264358,0.34210526315789475,0.45161290322580644,0.6578947368421053,0.5547538200339559,0.935569498069498,0.9709023539668702,0.06443050193050204,0.02909764603312981,0.9506237006237005,0.41,0.5742784380305603
lstm,4,4,2,0.2,fixed horizon 50,191,57,134,1.6670837679419632,0.47368421052631576,0.46774193548387094,0.5263157894736842,0.49702886247877753,0.4331034482758621,0.7348387096774194,0.5668965517241379,0.2651612903225806,0.41,0.47,0.5195246179966044
lstm,4,4,2,0.2,fixed horizon 100,191,57,134,1.8682050173904707,0.4473684210526316,0.45161290322580644,0.5526315789473685,0.5021222410865874,0.2785714285714286,0.6741935483870968,0.7214285714285714,0.3258064516129032,0.22941176470588237,0.45,0.5441426146010188
lstm,4,4,2,0.2,fixed horizon 148,191,57,134,2.736398565068627,0.4473684210526316,0.43548387096774194,0.5526315789473685,0.4940577249575552,0.5578078078078078,0.8074324324324325,0.4421921921921922,0.19256756756756754,0.5802861685214626,0.44,0.5742784380305603
lstm,4,4,2,0.3,fixed horizon 50,191,57,134,0.9405962418298184,0.7368421052631579,0.8225806451612904,0.2631578947368421,0.5428692699490663,0.3309803921568628,0.44967741935483874,0.6690196078431372,0.5503225806451613,0.3207142857142857,0.79,0.5195246179966044
lstm,4,4,2,0.3,fixed horizon 100,191,57,134,1.6940446172337627,0.5,0.6129032258064516,0.5,0.5564516129032258,0.3271052631578948,0.5875806451612903,0.6728947368421052,0.41241935483870973,0.19999999999999998,0.57,0.5441426146010188
lstm,4,4,2,0.3,fixed horizon 148,191,57,134,1.9342745966637627,0.6578947368421053,0.6935483870967742,0.34210526315789475,0.5178268251273345,0.36863607793840353,0.5621185701830862,0.6313639220615965,0.4378814298169138,0.3505405405405405,0.68,0.5742784380305603
lstm,4,4,3,0.01,fixed horizon 50,191,57,134,0.9527616438219607,0.02631578947368421,0.0,0.9736842105263158,0.4868421052631579,,1.0,,0.0,0.34,0.01,0.5195246179966044
lstm,4,4,3,0.01,fixed horizon 100,191,57,134,1.0218775899194639,0.0,0.016129032258064516,1.0,0.5080645161290323,0.9,0.9983870967741936,0.09999999999999998,0.001612903225806428,,0.01,0.5441426146010188
lstm,4,4,3,0.01,fixed horizon 148,191,57,134,1.2376815316925485,0.0,0.06451612903225806,1.0,0.532258064516129,0.9797297297297297,0.9986922406277245,0.020270270270270285,0.0013077593722754521,,0.04,0.5742784380305603
lstm,4,4,3,0.025,fixed horizon 50,191,57,134,0.9283917971324183,0.02631578947368421,0.04838709677419355,0.9736842105263158,0.5110356536502547,0.3133333333333333,0.966774193548387,0.6866666666666668,0.033225806451612994,0.28,0.04,0.5195246179966044
lstm,4,4,3,0.025,fixed horizon 100,191,57,134,1.0073224680860506,0.0,0.016129032258064516,1.0,0.5080645161290323,0.9,0.9983870967741936,0.09999999999999998,0.001612903225806428,,0.01,0.5441426146010188
lstm,4,4,3,0.025,fixed horizon 148,191,57,134,1.2280477970266688,0.0,0.08064516129032258,1.0,0.5403225806451613,0.9783783783783784,0.9982563208369659,0.021621621621621623,0.0017436791630340842,,0.05,0.5742784380305603
lstm,4,4,3,0.05,fixed horizon 50,191,57,134,0.893620831552226,0.02631578947368421,0.06451612903225806,0.9736842105263158,0.519100169779287,0.24000000000000002,0.9509677419354837,0.76,0.049032258064516276,0.22,0.05,0.5195246179966044
lstm,4,4,3,0.05,fixed horizon 100,191,57,134,0.9806856646292378,0.0,0.04838709677419355,1.0,0.5241935483870968,0.86,0.9932258064516128,0.14,0.006774193548387153,,0.03,0.5441426146010188
lstm,4,4,3,0.05,fixed horizon 148,191,57,134,1.2441133892287448,0.0,0.16129032258064516,1.0,0.5806451612903226,0.9371621621621621,0.989864864864865,0.06283783783783792,0.010135135135134976,,0.1,0.5742784380305603
lstm,4,4,3,0.075,fixed horizon 50,191,57,134,0.9618425411211823,0.10526315789473684,0.0967741935483871,0.8947368421052632,0.49575551782682514,0.35333333333333333,0.9374193548387096,0.6466666666666667,0.06258064516129036,0.435,0.1,0.5195246179966044
lstm,4,4,3,0.075,fixed horizon 100,191,57,134,1.012087745640513,0.10526315789473684,0.12903225806451613,0.8947368421052632,0.5118845500848896,0.6675,0.9570967741935484,0.3325,0.04290322580645156,0.32749999999999996,0.12,0.5441426146010188
lstm,4,4,3,0.075,fixed horizon 148,191,57,134,1.1563052301893297,0.07894736842105263,0.20967741935483872,0.9210526315789473,0.565365025466893,0.8248440748440748,0.9632737576285962,0.17515592515592515,0.03672624237140376,0.9887387387387387,0.16,0.5742784380305603
lstm,4,4,3,0.1,fixed horizon 50,191,57,134,1.0768540309134669,0.18421052631578946,0.08064516129032258,0.8157894736842105,0.44821731748726656,0.292,0.9429032258064516,0.708,0.057096774193548416,0.27714285714285714,0.12,0.5195246179966044
lstm,4,4,3,0.1,fixed horizon 100,191,57,134,0.9709086502086154,0.13157894736842105,0.25806451612903225,0.868421052631579,0.5632427843803056,0.569375,0.8888709677419355,0.43062500000000004,0.11112903225806448,0.304,0.21,0.5441426146010188
lstm,4,4,3,0.1,fixed horizon 148,191,57,134,1.4355367564357917,0.10526315789473684,0.24193548387096775,0.8947368421052632,0.5683361629881154,0.9477477477477477,0.9873583260680036,0.052252252252252274,0.012641673931996444,0.9763513513513513,0.19,0.5742784380305603
lstm,4,4,3,0.15,fixed horizon 50,191,57,134,1.1713523066739433,0.3684210526315789,0.41935483870967744,0.631578947368421,0.5254668930390493,0.32769230769230767,0.7180645161290323,0.6723076923076923,0.2819354838709677,0.25285714285714284,0.4,0.5195246179966044
lstm,4,4,3,0.15,fixed horizon 100,191,57,134,1.2822317951416575,0.2631578947368421,0.3387096774193548,0.7368421052631579,0.5377758913412564,0.5323809523809524,0.8416129032258064,0.4676190476190476,0.1583870967741936,0.4619999999999999,0.31,0.5441426146010188
lstm,4,4,3,0.15,fixed horizon 148,191,57,134,1.5650972760897512,0.2894736842105263,0.3709677419354839,0.7105263157894737,0.5407470288624787,0.5696239717978849,0.8403443766346993,0.43037602820211507,0.1596556233653007,0.6646191646191646,0.34,0.5742784380305603
lstm,4,4,3,0.2,fixed horizon 50,191,57,134,1.8940339498977579,0.47368421052631576,0.4838709677419355,0.5263157894736842,0.5050933786078098,0.46933333333333327,0.743225806451613,0.5306666666666667,0.25677419354838704,0.45444444444444454,0.48,0.5195246179966044
lstm,4,4,3,0.2,fixed horizon 100,191,57,134,1.5083165240863605,0.3157894736842105,0.3387096774193548,0.6842105263157895,0.5114601018675722,0.43000000000000005,0.8069354838709679,0.57,0.19306451612903208,0.31333333333333335,0.33,0.5441426146010188
lstm,4,4,3,0.2,fixed horizon 148,191,57,134,3.171673811982885,0.42105263157894735,0.5,0.5789473684210527,0.5394736842105263,0.7859633827375762,0.8929816913687881,0.21403661726242384,0.10701830863121187,0.8048986486486487,0.47,0.5742784380305603
lstm,4,4,3,0.3,fixed horizon 50,191,57,134,1.201036101351731,0.6842105263157895,0.7741935483870968,0.3157894736842105,0.5449915110356536,0.33249999999999996,0.4832258064516129,0.6675,0.5167741935483872,0.32769230769230767,0.74,0.5195246179966044
lstm,4,4,3,0.3,fixed horizon 100,191,57,134,1.5749392800167654,0.5789473684210527,0.7096774193548387,0.42105263157894735,0.565365025466893,0.29409090909090907,0.49903225806451607,0.7059090909090909,0.5009677419354839,0.2218181818181818,0.66,0.5441426146010188
lstm,4,4,3,0.3,fixed horizon 148,191,57,134,2.2075873013821883,0.6578947368421053,0.7419354838709677,0.34210526315789475,0.5420203735144312,0.4049647473560517,0.5585222319093287,0.5950352526439483,0.4414777680906713,0.36648648648648646,0.71,0.5742784380305603
lstm,4,4,4,0.01,fixed horizon 50,191,57,134,0.9301713756079731,0.02631578947368421,0.016129032258064516,0.9736842105263158,0.49490662139219016,0.2,0.9870967741935485,0.8,0.012903225806451535,0.3,0.02,0.5195246179966044
lstm,4,4,4,0.01,fixed horizon 100,191,57,134,0.9834082000252754,0.0,0.03225806451612903,1.0,0.5161290322580645,0.9199999999999999,0.9974193548387096,0.08000000000000007,0.002580645161290418,,0.02,0.5441426146010188
lstm,4,4,4,0.01,fixed horizon 148,191,57,134,1.013628804237763,0.0,0.06451612903225806,1.0,0.532258064516129,0.7601351351351351,0.9845248474280732,0.2398648648648649,0.015475152571926776,,0.04,0.5742784380305603
lstm,4,4,4,0.025,fixed horizon 50,191,57,134,0.9225439366887422,0.02631578947368421,0.04838709677419355,0.9736842105263158,0.5110356536502547,0.30666666666666664,0.9664516129032258,0.6933333333333334,0.03354838709677421,0.28,0.04,0.5195246179966044
lstm,4,4,4,0.025,fixed horizon 100,191,57,134,0.9789880173277069,0.0,0.03225806451612903,1.0,0.5161290322580645,0.9199999999999999,0.9974193548387096,0.08000000000000007,0.002580645161290418,,0.02,0.5441426146010188
lstm,4,4,4,0.025,fixed horizon 148,191,57,134,0.9995518702966043,0.0,0.11290322580645161,1.0,0.5564516129032258,0.7345559845559845,0.970030514385353,0.2654440154440155,0.029969485614646962,,0.07,0.5742784380305603
lstm,4,4,4,0.05,fixed horizon 50,191,57,134,0.8628165751808065,0.05263157894736842,0.06451612903225806,0.9473684210526315,0.5059422750424448,0.2,0.9483870967741935,0.8,0.05161290322580647,0.6,0.06,0.5195246179966044
lstm,4,4,4,0.05,fixed horizon 100,191,57,134,0.9388987789172565,0.02631578947368421,0.0967741935483871,0.9736842105263158,0.5352292020373515,0.7666666666666667,0.9774193548387097,0.23333333333333328,0.022580645161290325,0.16,0.07,0.5441426146010188
lstm,4,4,4,0.05,fixed horizon 148,191,57,134,0.9993218294594558,0.0,0.14516129032258066,1.0,0.5725806451612904,0.7492492492492493,0.9636006974716652,0.2507507507507507,0.03639930252833479,,0.09,0.5742784380305603
lstm,4,4,4,0.075,fixed horizon 50,191,57,134,0.8938573852150324,0.10526315789473684,0.08064516129032258,0.8947368421052632,0.4876910016977929,0.24400000000000005,0.9390322580645162,0.756,0.06096774193548382,0.305,0.09,0.5195246179966044
lstm,4,4,4,0.075,fixed horizon 100,191,57,134,0.9441455101943753,0.05263157894736842,0.14516129032258066,0.9473684210526315,0.5462648556876061,0.6177777777777778,0.9445161290322581,0.38222222222222224,0.05548387096774188,0.08,0.11,0.5441426146010188
lstm,4,4,4,0.075,fixed horizon 148,191,57,134,0.9685485729618769,0.05263157894736842,0.1935483870967742,0.9473684210526315,0.5704584040747028,0.732545045045045,0.9482345248474281,0.26745495495495497,0.051765475152571905,0.9527027027027027,0.14,0.5742784380305603
lstm,4,4,4,0.1,fixed horizon 50,191,57,134,0.8871507538798571,0.15789473684210525,0.11290322580645161,0.8421052631578947,0.47750424448217316,0.4342857142857143,0.9361290322580645,0.5657142857142857,0.06387096774193546,0.4033333333333334,0.13,0.5195246179966044
lstm,4,4,4,0.1,fixed horizon 100,191,57,134,0.9168316586459019,0.07894736842105263,0.1774193548387097,0.9210526315789473,0.5492359932088285,0.5663636363636363,0.9230645161290322,0.4336363636363637,0.07693548387096782,0.20333333333333334,0.14,0.5441426146010188
lstm,4,4,4,0.1,fixed horizon 148,191,57,134,0.9574776501167063,0.07894736842105263,0.24193548387096775,0.9210526315789473,0.5814940577249575,0.5941441441441442,0.9018090671316478,0.4058558558558558,0.09819093286835223,0.6621621621621622,0.18,0.5742784380305603
lstm,4,4,4,0.15,fixed horizon 50,191,57,134,0.8667096643770036,0.42105263157894735,0.3870967741935484,0.5789473684210527,0.4830220713073005,0.4575,0.7899999999999999,0.5425,0.21000000000000008,0.33999999999999997,0.4,0.5195246179966044
lstm,4,4,4,0.15,fixed horizon 100,191,57,134,1.109779076870093,0.2631578947368421,0.3064516129032258,0.7368421052631579,0.5216468590831919,0.4189473684210526,0.8219354838709676,0.5810526315789474,0.1780645161290324,0.26699999999999996,0.29,0.5441426146010188
lstm,4,4,4,0.15,fixed horizon 148,191,57,134,0.9961068336319543,0.15789473684210525,0.2903225806451613,0.8421052631578947,0.566213921901528,0.5608108108108109,0.8724934612031386,0.43918918918918914,0.12750653879686136,0.48986486486486486,0.24,0.5742784380305603
lstm,4,4,4,0.2,fixed horizon 50,191,57,134,1.0170499776482629,0.5,0.5645161290322581,0.5,0.532258064516129,0.3342857142857143,0.6241935483870968,0.6657142857142857,0.37580645161290316,0.34105263157894733,0.54,0.5195246179966044
lstm,4,4,4,0.2,fixed horizon 100,191,57,134,1.0502958595987029,0.47368421052631576,0.5483870967741935,0.5263157894736842,0.5373514431239388,0.18617647058823533,0.5537096774193548,0.8138235294117646,0.44629032258064516,0.16944444444444443,0.52,0.5441426146010188
lstm,4,4,4,0.2,fixed horizon 148,191,57,134,0.9171436175367903,0.5,0.5483870967741935,0.5,0.5241935483870968,0.32949125596184414,0.6323016564952049,0.6705087440381559,0.36769834350479513,0.2841394025604552,0.53,0.5742784380305603
lstm,4,4,4,0.3,fixed horizon 50,191,57,134,0.6405045508052405,0.7368421052631579,0.7741935483870968,0.2631578947368421,0.5186757215619694,0.2541666666666667,0.42258064516129035,0.7458333333333333,0.5774193548387097,0.26285714285714284,0.76,0.5195246179966044
lstm,4,4,4,0.3,fixed horizon 100,191,57,134,0.6746260513718138,0.7368421052631579,0.8387096774193549,0.2631578947368421,0.5509337860780985,0.2051923076923077,0.33338709677419354,0.7948076923076923,0.6666129032258065,0.18857142857142856,0.8,0.5441426146010188
lstm,4,4,4,0.3,fixed horizon 148,191,57,134,0.8724055025519941,0.7368421052631579,0.7903225806451613,0.2631578947368421,0.5267402376910016,0.28488692774407065,0.43482999128160416,0.7151130722559293,0.5651700087183958,0.293918918918919,0.77,0.5742784380305603
lstm,4,4,5,0.01,fixed horizon 50,191,57,134,1.1408640330555049,0.0,0.0,1.0,0.5,,1.0,,0.0,,0.0,0.5195246179966044
lstm,4,4,5,0.01,fixed horizon 100,191,57,134,1.1424503787444669,0.0,0.0,1.0,0.5,,1.0,,0.0,,0.0,0.5441426146010188
lstm,4,4,5,0.01,fixed horizon 148,191,57,134,1.1424503787444669,0.0,0.0,1.0,0.5,,1.0,,0.0,,0.0,0.5742784380305603
lstm,4,4,5,0.025,fixed horizon 50,191,57,134,1.06757263461698,0.0,0.0,1.0,0.5,,1.0,,0.0,,0.0,0.5195246179966044
lstm,4,4,5,0.025,fixed horizon 100,191,57,134,1.073257521537445,0.0,0.0,1.0,0.5,,1.0,,0.0,,0.0,0.5441426146010188
lstm,4,4,5,0.025,fixed horizon 148,191,57,134,1.073257521537445,0.0,0.0,1.0,0.5,,1.0,,0.0,,0.0,0.5742784380305603
lstm,4,4,5,0.05,fixed horizon 50,191,57,134,1.0120844876618404,0.02631578947368421,0.03225806451612903,0.9736842105263158,0.5029711375212225,0.13,0.9719354838709678,0.87,0.028064516129032158,0.28,0.03,0.5195246179966044
lstm,4,4,5,0.05,fixed horizon 100,191,57,134,1.0085940124866462,0.02631578947368421,0.03225806451612903,0.9736842105263158,0.5029711375212225,0.9199999999999999,0.9974193548387096,0.08000000000000007,0.002580645161290418,0.24,0.03,0.5441426146010188
lstm,4,4,5,0.05,fixed horizon 148,191,57,134,1.0159122604404547,0.02631578947368421,0.11290322580645161,0.9736842105263158,0.5432937181663837,0.7837837837837837,0.9755884917175239,0.21621621621621634,0.02441150828247607,0.16216216216216217,0.08,0.5742784380305603
lstm,4,4,5,0.075,fixed horizon 50,191,57,134,1.0670091600016798,0.05263157894736842,0.016129032258064516,0.9473684210526315,0.481748726655348,0.02,0.9841935483870967,0.98,0.015806451612903283,0.02,0.03,0.5195246179966044
lstm,4,4,5,0.075,fixed horizon 100,191,57,134,1.0384630272990463,0.05263157894736842,0.08064516129032258,0.9473684210526315,0.5140067911714771,0.828,0.9861290322580645,0.17200000000000004,0.013870967741935525,0.27,0.07,0.5441426146010188
lstm,4,4,5,0.075,fixed horizon 148,191,57,134,1.0100097483441846,0.02631578947368421,0.14516129032258066,0.9736842105263158,0.5594227504244482,0.6028528528528528,0.9423496076721882,0.39714714714714716,0.05765039232781177,0.0945945945945946,0.1,0.5742784380305603
lstm,4,4,5,0.1,fixed horizon 50,191,57,134,1.1376853176841304,0.05263157894736842,0.08064516129032258,0.9473684210526315,0.5140067911714771,0.16799999999999998,0.9329032258064516,0.8320000000000001,0.06709677419354843,0.06999999999999999,0.07,0.5195246179966044
lstm,4,4,5,0.1,fixed horizon 100,191,57,134,1.0866215235578591,0.07894736842105263,0.12903225806451613,0.9210526315789473,0.5250424448217317,0.47,0.9316129032258064,0.53,0.06838709677419363,0.18333333333333335,0.11,0.5441426146010188
lstm,4,4,5,0.1,fixed horizon 148,191,57,134,1.0866215235578591,0.07894736842105263,0.12903225806451613,0.9210526315789473,0.5250424448217317,0.31756756756756754,0.9119442022667829,0.6824324324324325,0.08805579773321714,0.12387387387387387,0.11,0.5742784380305603
lstm,4,4,5,0.15,fixed horizon 50,191,57,134,1.5157403208739357,0.39473684210526316,0.3225806451612903,0.6052631578947368,0.4639219015280136,0.396,0.8051612903225807,0.604,0.19483870967741934,0.36400000000000005,0.35,0.5195246179966044
lstm,4,4,5,0.15,fixed horizon 100,191,57,134,1.9851289983452778,0.15789473684210525,0.20967741935483872,0.8421052631578947,0.5258913412563667,0.7261538461538461,0.9425806451612903,0.27384615384615385,0.057419354838709746,0.685,0.19,0.5441426146010188
lstm,4,4,5,0.15,fixed horizon 148,191,57,134,2.186316388970475,0.21052631578947367,0.3387096774193548,0.7894736842105263,0.5640916808149405,0.6885456885456884,0.8945074106364429,0.31145431145431157,0.1054925893635571,0.6731418918918919,0.29,0.5742784380305603
lstm,4,4,5,0.2,fixed horizon 50,191,57,134,1.9141914556102404,0.4473684210526316,0.4838709677419355,0.5526315789473685,0.518251273344652,0.38799999999999996,0.7038709677419356,0.6120000000000001,0.2961290322580644,0.3505882352941177,0.47,0.5195246179966044
lstm,4,4,5,0.2,fixed horizon 100,191,57,134,2.19726060825227,0.2631578947368421,0.25806451612903225,0.7368421052631579,0.49745331069609505,0.56125,0.8867741935483872,0.43875,0.11322580645161284,0.516,0.26,0.5441426146010188
lstm,4,4,5,0.2,fixed horizon 148,191,57,134,2.042427097611965,0.34210526315789475,0.3870967741935484,0.6578947368421053,0.5224957555178269,0.5470157657657658,0.8246512641673932,0.4529842342342342,0.1753487358326068,0.6283783783783784,0.37,0.5742784380305603
lstm,4,4,5,0.3,fixed horizon 50,191,57,134,1.2350337822291195,0.6578947368421053,0.7096774193548387,0.34210526315789475,0.5258913412563667,0.295,0.49967741935483867,0.7050000000000001,0.5003225806451613,0.2632,0.69,0.5195246179966044
lstm,4,4,5,0.3,fixed horizon 100,191,57,134,1.6723644283328258,0.5263157894736842,0.6612903225806451,0.47368421052631576,0.5674872665534805,0.28268292682926827,0.5256451612903227,0.7173170731707317,0.4743548387096773,0.19949999999999998,0.61,0.5441426146010188
lstm,4,4,5,0.3,fixed horizon 148,191,57,134,1.6890013739450878,0.631578947368421,0.7096774193548387,0.3684210526315789,0.5390492359932089,0.2424754299754299,0.46240191804707936,0.7575245700245701,0.5375980819529207,0.2719594594594595,0.68,0.5742784380305603
lstm,4,4,6,0.01,fixed horizon 50,191,57,134,0.9906586564392357,0.0,0.0,1.0,0.5,,1.0,,0.0,,0.0,0.5195246179966044
lstm,4,4,6,0.01,fixed horizon 100,191,57,134,1.0053447267522917,0.0,0.016129032258064516,1.0,0.5080645161290323,0.95,0.9991935483870968,0.050000000000000044,0.0008064516129031585,,0.01,0.5441426146010188
lstm,4,4,6,0.01,fixed horizon 148,191,57,134,1.025620345689683,0.0,0.06451612903225806,1.0,0.532258064516129,0.8226351351351351,0.9885571054925893,0.1773648648648649,0.01144289450741065,,0.04,0.5742784380305603
lstm,4,4,6,0.025,fixed horizon 50,191,57,134,0.9568148947186259,0.02631578947368421,0.0,0.9736842105263158,0.4868421052631579,,1.0,,0.0,0.44,0.01,0.5195246179966044
lstm,4,4,6,0.025,fixed horizon 100,191,57,134,0.9906683473982764,0.0,0.03225806451612903,1.0,0.5161290322580645,0.935,0.9979032258064515,0.06499999999999995,0.0020967741935484785,,0.02,0.5441426146010188
lstm,4,4,6,0.025,fixed horizon 148,191,57,134,1.0083586457443476,0.0,0.11290322580645161,1.0,0.5564516129032258,0.805984555984556,0.9780950305143854,0.19401544401544402,0.0219049694856146,,0.07,0.5742784380305603
lstm,4,4,6,0.05,fixed horizon 50,191,57,134,1.0032608678046417,0.02631578947368421,0.04838709677419355,0.9736842105263158,0.5110356536502547,0.19333333333333333,0.960967741935484,0.8066666666666666,0.039032258064516046,0.26,0.04,0.5195246179966044
lstm,4,4,6,0.05,fixed horizon 100,191,57,134,0.9758353097194938,0.0,0.08064516129032258,1.0,0.5403225806451613,0.9139999999999999,0.9930645161290322,0.08600000000000008,0.006935483870967762,,0.05,0.5441426146010188
lstm,4,4,6,0.05,fixed horizon 148,191,57,134,1.003106903565036,0.0,0.14516129032258066,1.0,0.5725806451612904,0.7830330330330331,0.9685047951176984,0.21696696696696693,0.03149520488230162,,0.09,0.5742784380305603
lstm,4,4,6,0.075,fixed horizon 50,191,57,134,1.0052297928067526,0.05263157894736842,0.04838709677419355,0.9473684210526315,0.4978777589134125,0.15333333333333335,0.9590322580645162,0.8466666666666667,0.040967741935483803,0.02,0.05,0.5195246179966044
lstm,4,4,6,0.075,fixed horizon 100,191,57,134,0.910393482484727,0.05263157894736842,0.1935483870967742,0.9473684210526315,0.5704584040747028,0.6783333333333333,0.937741935483871,0.32166666666666666,0.06225806451612903,0.495,0.14,0.5441426146010188
lstm,4,4,6,0.075,fixed horizon 148,191,57,134,0.9985361409062116,0.0,0.14516129032258066,1.0,0.5725806451612904,0.7552552552552552,0.9644725370531823,0.24474474474474484,0.035527462946817745,,0.09,0.5742784380305603
lstm,4,4,6,0.1,fixed horizon 50,191,57,134,1.027670883237262,0.13157894736842105,0.0967741935483871,0.868421052631579,0.48259762308998305,0.27999999999999997,0.9303225806451614,0.72,0.06967741935483862,0.38,0.11,0.5195246179966044
lstm,4,4,6,0.1,fixed horizon 100,191,57,134,0.9232316631023514,0.05263157894736842,0.1935483870967742,0.9473684210526315,0.5704584040747028,0.6916666666666665,0.9403225806451614,0.30833333333333346,0.05967741935483861,0.535,0.14,0.5441426146010188
lstm,4,4,6,0.1,fixed horizon 148,191,57,134,1.0395904077013542,0.07894736842105263,0.25806451612903225,0.9210526315789473,0.5895585738539898,0.7461993243243243,0.9345030514385354,0.25380067567567566,0.0654969485614646,0.9594594594594595,0.19,0.5742784380305603
lstm,4,4,6,0.15,fixed horizon 50,191,57,134,1.1123528655131791,0.2894736842105263,0.3225806451612903,0.7105263157894737,0.516553480475382,0.5880000000000001,0.8670967741935485,0.4119999999999999,0.13290322580645153,0.5599999999999998,0.31,0.5195246179966044
lstm,4,4,6,0.15,fixed horizon 100,191,57,134,1.868412551749234,0.23684210526315788,0.24193548387096775,0.7631578947368421,0.502546689303905,0.6053333333333332,0.9045161290322581,0.39466666666666683,0.09548387096774191,0.5855555555555555,0.24,0.5441426146010188
lstm,4,4,6,0.15,fixed horizon 148,191,57,134,1.100517181764678,0.23684210526315788,0.3548387096774194,0.7631578947368421,0.5589983022071308,0.5224201474201474,0.830536181342633,0.4775798525798526,0.16946381865736704,0.4249249249249249,0.31,0.5742784380305603
lstm,4,4,6,0.2,fixed horizon 50,191,57,134,1.13465974672346,0.4473684210526316,0.532258064516129,0.5526315789473685,0.5424448217317488,0.33212121212121215,0.644516129032258,0.6678787878787878,0.35548387096774203,0.28470588235294114,0.5,0.5195246179966044
lstm,4,4,6,0.2,fixed horizon 100,191,57,134,1.6643314031526526,0.34210526315789475,0.3870967741935484,0.6578947368421053,0.5224957555178269,0.41416666666666674,0.7732258064516129,0.5858333333333332,0.22677419354838713,0.28,0.37,0.5441426146010188
lstm,4,4,6,0.2,fixed horizon 148,191,57,134,1.6639115467399723,0.42105263157894735,0.4838709677419355,0.5789473684210527,0.5314091680814941,0.4963963963963964,0.7563208369659984,0.5036036036036036,0.2436791630340016,0.5278716216216216,0.46,0.5742784380305603
lstm,4,4,6,0.3,fixed horizon 50,191,57,134,0.9980431733278878,0.7105263157894737,0.7903225806451613,0.2894736842105263,0.5398981324278438,0.3253061224489796,0.4667741935483871,0.6746938775510204,0.5332258064516129,0.314074074074074,0.76,0.5195246179966044
lstm,4,4,6,0.3,fixed horizon 100,191,57,134,1.3472343134482754,0.6052631578947368,0.6935483870967742,0.39473684210526316,0.5441426146010186,0.27186046511627904,0.49499999999999994,0.728139534883721,0.5050000000000001,0.22826086956521743,0.66,0.5441426146010188
lstm,4,4,6,0.3,fixed horizon 148,191,57,134,1.720500458997081,0.631578947368421,0.6935483870967742,0.3684210526315789,0.5309847198641766,0.332338152105594,0.5369442022667829,0.6676618478944061,0.46305579773321714,0.30827702702702703,0.67,0.5742784380305603
lstm,4,4,7,0.01,fixed horizon 50,191,57,134,1.0834863045531136,0.0,0.0,1.0,0.5,,1.0,,0.0,,0.0,0.5195246179966044
lstm,4,4,7,0.01,fixed horizon 100,191,57,134,1.1042073039770164,0.0,0.0,1.0,0.5,,1.0,,0.0,,0.0,0.5441426146010188
lstm,4,4,7,0.01,fixed horizon 148,191,57,134,1.1042073039770164,0.0,0.0,1.0,0.5,,1.0,,0.0,,0.0,0.5742784380305603
lstm,4,4,7,0.025,fixed horizon 50,191,57,134,0.9851274881861112,0.0,0.0,1.0,0.5,,1.0,,0.0,,0.0,0.5195246179966044
lstm,4,4,7,0.025,fixed horizon 100,191,57,134,1.0339624315342466,0.0,0.016129032258064516,1.0,0.5080645161290323,0.97,0.9995161290322581,0.030000000000000027,0.0004838709677419395,,0.01,0.5441426146010188
lstm,4,4,7,0.025,fixed horizon 148,191,57,134,1.0379252458953043,0.0,0.03225806451612903,1.0,0.5161290322580645,0.722972972972973,0.9910636442894508,0.277027027027027,0.008936355710549182,,0.02,0.5742784380305603
lstm,4,4,7,0.05,fixed horizon 50,191,57,134,0.9072777234675656,0.10526315789473684,0.06451612903225806,0.8947368421052632,0.47962648556876064,0.195,0.9480645161290324,0.8049999999999999,0.05193548387096758,0.535,0.08,0.5195246179966044
lstm,4,4,7,0.05,fixed horizon 100,191,57,134,0.9999763960926096,0.02631578947368421,0.04838709677419355,0.9736842105263158,0.5110356536502547,0.68,0.984516129032258,0.31999999999999995,0.015483870967741953,0.21,0.04,0.5441426146010188
lstm,4,4,7,0.05,fixed horizon 148,191,57,134,1.014700076421255,0.0,0.11290322580645161,1.0,0.5564516129032258,0.7722007722007722,0.9742807323452485,0.2277992277992278,0.02571926765475152,,0.07,0.5742784380305603
lstm,4,4,7,0.075,fixed horizon 50,191,57,134,0.9251123409479405,0.13157894736842105,0.0967741935483871,0.868421052631579,0.48259762308998305,0.5133333333333333,0.9529032258064516,0.4866666666666667,0.04709677419354841,0.764,0.11,0.5195246179966044
lstm,4,4,7,0.075,fixed horizon 100,191,57,134,0.9397651377933051,0.18421052631578946,0.27419354838709675,0.8157894736842105,0.5449915110356536,0.5888235294117647,0.8872580645161289,0.41117647058823525,0.11274193548387113,0.5242857142857142,0.24,0.5441426146010188
lstm,4,4,7,0.075,fixed horizon 148,191,57,134,1.0025018111990442,0.15789473684210525,0.3225806451612903,0.8421052631578947,0.5823429541595925,0.5986486486486486,0.8705318221447252,0.40135135135135136,0.12946817785527476,0.6666666666666666,0.26,0.5742784380305603
lstm,4,4,7,0.1,fixed horizon 50,191,57,134,0.9238940690734921,0.18421052631578946,0.14516129032258066,0.8157894736842105,0.48047538200339557,0.4977777777777778,0.9270967741935483,0.5022222222222221,0.0729032258064517,0.5714285714285714,0.16,0.5195246179966044
lstm,4,4,7,0.1,fixed horizon 100,191,57,134,0.937401746248492,0.18421052631578946,0.27419354838709675,0.8157894736842105,0.5449915110356536,0.5735294117647058,0.8830645161290323,0.42647058823529416,0.11693548387096775,0.5114285714285715,0.24,0.5441426146010188
lstm,4,4,7,0.1,fixed horizon 148,191,57,134,0.9924660243009538,0.23684210526315788,0.3387096774193548,0.7631578947368421,0.5509337860780985,0.53989703989704,0.8441586748038361,0.46010296010296003,0.1558413251961639,0.4722222222222222,0.3,0.5742784380305603
lstm,4,4,7,0.15,fixed horizon 50,191,57,134,0.7465596910607906,0.42105263157894735,0.4838709677419355,0.5789473684210527,0.5314091680814941,0.2919999999999999,0.6574193548387097,0.7080000000000001,0.3425806451612903,0.23125,0.46,0.5195246179966044
lstm,4,4,7,0.15,fixed horizon 100,191,57,134,1.0052192196297631,0.23684210526315788,0.3225806451612903,0.7631578947368421,0.5428692699490663,0.466,0.827741935483871,0.534,0.17225806451612902,0.37222222222222223,0.29,0.5441426146010188
lstm,4,4,7,0.15,fixed horizon 148,191,57,134,1.0147982078656488,0.34210526315789475,0.3709677419354839,0.6578947368421053,0.5144312393887946,0.4791421856639248,0.8067785527462946,0.5208578143360751,0.19322144725370538,0.5452182952182951,0.36,0.5742784380305603
lstm,4,4,7,0.2,fixed horizon 50,191,57,134,1.025760230265364,0.47368421052631576,0.5645161290322581,0.5263157894736842,0.5454159592529711,0.3365714285714286,0.625483870967742,0.6634285714285715,0.37451612903225795,0.3266666666666667,0.53,0.5195246179966044
lstm,4,4,7,0.2,fixed horizon 100,191,57,134,1.0986516269424695,0.4473684210526316,0.4838709677419355,0.5526315789473685,0.518251273344652,0.29433333333333334,0.6585483870967742,0.7056666666666667,0.3414516129032258,0.21705882352941175,0.47,0.5441426146010188
lstm,4,4,7,0.2,fixed horizon 148,191,57,134,1.1232664376094528,0.4473684210526316,0.4838709677419355,0.5526315789473685,0.518251273344652,0.30518018018018017,0.6637968613775065,0.6948198198198199,0.3362031386224935,0.2420508744038156,0.47,0.5742784380305603
lstm,4,4,7,0.3,fixed horizon 50,191,57,134,0.7443619480111565,0.7631578947368421,0.8225806451612904,0.23684210526315788,0.5297113752122241,0.3098039215686274,0.432258064516129,0.6901960784313725,0.567741935483871,0.3062068965517242,0.8,0.5195246179966044
lstm,4,4,7,0.3,fixed horizon 100,191,57,134,0.9154969710896153,0.631578947368421,0.7258064516129032,0.3684210526315789,0.5471137521222411,0.24733333333333335,0.4537096774193548,0.7526666666666666,0.5462903225806452,0.22958333333333333,0.69,0.5441426146010188
lstm,4,4,7,0.3,fixed horizon 148,191,57,134,1.064202548635839,0.7631578947368421,0.7580645161290323,0.23684210526315788,0.49745331069609505,0.2314548591144336,0.4173931996512642,0.7685451408855664,0.5826068003487358,0.3124417520969245,0.76,0.5742784380305603
lstm,4,4,8,0.01,fixed horizon 50,191,57,134,1.0953042029247249,0.0,0.0,1.0,0.5,,1.0,,0.0,,0.0,0.5195246179966044
lstm,4,4,8,0.01,fixed horizon 100,191,57,134,1.0974075788291746,0.0,0.0,1.0,0.5,,1.0,,0.0,,0.0,0.5441426146010188
lstm,4,4,8,0.01,fixed horizon 148,191,57,134,1.0974075788291746,0.0,0.0,1.0,0.5,,1.0,,0.0,,0.0,0.5742784380305603
lstm,4,4,8,0.025,fixed horizon 50,191,57,134,1.0366960797322091,0.0,0.0,1.0,0.5,,1.0,,0.0,,0.0,0.5195246179966044
lstm,4,4,8,0.025,fixed horizon 100,191,57,134,1.0366960797322091,0.0,0.0,1.0,0.5,,1.0,,0.0,,0.0,0.5441426146010188
lstm,4,4,8,0.025,fixed horizon 148,191,57,134,1.0417617796646208,0.0,0.0,1.0,0.5,,1.0,,0.0,,0.0,0.5742784380305603
lstm,4,4,8,0.05,fixed horizon 50,191,57,134,1.000909258516446,0.05263157894736842,0.016129032258064516,0.9473684210526315,0.481748726655348,0.48,0.9916129032258065,0.52,0.00838709677419347,0.23,0.03,0.5195246179966044
lstm,4,4,8,0.05,fixed horizon 100,191,57,134,1.0924509241066793,0.0,0.04838709677419355,1.0,0.5241935483870968,0.9366666666666666,0.9969354838709678,0.06333333333333335,0.0030645161290322465,,0.03,0.5441426146010188
lstm,4,4,8,0.05,fixed horizon 148,191,57,134,1.0924509241066793,0.0,0.04838709677419355,1.0,0.5241935483870968,0.6328828828828829,0.9822362685265911,0.36711711711711714,0.017763731473408928,,0.03,0.5742784380305603
lstm,4,4,8,0.075,fixed horizon 50,191,57,134,1.0526890126674682,0.07894736842105263,0.0967741935483871,0.9210526315789473,0.5089134125636672,0.45,0.946774193548387,0.55,0.05322580645161301,0.7133333333333333,0.09,0.5195246179966044
lstm,4,4,8,0.075,fixed horizon 100,191,57,134,1.205961755686246,0.05263157894736842,0.0967741935483871,0.9473684210526315,0.5220713073005093,0.7133333333333333,0.9722580645161291,0.28666666666666674,0.02774193548387094,0.5549999999999999,0.08,0.5441426146010188
lstm,4,4,8,0.075,fixed horizon 148,191,57,134,1.0951349099665155,0.0,0.14516129032258066,1.0,0.5725806451612904,0.8776276276276277,0.9822362685265911,0.1223723723723723,0.017763731473408928,,0.09,0.5742784380305603
lstm,4,4,8,0.1,fixed horizon 50,191,57,134,1.0471610606768764,0.10526315789473684,0.0967741935483871,0.8947368421052632,0.49575551782682514,0.3766666666666667,0.9396774193548387,0.6233333333333333,0.06032258064516127,0.5449999999999999,0.1,0.5195246179966044
lstm,4,4,8,0.1,fixed horizon 100,191,57,134,1.144478407775867,0.07894736842105263,0.20967741935483872,0.9210526315789473,0.565365025466893,0.5076923076923077,0.8967741935483872,0.49230769230769234,0.10322580645161283,0.4033333333333333,0.16,0.5441426146010188
lstm,4,4,8,0.1,fixed horizon 148,191,57,134,1.133599714654882,0.07894736842105263,0.24193548387096775,0.9210526315789473,0.5814940577249575,0.46261261261261255,0.8699869224062772,0.5373873873873874,0.13001307759372283,0.2882882882882883,0.18,0.5742784380305603
lstm,4,4,8,0.15,fixed horizon 50,191,57,134,1.441588701381917,0.34210526315789475,0.3225806451612903,0.6578947368421053,0.4902376910016978,0.426,0.8148387096774193,0.5740000000000001,0.18516129032258066,0.3676923076923077,0.33,0.5195246179966044
lstm,4,4,8,0.15,fixed horizon 100,191,57,134,1.5827177978647842,0.2631578947368421,0.2903225806451613,0.7368421052631579,0.5135823429541596,0.39222222222222225,0.8235483870967742,0.6077777777777778,0.17645161290322575,0.376,0.28,0.5441426146010188
lstm,4,4,8,0.15,fixed horizon 148,191,57,134,1.5827177978647842,0.2631578947368421,0.2903225806451613,0.7368421052631579,0.5135823429541596,0.265015015015015,0.7866172624237141,0.734984984984985,0.2133827375762859,0.25405405405405407,0.28,0.5742784380305603
lstm,4,4,8,0.2,fixed horizon 50,191,57,134,1.9009802038322752,0.47368421052631576,0.5483870967741935,0.5263157894736842,0.5373514431239388,0.4035294117647059,0.6729032258064517,0.5964705882352941,0.3270967741935483,0.3611111111111111,0.52,0.5195246179966044
lstm,4,4,8,0.2,fixed horizon 100,191,57,134,1.3977916097721634,0.39473684210526316,0.45161290322580644,0.6052631578947368,0.5284380305602716,0.38499999999999995,0.7222580645161291,0.615,0.27774193548387094,0.24266666666666667,0.43,0.5441426146010188
lstm,4,4,8,0.2,fixed horizon 148,191,57,134,1.9413514949875998,0.39473684210526316,0.45161290322580644,0.6052631578947368,0.5284380305602716,0.6472007722007723,0.840671316477768,0.3527992277992277,0.15932868352223195,0.6770270270270269,0.43,0.5742784380305603
lstm,4,4,8,0.3,fixed horizon 50,191,57,134,1.368561848637575,0.6578947368421053,0.7741935483870968,0.34210526315789475,0.5581494057724957,0.3695833333333333,0.5119354838709678,0.6304166666666666,0.48806451612903223,0.3736,0.73,0.5195246179966044
lstm,4,4,8,0.3,fixed horizon 100,191,57,134,1.5929496558724152,0.6052631578947368,0.6774193548387096,0.39473684210526316,0.5360780984719864,0.20952380952380953,0.46451612903225814,0.7904761904761904,0.5354838709677419,0.22260869565217395,0.65,0.5441426146010188
lstm,4,4,8,0.3,fixed horizon 148,191,57,134,1.676657552306236,0.7631578947368421,0.7741935483870968,0.23684210526315788,0.5055178268251274,0.2916666666666667,0.45161290322580644,0.7083333333333333,0.5483870967741935,0.3019571295433364,0.77,0.5742784380305603
lstm,4,4,9,0.01,fixed horizon 50,191,57,134,1.0992487492693952,0.0,0.0,1.0,0.5,,1.0,,0.0,,0.0,0.5195246179966044
lstm,4,4,9,0.01,fixed horizon 100,191,57,134,1.1012794556270005,0.0,0.0,1.0,0.5,,1.0,,0.0,,0.0,0.5441426146010188
lstm,4,4,9,0.01,fixed horizon 148,191,57,134,1.1012794556270005,0.0,0.0,1.0,0.5,,1.0,,0.0,,0.0,0.5742784380305603
lstm,4,4,9,0.025,fixed horizon 50,191,57,134,1.0346157878084716,0.0,0.0,1.0,0.5,,1.0,,0.0,,0.0,0.5195246179966044
lstm,4,4,9,0.025,fixed horizon 100,191,57,134,1.0468819342219475,0.0,0.0,1.0,0.5,,1.0,,0.0,,0.0,0.5441426146010188
lstm,4,4,9,0.025,fixed horizon 148,191,57,134,1.0468819342219475,0.0,0.0,1.0,0.5,,1.0,,0.0,,0.0,0.5742784380305603
lstm,4,4,9,0.05,fixed horizon 50,191,57,134,0.9509050053636674,0.05263157894736842,0.06451612903225806,0.9473684210526315,0.5059422750424448,0.315,0.9558064516129031,0.685,0.04419354838709688,0.62,0.06,0.5195246179966044
lstm,4,4,9,0.05,fixed horizon 100,191,57,134,1.0015480913519688,0.02631578947368421,0.04838709677419355,0.9736842105263158,0.5110356536502547,0.6866666666666666,0.9848387096774194,0.31333333333333335,0.015161290322580623,0.22,0.04,0.5441426146010188
lstm,4,4,9,0.05,fixed horizon 148,191,57,134,0.9980081713567951,0.02631578947368421,0.14516129032258066,0.9736842105263158,0.5594227504244482,0.7432432432432433,0.9627288578901483,0.2567567567567567,0.03727114210985172,0.14189189189189189,0.1,0.5742784380305603
lstm,4,4,9,0.075,fixed horizon 50,191,57,134,0.9754951304873727,0.07894736842105263,0.0967741935483871,0.9210526315789473,0.5089134125636672,0.3133333333333333,0.9335483870967741,0.6866666666666668,0.06645161290322588,0.66,0.09,0.5195246179966044
lstm,4,4,9,0.075,fixed horizon 100,191,57,134,0.9685780572727269,0.10526315789473684,0.24193548387096775,0.8947368421052632,0.5683361629881154,0.604,0.9041935483870968,0.396,0.09580645161290324,0.4225,0.19,0.5441426146010188
lstm,4,4,9,0.075,fixed horizon 148,191,57,134,1.00146162016602,0.02631578947368421,0.16129032258064516,0.9736842105263158,0.5674872665534805,0.7,0.9516129032258065,0.30000000000000004,0.048387096774193505,0.14864864864864866,0.11,0.5742784380305603
lstm,4,4,9,0.1,fixed horizon 50,191,57,134,1.060621781689585,0.13157894736842105,0.0967741935483871,0.868421052631579,0.48259762308998305,0.4100000000000001,0.9429032258064515,0.5899999999999999,0.05709677419354853,0.74,0.11,0.5195246179966044
lstm,4,4,9,0.1,fixed horizon 100,191,57,134,0.9706328768302442,0.13157894736842105,0.25806451612903225,0.868421052631579,0.5632427843803056,0.615,0.9006451612903226,0.385,0.09935483870967743,0.336,0.21,0.5441426146010188
lstm,4,4,9,0.1,fixed horizon 148,191,57,134,1.0044475224137377,0.18421052631578946,0.2903225806451613,0.8157894736842105,0.5530560271646859,0.6066066066066066,0.8857890148212729,0.3933933933933934,0.11421098517872708,0.5386100386100385,0.25,0.5742784380305603
lstm,4,4,9,0.15,fixed horizon 50,191,57,134,1.2833502716644263,0.3684210526315789,0.3709677419354839,0.631578947368421,0.5012733446519524,0.38521739130434773,0.7719354838709679,0.6147826086956523,0.2280645161290321,0.31142857142857144,0.37,0.5195246179966044
lstm,4,4,9,0.15,fixed horizon 100,191,57,134,1.7041471870777904,0.15789473684210525,0.24193548387096775,0.8421052631578947,0.5420203735144312,0.8066666666666666,0.9532258064516128,0.19333333333333336,0.04677419354838719,0.785,0.21,0.5441426146010188
lstm,4,4,9,0.15,fixed horizon 148,191,57,134,2.195335977541559,0.15789473684210525,0.3548387096774194,0.8421052631578947,0.5984719864176571,0.6670761670761671,0.8818657367044465,0.3329238329238329,0.11813426329555354,0.6824324324324325,0.28,0.5742784380305603
lstm,4,4,9,0.2,fixed horizon 50,191,57,134,1.2474877884919713,0.47368421052631576,0.5161290322580645,0.5263157894736842,0.5212224108658743,0.36874999999999997,0.6741935483870969,0.6312500000000001,0.3258064516129031,0.36666666666666664,0.5,0.5195246179966044
lstm,4,4,9,0.2,fixed horizon 100,191,57,134,2.009915124110432,0.2631578947368421,0.27419354838709675,0.7368421052631579,0.5055178268251272,0.52,0.8683870967741935,0.48,0.13161290322580654,0.577,0.27,0.5441426146010188
lstm,4,4,9,0.2,fixed horizon 148,191,57,134,2.173691354860407,0.3157894736842105,0.3870967741935484,0.6842105263157895,0.5356536502546689,0.5543355855855856,0.8274847428073235,0.4456644144144144,0.17251525719267646,0.5940315315315315,0.36,0.5742784380305603
lstm,4,4,9,0.3,fixed horizon 50,191,57,134,0.7765037816190548,0.7631578947368421,0.8387096774193549,0.23684210526315788,0.5377758913412564,0.2834615384615385,0.39903225806451614,0.7165384615384616,0.6009677419354839,0.2668965517241379,0.81,0.5195246179966044
lstm,4,4,9,0.3,fixed horizon 100,191,57,134,1.4644692834341384,0.5526315789473685,0.6451612903225806,0.4473684210526316,0.5462648556876061,0.32175000000000004,0.5624193548387096,0.67825,0.43758064516129036,0.23904761904761904,0.61,0.5441426146010188
lstm,4,4,9,0.3,fixed horizon 148,191,57,134,1.7822132974107177,0.6578947368421053,0.6935483870967742,0.34210526315789475,0.5178268251273345,0.34255185417976114,0.5440278988666085,0.6574481458202388,0.4559721011333915,0.34297297297297297,0.68,0.5742784380305603
lstm,5,5,0,0.01,fixed horizon 50,179,53,126,1.109356635243392,0.0,0.0,1.0,0.5,,1.0,,0.0,,0.0,0.4167257264351523
lstm,5,5,0,0.01,fixed horizon 100,179,53,126,1.109356635243392,0.0,0.0,1.0,0.5,,1.0,,0.0,,0.0,0.47696669029057404
lstm,5,5,0,0.01,fixed horizon 148,179,53,126,1.109356635243392,0.0,0.0,1.0,0.5,,1.0,,0.0,,0.0,0.47625797306874557
lstm,5,5,0,0.025,fixed horizon 50,179,53,126,1.0723707277710006,0.0,0.0,1.0,0.5,,1.0,,0.0,,0.0,0.4167257264351523
lstm,5,5,0,0.025,fixed horizon 100,179,53,126,1.0723707277710006,0.0,0.0,1.0,0.5,,1.0,,0.0,,0.0,0.47696669029057404
lstm,5,5,0,0.025,fixed horizon 148,179,53,126,1.0723707277710006,0.0,0.0,1.0,0.5,,1.0,,0.0,,0.0,0.47625797306874557
lstm,5,5,0,0.05,fixed horizon 50,179,53,126,1.0339750682146347,0.0,0.0,1.0,0.5,,1.0,,0.0,,0.0,0.4167257264351523
lstm,5,5,0,0.05,fixed horizon 100,179,53,126,1.039377303518345,0.0,0.0,1.0,0.5,,1.0,,0.0,,0.0,0.47696669029057404
lstm,5,5,0,0.05,fixed horizon 148,179,53,126,1.0493748764405517,0.0,0.0,1.0,0.5,,1.0,,0.0,,0.0,0.47625797306874557
lstm,5,5,0,0.075,fixed horizon 50,179,53,126,1.039130678190512,0.012048192771084338,0.0,0.9879518072289156,0.4939759036144578,,1.0,,0.0,0.54,0.01,0.4167257264351523
lstm,5,5,0,0.075,fixed horizon 100,179,53,126,1.023219869162839,0.0,0.0,1.0,0.5,,1.0,,0.0,,0.0,0.47696669029057404
lstm,5,5,0,0.075,fixed horizon 148,179,53,126,1.05378774985175,0.0,0.058823529411764705,1.0,0.5294117647058824,0.8378378378378378,0.9904610492845788,0.16216216216216217,0.009538950715421213,,0.01,0.47625797306874557
lstm,5,5,0,0.1,fixed horizon 50,179,53,126,1.0064821110224451,0.04819277108433735,0.0,0.9518072289156626,0.4759036144578313,,1.0,,0.0,0.54,0.04,0.4167257264351523
lstm,5,5,0,0.1,fixed horizon 100,179,53,126,1.037670030477683,0.0,0.0,1.0,0.5,,1.0,,0.0,,0.0,0.47696669029057404
lstm,5,5,0,0.1,fixed horizon 148,179,53,126,1.0443014302422802,0.012048192771084338,0.058823529411764705,0.9879518072289156,0.5233876683203401,0.8378378378378378,0.9904610492845788,0.16216216216216217,0.009538950715421213,0.9527027027027027,0.02,0.47625797306874557
lstm,5,5,0,0.15,fixed horizon 50,179,53,126,1.0075790857610396,0.060240963855421686,0.0,0.9397590361445783,0.46987951807228917,,1.0,,0.0,0.17200000000000001,0.05,0.4167257264351523
lstm,5,5,0,0.15,fixed horizon 100,179,53,126,1.0357211112999263,0.03614457831325301,0.058823529411764705,0.963855421686747,0.5113394755492559,0.92,0.9952941176470589,0.07999999999999996,0.004705882352941115,0.2833333333333333,0.04,0.47696669029057404
lstm,5,5,0,0.15,fixed horizon 148,179,53,126,1.0900677975846478,0.012048192771084338,0.058823529411764705,0.9879518072289156,0.5233876683203401,0.6486486486486487,0.9793322734499206,0.3513513513513513,0.020667726550079424,0.9864864864864865,0.02,0.47625797306874557
lstm,5,5,0,0.2,fixed horizon 50,179,53,126,0.9647717331881352,0.060240963855421686,0.0,0.9397590361445783,0.46987951807228917,,1.0,,0.0,0.14,0.05,0.4167257264351523
lstm,5,5,0,0.2,fixed horizon 100,179,53,126,1.0647551054397633,0.0963855421686747,0.11764705882352941,0.9036144578313253,0.5106307583274273,0.81,0.9776470588235293,0.18999999999999995,0.022352941176470686,0.43125,0.1,0.47696669029057404
lstm,5,5,0,0.2,fixed horizon 148,179,53,126,0.9891970540471142,0.07228915662650602,0.11764705882352941,0.927710843373494,0.5226789510985117,0.5608108108108107,0.9483306836248012,0.43918918918918926,0.05166931637519878,0.21509009009009009,0.08,0.47625797306874557
lstm,5,5,0,0.3,fixed horizon 50,179,53,126,0.8412897678389923,0.21686746987951808,0.058823529411764705,0.7831325301204819,0.4209780297661233,0.0,0.9411764705882353,1.0,0.05882352941176472,0.05333333333333333,0.19,0.4167257264351523
lstm,5,5,0,0.3,fixed horizon 100,179,53,126,1.0882094870887031,0.10843373493975904,0.11764705882352941,0.891566265060241,0.5046066619418852,0.74,0.9694117647058824,0.26,0.030588235294117583,0.3933333333333333,0.11,0.47696669029057404
lstm,5,5,0,0.3,fixed horizon 148,179,53,126,1.329998166512156,0.10843373493975904,0.11764705882352941,0.891566265060241,0.5046066619418852,0.5304054054054054,0.9447535771065183,0.4695945945945946,0.055246422893481695,0.29279279279279286,0.11,0.47625797306874557
lstm,5,5,1,0.01,fixed horizon 50,179,53,126,1.1103394253960548,0.0,0.0,1.0,0.5,,1.0,,0.0,,0.0,0.4167257264351523
lstm,5,5,1,0.01,fixed horizon 100,179,53,126,1.1103394253960548,0.0,0.0,1.0,0.5,,1.0,,0.0,,0.0,0.47696669029057404
lstm,5,5,1,0.01,fixed horizon 148,179,53,126,1.1103394253960548,0.0,0.0,1.0,0.5,,1.0,,0.0,,0.0,0.47625797306874557
lstm,5,5,1,0.025,fixed horizon 50,179,53,126,1.0333873838894487,0.0,0.0,1.0,0.5,,1.0,,0.0,,0.0,0.4167257264351523
lstm,5,5,1,0.025,fixed horizon 100,179,53,126,1.0348805391577192,0.0,0.0,1.0,0.5,,1.0,,0.0,,0.0,0.47696669029057404
lstm,5,5,1,0.025,fixed horizon 148,179,53,126,1.0352641441206523,0.0,0.0,1.0,0.5,,1.0,,0.0,,0.0,0.47625797306874557
lstm,5,5,1,0.05,fixed horizon 50,179,53,126,0.9858810064138178,0.012048192771084338,0.0,0.9879518072289156,0.4939759036144578,,1.0,,0.0,0.06,0.01,0.4167257264351523
lstm,5,5,1,0.05,fixed horizon 100,179,53,126,1.0348735691999098,0.0,0.0,1.0,0.5,,1.0,,0.0,,0.0,0.47696669029057404
lstm,5,5,1,0.05,fixed horizon 148,179,53,126,1.0348735691999098,0.0,0.0,1.0,0.5,,1.0,,0.0,,0.0,0.47625797306874557
lstm,5,5,1,0.075,fixed horizon 50,179,53,126,1.152607807038144,0.012048192771084338,0.0,0.9879518072289156,0.4939759036144578,,1.0,,0.0,0.8,0.01,0.4167257264351523
lstm,5,5,1,0.075,fixed horizon 100,179,53,126,1.1421403158117291,0.012048192771084338,0.0,0.9879518072289156,0.4939759036144578,,1.0,,0.0,0.42,0.01,0.47696669029057404
lstm,5,5,1,0.075,fixed horizon 148,179,53,126,1.1432882747342423,0.012048192771084338,0.0,0.9879518072289156,0.4939759036144578,,1.0,,0.0,0.28378378378378377,0.01,0.47625797306874557
lstm,5,5,1,0.1,fixed horizon 50,179,53,126,1.1939628816883037,0.04819277108433735,0.0,0.9518072289156626,0.4759036144578313,,1.0,,0.0,0.43000000000000005,0.04,0.4167257264351523
lstm,5,5,1,0.1,fixed horizon 100,179,53,126,1.120707278818668,0.012048192771084338,0.0,0.9879518072289156,0.4939759036144578,,1.0,,0.0,0.41,0.01,0.47696669029057404
lstm,5,5,1,0.1,fixed horizon 148,179,53,126,1.1252442438233412,0.012048192771084338,0.058823529411764705,0.9879518072289156,0.5233876683203401,0.8918918918918919,0.9936406995230525,0.10810810810810811,0.006359300476947549,0.27702702702702703,0.02,0.47625797306874557
lstm,5,5,1,0.15,fixed horizon 50,179,53,126,1.2117163999295826,0.060240963855421686,0.0,0.9397590361445783,0.46987951807228917,,1.0,,0.0,0.21200000000000002,0.05,0.4167257264351523
lstm,5,5,1,0.15,fixed horizon 100,179,53,126,1.1193300477888521,0.024096385542168676,0.11764705882352941,0.9759036144578314,0.5467753366406803,0.855,0.9829411764705883,0.14500000000000002,0.017058823529411682,0.355,0.04,0.47696669029057404
lstm,5,5,1,0.15,fixed horizon 148,179,53,126,1.1160142322961724,0.012048192771084338,0.058823529411764705,0.9879518072289156,0.5233876683203401,0.7635135135135135,0.9860890302066772,0.2364864864864865,0.013910969793322847,0.27702702702702703,0.02,0.47625797306874557
lstm,5,5,1,0.2,fixed horizon 50,179,53,126,1.5005350234085326,0.060240963855421686,0.0,0.9397590361445783,0.46987951807228917,,1.0,,0.0,0.21599999999999997,0.05,0.4167257264351523
lstm,5,5,1,0.2,fixed horizon 100,179,53,126,1.28380673204543,0.0963855421686747,0.11764705882352941,0.9036144578313253,0.5106307583274273,0.7949999999999999,0.9758823529411764,0.20500000000000007,0.024117647058823577,0.4675,0.1,0.47696669029057404
lstm,5,5,1,0.2,fixed horizon 148,179,53,126,1.5951845275633225,0.012048192771084338,0.11764705882352941,0.9879518072289156,0.5527994330262225,0.5945945945945945,0.9523052464228935,0.4054054054054055,0.04769475357710651,0.6824324324324325,0.03,0.47625797306874557
lstm,5,5,1,0.3,fixed horizon 50,179,53,126,1.208459985662857,0.060240963855421686,0.0,0.9397590361445783,0.46987951807228917,,1.0,,0.0,0.11200000000000002,0.05,0.4167257264351523
lstm,5,5,1,0.3,fixed horizon 100,179,53,126,1.7414815957605245,0.0963855421686747,0.11764705882352941,0.9036144578313253,0.5106307583274273,0.77,0.9729411764705882,0.22999999999999998,0.027058823529411802,0.48375,0.1,0.47696669029057404
lstm,5,5,1,0.3,fixed horizon 148,179,53,126,1.8211115469278842,0.07228915662650602,0.11764705882352941,0.927710843373494,0.5226789510985117,0.5641891891891893,0.9487281399046106,0.43581081081081074,0.05127186009538942,0.2849099099099099,0.08,0.47625797306874557
lstm,5,5,2,0.01,fixed horizon 50,179,53,126,1.173712548545133,0.0,0.0,1.0,0.5,,1.0,,0.0,,0.0,0.4167257264351523
lstm,5,5,2,0.01,fixed horizon 100,179,53,126,1.173712548545133,0.0,0.0,1.0,0.5,,1.0,,0.0,,0.0,0.47696669029057404
lstm,5,5,2,0.01,fixed horizon 148,179,53,126,1.173712548545133,0.0,0.0,1.0,0.5,,1.0,,0.0,,0.0,0.47625797306874557
lstm,5,5,2,0.025,fixed horizon 50,179,53,126,1.09041643334918,0.012048192771084338,0.0,0.9879518072289156,0.4939759036144578,,1.0,,0.0,0.0,0.01,0.4167257264351523
lstm,5,5,2,0.025,fixed horizon 100,179,53,126,1.09041643334918,0.012048192771084338,0.0,0.9879518072289156,0.4939759036144578,,1.0,,0.0,0.0,0.01,0.47696669029057404
lstm,5,5,2,0.025,fixed horizon 148,179,53,126,1.09041643334918,0.012048192771084338,0.0,0.9879518072289156,0.4939759036144578,,1.0,,0.0,0.0,0.01,0.47625797306874557
lstm,5,5,2,0.05,fixed horizon 50,179,53,126,1.1325594103300198,0.012048192771084338,0.0,0.9879518072289156,0.4939759036144578,,1.0,,0.0,0.94,0.01,0.4167257264351523
lstm,5,5,2,0.05,fixed horizon 100,179,53,126,1.0667020572624997,0.012048192771084338,0.0,0.9879518072289156,0.4939759036144578,,1.0,,0.0,0.0,0.01,0.47696669029057404
lstm,5,5,2,0.05,fixed horizon 148,179,53,126,1.0835731454869804,0.012048192771084338,0.058823529411764705,0.9879518072289156,0.5233876683203401,0.9054054054054054,0.994435612082671,0.09459459459459463,0.00556438791732905,0.0,0.02,0.47625797306874557
lstm,5,5,2,0.075,fixed horizon 50,179,53,126,1.1076657056573125,0.012048192771084338,0.0,0.9879518072289156,0.4939759036144578,,1.0,,0.0,0.82,0.01,0.4167257264351523
lstm,5,5,2,0.075,fixed horizon 100,179,53,126,1.1076657056573125,0.024096385542168676,0.0,0.9759036144578314,0.4879518072289157,,1.0,,0.0,0.205,0.02,0.47696669029057404
lstm,5,5,2,0.075,fixed horizon 148,179,53,126,1.2799125039800812,0.012048192771084338,0.058823529411764705,0.9879518072289156,0.5233876683203401,0.9324324324324325,0.9960254372019077,0.06756756756756754,0.003974562798092274,0.9459459459459459,0.02,0.47625797306874557
lstm,5,5,2,0.1,fixed horizon 50,179,53,126,1.038261013015801,0.04819277108433735,0.0,0.9518072289156626,0.4759036144578313,,1.0,,0.0,0.33,0.04,0.4167257264351523
lstm,5,5,2,0.1,fixed horizon 100,179,53,126,1.0648430454738906,0.03614457831325301,0.0,0.963855421686747,0.4819277108433735,,1.0,,0.0,0.23666666666666666,0.03,0.47696669029057404
lstm,5,5,2,0.1,fixed horizon 148,179,53,126,1.3983508399049107,0.012048192771084338,0.058823529411764705,0.9879518072289156,0.5233876683203401,0.831081081081081,0.9900635930047694,0.16891891891891897,0.009936406995230573,0.8378378378378378,0.02,0.47625797306874557
lstm,5,5,2,0.15,fixed horizon 50,179,53,126,1.2039195254780717,0.060240963855421686,0.0,0.9397590361445783,0.46987951807228917,,1.0,,0.0,0.336,0.05,0.4167257264351523
lstm,5,5,2,0.15,fixed horizon 100,179,53,126,1.117774685258069,0.060240963855421686,0.11764705882352941,0.9397590361445783,0.5287030474840538,0.825,0.9794117647058824,0.17500000000000004,0.020588235294117574,0.49400000000000005,0.07,0.47696669029057404
lstm,5,5,2,0.15,fixed horizon 148,179,53,126,1.6296249441662882,0.012048192771084338,0.058823529411764705,0.9879518072289156,0.5233876683203401,0.7094594594594594,0.9829093799682035,0.29054054054054057,0.01709062003179651,0.777027027027027,0.02,0.47625797306874557
lstm,5,5,2,0.2,fixed horizon 50,179,53,126,1.137748264914086,0.07228915662650602,0.0,0.927710843373494,0.463855421686747,,1.0,,0.0,0.14333333333333334,0.06,0.4167257264351523
lstm,5,5,2,0.2,fixed horizon 100,179,53,126,1.2138902358844033,0.060240963855421686,0.11764705882352941,0.9397590361445783,0.5287030474840538,0.845,0.981764705882353,0.15500000000000003,0.018235294117647016,0.49399999999999994,0.07,0.47696669029057404
lstm,5,5,2,0.2,fixed horizon 148,179,53,126,1.4519497262401335,0.024096385542168676,0.11764705882352941,0.9759036144578314,0.5467753366406803,0.597972972972973,0.9527027027027027,0.402027027027027,0.04729729729729726,0.4763513513513513,0.04,0.47625797306874557
lstm,5,5,2,0.3,fixed horizon 50,179,53,126,1.2065326247617243,0.08433734939759036,0.0,0.9156626506024096,0.4578313253012048,,1.0,,0.0,0.09714285714285716,0.07,0.4167257264351523
lstm,5,5,2,0.3,fixed horizon 100,179,53,126,1.4975677615412242,0.10843373493975904,0.11764705882352941,0.891566265060241,0.5046066619418852,0.755,0.9711764705882352,0.245,0.028823529411764803,0.41777777777777775,0.11,0.47696669029057404
lstm,5,5,2,0.3,fixed horizon 148,179,53,126,1.5232220986897884,0.07228915662650602,0.11764705882352941,0.927710843373494,0.5226789510985117,0.5168918918918919,0.9431637519872813,0.4831081081081081,0.05683624801271869,0.42454954954954954,0.08,0.47625797306874557
lstm,5,5,3,0.01,fixed horizon 50,179,53,126,1.1659226284519915,0.0,0.0,1.0,0.5,,1.0,,0.0,,0.0,0.4167257264351523
lstm,5,5,3,0.01,fixed horizon 100,179,53,126,1.1659226284519915,0.0,0.0,1.0,0.5,,1.0,,0.0,,0.0,0.47696669029057404
lstm,5,5,3,0.01,fixed horizon 148,179,53,126,1.1659226284519915,0.0,0.0,1.0,0.5,,1.0,,0.0,,0.0,0.47625797306874557
lstm,5,5,3,0.025,fixed horizon 50,179,53,126,1.102568436492847,0.0,0.0,1.0,0.5,,1.0,,0.0,,0.0,0.4167257264351523
lstm,5,5,3,0.025,fixed horizon 100,179,53,126,1.1063483731117958,0.0,0.0,1.0,0.5,,1.0,,0.0,,0.0,0.47696669029057404
lstm,5,5,3,0.025,fixed horizon 148,179,53,126,1.1063483731117958,0.0,0.0,1.0,0.5,,1.0,,0.0,,0.0,0.47625797306874557
lstm,5,5,3,0.05,fixed horizon 50,179,53,126,1.0478712312008154,0.012048192771084338,0.0,0.9879518072289156,0.4939759036144578,,1.0,,0.0,0.8,0.01,0.4167257264351523
lstm,5,5,3,0.05,fixed horizon 100,179,53,126,1.0798532169390143,0.0,0.0,1.0,0.5,,1.0,,0.0,,0.0,0.47696669029057404
lstm,5,5,3,0.05,fixed horizon 148,179,53,126,1.0559439732133475,0.0,0.0,1.0,0.5,,1.0,,0.0,,0.0,0.47625797306874557
lstm,5,5,3,0.075,fixed horizon 50,179,53,126,1.0486815013977466,0.012048192771084338,0.0,0.9879518072289156,0.4939759036144578,,1.0,,0.0,0.8,0.01,0.4167257264351523
lstm,5,5,3,0.075,fixed horizon 100,179,53,126,1.0732564613364526,0.012048192771084338,0.0,0.9879518072289156,0.4939759036144578,,1.0,,0.0,0.45,0.01,0.47696669029057404
lstm,5,5,3,0.075,fixed horizon 148,179,53,126,1.0555856577996265,0.0,0.058823529411764705,1.0,0.5294117647058824,0.9391891891891891,0.996422893481717,0.060810810810810856,0.003577106518283024,,0.01,0.47625797306874557
lstm,5,5,3,0.1,fixed horizon 50,179,53,126,1.0601625689111978,0.04819277108433735,0.0,0.9518072289156626,0.4759036144578313,,1.0,,0.0,0.44499999999999995,0.04,0.4167257264351523
lstm,5,5,3,0.1,fixed horizon 100,179,53,126,1.1916122282549786,0.012048192771084338,0.058823529411764705,0.9879518072289156,0.5233876683203401,0.79,0.9876470588235293,0.20999999999999996,0.012352941176470678,0.42,0.02,0.47696669029057404
lstm,5,5,3,0.1,fixed horizon 148,179,53,126,1.0952617949133696,0.024096385542168676,0.058823529411764705,0.9759036144578314,0.517363571934798,0.9054054054054054,0.994435612082671,0.09459459459459463,0.00556438791732905,0.6486486486486487,0.03,0.47625797306874557
lstm,5,5,3,0.15,fixed horizon 50,179,53,126,0.9321825200211439,0.060240963855421686,0.0,0.9397590361445783,0.46987951807228917,,1.0,,0.0,0.24,0.05,0.4167257264351523
lstm,5,5,3,0.15,fixed horizon 100,179,53,126,1.085959141031696,0.060240963855421686,0.11764705882352941,0.9397590361445783,0.5287030474840538,0.7849999999999999,0.9747058823529412,0.21500000000000008,0.0252941176470588,0.6120000000000001,0.07,0.47696669029057404
lstm,5,5,3,0.15,fixed horizon 148,179,53,126,1.083881480487984,0.024096385542168676,0.058823529411764705,0.9759036144578314,0.517363571934798,0.8175675675675675,0.989268680445151,0.18243243243243246,0.010731319554848961,0.5878378378378378,0.03,0.47625797306874557
lstm,5,5,3,0.2,fixed horizon 50,179,53,126,0.8523791469795537,0.07228915662650602,0.0,0.927710843373494,0.463855421686747,,1.0,,0.0,0.12,0.06,0.4167257264351523
lstm,5,5,3,0.2,fixed horizon 100,179,53,126,1.025398467083108,0.0963855421686747,0.11764705882352941,0.9036144578313253,0.5106307583274273,0.755,0.9711764705882354,0.245,0.02882352941176458,0.49875,0.1,0.47696669029057404
lstm,5,5,3,0.2,fixed horizon 148,179,53,126,1.0614165780889788,0.04819277108433735,0.11764705882352941,0.9518072289156626,0.534727143869596,0.6148648648648649,0.9546899841017488,0.3851351351351351,0.04531001589825123,0.45945945945945943,0.06,0.47625797306874557
lstm,5,5,3,0.3,fixed horizon 50,179,53,126,0.6552120807845272,0.1927710843373494,0.058823529411764705,0.8072289156626506,0.4330262225372077,0.0,0.9411764705882353,1.0,0.05882352941176472,0.042499999999999996,0.17,0.4167257264351523
lstm,5,5,3,0.3,fixed horizon 100,179,53,126,0.9871589460805827,0.10843373493975904,0.11764705882352941,0.891566265060241,0.5046066619418852,0.75,0.9705882352941176,0.25,0.02941176470588236,0.42000000000000004,0.11,0.47696669029057404
lstm,5,5,3,0.3,fixed horizon 148,179,53,126,1.293279843391871,0.0963855421686747,0.11764705882352941,0.9036144578313253,0.5106307583274273,0.5371621621621622,0.9455484896661368,0.46283783783783783,0.054451510333863196,0.35219594594594594,0.1,0.47625797306874557
lstm,5,5,4,0.01,fixed horizon 50,179,53,126,1.0813498623791253,0.0,0.0,1.0,0.5,,1.0,,0.0,,0.0,0.4167257264351523
lstm,5,5,4,0.01,fixed horizon 100,179,53,126,1.0813498623791253,0.0,0.0,1.0,0.5,,1.0,,0.0,,0.0,0.47696669029057404
lstm,5,5,4,0.01,fixed horizon 148,179,53,126,1.0914004891140494,0.0,0.0,1.0,0.5,,1.0,,0.0,,0.0,0.47625797306874557
lstm,5,5,4,0.025,fixed horizon 50,179,53,126,1.003498949459496,0.0,0.0,1.0,0.5,,1.0,,0.0,,0.0,0.4167257264351523
lstm,5,5,4,0.025,fixed horizon 100,179,53,126,1.0537153934630998,0.0,0.0,1.0,0.5,,1.0,,0.0,,0.0,0.47696669029057404
lstm,5,5,4,0.025,fixed horizon 148,179,53,126,1.0737593928910316,0.0,0.0,1.0,0.5,,1.0,,0.0,,0.0,0.47625797306874557
lstm,5,5,4,0.05,fixed horizon 50,179,53,126,1.0575575705890388,0.012048192771084338,0.0,0.9879518072289156,0.4939759036144578,,1.0,,0.0,0.0,0.01,0.4167257264351523
lstm,5,5,4,0.05,fixed horizon 100,179,53,126,1.0575575705890388,0.012048192771084338,0.0,0.9879518072289156,0.4939759036144578,,1.0,,0.0,0.0,0.01,0.47696669029057404
lstm,5,5,4,0.05,fixed horizon 148,179,53,126,1.0728920738086911,0.012048192771084338,0.0,0.9879518072289156,0.4939759036144578,,1.0,,0.0,0.0,0.01,0.47625797306874557
lstm,5,5,4,0.075,fixed horizon 50,179,53,126,1.11586077676103,0.012048192771084338,0.0,0.9879518072289156,0.4939759036144578,,1.0,,0.0,0.0,0.01,0.4167257264351523
lstm,5,5,4,0.075,fixed horizon 100,179,53,126,1.1464489137852132,0.0,0.0,1.0,0.5,,1.0,,0.0,,0.0,0.47696669029057404
lstm,5,5,4,0.075,fixed horizon 148,179,53,126,1.1333081957819837,0.024096385542168676,0.058823529411764705,0.9759036144578314,0.517363571934798,0.972972972972973,0.998410174880763,0.027027027027026973,0.0015898251192369983,0.4966216216216216,0.03,0.47625797306874557
lstm,5,5,4,0.1,fixed horizon 50,179,53,126,1.1585592934586133,0.024096385542168676,0.0,0.9759036144578314,0.4879518072289157,,1.0,,0.0,0.4,0.02,0.4167257264351523
lstm,5,5,4,0.1,fixed horizon 100,179,53,126,1.0828316459419596,0.03614457831325301,0.0,0.963855421686747,0.4819277108433735,,1.0,,0.0,0.16333333333333333,0.03,0.47696669029057404
lstm,5,5,4,0.1,fixed horizon 148,179,53,126,1.189649951905571,0.024096385542168676,0.058823529411764705,0.9759036144578314,0.517363571934798,0.9932432432432432,0.9996025437201908,0.006756756756756799,0.0003974562798092496,0.13513513513513514,0.03,0.47625797306874557
lstm,5,5,4,0.15,fixed horizon 50,179,53,126,1.2799053471604815,0.04819277108433735,0.0,0.9518072289156626,0.4759036144578313,,1.0,,0.0,0.31,0.04,0.4167257264351523
lstm,5,5,4,0.15,fixed horizon 100,179,53,126,1.1224705477720773,0.03614457831325301,0.11764705882352941,0.963855421686747,0.5407512402551382,0.845,0.981764705882353,0.15500000000000003,0.018235294117647016,0.23666666666666666,0.05,0.47696669029057404
lstm,5,5,4,0.15,fixed horizon 148,179,53,126,1.3846108084969102,0.04819277108433735,0.11764705882352941,0.9518072289156626,0.534727143869596,0.6047297297297297,0.9534976152623211,0.3952702702702703,0.04650238473767887,0.15371621621621623,0.06,0.47625797306874557
lstm,5,5,4,0.2,fixed horizon 50,179,53,126,1.2180748156022536,0.060240963855421686,0.0,0.9397590361445783,0.46987951807228917,,1.0,,0.0,0.184,0.05,0.4167257264351523
lstm,5,5,4,0.2,fixed horizon 100,179,53,126,1.2741760435614227,0.08433734939759036,0.11764705882352941,0.9156626506024096,0.5166548547129695,0.76,0.9717647058823529,0.24,0.028235294117647136,0.4342857142857143,0.09,0.47696669029057404
lstm,5,5,4,0.2,fixed horizon 148,179,53,126,1.3315227390458395,0.060240963855421686,0.11764705882352941,0.9397590361445783,0.5287030474840538,0.5810810810810811,0.9507154213036566,0.41891891891891886,0.049284578696343395,0.25135135135135134,0.07,0.47625797306874557
lstm,5,5,4,0.3,fixed horizon 50,179,53,126,0.935669004219239,0.1566265060240964,0.0,0.8433734939759037,0.42168674698795183,,1.0,,0.0,0.07846153846153846,0.13,0.4167257264351523
lstm,5,5,4,0.3,fixed horizon 100,179,53,126,1.3272660211865852,0.10843373493975904,0.11764705882352941,0.891566265060241,0.5046066619418852,0.7649999999999999,0.9723529411764704,0.2350000000000001,0.02764705882352958,0.4177777777777778,0.11,0.47696669029057404
lstm,5,5,4,0.3,fixed horizon 148,179,53,126,1.4008991567270157,0.10843373493975904,0.11764705882352941,0.891566265060241,0.5046066619418852,0.5067567567567568,0.9419713831478537,0.4932432432432432,0.05802861685214633,0.28003003003003,0.11,0.47625797306874557
lstm,5,5,5,0.01,fixed horizon 50,179,53,126,1.1419533891832023,0.0,0.0,1.0,0.5,,1.0,,0.0,,0.0,0.4167257264351523
lstm,5,5,5,0.01,fixed horizon 100,179,53,126,1.1940912388776428,0.0,0.0,1.0,0.5,,1.0,,0.0,,0.0,0.47696669029057404
lstm,5,5,5,0.01,fixed horizon 148,179,53,126,1.1940912388776428,0.0,0.0,1.0,0.5,,1.0,,0.0,,0.0,0.47625797306874557
lstm,5,5,5,0.025,fixed horizon 50,179,53,126,1.121077861228338,0.0,0.0,1.0,0.5,,1.0,,0.0,,0.0,0.4167257264351523
lstm,5,5,5,0.025,fixed horizon 100,179,53,126,1.1481282065522147,0.0,0.0,1.0,0.5,,1.0,,0.0,,0.0,0.47696669029057404
lstm,5,5,5,0.025,fixed horizon 148,179,53,126,1.1481282065522147,0.0,0.0,1.0,0.5,,1.0,,0.0,,0.0,0.47625797306874557
lstm,5,5,5,0.05,fixed horizon 50,179,53,126,1.050299149997987,0.0,0.0,1.0,0.5,,1.0,,0.0,,0.0,0.4167257264351523
lstm,5,5,5,0.05,fixed horizon 100,179,53,126,1.0757765113059268,0.0,0.0,1.0,0.5,,1.0,,0.0,,0.0,0.47696669029057404
lstm,5,5,5,0.05,fixed horizon 148,179,53,126,1.1580797354585157,0.0,0.058823529411764705,1.0,0.5294117647058824,0.8716216216216216,0.9924483306836248,0.1283783783783784,0.007551669316375187,,0.01,0.47625797306874557
lstm,5,5,5,0.075,fixed horizon 50,179,53,126,1.0336678876813432,0.012048192771084338,0.0,0.9879518072289156,0.4939759036144578,,1.0,,0.0,0.56,0.01,0.4167257264351523
lstm,5,5,5,0.075,fixed horizon 100,179,53,126,1.1317941908626,0.0,0.058823529411764705,1.0,0.5294117647058824,0.78,0.9870588235294119,0.21999999999999997,0.012941176470588123,,0.01,0.47696669029057404
lstm,5,5,5,0.075,fixed horizon 148,179,53,126,1.249689236508797,0.012048192771084338,0.058823529411764705,0.9879518072289156,0.5233876683203401,0.8918918918918919,0.9936406995230525,0.10810810810810811,0.006359300476947549,0.9121621621621622,0.02,0.47625797306874557
lstm,5,5,5,0.1,fixed horizon 50,179,53,126,1.0170961784551218,0.04819277108433735,0.0,0.9518072289156626,0.4759036144578313,,1.0,,0.0,0.455,0.04,0.4167257264351523
lstm,5,5,5,0.1,fixed horizon 100,179,53,126,1.1091540473130883,0.0,0.058823529411764705,1.0,0.5294117647058824,0.78,0.9870588235294119,0.21999999999999997,0.012941176470588123,,0.01,0.47696669029057404
lstm,5,5,5,0.1,fixed horizon 148,179,53,126,1.2227284275679828,0.012048192771084338,0.11764705882352941,0.9879518072289156,0.5527994330262225,0.7297297297297297,0.9682034976152624,0.2702702702702703,0.031796502384737635,0.9054054054054054,0.03,0.47625797306874557
lstm,5,5,5,0.15,fixed horizon 50,179,53,126,1.126895322890721,0.04819277108433735,0.0,0.9518072289156626,0.4759036144578313,,1.0,,0.0,0.395,0.04,0.4167257264351523
lstm,5,5,5,0.15,fixed horizon 100,179,53,126,1.111207606926274,0.024096385542168676,0.11764705882352941,0.9759036144578314,0.5467753366406803,0.845,0.981764705882353,0.15500000000000003,0.018235294117647016,0.33999999999999997,0.04,0.47696669029057404
lstm,5,5,5,0.15,fixed horizon 148,179,53,126,1.2007665605623035,0.024096385542168676,0.11764705882352941,0.9759036144578314,0.5467753366406803,0.5743243243243243,0.9499205087440382,0.42567567567567566,0.05007949125596178,0.7466216216216216,0.04,0.47625797306874557
lstm,5,5,5,0.2,fixed horizon 50,179,53,126,1.4777840664820565,0.060240963855421686,0.0,0.9397590361445783,0.46987951807228917,,1.0,,0.0,0.24,0.05,0.4167257264351523
lstm,5,5,5,0.2,fixed horizon 100,179,53,126,1.2843073221330013,0.0963855421686747,0.11764705882352941,0.9036144578313253,0.5106307583274273,0.7949999999999999,0.9758823529411764,0.20500000000000007,0.024117647058823577,0.51875,0.1,0.47696669029057404
lstm,5,5,5,0.2,fixed horizon 148,179,53,126,1.361853349013974,0.03614457831325301,0.11764705882352941,0.963855421686747,0.5407512402551382,0.5675675675675675,0.9491255961844198,0.43243243243243246,0.05087440381558017,0.5045045045045046,0.05,0.47625797306874557
lstm,5,5,5,0.3,fixed horizon 50,179,53,126,1.0670219599001642,0.13253012048192772,0.0,0.8674698795180723,0.43373493975903615,,1.0,,0.0,0.1109090909090909,0.11,0.4167257264351523
lstm,5,5,5,0.3,fixed horizon 100,179,53,126,1.3480041848439976,0.10843373493975904,0.11764705882352941,0.891566265060241,0.5046066619418852,0.77,0.9729411764705882,0.22999999999999998,0.027058823529411802,0.4055555555555556,0.11,0.47696669029057404
lstm,5,5,5,0.3,fixed horizon 148,179,53,126,1.3068838456744625,0.10843373493975904,0.11764705882352941,0.891566265060241,0.5046066619418852,0.5101351351351352,0.9423688394276629,0.4898648648648648,0.05763116057233708,0.29204204204204204,0.11,0.47625797306874557
lstm,5,5,6,0.01,fixed horizon 50,179,53,126,1.0475401626843972,0.0,0.0,1.0,0.5,,1.0,,0.0,,0.0,0.4167257264351523
lstm,5,5,6,0.01,fixed horizon 100,179,53,126,1.0533354901939969,0.0,0.0,1.0,0.5,,1.0,,0.0,,0.0,0.47696669029057404
lstm,5,5,6,0.01,fixed horizon 148,179,53,126,1.0540704069621838,0.0,0.0,1.0,0.5,,1.0,,0.0,,0.0,0.47625797306874557
lstm,5,5,6,0.025,fixed horizon 50,179,53,126,0.9949594966366432,0.0,0.0,1.0,0.5,,1.0,,0.0,,0.0,0.4167257264351523
lstm,5,5,6,0.025,fixed horizon 100,179,53,126,1.0062421023102592,0.0,0.0,1.0,0.5,,1.0,,0.0,,0.0,0.47696669029057404
lstm,5,5,6,0.025,fixed horizon 148,179,53,126,1.0215205373116316,0.0,0.0,1.0,0.5,,1.0,,0.0,,0.0,0.47625797306874557
lstm,5,5,6,0.05,fixed horizon 50,179,53,126,1.0369688335105245,0.012048192771084338,0.0,0.9879518072289156,0.4939759036144578,,1.0,,0.0,0.64,0.01,0.4167257264351523
lstm,5,5,6,0.05,fixed horizon 100,179,53,126,1.094474572259569,0.0,0.0,1.0,0.5,,1.0,,0.0,,0.0,0.47696669029057404
lstm,5,5,6,0.05,fixed horizon 148,179,53,126,1.094474572259569,0.0,0.0,1.0,0.5,,1.0,,0.0,,0.0,0.47625797306874557
lstm,5,5,6,0.075,fixed horizon 50,179,53,126,1.035567170634551,0.012048192771084338,0.0,0.9879518072289156,0.4939759036144578,,1.0,,0.0,0.54,0.01,0.4167257264351523
lstm,5,5,6,0.075,fixed horizon 100,179,53,126,1.0557260738261747,0.0,0.0,1.0,0.5,,1.0,,0.0,,0.0,0.47696669029057404
lstm,5,5,6,0.075,fixed horizon 148,179,53,126,1.1670440303050489,0.012048192771084338,0.058823529411764705,0.9879518072289156,0.5233876683203401,0.9391891891891891,0.996422893481717,0.060810810810810856,0.003577106518283024,0.9662162162162162,0.02,0.47625797306874557
lstm,5,5,6,0.1,fixed horizon 50,179,53,126,0.9971108298627028,0.04819277108433735,0.0,0.9518072289156626,0.4759036144578313,,1.0,,0.0,0.5,0.04,0.4167257264351523
lstm,5,5,6,0.1,fixed horizon 100,179,53,126,1.06728929650276,0.0,0.058823529411764705,1.0,0.5294117647058824,0.93,0.9958823529411764,0.06999999999999995,0.004117647058823559,,0.01,0.47696669029057404
lstm,5,5,6,0.1,fixed horizon 148,179,53,126,1.1374498576134844,0.012048192771084338,0.058823529411764705,0.9879518072289156,0.5233876683203401,0.9121621621621622,0.9948330683624801,0.08783783783783783,0.0051669316375199115,0.9527027027027027,0.02,0.47625797306874557
lstm,5,5,6,0.15,fixed horizon 50,179,53,126,0.9295558815665015,0.060240963855421686,0.0,0.9397590361445783,0.46987951807228917,,1.0,,0.0,0.21999999999999997,0.05,0.4167257264351523
lstm,5,5,6,0.15,fixed horizon 100,179,53,126,1.048572625068464,0.07228915662650602,0.11764705882352941,0.927710843373494,0.5226789510985117,0.8049999999999999,0.9770588235294118,0.19500000000000006,0.022941176470588243,0.5650000000000001,0.08,0.47696669029057404
lstm,5,5,6,0.15,fixed horizon 148,179,53,126,1.185135383088769,0.07228915662650602,0.11764705882352941,0.927710843373494,0.5226789510985117,0.5709459459459459,0.9495230524642289,0.42905405405405406,0.050476947535771144,0.3648648648648649,0.08,0.47625797306874557
lstm,5,5,6,0.2,fixed horizon 50,179,53,126,0.8575702062476237,0.07228915662650602,0.0,0.927710843373494,0.463855421686747,,1.0,,0.0,0.12,0.06,0.4167257264351523
lstm,5,5,6,0.2,fixed horizon 100,179,53,126,1.1003627206134496,0.08433734939759036,0.11764705882352941,0.9156626506024096,0.5166548547129695,0.815,0.978235294117647,0.18500000000000005,0.02176470588235302,0.5028571428571429,0.09,0.47696669029057404
lstm,5,5,6,0.2,fixed horizon 148,179,53,126,1.1700131147974435,0.07228915662650602,0.11764705882352941,0.927710843373494,0.5226789510985117,0.5641891891891893,0.9487281399046106,0.43581081081081074,0.05127186009538942,0.30968468468468474,0.08,0.47625797306874557
lstm,5,5,6,0.3,fixed horizon 50,179,53,126,0.7330956706161449,0.18072289156626506,0.0,0.8192771084337349,0.40963855421686746,,1.0,,0.0,0.05733333333333333,0.15,0.4167257264351523
lstm,5,5,6,0.3,fixed horizon 100,179,53,126,0.9027034300893684,0.12048192771084337,0.11764705882352941,0.8795180722891566,0.498582565556343,0.74,0.9694117647058824,0.26,0.030588235294117583,0.41200000000000003,0.12,0.47696669029057404
lstm,5,5,6,0.3,fixed horizon 148,179,53,126,1.047212941555052,0.0963855421686747,0.11764705882352941,0.9036144578313253,0.5106307583274273,0.5101351351351351,0.9423688394276629,0.4898648648648649,0.05763116057233708,0.31841216216216217,0.1,0.47625797306874557
lstm,5,5,7,0.01,fixed horizon 50,179,53,126,1.180333252260297,0.0,0.0,1.0,0.5,,1.0,,0.0,,0.0,0.4167257264351523
lstm,5,5,7,0.01,fixed horizon 100,179,53,126,1.180333252260297,0.0,0.0,1.0,0.5,,1.0,,0.0,,0.0,0.47696669029057404
lstm,5,5,7,0.01,fixed horizon 148,179,53,126,1.180333252260297,0.0,0.0,1.0,0.5,,1.0,,0.0,,0.0,0.47625797306874557
lstm,5,5,7,0.025,fixed horizon 50,179,53,126,1.0888293153898374,0.012048192771084338,0.0,0.9879518072289156,0.4939759036144578,,1.0,,0.0,0.0,0.01,0.4167257264351523
lstm,5,5,7,0.025,fixed horizon 100,179,53,126,1.0888293153898374,0.012048192771084338,0.0,0.9879518072289156,0.4939759036144578,,1.0,,0.0,0.0,0.01,0.47696669029057404
lstm,5,5,7,0.025,fixed horizon 148,179,53,126,1.0888293153898374,0.012048192771084338,0.0,0.9879518072289156,0.4939759036144578,,1.0,,0.0,0.0,0.01,0.47625797306874557
lstm,5,5,7,0.05,fixed horizon 50,179,53,126,1.0432170185773209,0.012048192771084338,0.0,0.9879518072289156,0.4939759036144578,,1.0,,0.0,0.0,0.01,0.4167257264351523
lstm,5,5,7,0.05,fixed horizon 100,179,53,126,1.0902231623653058,0.012048192771084338,0.0,0.9879518072289156,0.4939759036144578,,1.0,,0.0,0.0,0.01,0.47696669029057404
lstm,5,5,7,0.05,fixed horizon 148,179,53,126,1.1037178210834429,0.012048192771084338,0.058823529411764705,0.9879518072289156,0.5233876683203401,0.9594594594594594,0.9976152623211447,0.04054054054054057,0.0023847376788552754,0.0,0.02,0.47625797306874557
lstm,5,5,7,0.075,fixed horizon 50,179,53,126,1.2775034838441837,0.012048192771084338,0.0,0.9879518072289156,0.4939759036144578,,1.0,,0.0,0.4,0.01,0.4167257264351523
lstm,5,5,7,0.075,fixed horizon 100,179,53,126,1.2775034838441837,0.012048192771084338,0.0,0.9879518072289156,0.4939759036144578,,1.0,,0.0,0.2,0.01,0.47696669029057404
lstm,5,5,7,0.075,fixed horizon 148,179,53,126,1.1453646915668905,0.012048192771084338,0.058823529411764705,0.9879518072289156,0.5233876683203401,0.9324324324324325,0.9960254372019077,0.06756756756756754,0.003974562798092274,0.0,0.02,0.47625797306874557
lstm,5,5,7,0.1,fixed horizon 50,179,53,126,1.2495285407652923,0.024096385542168676,0.0,0.9759036144578314,0.4879518072289157,,1.0,,0.0,0.35,0.02,0.4167257264351523
lstm,5,5,7,0.1,fixed horizon 100,179,53,126,1.2495285407652923,0.024096385542168676,0.0,0.9759036144578314,0.4879518072289157,,1.0,,0.0,0.175,0.02,0.47696669029057404
lstm,5,5,7,0.1,fixed horizon 148,179,53,126,1.1220223474486313,0.012048192771084338,0.058823529411764705,0.9879518072289156,0.5233876683203401,0.9054054054054054,0.994435612082671,0.09459459459459463,0.00556438791732905,0.0,0.02,0.47625797306874557
lstm,5,5,7,0.15,fixed horizon 50,179,53,126,1.2718308543349437,0.04819277108433735,0.0,0.9518072289156626,0.4759036144578313,,1.0,,0.0,0.31,0.04,0.4167257264351523
lstm,5,5,7,0.15,fixed horizon 100,179,53,126,1.1704258014032303,0.060240963855421686,0.11764705882352941,0.9397590361445783,0.5287030474840538,0.84,0.9811764705882353,0.16000000000000003,0.018823529411764683,0.26599999999999996,0.07,0.47696669029057404
lstm,5,5,7,0.15,fixed horizon 148,179,53,126,1.23845205315194,0.03614457831325301,0.058823529411764705,0.963855421686747,0.5113394755492559,0.7364864864864865,0.9844992050874405,0.2635135135135135,0.015500794912559512,0.4031531531531532,0.04,0.47625797306874557
lstm,5,5,7,0.2,fixed horizon 50,179,53,126,1.1000189299631593,0.0963855421686747,0.0,0.9036144578313253,0.45180722891566266,,1.0,,0.0,0.08750000000000001,0.08,0.4167257264351523
lstm,5,5,7,0.2,fixed horizon 100,179,53,126,1.1255408725182143,0.08433734939759036,0.11764705882352941,0.9156626506024096,0.5166548547129695,0.825,0.9794117647058824,0.17500000000000004,0.020588235294117574,0.33428571428571424,0.09,0.47696669029057404
lstm,5,5,7,0.2,fixed horizon 148,179,53,126,1.1489680869439407,0.08433734939759036,0.11764705882352941,0.9156626506024096,0.5166548547129695,0.5608108108108107,0.9483306836248012,0.43918918918918926,0.05166931637519878,0.2528957528957529,0.09,0.47625797306874557
lstm,5,5,7,0.3,fixed horizon 50,179,53,126,1.1036341969299879,0.1566265060240964,0.0,0.8433734939759037,0.42168674698795183,,1.0,,0.0,0.12461538461538463,0.13,0.4167257264351523
lstm,5,5,7,0.3,fixed horizon 100,179,53,126,1.0920045857348741,0.18072289156626506,0.11764705882352941,0.8192771084337349,0.4684620836286322,0.75,0.9705882352941176,0.25,0.02941176470588236,0.2493333333333333,0.17,0.47696669029057404
lstm,5,5,7,0.3,fixed horizon 148,179,53,126,1.4014066524946063,0.10843373493975904,0.11764705882352941,0.891566265060241,0.5046066619418852,0.5371621621621622,0.9455484896661366,0.46283783783783783,0.05445151033386342,0.29054054054054057,0.11,0.47625797306874557
lstm,5,5,8,0.01,fixed horizon 50,179,53,126,1.051186908416945,0.0,0.0,1.0,0.5,,1.0,,0.0,,0.0,0.4167257264351523
lstm,5,5,8,0.01,fixed horizon 100,179,53,126,1.0566296089790717,0.0,0.0,1.0,0.5,,1.0,,0.0,,0.0,0.47696669029057404
lstm,5,5,8,0.01,fixed horizon 148,179,53,126,1.0612570613611638,0.0,0.0,1.0,0.5,,1.0,,0.0,,0.0,0.47625797306874557
lstm,5,5,8,0.025,fixed horizon 50,179,53,126,0.9700062893117201,0.012048192771084338,0.0,0.9879518072289156,0.4939759036144578,,1.0,,0.0,0.0,0.01,0.4167257264351523
lstm,5,5,8,0.025,fixed horizon 100,179,53,126,0.9983041308015543,0.0,0.0,1.0,0.5,,1.0,,0.0,,0.0,0.47696669029057404
lstm,5,5,8,0.025,fixed horizon 148,179,53,126,1.0215260639953723,0.0,0.0,1.0,0.5,,1.0,,0.0,,0.0,0.47625797306874557
lstm,5,5,8,0.05,fixed horizon 50,179,53,126,0.9428735141012127,0.012048192771084338,0.0,0.9879518072289156,0.4939759036144578,,1.0,,0.0,0.0,0.01,0.4167257264351523
lstm,5,5,8,0.05,fixed horizon 100,179,53,126,0.9765446342267807,0.012048192771084338,0.058823529411764705,0.9879518072289156,0.5233876683203401,0.94,0.9964705882352942,0.06000000000000005,0.003529411764705781,0.0,0.02,0.47696669029057404
lstm,5,5,8,0.05,fixed horizon 148,179,53,126,0.9905305606149772,0.0,0.058823529411764705,1.0,0.5294117647058824,0.6621621621621622,0.9801271860095389,0.33783783783783783,0.019872813990461147,,0.01,0.47625797306874557
lstm,5,5,8,0.075,fixed horizon 50,179,53,126,0.9401813544955182,0.024096385542168676,0.0,0.9759036144578314,0.4879518072289157,,1.0,,0.0,0.41,0.02,0.4167257264351523
lstm,5,5,8,0.075,fixed horizon 100,179,53,126,0.9716032933154655,0.012048192771084338,0.058823529411764705,0.9879518072289156,0.5233876683203401,0.94,0.9964705882352942,0.06000000000000005,0.003529411764705781,0.0,0.02,0.47696669029057404
lstm,5,5,8,0.075,fixed horizon 148,179,53,126,0.9794774513603326,0.012048192771084338,0.058823529411764705,0.9879518072289156,0.5233876683203401,0.6351351351351351,0.9785373608903022,0.3648648648648649,0.021462639109697812,0.0,0.02,0.47625797306874557
lstm,5,5,8,0.1,fixed horizon 50,179,53,126,0.8878390166710947,0.060240963855421686,0.0,0.9397590361445783,0.46987951807228917,,1.0,,0.0,0.248,0.05,0.4167257264351523
lstm,5,5,8,0.1,fixed horizon 100,179,53,126,0.9636323609009138,0.012048192771084338,0.11764705882352941,0.9879518072289156,0.5527994330262225,0.87,0.9847058823529411,0.13,0.015294117647058902,0.0,0.03,0.47696669029057404
lstm,5,5,8,0.1,fixed horizon 148,179,53,126,0.9673783059279182,0.024096385542168676,0.058823529411764705,0.9759036144578314,0.517363571934798,0.6283783783783784,0.9781399046104928,0.3716216216216216,0.021860095389507173,0.4864864864864865,0.03,0.47625797306874557
lstm,5,5,8,0.15,fixed horizon 50,179,53,126,0.7889496270554912,0.10843373493975904,0.0,0.891566265060241,0.4457831325301205,,1.0,,0.0,0.09333333333333334,0.09,0.4167257264351523
lstm,5,5,8,0.15,fixed horizon 100,179,53,126,0.9401879981737961,0.03614457831325301,0.11764705882352941,0.963855421686747,0.5407512402551382,0.85,0.9823529411764705,0.15000000000000002,0.01764705882352946,0.20000000000000004,0.05,0.47696669029057404
lstm,5,5,8,0.15,fixed horizon 148,179,53,126,0.9372972169946011,0.03614457831325301,0.11764705882352941,0.963855421686747,0.5407512402551382,0.5540540540540541,0.9475357710651828,0.44594594594594594,0.05246422893481717,0.36936936936936937,0.05,0.47625797306874557
lstm,5,5,8,0.2,fixed horizon 50,179,53,126,0.6493158720738008,0.1686746987951807,0.0,0.8313253012048193,0.41566265060240964,,1.0,,0.0,0.032857142857142856,0.14,0.4167257264351523
lstm,5,5,8,0.2,fixed horizon 100,179,53,126,0.7910204478341739,0.1566265060240964,0.11764705882352941,0.8433734939759037,0.48051027639971655,0.77,0.9729411764705882,0.22999999999999998,0.027058823529411802,0.2823076923076923,0.15,0.47696669029057404
lstm,5,5,8,0.2,fixed horizon 148,179,53,126,0.8797688100264078,0.10843373493975904,0.11764705882352941,0.891566265060241,0.5046066619418852,0.5439189189189189,0.9463434022257552,0.45608108108108114,0.05365659777424481,0.1906906906906907,0.11,0.47625797306874557
lstm,5,5,8,0.3,fixed horizon 50,179,53,126,0.5500416556362236,0.2289156626506024,0.058823529411764705,0.7710843373493976,0.4149539333805812,0.0,0.9411764705882353,1.0,0.05882352941176472,0.03263157894736842,0.2,0.4167257264351523
lstm,5,5,8,0.3,fixed horizon 100,179,53,126,0.7321164644414033,0.20481927710843373,0.11764705882352941,0.7951807228915663,0.45641389085754785,0.72,0.9670588235294119,0.28,0.03294117647058814,0.28058823529411764,0.19,0.47696669029057404
lstm,5,5,8,0.3,fixed horizon 148,179,53,126,0.7932197322930055,0.1686746987951807,0.11764705882352941,0.8313253012048193,0.47448618001417436,0.5,0.9411764705882353,0.5,0.05882352941176472,0.20366795366795368,0.16,0.47625797306874557
lstm,5,5,9,0.01,fixed horizon 50,179,53,126,0.9880583917914331,0.0,0.0,1.0,0.5,,1.0,,0.0,,0.0,0.4167257264351523
lstm,5,5,9,0.01,fixed horizon 100,179,53,126,1.0862842699832478,0.0,0.0,1.0,0.5,,1.0,,0.0,,0.0,0.47696669029057404
lstm,5,5,9,0.01,fixed horizon 148,179,53,126,1.0862842699832478,0.0,0.0,1.0,0.5,,1.0,,0.0,,0.0,0.47625797306874557
lstm,5,5,9,0.025,fixed horizon 50,179,53,126,0.9547031381319308,0.0,0.0,1.0,0.5,,1.0,,0.0,,0.0,0.4167257264351523
lstm,5,5,9,0.025,fixed horizon 100,179,53,126,1.0603993458185557,0.0,0.0,1.0,0.5,,1.0,,0.0,,0.0,0.47696669029057404
lstm,5,5,9,0.025,fixed horizon 148,179,53,126,1.0603993458185557,0.0,0.0,1.0,0.5,,1.0,,0.0,,0.0,0.47625797306874557
lstm,5,5,9,0.05,fixed horizon 50,179,53,126,1.0663772761932089,0.012048192771084338,0.0,0.9879518072289156,0.4939759036144578,,1.0,,0.0,0.76,0.01,0.4167257264351523
lstm,5,5,9,0.05,fixed horizon 100,179,53,126,1.1895498961790083,0.0,0.0,1.0,0.5,,1.0,,0.0,,0.0,0.47696669029057404
lstm,5,5,9,0.05,fixed horizon 148,179,53,126,1.2084844262647265,0.012048192771084338,0.058823529411764705,0.9879518072289156,0.5233876683203401,0.9797297297297297,0.9988076311605724,0.020270270270270285,0.0011923688394276377,0.9864864864864865,0.02,0.47625797306874557
lstm,5,5,9,0.075,fixed horizon 50,179,53,126,1.1160044048783666,0.024096385542168676,0.0,0.9759036144578314,0.4879518072289157,,1.0,,0.0,0.6599999999999999,0.02,0.4167257264351523
lstm,5,5,9,0.075,fixed horizon 100,179,53,126,1.1859982597549035,0.0,0.0,1.0,0.5,,1.0,,0.0,,0.0,0.47696669029057404
lstm,5,5,9,0.075,fixed horizon 148,179,53,126,1.2304596170470576,0.012048192771084338,0.058823529411764705,0.9879518072289156,0.5233876683203401,0.8918918918918919,0.9936406995230525,0.10810810810810811,0.006359300476947549,0.9864864864864865,0.02,0.47625797306874557
lstm,5,5,9,0.1,fixed horizon 50,179,53,126,1.0547453707697496,0.024096385542168676,0.0,0.9759036144578314,0.4879518072289157,,1.0,,0.0,0.62,0.02,0.4167257264351523
lstm,5,5,9,0.1,fixed horizon 100,179,53,126,1.1149189225025504,0.024096385542168676,0.0,0.9759036144578314,0.4879518072289157,,1.0,,0.0,0.32999999999999996,0.02,0.47696669029057404
lstm,5,5,9,0.1,fixed horizon 148,179,53,126,1.2293815816856681,0.012048192771084338,0.058823529411764705,0.9879518072289156,0.5233876683203401,0.6891891891891891,0.9817170111287759,0.31081081081081086,0.01828298887122415,0.9864864864864865,0.02,0.47625797306874557
lstm,5,5,9,0.15,fixed horizon 50,179,53,126,1.1664569340526205,0.060240963855421686,0.0,0.9397590361445783,0.46987951807228917,,1.0,,0.0,0.328,0.05,0.4167257264351523
lstm,5,5,9,0.15,fixed horizon 100,179,53,126,1.118266245704335,0.024096385542168676,0.11764705882352941,0.9759036144578314,0.5467753366406803,0.845,0.981764705882353,0.15500000000000003,0.018235294117647016,0.32999999999999996,0.04,0.47696669029057404
lstm,5,5,9,0.15,fixed horizon 148,179,53,126,1.384729174259712,0.012048192771084338,0.11764705882352941,0.9879518072289156,0.5527994330262225,0.6013513513513513,0.9531001589825119,0.3986486486486487,0.04689984101748812,0.6621621621621622,0.03,0.47625797306874557
lstm,5,5,9,0.2,fixed horizon 50,179,53,126,0.966940961340134,0.10843373493975904,0.0,0.891566265060241,0.4457831325301205,,1.0,,0.0,0.05777777777777778,0.09,0.4167257264351523
lstm,5,5,9,0.2,fixed horizon 100,179,53,126,0.9845237962748926,0.0963855421686747,0.11764705882352941,0.9036144578313253,0.5106307583274273,0.7749999999999999,0.973529411764706,0.2250000000000001,0.026470588235294024,0.4925,0.1,0.47696669029057404
lstm,5,5,9,0.2,fixed horizon 148,179,53,126,1.4070813290106283,0.024096385542168676,0.11764705882352941,0.9759036144578314,0.5467753366406803,0.6081081081081081,0.9538950715421305,0.3918918918918919,0.04610492845786951,0.46621621621621623,0.04,0.47625797306874557
lstm,5,5,9,0.3,fixed horizon 50,179,53,126,1.1353588654858222,0.0963855421686747,0.0,0.9036144578313253,0.45180722891566266,,1.0,,0.0,0.16,0.08,0.4167257264351523
lstm,5,5,9,0.3,fixed horizon 100,179,53,126,1.3781253537856177,0.0963855421686747,0.11764705882352941,0.9036144578313253,0.5106307583274273,0.8,0.9764705882352942,0.19999999999999996,0.0235294117647058,0.38625,0.1,0.47696669029057404
lstm,5,5,9,0.3,fixed horizon 148,179,53,126,1.9930380125426868,0.03614457831325301,0.11764705882352941,0.963855421686747,0.5407512402551382,0.5540540540540541,0.9475357710651828,0.44594594594594594,0.05246422893481717,0.48423423423423423,0.05,0.47625797306874557
lstm,6,6,0,0.01,fixed horizon 50,195,58,137,1.253772455523913,0.0,0.0,1.0,0.5,,1.0,,0.0,,0.0,0.572061191626409
lstm,6,6,0,0.01,fixed horizon 100,195,58,137,1.253772455523913,0.0,0.0,1.0,0.5,,1.0,,0.0,,0.0,0.6211755233494364
lstm,6,6,0,0.01,fixed horizon 148,195,58,137,1.253772455523913,0.0,0.0,1.0,0.5,,1.0,,0.0,,0.0,0.6038647342995169
lstm,6,6,0,0.025,fixed horizon 50,195,58,137,1.2187527913011473,0.0,0.0,1.0,0.5,,1.0,,0.0,,0.0,0.572061191626409
lstm,6,6,0,0.025,fixed horizon 100,195,58,137,1.2277222187242052,0.0,0.0,1.0,0.5,,1.0,,0.0,,0.0,0.6211755233494364
lstm,6,6,0,0.025,fixed horizon 148,195,58,137,1.2277222187242052,0.0,0.0,1.0,0.5,,1.0,,0.0,,0.0,0.6038647342995169
lstm,6,6,0,0.05,fixed horizon 50,195,58,137,1.192796874984607,0.0,0.0,1.0,0.5,,1.0,,0.0,,0.0,0.572061191626409
lstm,6,6,0,0.05,fixed horizon 100,195,58,137,1.1739593409844231,0.0,0.0,1.0,0.5,,1.0,,0.0,,0.0,0.6211755233494364
lstm,6,6,0,0.05,fixed horizon 148,195,58,137,1.2313404422142278,0.0,0.0,1.0,0.5,,1.0,,0.0,,0.0,0.6038647342995169
lstm,6,6,0,0.075,fixed horizon 50,195,58,137,1.1095082374553733,0.0,0.0,1.0,0.5,,1.0,,0.0,,0.0,0.572061191626409
lstm,6,6,0,0.075,fixed horizon 100,195,58,137,1.2208448547693895,0.018518518518518517,0.043478260869565216,0.9814814814814815,0.5124798711755234,0.655,0.9850000000000001,0.345,0.014999999999999902,0.66,0.03,0.6211755233494364
lstm,6,6,0,0.075,fixed horizon 148,195,58,137,1.2199030825269,0.0,0.043478260869565216,1.0,0.5217391304347826,0.9898648648648649,0.9995593419506462,0.010135135135135087,0.0004406580493537815,,0.02,0.6038647342995169
lstm,6,6,0,0.1,fixed horizon 50,195,58,137,1.057968511234705,0.018518518518518517,0.021739130434782608,0.9814814814814815,0.501610305958132,0.56,0.9904347826086957,0.43999999999999995,0.009565217391304337,0.12,0.02,0.572061191626409
lstm,6,6,0,0.1,fixed horizon 100,195,58,137,1.2423640657463344,0.037037037037037035,0.021739130434782608,0.9629629629629629,0.49235104669887275,0.65,0.9923913043478261,0.35,0.007608695652173925,0.505,0.03,0.6211755233494364
lstm,6,6,0,0.1,fixed horizon 148,195,58,137,1.212408858522033,0.018518518518518517,0.06521739130434782,0.9814814814814815,0.5233494363929146,0.6261261261261261,0.9756169212690952,0.37387387387387394,0.02438307873090484,0.4391891891891892,0.04,0.6038647342995169
lstm,6,6,0,0.15,fixed horizon 50,195,58,137,1.0366310948497688,0.09259259259259259,0.06521739130434782,0.9074074074074074,0.4863123993558776,0.4666666666666666,0.9652173913043478,0.5333333333333334,0.034782608695652195,0.6319999999999999,0.08,0.572061191626409
lstm,6,6,0,0.15,fixed horizon 100,195,58,137,1.1343267245645476,0.07407407407407407,0.17391304347826086,0.9259259259259259,0.5499194847020934,0.56375,0.9241304347826088,0.43625,0.07586956521739119,0.485,0.12,0.6211755233494364
lstm,6,6,0,0.15,fixed horizon 148,195,58,137,1.1643738490234454,0.1111111111111111,0.1956521739130435,0.8888888888888888,0.5422705314009661,0.7012012012012012,0.941539365452409,0.2987987987987988,0.058460634547590984,0.5518018018018018,0.15,0.6038647342995169
lstm,6,6,0,0.2,fixed horizon 50,195,58,137,0.9712354325730084,0.16666666666666666,0.1956521739130435,0.8333333333333334,0.5144927536231885,0.45999999999999996,0.8943478260869564,0.54,0.1056521739130436,0.4866666666666666,0.18,0.572061191626409
lstm,6,6,0,0.2,fixed horizon 100,195,58,137,1.046862913777127,0.2037037037037037,0.2391304347826087,0.7962962962962963,0.5177133655394525,0.5218181818181818,0.8856521739130435,0.47818181818181815,0.11434782608695648,0.5254545454545455,0.22,0.6211755233494364
lstm,6,6,0,0.2,fixed horizon 148,195,58,137,1.1867109016652315,0.48148148148148145,0.6086956521739131,0.5185185185185185,0.5636070853462158,0.8351833976833977,0.8996768507638072,0.16481660231660233,0.10032314923619279,0.8414760914760915,0.54,0.6038647342995169
lstm,6,6,0,0.3,fixed horizon 50,195,58,137,0.639524749889045,0.6666666666666666,0.7608695652173914,0.3333333333333333,0.5471014492753623,0.2457142857142857,0.42608695652173917,0.7542857142857143,0.5739130434782609,0.07833333333333334,0.71,0.572061191626409
lstm,6,6,0,0.3,fixed horizon 100,195,58,137,0.9211064064959222,0.5185185185185185,0.6956521739130435,0.48148148148148145,0.5885668276972624,0.2878125,0.5045652173913043,0.7121875,0.49543478260869567,0.2310714285714286,0.6,0.6211755233494364
lstm,6,6,0,0.3,fixed horizon 148,195,58,137,1.1015891374855,0.7407407407407407,0.7391304347826086,0.25925925925925924,0.499194847020934,0.6832273449920508,0.7658636897767334,0.31677265500794916,0.23413631022326664,0.6858108108108109,0.74,0.6038647342995169
lstm,6,6,1,0.01,fixed horizon 50,195,58,137,1.0991279376496816,0.0,0.0,1.0,0.5,,1.0,,0.0,,0.0,0.572061191626409
lstm,6,6,1,0.01,fixed horizon 100,195,58,137,1.0991279376496816,0.0,0.0,1.0,0.5,,1.0,,0.0,,0.0,0.6211755233494364
lstm,6,6,1,0.01,fixed horizon 148,195,58,137,1.0991279376496816,0.0,0.0,1.0,0.5,,1.0,,0.0,,0.0,0.6038647342995169
lstm,6,6,1,0.025,fixed horizon 50,195,58,137,1.0063316674927796,0.0,0.0,1.0,0.5,,1.0,,0.0,,0.0,0.572061191626409
lstm,6,6,1,0.025,fixed horizon 100,195,58,137,1.0063316674927796,0.0,0.0,1.0,0.5,,1.0,,0.0,,0.0,0.6211755233494364
lstm,6,6,1,0.025,fixed horizon 148,195,58,137,1.0256407211854435,0.0,0.0,1.0,0.5,,1.0,,0.0,,0.0,0.6038647342995169
lstm,6,6,1,0.05,fixed horizon 50,195,58,137,1.0169991202360513,0.0,0.0,1.0,0.5,,1.0,,0.0,,0.0,0.572061191626409
lstm,6,6,1,0.05,fixed horizon 100,195,58,137,0.9945510892762611,0.0,0.0,1.0,0.5,,1.0,,0.0,,0.0,0.6211755233494364
lstm,6,6,1,0.05,fixed horizon 148,195,58,137,1.0929971664154472,0.0,0.0,1.0,0.5,,1.0,,0.0,,0.0,0.6038647342995169
lstm,6,6,1,0.075,fixed horizon 50,195,58,137,1.134114725350449,0.037037037037037035,0.0,0.9629629629629629,0.48148148148148145,,1.0,,0.0,0.53,0.02,0.572061191626409
lstm,6,6,1,0.075,fixed horizon 100,195,58,137,1.0541718838539573,0.05555555555555555,0.021739130434782608,0.9444444444444444,0.4830917874396135,0.7,0.9934782608695653,0.30000000000000004,0.006521739130434745,0.48333333333333334,0.04,0.6211755233494364
lstm,6,6,1,0.075,fixed horizon 148,195,58,137,1.083680420139433,0.037037037037037035,0.13043478260869565,0.9629629629629629,0.5466988727858293,0.9605855855855855,0.9948589894242069,0.03941441441441451,0.005141010575793081,0.9594594594594594,0.08,0.6038647342995169
lstm,6,6,1,0.1,fixed horizon 50,195,58,137,1.1862454059801013,0.018518518518518517,0.06521739130434782,0.9814814814814815,0.5233494363929146,0.04,0.937391304347826,0.96,0.06260869565217397,0.04,0.04,0.572061191626409
lstm,6,6,1,0.1,fixed horizon 100,195,58,137,1.0162924136927989,0.05555555555555555,0.043478260869565216,0.9444444444444444,0.4939613526570048,0.41,0.9743478260869566,0.5900000000000001,0.02565217391304342,0.4566666666666667,0.05,0.6211755233494364
lstm,6,6,1,0.1,fixed horizon 148,195,58,137,1.062911683290605,0.09259259259259259,0.17391304347826086,0.9074074074074074,0.5406602254428341,0.9011824324324325,0.9828143360752056,0.09881756756756754,0.01718566392479437,0.5783783783783784,0.13,0.6038647342995169
lstm,6,6,1,0.15,fixed horizon 50,195,58,137,1.615041806576645,0.037037037037037035,0.06521739130434782,0.9629629629629629,0.5140901771336553,0.09333333333333334,0.9408695652173913,0.9066666666666666,0.05913043478260871,0.08,0.05,0.572061191626409
lstm,6,6,1,0.15,fixed horizon 100,195,58,137,1.1720859022465484,0.07407407407407407,0.13043478260869565,0.9259259259259259,0.5281803542673108,0.7799999999999999,0.971304347826087,0.22000000000000008,0.02869565217391301,0.335,0.1,0.6211755233494364
lstm,6,6,1,0.15,fixed horizon 148,195,58,137,1.1312777053344605,0.1111111111111111,0.15217391304347827,0.8888888888888888,0.5205314009661836,0.5337837837837839,0.9290540540540541,0.4662162162162161,0.07094594594594594,0.26914414414414417,0.13,0.6038647342995169
lstm,6,6,1,0.2,fixed horizon 50,195,58,137,1.9183493939168939,0.14814814814814814,0.06521739130434782,0.8518518518518519,0.4585346215780998,0.34,0.9569565217391304,0.6599999999999999,0.04304347826086963,0.5249999999999999,0.11,0.572061191626409
lstm,6,6,1,0.2,fixed horizon 100,195,58,137,2.1289841249463533,0.1111111111111111,0.21739130434782608,0.8888888888888888,0.5531400966183575,0.734,0.9421739130434783,0.266,0.057826086956521694,0.5966666666666667,0.16,0.6211755233494364
lstm,6,6,1,0.2,fixed horizon 148,195,58,137,1.598719099423987,0.2962962962962963,0.43478260869565216,0.7037037037037037,0.5692431561996779,0.787837837837838,0.907755581668625,0.212162162162162,0.09224441833137498,0.7757601351351352,0.36,0.6038647342995169
lstm,6,6,1,0.3,fixed horizon 50,195,58,137,1.1590473945614828,0.6296296296296297,0.7608695652173914,0.37037037037037035,0.5656199677938809,0.3085714285714286,0.4739130434782609,0.6914285714285714,0.5260869565217391,0.1623529411764706,0.69,0.572061191626409
lstm,6,6,1,0.3,fixed horizon 100,195,58,137,1.8641587248435763,0.25925925925925924,0.391304347826087,0.7407407407407407,0.5660225442834138,0.4394444444444444,0.7806521739130435,0.5605555555555556,0.21934782608695647,0.29071428571428576,0.32,0.6211755233494364
lstm,6,6,1,0.3,fixed horizon 148,195,58,137,2.2073463556886086,0.7407407407407407,0.8043478260869565,0.25925925925925924,0.5318035426731079,0.7319211102994887,0.7843713278495885,0.2680788897005113,0.21562867215041148,0.7496621621621622,0.77,0.6038647342995169
lstm,6,6,2,0.01,fixed horizon 50,195,58,137,1.1533942779060065,0.0,0.0,1.0,0.5,,1.0,,0.0,,0.0,0.572061191626409
lstm,6,6,2,0.01,fixed horizon 100,195,58,137,1.1533942779060065,0.0,0.0,1.0,0.5,,1.0,,0.0,,0.0,0.6211755233494364
lstm,6,6,2,0.01,fixed horizon 148,195,58,137,1.1541983168478316,0.0,0.0,1.0,0.5,,1.0,,0.0,,0.0,0.6038647342995169
lstm,6,6,2,0.025,fixed horizon 50,195,58,137,1.0871812807290988,0.0,0.0,1.0,0.5,,1.0,,0.0,,0.0,0.572061191626409
lstm,6,6,2,0.025,fixed horizon 100,195,58,137,1.1334551596847788,0.0,0.0,1.0,0.5,,1.0,,0.0,,0.0,0.6211755233494364
lstm,6,6,2,0.025,fixed horizon 148,195,58,137,1.1490372280473695,0.0,0.0,1.0,0.5,,1.0,,0.0,,0.0,0.6038647342995169
lstm,6,6,2,0.05,fixed horizon 50,195,58,137,1.0507001593337597,0.0,0.0,1.0,0.5,,1.0,,0.0,,0.0,0.572061191626409
lstm,6,6,2,0.05,fixed horizon 100,195,58,137,1.1127811601895061,0.0,0.0,1.0,0.5,,1.0,,0.0,,0.0,0.6211755233494364
lstm,6,6,2,0.05,fixed horizon 148,195,58,137,1.1226531765919106,0.0,0.0,1.0,0.5,,1.0,,0.0,,0.0,0.6038647342995169
lstm,6,6,2,0.075,fixed horizon 50,195,58,137,1.1238227668541265,0.018518518518518517,0.0,0.9814814814814815,0.49074074074074076,,1.0,,0.0,0.1,0.01,0.572061191626409
lstm,6,6,2,0.075,fixed horizon 100,195,58,137,1.2237780689158715,0.0,0.021739130434782608,1.0,0.5108695652173914,0.74,0.9943478260869566,0.26,0.005652173913043401,,0.01,0.6211755233494364
lstm,6,6,2,0.075,fixed horizon 148,195,58,137,1.163870439229391,0.0,0.06521739130434782,1.0,0.532608695652174,0.9797297297297298,0.998678025851939,0.020270270270270174,0.0013219741480610114,,0.03,0.6038647342995169
lstm,6,6,2,0.1,fixed horizon 50,195,58,137,1.1100972140439553,0.07407407407407407,0.0,0.9259259259259259,0.46296296296296297,,1.0,,0.0,0.72,0.04,0.572061191626409
lstm,6,6,2,0.1,fixed horizon 100,195,58,137,1.1728335992600118,0.07407407407407407,0.06521739130434782,0.9259259259259259,0.49557165861513686,0.7766666666666667,0.9854347826086957,0.22333333333333327,0.014565217391304341,0.37,0.07,0.6211755233494364
lstm,6,6,2,0.1,fixed horizon 148,195,58,137,1.152099521813263,0.018518518518518517,0.06521739130434782,0.9814814814814815,0.5233494363929146,0.9391891891891891,0.9960340775558166,0.060810810810810856,0.003965922444183367,0.9391891891891891,0.04,0.6038647342995169
lstm,6,6,2,0.15,fixed horizon 50,195,58,137,1.3544843870957486,0.05555555555555555,0.043478260869565216,0.9444444444444444,0.4939613526570048,0.26,0.9678260869565216,0.74,0.032173913043478386,0.6,0.05,0.572061191626409
lstm,6,6,2,0.15,fixed horizon 100,195,58,137,1.141988430014267,0.07407407407407407,0.13043478260869565,0.9259259259259259,0.5281803542673108,0.55,0.9413043478260869,0.44999999999999996,0.05869565217391315,0.345,0.1,0.6211755233494364
lstm,6,6,2,0.15,fixed horizon 148,195,58,137,1.1534469542331083,0.07407407407407407,0.13043478260869565,0.9259259259259259,0.5281803542673108,0.6295045045045046,0.9516745005875442,0.37049549549549543,0.048325499412455786,0.2483108108108108,0.1,0.6038647342995169
lstm,6,6,2,0.2,fixed horizon 50,195,58,137,1.18667656167626,0.2222222222222222,0.32608695652173914,0.7777777777777778,0.5519323671497585,0.30000000000000004,0.7717391304347826,0.7,0.2282608695652174,0.36833333333333335,0.27,0.572061191626409
lstm,6,6,2,0.2,fixed horizon 100,195,58,137,1.736942890940992,0.12962962962962962,0.21739130434782608,0.8703703703703703,0.5438808373590982,0.575,0.907608695652174,0.42500000000000004,0.09239130434782605,0.6114285714285714,0.17,0.6211755233494364
lstm,6,6,2,0.2,fixed horizon 148,195,58,137,1.356302553442552,0.12962962962962962,0.32608695652173914,0.8703703703703703,0.5982286634460547,0.7896396396396397,0.9314042303172738,0.21036036036036032,0.06859576968272618,0.44015444015444016,0.22,0.6038647342995169
lstm,6,6,2,0.3,fixed horizon 50,195,58,137,0.9932582271130415,0.5555555555555556,0.717391304347826,0.4444444444444444,0.5809178743961352,0.32545454545454544,0.5160869565217392,0.6745454545454546,0.4839130434782608,0.19266666666666668,0.63,0.572061191626409
lstm,6,6,2,0.3,fixed horizon 100,195,58,137,1.5690175489658984,0.35185185185185186,0.4782608695652174,0.6481481481481481,0.5632045088566828,0.3977272727272727,0.7119565217391305,0.6022727272727273,0.2880434782608695,0.3531578947368421,0.41,0.6211755233494364
lstm,6,6,2,0.3,fixed horizon 148,195,58,137,1.9316532266475153,0.8148148148148148,0.8260869565217391,0.18518518518518517,0.5056360708534622,0.6673186344238976,0.7251762632197414,0.3326813655761024,0.2748237367802586,0.746468058968059,0.82,0.6038647342995169
lstm,6,6,3,0.01,fixed horizon 50,195,58,137,1.1792356228025012,0.0,0.0,1.0,0.5,,1.0,,0.0,,0.0,0.572061191626409
lstm,6,6,3,0.01,fixed horizon 100,195,58,137,1.1939185776596806,0.0,0.0,1.0,0.5,,1.0,,0.0,,0.0,0.6211755233494364
lstm,6,6,3,0.01,fixed horizon 148,195,58,137,1.1939185776596806,0.0,0.0,1.0,0.5,,1.0,,0.0,,0.0,0.6038647342995169
lstm,6,6,3,0.025,fixed horizon 50,195,58,137,1.112557684263712,0.0,0.0,1.0,0.5,,1.0,,0.0,,0.0,0.572061191626409
lstm,6,6,3,0.025,fixed horizon 100,195,58,137,1.1436010539402826,0.0,0.0,1.0,0.5,,1.0,,0.0,,0.0,0.6211755233494364
lstm,6,6,3,0.025,fixed horizon 148,195,58,137,1.1436010539402826,0.0,0.0,1.0,0.5,,1.0,,0.0,,0.0,0.6038647342995169
lstm,6,6,3,0.05,fixed horizon 50,195,58,137,1.048112004717377,0.0,0.0,1.0,0.5,,1.0,,0.0,,0.0,0.572061191626409
lstm,6,6,3,0.05,fixed horizon 100,195,58,137,1.0499973135520735,0.0,0.021739130434782608,1.0,0.5108695652173914,0.68,0.9930434782608696,0.31999999999999995,0.006956521739130417,,0.01,0.6211755233494364
lstm,6,6,3,0.05,fixed horizon 148,195,58,137,1.0766763902260768,0.018518518518518517,0.0,0.9814814814814815,0.49074074074074076,,1.0,,0.0,0.3581081081081081,0.01,0.6038647342995169
lstm,6,6,3,0.075,fixed horizon 50,195,58,137,1.1876653845503164,0.0,0.0,1.0,0.5,,1.0,,0.0,,0.0,0.572061191626409
lstm,6,6,3,0.075,fixed horizon 100,195,58,137,1.1876653845503164,0.0,0.0,1.0,0.5,,1.0,,0.0,,0.0,0.6211755233494364
lstm,6,6,3,0.075,fixed horizon 148,195,58,137,1.214397304617983,0.0,0.043478260869565216,1.0,0.5217391304347826,0.9898648648648649,0.9995593419506462,0.010135135135135087,0.0004406580493537815,,0.02,0.6038647342995169
lstm,6,6,3,0.1,fixed horizon 50,195,58,137,1.161725957702178,0.05555555555555555,0.021739130434782608,0.9444444444444444,0.4830917874396135,0.32,0.9852173913043478,0.6799999999999999,0.014782608695652177,0.9066666666666666,0.04,0.572061191626409
lstm,6,6,3,0.1,fixed horizon 100,195,58,137,1.184306485127545,0.05555555555555555,0.06521739130434782,0.9444444444444444,0.5048309178743962,0.48666666666666664,0.9665217391304348,0.5133333333333334,0.03347826086956518,0.4633333333333334,0.06,0.6211755233494364
lstm,6,6,3,0.1,fixed horizon 148,195,58,137,1.2054912321269493,0.0,0.043478260869565216,1.0,0.5217391304347826,0.9797297297297298,0.9991186839012925,0.020270270270270174,0.000881316098707452,,0.02,0.6038647342995169
lstm,6,6,3,0.15,fixed horizon 50,195,58,137,1.478324198962723,0.07407407407407407,0.043478260869565216,0.9259259259259259,0.48470209339774556,0.28,0.9686956521739131,0.72,0.03130434782608693,0.795,0.06,0.572061191626409
lstm,6,6,3,0.15,fixed horizon 100,195,58,137,1.1378946422212024,0.07407407407407407,0.13043478260869565,0.9259259259259259,0.5281803542673108,0.5966666666666666,0.947391304347826,0.40333333333333343,0.052608695652173965,0.345,0.1,0.6211755233494364
lstm,6,6,3,0.15,fixed horizon 148,195,58,137,1.1756462463760875,0.07407407407407407,0.13043478260869565,0.9259259259259259,0.5281803542673108,0.5011261261261262,0.9349294947121034,0.49887387387387383,0.0650705052878966,0.23817567567567566,0.1,0.6038647342995169
lstm,6,6,3,0.2,fixed horizon 50,195,58,137,1.7121558126388399,0.14814814814814814,0.15217391304347827,0.8518518518518519,0.5020128824476651,0.5514285714285714,0.9317391304347826,0.4485714285714286,0.06826086956521737,0.4175000000000001,0.15,0.572061191626409
lstm,6,6,3,0.2,fixed horizon 100,195,58,137,1.1123249596173992,0.1111111111111111,0.2608695652173913,0.8888888888888888,0.5748792270531401,0.5300000000000001,0.8773913043478261,0.46999999999999986,0.12260869565217392,0.25999999999999995,0.18,0.6211755233494364
lstm,6,6,3,0.2,fixed horizon 148,195,58,137,1.1107942302331435,0.1111111111111111,0.2391304347826087,0.8888888888888888,0.5640096618357487,0.4428746928746929,0.8667743830787309,0.5571253071253071,0.1332256169212691,0.30518018018018017,0.17,0.6038647342995169
lstm,6,6,3,0.3,fixed horizon 50,195,58,137,1.2550981866345097,0.42592592592592593,0.6739130434782609,0.5740740740740741,0.6239935587761675,0.4264516129032258,0.6134782608695653,0.5735483870967741,0.38652173913043475,0.3391304347826087,0.54,0.572061191626409
lstm,6,6,3,0.3,fixed horizon 100,195,58,137,1.6797021310541176,0.35185185185185186,0.5434782608695652,0.6481481481481481,0.5958132045088567,0.37,0.657608695652174,0.63,0.34239130434782605,0.30315789473684207,0.44,0.6211755233494364
lstm,6,6,3,0.3,fixed horizon 148,195,58,137,2.041586603490035,0.5185185185185185,0.6086956521739131,0.48148148148148145,0.5450885668276972,0.6114864864864865,0.7635135135135135,0.3885135135135135,0.2364864864864865,0.6718146718146718,0.56,0.6038647342995169
lstm,6,6,4,0.01,fixed horizon 50,195,58,137,1.0278985055786103,0.0,0.0,1.0,0.5,,1.0,,0.0,,0.0,0.572061191626409
lstm,6,6,4,0.01,fixed horizon 100,195,58,137,1.0382943869968033,0.0,0.0,1.0,0.5,,1.0,,0.0,,0.0,0.6211755233494364
lstm,6,6,4,0.01,fixed horizon 148,195,58,137,1.043690303455051,0.0,0.0,1.0,0.5,,1.0,,0.0,,0.0,0.6038647342995169
lstm,6,6,4,0.025,fixed horizon 50,195,58,137,0.9823515348699459,0.0,0.0,1.0,0.5,,1.0,,0.0,,0.0,0.572061191626409
lstm,6,6,4,0.025,fixed horizon 100,195,58,137,1.0077073752492542,0.0,0.0,1.0,0.5,,1.0,,0.0,,0.0,0.6211755233494364
lstm,6,6,4,0.025,fixed horizon 148,195,58,137,1.0166611631872342,0.0,0.0,1.0,0.5,,1.0,,0.0,,0.0,0.6038647342995169
lstm,6,6,4,0.05,fixed horizon 50,195,58,137,0.9483989331129217,0.018518518518518517,0.0,0.9814814814814815,0.49074074074074076,,1.0,,0.0,0.92,0.01,0.572061191626409
lstm,6,6,4,0.05,fixed horizon 100,195,58,137,0.9689119904744654,0.018518518518518517,0.021739130434782608,0.9814814814814815,0.501610305958132,0.68,0.9930434782608696,0.31999999999999995,0.006956521739130417,0.52,0.02,0.6211755233494364
lstm,6,6,4,0.05,fixed horizon 148,195,58,137,0.9852797277565011,0.0,0.043478260869565216,1.0,0.5217391304347826,0.9831081081081081,0.9992655699177437,0.016891891891891886,0.0007344300822562655,,0.02,0.6038647342995169
lstm,6,6,4,0.075,fixed horizon 50,195,58,137,0.9266849963030096,0.05555555555555555,0.021739130434782608,0.9444444444444444,0.4830917874396135,0.46,0.9882608695652174,0.54,0.011739130434782585,0.9066666666666666,0.04,0.572061191626409
lstm,6,6,4,0.075,fixed horizon 100,195,58,137,0.947737362896799,0.05555555555555555,0.06521739130434782,0.9444444444444444,0.5048309178743962,0.49333333333333335,0.9669565217391305,0.5066666666666666,0.03304347826086951,0.4633333333333334,0.06,0.6211755233494364
lstm,6,6,4,0.075,fixed horizon 148,195,58,137,0.9929883434502942,0.018518518518518517,0.06521739130434782,0.9814814814814815,0.5233494363929146,0.9504504504504504,0.9967685076380729,0.0495495495495496,0.003231492361927102,0.9662162162162162,0.04,0.6038647342995169
lstm,6,6,4,0.1,fixed horizon 50,195,58,137,0.9261085608080372,0.05555555555555555,0.021739130434782608,0.9444444444444444,0.4830917874396135,0.46,0.9882608695652174,0.54,0.011739130434782585,0.8266666666666667,0.04,0.572061191626409
lstm,6,6,4,0.1,fixed horizon 100,195,58,137,0.9351180257810418,0.05555555555555555,0.10869565217391304,0.9444444444444444,0.5265700483091788,0.618,0.9584782608695653,0.382,0.041521739130434665,0.4566666666666667,0.08,0.6211755233494364
lstm,6,6,4,0.1,fixed horizon 148,195,58,137,1.0119708414349287,0.05555555555555555,0.1956521739130435,0.9444444444444444,0.5700483091787439,0.9316816816816816,0.9866333725029378,0.06831831831831836,0.013366627497062189,0.8806306306306307,0.12,0.6038647342995169
lstm,6,6,4,0.15,fixed horizon 50,195,58,137,0.9538903066622446,0.1111111111111111,0.08695652173913043,0.8888888888888888,0.4879227053140096,0.485,0.9552173913043479,0.515,0.04478260869565209,0.5033333333333334,0.1,0.572061191626409
lstm,6,6,4,0.15,fixed horizon 100,195,58,137,1.0328791939828383,0.09259259259259259,0.1956521739130435,0.9074074074074074,0.5515297906602254,0.6455555555555557,0.9306521739130436,0.35444444444444434,0.06934782608695644,0.32599999999999996,0.14,0.6211755233494364
lstm,6,6,4,0.15,fixed horizon 148,195,58,137,1.0222399436717324,0.09259259259259259,0.1956521739130435,0.9074074074074074,0.5515297906602254,0.7680180180180181,0.9546122209165688,0.23198198198198194,0.04538777908343117,0.5594594594594595,0.14,0.6038647342995169
lstm,6,6,4,0.2,fixed horizon 50,195,58,137,0.8506281033645056,0.2037037037037037,0.2608695652173913,0.7962962962962963,0.5285829307568438,0.49499999999999994,0.8682608695652172,0.5050000000000001,0.1317391304347828,0.3654545454545455,0.23,0.572061191626409
lstm,6,6,4,0.2,fixed horizon 100,195,58,137,0.9969918198656101,0.16666666666666666,0.30434782608695654,0.8333333333333334,0.568840579710145,0.5014285714285714,0.8482608695652175,0.49857142857142855,0.1517391304347825,0.38,0.23,0.6211755233494364
lstm,6,6,4,0.2,fixed horizon 148,195,58,137,1.061864313225208,0.16666666666666666,0.2608695652173913,0.8333333333333334,0.5471014492753623,0.5140765765765766,0.8732373678025852,0.48592342342342343,0.1267626321974148,0.4316816816816817,0.21,0.6038647342995169
lstm,6,6,4,0.3,fixed horizon 50,195,58,137,0.7846839513957785,0.5740740740740741,0.7391304347826086,0.42592592592592593,0.5825281803542672,0.3005882352941176,0.48304347826086963,0.6994117647058824,0.5169565217391303,0.16838709677419353,0.65,0.572061191626409
lstm,6,6,4,0.3,fixed horizon 100,195,58,137,0.9520263569721815,0.5185185185185185,0.7608695652173914,0.48148148148148145,0.6211755233494364,0.2825714285714286,0.4541304347826086,0.7174285714285714,0.5458695652173914,0.23428571428571424,0.63,0.6211755233494364
lstm,6,6,4,0.3,fixed horizon 148,195,58,137,1.384521302934642,0.8703703703703703,0.8695652173913043,0.12962962962962962,0.499597423510467,0.675,0.717391304347826,0.32499999999999996,0.28260869565217395,0.7140598044853366,0.87,0.6038647342995169
lstm,6,6,5,0.01,fixed horizon 50,195,58,137,0.9667792433614877,0.0,0.0,1.0,0.5,,1.0,,0.0,,0.0,0.572061191626409
lstm,6,6,5,0.01,fixed horizon 100,195,58,137,1.0837791585279903,0.0,0.0,1.0,0.5,,1.0,,0.0,,0.0,0.6211755233494364
lstm,6,6,5,0.01,fixed horizon 148,195,58,137,1.0928279838516424,0.0,0.0,1.0,0.5,,1.0,,0.0,,0.0,0.6038647342995169
lstm,6,6,5,0.025,fixed horizon 50,195,58,137,0.877588391910512,0.018518518518518517,0.0,0.9814814814814815,0.49074074074074076,,1.0,,0.0,0.12,0.01,0.572061191626409
lstm,6,6,5,0.025,fixed horizon 100,195,58,137,1.055842763401057,0.0,0.0,1.0,0.5,,1.0,,0.0,,0.0,0.6211755233494364
lstm,6,6,5,0.025,fixed horizon 148,195,58,137,1.0564372590148894,0.0,0.0,1.0,0.5,,1.0,,0.0,,0.0,0.6038647342995169
lstm,6,6,5,0.05,fixed horizon 50,195,58,137,0.9380329785307621,0.037037037037037035,0.021739130434782608,0.9629629629629629,0.49235104669887275,0.58,0.9908695652173912,0.42000000000000004,0.009130434782608776,0.9099999999999999,0.03,0.572061191626409
lstm,6,6,5,0.05,fixed horizon 100,195,58,137,0.9573659781140331,0.05555555555555555,0.10869565217391304,0.9444444444444444,0.5265700483091788,0.744,0.9721739130434782,0.256,0.02782608695652178,0.5,0.08,0.6211755233494364
lstm,6,6,5,0.05,fixed horizon 148,195,58,137,0.988196084511069,0.037037037037037035,0.043478260869565216,0.9629629629629629,0.5032206119162641,0.5202702702702703,0.9791421856639247,0.4797297297297297,0.020857814336075253,0.35135135135135137,0.04,0.6038647342995169
lstm,6,6,5,0.075,fixed horizon 50,195,58,137,0.9140324590163964,0.05555555555555555,0.021739130434782608,0.9444444444444444,0.4830917874396135,0.44,0.9878260869565217,0.56,0.012173913043478257,0.8933333333333334,0.04,0.572061191626409
lstm,6,6,5,0.075,fixed horizon 100,195,58,137,0.9377660831773027,0.05555555555555555,0.10869565217391304,0.9444444444444444,0.5265700483091788,0.622,0.9589130434782609,0.378,0.041086956521739104,0.4766666666666666,0.08,0.6211755233494364
lstm,6,6,5,0.075,fixed horizon 148,195,58,137,0.9972431951452697,0.07407407407407407,0.10869565217391304,0.9259259259259259,0.5173107890499195,0.6702702702702703,0.9641598119858991,0.3297297297297297,0.03584018801410094,0.5219594594594594,0.09,0.6038647342995169
lstm,6,6,5,0.1,fixed horizon 50,195,58,137,0.8467002844910518,0.09259259259259259,0.043478260869565216,0.9074074074074074,0.4754428341384863,0.28,0.9686956521739131,0.72,0.03130434782608693,0.6559999999999999,0.07,0.572061191626409
lstm,6,6,5,0.1,fixed horizon 100,195,58,137,0.934425780823803,0.07407407407407407,0.15217391304347827,0.9259259259259259,0.539049919484702,0.6128571428571429,0.9410869565217391,0.3871428571428571,0.058913043478260874,0.4975,0.11,0.6211755233494364
lstm,6,6,5,0.1,fixed horizon 148,195,58,137,0.9408196032609137,0.07407407407407407,0.15217391304347827,0.9259259259259259,0.539049919484702,0.5482625482625483,0.9312573443008226,0.4517374517374517,0.06874265569917737,0.34121621621621623,0.11,0.6038647342995169
lstm,6,6,5,0.15,fixed horizon 50,195,58,137,0.8834723206175346,0.1111111111111111,0.08695652173913043,0.8888888888888888,0.4879227053140096,0.58,0.9634782608695652,0.42000000000000004,0.03652173913043477,0.48000000000000004,0.1,0.572061191626409
lstm,6,6,5,0.15,fixed horizon 100,195,58,137,0.890243220648786,0.12962962962962962,0.2608695652173913,0.8703703703703703,0.5656199677938808,0.5191666666666667,0.8745652173913044,0.48083333333333333,0.12543478260869556,0.43285714285714283,0.19,0.6211755233494364
lstm,6,6,5,0.15,fixed horizon 148,195,58,137,0.9402409542843524,0.1111111111111111,0.2826086956521739,0.8888888888888888,0.5857487922705313,0.6902286902286902,0.9124559341950645,0.30977130977130984,0.08754406580493546,0.5405405405405405,0.19,0.6038647342995169
lstm,6,6,5,0.2,fixed horizon 50,195,58,137,1.3597412362669352,0.12962962962962962,0.06521739130434782,0.8703703703703703,0.46779388083735907,0.4266666666666667,0.9626086956521739,0.5733333333333333,0.037391304347826115,0.48,0.1,0.572061191626409
lstm,6,6,5,0.2,fixed horizon 100,195,58,137,0.919353253813254,0.18518518518518517,0.30434782608695654,0.8148148148148148,0.5595813204508857,0.4671428571428571,0.8378260869565217,0.5328571428571429,0.16217391304347828,0.325,0.24,0.6211755233494364
lstm,6,6,5,0.2,fixed horizon 148,195,58,137,0.9482473264817678,0.16666666666666666,0.34782608695652173,0.8333333333333334,0.5905797101449275,0.4991554054054054,0.8257931844888367,0.5008445945945946,0.17420681551116335,0.40315315315315314,0.25,0.6038647342995169
lstm,6,6,5,0.3,fixed horizon 50,195,58,137,0.8259997940295908,0.5185185185185185,0.717391304347826,0.48148148148148145,0.5994363929146538,0.3187878787878788,0.511304347826087,0.6812121212121212,0.488695652173913,0.18,0.61,0.572061191626409
lstm,6,6,5,0.3,fixed horizon 100,195,58,137,1.0435715804648957,0.48148148148148145,0.717391304347826,0.5185185185185185,0.6179549114331723,0.30454545454545456,0.5010869565217392,0.6954545454545454,0.4989130434782608,0.27461538461538465,0.59,0.6211755233494364
lstm,6,6,5,0.3,fixed horizon 148,195,58,137,1.0744608443740569,0.46296296296296297,0.6739130434782609,0.5370370370370371,0.605475040257649,0.31669572798605056,0.539512338425382,0.6833042720139495,0.46048766157461796,0.2921621621621622,0.56,0.6038647342995169
lstm,6,6,6,0.01,fixed horizon 50,195,58,137,1.164663366295813,0.0,0.0,1.0,0.5,,1.0,,0.0,,0.0,0.572061191626409
lstm,6,6,6,0.01,fixed horizon 100,195,58,137,1.1909789735322223,0.0,0.0,1.0,0.5,,1.0,,0.0,,0.0,0.6211755233494364
lstm,6,6,6,0.01,fixed horizon 148,195,58,137,1.1909789735322223,0.0,0.0,1.0,0.5,,1.0,,0.0,,0.0,0.6038647342995169
lstm,6,6,6,0.025,fixed horizon 50,195,58,137,1.0988856090418488,0.0,0.0,1.0,0.5,,1.0,,0.0,,0.0,0.572061191626409
lstm,6,6,6,0.025,fixed horizon 100,195,58,137,1.1134289240327542,0.0,0.0,1.0,0.5,,1.0,,0.0,,0.0,0.6211755233494364
lstm,6,6,6,0.025,fixed horizon 148,195,58,137,1.1134289240327542,0.0,0.0,1.0,0.5,,1.0,,0.0,,0.0,0.6038647342995169
lstm,6,6,6,0.05,fixed horizon 50,195,58,137,1.0813063395730762,0.0,0.0,1.0,0.5,,1.0,,0.0,,0.0,0.572061191626409
lstm,6,6,6,0.05,fixed horizon 100,195,58,137,1.139428351053,0.0,0.0,1.0,0.5,,1.0,,0.0,,0.0,0.6211755233494364
lstm,6,6,6,0.05,fixed horizon 148,195,58,137,1.1757456989427348,0.0,0.0,1.0,0.5,,1.0,,0.0,,0.0,0.6038647342995169
lstm,6,6,6,0.075,fixed horizon 50,195,58,137,1.0466779112691151,0.0,0.021739130434782608,1.0,0.5108695652173914,0.56,0.9904347826086957,0.43999999999999995,0.009565217391304337,,0.01,0.572061191626409
lstm,6,6,6,0.075,fixed horizon 100,195,58,137,1.282130579392482,0.018518518518518517,0.043478260869565216,0.9814814814814815,0.5124798711755234,0.825,0.9923913043478261,0.17500000000000004,0.007608695652173925,0.45,0.03,0.6211755233494364
lstm,6,6,6,0.075,fixed horizon 148,195,58,137,1.139444400112419,0.0,0.021739130434782608,1.0,0.5108695652173914,0.6891891891891891,0.9932432432432433,0.31081081081081086,0.006756756756756688,,0.01,0.6038647342995169
lstm,6,6,6,0.1,fixed horizon 50,195,58,137,1.0135846636081662,0.037037037037037035,0.043478260869565216,0.9629629629629629,0.5032206119162641,0.28,0.9686956521739131,0.72,0.03130434782608693,0.9299999999999999,0.04,0.572061191626409
lstm,6,6,6,0.1,fixed horizon 100,195,58,137,1.2691495908309656,0.018518518518518517,0.043478260869565216,0.9814814814814815,0.5124798711755234,0.825,0.9923913043478261,0.17500000000000004,0.007608695652173925,0.44,0.03,0.6211755233494364
lstm,6,6,6,0.1,fixed horizon 148,195,58,137,1.1297099960213213,0.018518518518518517,0.06521739130434782,0.9814814814814815,0.5233494363929146,0.7184684684684686,0.9816392479435957,0.28153153153153143,0.018360752056404306,0.972972972972973,0.04,0.6038647342995169
lstm,6,6,6,0.15,fixed horizon 50,195,58,137,1.1829882235065592,0.07407407407407407,0.043478260869565216,0.9259259259259259,0.48470209339774556,0.33,0.9708695652173912,0.6699999999999999,0.029130434782608794,0.64,0.06,0.572061191626409
lstm,6,6,6,0.15,fixed horizon 100,195,58,137,1.2379524824806543,0.05555555555555555,0.10869565217391304,0.9444444444444444,0.5265700483091788,0.532,0.9491304347826086,0.46799999999999997,0.05086956521739139,0.4633333333333333,0.08,0.6211755233494364
lstm,6,6,6,0.15,fixed horizon 148,195,58,137,1.2885517401385915,0.07407407407407407,0.08695652173913043,0.9259259259259259,0.5064412238325282,0.34628378378378377,0.9431551116333724,0.6537162162162162,0.0568448883666276,0.27533783783783783,0.08,0.6038647342995169
lstm,6,6,6,0.2,fixed horizon 50,195,58,137,1.2517047392537906,0.2037037037037037,0.21739130434782608,0.7962962962962963,0.5068438003220612,0.13400000000000004,0.8117391304347826,0.866,0.18826086956521737,0.22000000000000003,0.21,0.572061191626409
lstm,6,6,6,0.2,fixed horizon 100,195,58,137,1.5743223374753839,0.14814814814814814,0.21739130434782608,0.8518518518518519,0.534621578099839,0.5720000000000001,0.9069565217391304,0.42799999999999994,0.09304347826086956,0.39875000000000005,0.18,0.6211755233494364
lstm,6,6,6,0.2,fixed horizon 148,195,58,137,1.33933079807955,0.07407407407407407,0.08695652173913043,0.9259259259259259,0.5064412238325282,0.3023648648648648,0.9393360752056404,0.6976351351351352,0.06066392479435956,0.14527027027027029,0.08,0.6038647342995169
lstm,6,6,6,0.3,fixed horizon 50,195,58,137,0.9367946253439104,0.5740740740740741,0.7608695652173914,0.42592592592592593,0.5933977455716586,0.276,0.4491304347826088,0.724,0.5508695652173912,0.14516129032258063,0.66,0.572061191626409
lstm,6,6,6,0.3,fixed horizon 100,195,58,137,1.2844999766455933,0.4074074074074074,0.6521739130434783,0.5925925925925926,0.6223832528180354,0.335,0.566304347826087,0.665,0.43369565217391304,0.3050000000000001,0.52,0.6211755233494364
lstm,6,6,6,0.3,fixed horizon 148,195,58,137,1.4192821506201658,0.7962962962962963,0.8695652173913043,0.2037037037037037,0.536634460547504,0.6055743243243243,0.657021151586369,0.39442567567567566,0.342978848413631,0.6945317410433691,0.83,0.6038647342995169
lstm,6,6,7,0.01,fixed horizon 50,195,58,137,1.2398369368119924,0.0,0.0,1.0,0.5,,1.0,,0.0,,0.0,0.572061191626409
lstm,6,6,7,0.01,fixed horizon 100,195,58,137,1.2398369368119924,0.0,0.0,1.0,0.5,,1.0,,0.0,,0.0,0.6211755233494364
lstm,6,6,7,0.01,fixed horizon 148,195,58,137,1.2398369368119924,0.0,0.0,1.0,0.5,,1.0,,0.0,,0.0,0.6038647342995169
lstm,6,6,7,0.025,fixed horizon 50,195,58,137,1.1565824468402504,0.0,0.0,1.0,0.5,,1.0,,0.0,,0.0,0.572061191626409
lstm,6,6,7,0.025,fixed horizon 100,195,58,137,1.1565824468402504,0.0,0.0,1.0,0.5,,1.0,,0.0,,0.0,0.6211755233494364
lstm,6,6,7,0.025,fixed horizon 148,195,58,137,1.1565824468402504,0.0,0.0,1.0,0.5,,1.0,,0.0,,0.0,0.6038647342995169
lstm,6,6,7,0.05,fixed horizon 50,195,58,137,1.0988263072574862,0.037037037037037035,0.0,0.9629629629629629,0.48148148148148145,,1.0,,0.0,0.94,0.02,0.572061191626409
lstm,6,6,7,0.05,fixed horizon 100,195,58,137,1.088389365298603,0.05555555555555555,0.0,0.9444444444444444,0.4722222222222222,,1.0,,0.0,0.4766666666666666,0.03,0.6211755233494364
lstm,6,6,7,0.05,fixed horizon 148,195,58,137,1.1602493637588196,0.0,0.0,1.0,0.5,,1.0,,0.0,,0.0,0.6038647342995169
lstm,6,6,7,0.075,fixed horizon 50,195,58,137,1.169320134819734,0.0,0.021739130434782608,1.0,0.5108695652173914,0.28,0.9843478260869566,0.72,0.01565217391304341,,0.01,0.572061191626409
lstm,6,6,7,0.075,fixed horizon 100,195,58,137,1.23638272229685,0.05555555555555555,0.043478260869565216,0.9444444444444444,0.4939613526570048,0.605,0.9828260869565217,0.395,0.01717391304347826,0.48666666666666664,0.05,0.6211755233494364
lstm,6,6,7,0.075,fixed horizon 148,195,58,137,1.23638272229685,0.05555555555555555,0.043478260869565216,0.9444444444444444,0.4939613526570048,0.40878378378378377,0.974294947121034,0.5912162162162162,0.02570505287896596,0.32882882882882886,0.05,0.6038647342995169
lstm,6,6,7,0.1,fixed horizon 50,195,58,137,1.1707065761437294,0.05555555555555555,0.021739130434782608,0.9444444444444444,0.4830917874396135,0.28,0.9843478260869566,0.72,0.01565217391304341,0.9133333333333334,0.04,0.572061191626409
lstm,6,6,7,0.1,fixed horizon 100,195,58,137,1.2237550993332325,0.05555555555555555,0.043478260869565216,0.9444444444444444,0.4939613526570048,0.6,0.982608695652174,0.4,0.017391304347825987,0.48,0.05,0.6211755233494364
lstm,6,6,7,0.1,fixed horizon 148,195,58,137,1.221657152724246,0.05555555555555555,0.043478260869565216,0.9444444444444444,0.4939613526570048,0.4054054054054054,0.9741480611045827,0.5945945945945946,0.02585193889541726,0.32207207207207206,0.05,0.6038647342995169
lstm,6,6,7,0.15,fixed horizon 50,195,58,137,1.510705727163902,0.018518518518518517,0.043478260869565216,0.9814814814814815,0.5124798711755234,0.2,0.9652173913043478,0.8,0.034782608695652195,0.18,0.03,0.572061191626409
lstm,6,6,7,0.15,fixed horizon 100,195,58,137,2.0948917142604833,0.1111111111111111,0.13043478260869565,0.8888888888888888,0.5096618357487922,0.585,0.9458695652173913,0.41500000000000004,0.054130434782608705,0.5333333333333333,0.12,0.6211755233494364
lstm,6,6,7,0.15,fixed horizon 148,195,58,137,1.1712678357940507,0.07407407407407407,0.10869565217391304,0.9259259259259259,0.5173107890499195,0.48243243243243245,0.9437426556991774,0.5175675675675675,0.05625734430082263,0.3293918918918919,0.09,0.6038647342995169
lstm,6,6,7,0.2,fixed horizon 50,195,58,137,1.8661369156860144,0.12962962962962962,0.08695652173913043,0.8703703703703703,0.4786634460547504,0.55,0.9608695652173914,0.44999999999999996,0.03913043478260858,0.5742857142857144,0.11,0.572061191626409
lstm,6,6,7,0.2,fixed horizon 100,195,58,137,2.054805633383045,0.12962962962962962,0.30434782608695654,0.8703703703703703,0.5873590982286634,0.5921428571428572,0.8758695652173912,0.4078571428571428,0.12413043478260877,0.45999999999999996,0.21,0.6211755233494364
lstm,6,6,7,0.2,fixed horizon 148,195,58,137,2.28362361948301,0.42592592592592593,0.5434782608695652,0.5740740740740741,0.5587761674718197,0.77,0.8749999999999999,0.22999999999999998,0.1250000000000001,0.7967097532314923,0.48,0.6038647342995169
lstm,6,6,7,0.3,fixed horizon 50,195,58,137,1.2052899356076587,0.5185185185185185,0.717391304347826,0.48148148148148145,0.5994363929146538,0.3321212121212121,0.5208695652173914,0.667878787878788,0.47913043478260864,0.2657142857142857,0.61,0.572061191626409
lstm,6,6,7,0.3,fixed horizon 100,195,58,137,2.008235856110815,0.2222222222222222,0.34782608695652173,0.7777777777777778,0.5628019323671498,0.5075000000000001,0.8286956521739132,0.49249999999999994,0.17130434782608683,0.44166666666666665,0.28,0.6211755233494364
lstm,6,6,7,0.3,fixed horizon 148,195,58,137,2.309833219451299,0.6296296296296297,0.717391304347826,0.37037037037037035,0.5438808373590982,0.6889844389844391,0.7768801410105759,0.31101556101556094,0.2231198589894241,0.7734499205087441,0.67,0.6038647342995169
lstm,6,6,8,0.01,fixed horizon 50,195,58,137,1.1964720347778581,0.0,0.0,1.0,0.5,,1.0,,0.0,,0.0,0.572061191626409
lstm,6,6,8,0.01,fixed horizon 100,195,58,137,1.2123416753005456,0.0,0.0,1.0,0.5,,1.0,,0.0,,0.0,0.6211755233494364
lstm,6,6,8,0.01,fixed horizon 148,195,58,137,1.2123416753005456,0.0,0.0,1.0,0.5,,1.0,,0.0,,0.0,0.6038647342995169
lstm,6,6,8,0.025,fixed horizon 50,195,58,137,1.1302997443721108,0.0,0.0,1.0,0.5,,1.0,,0.0,,0.0,0.572061191626409
lstm,6,6,8,0.025,fixed horizon 100,195,58,137,1.1372725613019492,0.0,0.0,1.0,0.5,,1.0,,0.0,,0.0,0.6211755233494364
lstm,6,6,8,0.025,fixed horizon 148,195,58,137,1.1372725613019492,0.0,0.0,1.0,0.5,,1.0,,0.0,,0.0,0.6038647342995169
lstm,6,6,8,0.05,fixed horizon 50,195,58,137,1.0805692253071972,0.018518518518518517,0.0,0.9814814814814815,0.49074074074074076,,1.0,,0.0,0.98,0.01,0.572061191626409
lstm,6,6,8,0.05,fixed horizon 100,195,58,137,1.0873500643456597,0.037037037037037035,0.0,0.9629629629629629,0.48148148148148145,,1.0,,0.0,0.495,0.02,0.6211755233494364
lstm,6,6,8,0.05,fixed horizon 148,195,58,137,1.0935559448758945,0.037037037037037035,0.0,0.9629629629629629,0.48148148148148145,,1.0,,0.0,0.33783783783783783,0.02,0.6038647342995169
lstm,6,6,8,0.075,fixed horizon 50,195,58,137,1.1532655591812855,0.0,0.021739130434782608,1.0,0.5108695652173914,0.32,0.9852173913043478,0.6799999999999999,0.014782608695652177,,0.01,0.572061191626409
lstm,6,6,8,0.075,fixed horizon 100,195,58,137,1.0956097257089201,0.037037037037037035,0.021739130434782608,0.9629629629629629,0.49235104669887275,0.7,0.9934782608695653,0.30000000000000004,0.006521739130434745,0.505,0.03,0.6211755233494364
lstm,6,6,8,0.075,fixed horizon 148,195,58,137,1.1382903870813816,0.018518518518518517,0.06521739130434782,0.9814814814814815,0.5233494363929146,0.9346846846846847,0.9957403055229141,0.06531531531531531,0.004259694477085851,0.9324324324324325,0.04,0.6038647342995169
lstm,6,6,8,0.1,fixed horizon 50,195,58,137,1.121213792216022,0.018518518518518517,0.043478260869565216,0.9814814814814815,0.5124798711755234,0.32,0.9704347826086956,0.6799999999999999,0.029565217391304355,0.96,0.03,0.572061191626409
lstm,6,6,8,0.1,fixed horizon 100,195,58,137,1.0428194494370229,0.05555555555555555,0.06521739130434782,0.9444444444444444,0.5048309178743962,0.61,0.9745652173913043,0.39,0.025434782608695694,0.47333333333333333,0.06,0.6211755233494364
lstm,6,6,8,0.1,fixed horizon 148,195,58,137,1.0950934295043018,0.07407407407407407,0.06521739130434782,0.9259259259259259,0.49557165861513686,0.7657657657657656,0.9847238542890717,0.2342342342342344,0.01527614571092828,0.6435810810810811,0.07,0.6038647342995169
lstm,6,6,8,0.15,fixed horizon 50,195,58,137,1.074443300598144,0.09259259259259259,0.06521739130434782,0.9074074074074074,0.4863123993558776,0.49333333333333335,0.9669565217391305,0.5066666666666666,0.03304347826086951,0.6679999999999999,0.08,0.572061191626409
lstm,6,6,8,0.15,fixed horizon 100,195,58,137,1.1208266175132724,0.07407407407407407,0.17391304347826086,0.9259259259259259,0.5499194847020934,0.5,0.9130434782608695,0.5,0.08695652173913049,0.36250000000000004,0.12,0.6211755233494364
lstm,6,6,8,0.15,fixed horizon 148,195,58,137,1.1464003913019762,0.07407407407407407,0.17391304347826086,0.9259259259259259,0.5499194847020934,0.4763513513513513,0.9089306698002351,0.5236486486486487,0.09106933019976493,0.3141891891891892,0.12,0.6038647342995169
lstm,6,6,8,0.2,fixed horizon 50,195,58,137,1.2738642987514872,0.18518518518518517,0.17391304347826086,0.8148148148148148,0.4943639291465378,0.2225,0.8647826086956522,0.7775,0.13521739130434784,0.33000000000000007,0.18,0.572061191626409
lstm,6,6,8,0.2,fixed horizon 100,195,58,137,1.3626828141501557,0.14814814814814814,0.2608695652173913,0.8518518518518519,0.5563607085346216,0.5658333333333333,0.8867391304347826,0.4341666666666667,0.11326086956521741,0.48874999999999996,0.2,0.6211755233494364
lstm,6,6,8,0.2,fixed horizon 148,195,58,137,1.4221699926091347,0.2777777777777778,0.5,0.7222222222222222,0.6111111111111112,0.7397179788484136,0.8698589894242069,0.2602820211515864,0.13014101057579308,0.7351351351351352,0.38,0.6038647342995169
lstm,6,6,8,0.3,fixed horizon 50,195,58,137,1.0740990796334189,0.5555555555555556,0.6956521739130435,0.4444444444444444,0.5700483091787439,0.33875,0.54,0.66125,0.45999999999999996,0.2733333333333334,0.62,0.572061191626409
lstm,6,6,8,0.3,fixed horizon 100,195,58,137,1.3200910371189394,0.4444444444444444,0.6739130434782609,0.5555555555555556,0.6147342995169083,0.3283870967741936,0.5473913043478261,0.6716129032258065,0.4526086956521739,0.29875,0.55,0.6211755233494364
lstm,6,6,8,0.3,fixed horizon 148,195,58,137,1.7135346024151654,0.8148148148148148,0.8695652173913043,0.18518518518518517,0.5273752012882448,0.6190878378378378,0.6687720329024677,0.38091216216216217,0.3312279670975323,0.6752149877149879,0.84,0.6038647342995169
lstm,6,6,9,0.01,fixed horizon 50,195,58,137,1.2005486525202345,0.0,0.0,1.0,0.5,,1.0,,0.0,,0.0,0.572061191626409
lstm,6,6,9,0.01,fixed horizon 100,195,58,137,1.2005486525202345,0.0,0.0,1.0,0.5,,1.0,,0.0,,0.0,0.6211755233494364
lstm,6,6,9,0.01,fixed horizon 148,195,58,137,1.2005486525202345,0.0,0.0,1.0,0.5,,1.0,,0.0,,0.0,0.6038647342995169
lstm,6,6,9,0.025,fixed horizon 50,195,58,137,1.1079682251383276,0.0,0.0,1.0,0.5,,1.0,,0.0,,0.0,0.572061191626409
lstm,6,6,9,0.025,fixed horizon 100,195,58,137,1.1405796641432884,0.0,0.0,1.0,0.5,,1.0,,0.0,,0.0,0.6211755233494364
lstm,6,6,9,0.025,fixed horizon 148,195,58,137,1.1405796641432884,0.0,0.0,1.0,0.5,,1.0,,0.0,,0.0,0.6038647342995169
lstm,6,6,9,0.05,fixed horizon 50,195,58,137,1.0398671012877223,0.0,0.0,1.0,0.5,,1.0,,0.0,,0.0,0.572061191626409
lstm,6,6,9,0.05,fixed horizon 100,195,58,137,1.086998421982105,0.0,0.0,1.0,0.5,,1.0,,0.0,,0.0,0.6211755233494364
lstm,6,6,9,0.05,fixed horizon 148,195,58,137,1.1306584409947147,0.0,0.0,1.0,0.5,,1.0,,0.0,,0.0,0.6038647342995169
lstm,6,6,9,0.075,fixed horizon 50,195,58,137,1.2490935923301718,0.018518518518518517,0.0,0.9814814814814815,0.49074074074074076,,1.0,,0.0,0.1,0.01,0.572061191626409
lstm,6,6,9,0.075,fixed horizon 100,195,58,137,1.046171386895259,0.0,0.021739130434782608,1.0,0.5108695652173914,0.67,0.9928260869565217,0.32999999999999996,0.007173913043478253,,0.01,0.6211755233494364
lstm,6,6,9,0.075,fixed horizon 148,195,58,137,1.1422399960267338,0.018518518518518517,0.06521739130434782,0.9814814814814815,0.5233494363929146,0.9662162162162162,0.9977967097532314,0.03378378378378377,0.0022032902467685744,0.972972972972973,0.04,0.6038647342995169
lstm,6,6,9,0.1,fixed horizon 50,195,58,137,1.2140959438364318,0.018518518518518517,0.0,0.9814814814814815,0.49074074074074076,,1.0,,0.0,0.08,0.01,0.572061191626409
lstm,6,6,9,0.1,fixed horizon 100,195,58,137,1.2145715671808532,0.018518518518518517,0.021739130434782608,0.9814814814814815,0.501610305958132,0.7,0.9934782608695653,0.30000000000000004,0.006521739130434745,0.04,0.02,0.6211755233494364
lstm,6,6,9,0.1,fixed horizon 148,195,58,137,1.1288382630167184,0.018518518518518517,0.08695652173913043,0.9814814814814815,0.534219001610306,0.7297297297297297,0.9764982373678026,0.2702702702702703,0.023501762632197387,0.972972972972973,0.05,0.6038647342995169
lstm,6,6,9,0.15,fixed horizon 50,195,58,137,1.3531847612476233,0.09259259259259259,0.043478260869565216,0.9074074074074074,0.4754428341384863,0.33,0.9708695652173912,0.6699999999999999,0.029130434782608794,0.6279999999999999,0.07,0.572061191626409
lstm,6,6,9,0.15,fixed horizon 100,195,58,137,1.1935837158043388,0.09259259259259259,0.10869565217391304,0.9074074074074074,0.5080515297906603,0.5,0.9456521739130435,0.5,0.05434782608695654,0.348,0.1,0.6211755233494364
lstm,6,6,9,0.15,fixed horizon 148,195,58,137,1.2239963512832208,0.037037037037037035,0.043478260869565216,0.9629629629629629,0.5032206119162641,0.7432432432432432,0.9888366627497062,0.2567567567567568,0.011163337250293837,0.15202702702702703,0.04,0.6038647342995169
lstm,6,6,9,0.2,fixed horizon 50,195,58,137,1.6199542882930238,0.12962962962962962,0.1956521739130435,0.8703703703703703,0.533011272141707,0.7822222222222223,0.957391304347826,0.21777777777777774,0.042608695652173956,0.48857142857142855,0.16,0.572061191626409
lstm,6,6,9,0.2,fixed horizon 100,195,58,137,1.489958146964927,0.14814814814814814,0.21739130434782608,0.8518518518518519,0.534621578099839,0.5720000000000001,0.9069565217391304,0.42799999999999994,0.09304347826086956,0.4675,0.18,0.6211755233494364
lstm,6,6,9,0.2,fixed horizon 148,195,58,137,1.21413487129174,0.1111111111111111,0.17391304347826086,0.8888888888888888,0.5314009661835748,0.5481418918918919,0.9214159811985899,0.4518581081081081,0.07858401880141008,0.1981981981981982,0.14,0.6038647342995169
lstm,6,6,9,0.3,fixed horizon 50,195,58,137,1.0357688985521332,0.5740740740740741,0.7608695652173914,0.42592592592592593,0.5933977455716586,0.30571428571428577,0.4717391304347826,0.6942857142857142,0.5282608695652173,0.1483870967741935,0.66,0.572061191626409
lstm,6,6,9,0.3,fixed horizon 100,195,58,137,1.310462367247731,0.3888888888888889,0.6086956521739131,0.6111111111111112,0.6099033816425121,0.31,0.58,0.69,0.42000000000000004,0.2523809523809523,0.49,0.6211755233494364
lstm,6,6,9,0.3,fixed horizon 148,195,58,137,1.5719553784537652,0.7407407407407407,0.8043478260869565,0.25925925925925924,0.5318035426731079,0.6185171658144629,0.6931551116333725,0.3814828341855371,0.3068448883666275,0.6489864864864864,0.77,0.6038647342995169
lstm,7,7,0,0.01,fixed horizon 50,194,58,136,1.2051730282486994,0.0,0.05405405405405406,1.0,0.527027027027027,0.0,0.9459459459459459,1.0,0.05405405405405406,,0.02,0.6233376233376234
lstm,7,7,0,0.01,fixed horizon 100,194,58,136,1.2051730282486994,0.0,0.05405405405405406,1.0,0.527027027027027,0.0,0.9459459459459459,1.0,0.05405405405405406,,0.02,0.6482196482196482
lstm,7,7,0,0.01,fixed horizon 148,194,58,136,1.2051730282486994,0.0,0.05405405405405406,1.0,0.527027027027027,0.0,0.9459459459459459,1.0,0.05405405405405406,,0.02,0.7885027885027885
lstm,7,7,0,0.025,fixed horizon 50,194,58,136,1.0941438076898682,0.0,0.05405405405405406,1.0,0.527027027027027,0.0,0.9459459459459459,1.0,0.05405405405405406,,0.02,0.6233376233376234
lstm,7,7,0,0.025,fixed horizon 100,194,58,136,1.1082749359681312,0.0,0.05405405405405406,1.0,0.527027027027027,0.0,0.9459459459459459,1.0,0.05405405405405406,,0.02,0.6482196482196482
lstm,7,7,0,0.025,fixed horizon 148,194,58,136,1.1082749359681312,0.0,0.05405405405405406,1.0,0.527027027027027,0.0,0.9459459459459459,1.0,0.05405405405405406,,0.02,0.7885027885027885
lstm,7,7,0,0.05,fixed horizon 50,194,58,136,0.9595787195627998,0.0,0.08108108108108109,1.0,0.5405405405405406,0.05333333333333334,0.9232432432432431,0.9466666666666667,0.07675675675675686,,0.03,0.6233376233376234
lstm,7,7,0,0.05,fixed horizon 100,194,58,136,1.0445832579574286,0.0,0.05405405405405406,1.0,0.527027027027027,0.0,0.9459459459459459,1.0,0.05405405405405406,,0.02,0.6482196482196482
lstm,7,7,0,0.05,fixed horizon 148,194,58,136,1.0454945578424875,0.0,0.10810810810810811,1.0,0.5540540540540541,0.4138513513513513,0.9366325785244703,0.5861486486486487,0.06336742147552965,,0.04,0.7885027885027885
lstm,7,7,0,0.075,fixed horizon 50,194,58,136,0.9095596431713517,0.015873015873015872,0.08108108108108109,0.9841269841269841,0.5326040326040326,0.006666666666666667,0.9194594594594594,0.9933333333333333,0.0805405405405406,0.06,0.04,0.6233376233376234
lstm,7,7,0,0.075,fixed horizon 100,194,58,136,1.0390795866073672,0.0,0.08108108108108109,1.0,0.5405405405405406,0.09333333333333334,0.9264864864864866,0.9066666666666666,0.07351351351351343,,0.03,0.6482196482196482
lstm,7,7,0,0.075,fixed horizon 148,194,58,136,1.1173432118534374,0.0,0.13513513513513514,1.0,0.5675675675675675,0.5527027027027027,0.9395544192841491,0.4472972972972973,0.06044558071585093,,0.05,0.7885027885027885
lstm,7,7,0,0.1,fixed horizon 50,194,58,136,0.8730351181355831,0.015873015873015872,0.08108108108108109,0.9841269841269841,0.5326040326040326,0.006666666666666667,0.9194594594594594,0.9933333333333333,0.0805405405405406,0.06,0.04,0.6233376233376234
lstm,7,7,0,0.1,fixed horizon 100,194,58,136,1.0282904203724528,0.0,0.08108108108108109,1.0,0.5405405405405406,0.09333333333333334,0.9264864864864866,0.9066666666666666,0.07351351351351343,,0.03,0.6482196482196482
lstm,7,7,0,0.1,fixed horizon 148,194,58,136,1.1016592464728814,0.015873015873015872,0.16216216216216217,0.9841269841269841,0.5731445731445731,0.5731981981981982,0.9307888970051134,0.42680180180180183,0.06921110299488664,0.7297297297297297,0.07,0.7885027885027885
lstm,7,7,0,0.15,fixed horizon 50,194,58,136,0.8117723567951369,0.031746031746031744,0.21621621621621623,0.9682539682539683,0.5922350922350923,0.125,0.8108108108108107,0.875,0.18918918918918926,0.04,0.1,0.6233376233376234
lstm,7,7,0,0.15,fixed horizon 100,194,58,136,0.899604889800802,0.015873015873015872,0.16216216216216217,0.9841269841269841,0.5731445731445731,0.47666666666666674,0.9151351351351351,0.5233333333333332,0.08486486486486489,0.03,0.07,0.6482196482196482
lstm,7,7,0,0.15,fixed horizon 148,194,58,136,0.9543269994081066,0.047619047619047616,0.2972972972972973,0.9523809523809523,0.6248391248391248,0.5786240786240785,0.8747260774287801,0.4213759213759215,0.12527392257121994,0.6238738738738739,0.14,0.7885027885027885
lstm,7,7,0,0.2,fixed horizon 50,194,58,136,0.850266276396296,0.031746031746031744,0.21621621621621623,0.9682539682539683,0.5922350922350923,0.1325,0.8124324324324323,0.8674999999999999,0.18756756756756765,0.04,0.1,0.6233376233376234
lstm,7,7,0,0.2,fixed horizon 100,194,58,136,0.850266276396296,0.047619047619047616,0.2972972972972973,0.9523809523809523,0.6248391248391248,0.29,0.788918918918919,0.71,0.21108108108108103,0.3433333333333333,0.14,0.6482196482196482
lstm,7,7,0,0.2,fixed horizon 148,194,58,136,1.0056446156525176,0.047619047619047616,0.43243243243243246,0.9523809523809523,0.6924066924066924,0.5346283783783784,0.7987582176771365,0.4653716216216216,0.2012417823228635,0.5563063063063063,0.19,0.7885027885027885
lstm,7,7,0,0.3,fixed horizon 50,194,58,136,0.5326024314327786,0.06349206349206349,0.35135135135135137,0.9365079365079365,0.6439296439296439,0.03538461538461539,0.661081081081081,0.9646153846153847,0.338918918918919,0.02,0.17,0.6233376233376234
lstm,7,7,0,0.3,fixed horizon 100,194,58,136,0.6810773036762795,0.07936507936507936,0.40540540540540543,0.9206349206349206,0.663020163020163,0.3526666666666667,0.7375675675675676,0.6473333333333333,0.2624324324324324,0.318,0.2,0.6482196482196482
lstm,7,7,0,0.3,fixed horizon 148,194,58,136,0.8961116385069197,0.07936507936507936,0.5945945945945946,0.9206349206349206,0.7576147576147576,0.5058353808353808,0.706172388604821,0.4941646191646192,0.293827611395179,0.4472972972972973,0.27,0.7885027885027885
lstm,7,7,1,0.01,fixed horizon 50,194,58,136,1.0126215081453174,0.0,0.05405405405405406,1.0,0.527027027027027,0.0,0.9459459459459459,1.0,0.05405405405405406,,0.02,0.6233376233376234
lstm,7,7,1,0.01,fixed horizon 100,194,58,136,1.062216856497403,0.0,0.05405405405405406,1.0,0.527027027027027,0.0,0.9459459459459459,1.0,0.05405405405405406,,0.02,0.6482196482196482
lstm,7,7,1,0.01,fixed horizon 148,194,58,136,1.0695192951968941,0.0,0.08108108108108109,1.0,0.5405405405405406,0.28603603603603606,0.9421110299488679,0.7139639639639639,0.05788897005113214,,0.03,0.7885027885027885
lstm,7,7,1,0.025,fixed horizon 50,194,58,136,0.9574403863436182,0.0,0.05405405405405406,1.0,0.527027027027027,0.0,0.9459459459459459,1.0,0.05405405405405406,,0.02,0.6233376233376234
lstm,7,7,1,0.025,fixed horizon 100,194,58,136,1.0342063950221383,0.0,0.05405405405405406,1.0,0.527027027027027,0.0,0.9459459459459459,1.0,0.05405405405405406,,0.02,0.6482196482196482
lstm,7,7,1,0.025,fixed horizon 148,194,58,136,1.046418959775927,0.0,0.10810810810810811,1.0,0.5540540540540541,0.4239864864864865,0.9377282688093498,0.5760135135135135,0.062271731190650215,,0.04,0.7885027885027885
lstm,7,7,1,0.05,fixed horizon 50,194,58,136,1.0402861301341657,0.0,0.08108108108108109,1.0,0.5405405405405406,0.013333333333333334,0.9199999999999999,0.9866666666666667,0.08000000000000007,,0.03,0.6233376233376234
lstm,7,7,1,0.05,fixed horizon 100,194,58,136,0.9803951428565484,0.0,0.05405405405405406,1.0,0.527027027027027,0.0,0.9459459459459459,1.0,0.05405405405405406,,0.02,0.6482196482196482
lstm,7,7,1,0.05,fixed horizon 148,194,58,136,1.024180926966628,0.015873015873015872,0.10810810810810811,0.9841269841269841,0.546117546117546,0.40033783783783783,0.9351716581446312,0.5996621621621622,0.06482834185536879,0.8445945945945946,0.05,0.7885027885027885
lstm,7,7,1,0.075,fixed horizon 50,194,58,136,1.2214601257175708,0.015873015873015872,0.10810810810810811,0.9841269841269841,0.546117546117546,0.025,0.8945945945945944,0.975,0.10540540540540555,0.06,0.05,0.6233376233376234
lstm,7,7,1,0.075,fixed horizon 100,194,58,136,1.0343538194012538,0.0,0.08108108108108109,1.0,0.5405405405405406,0.006666666666666667,0.9194594594594594,0.9933333333333333,0.0805405405405406,,0.03,0.6482196482196482
lstm,7,7,1,0.075,fixed horizon 148,194,58,136,1.1135618513793488,0.015873015873015872,0.1891891891891892,0.9841269841269841,0.5866580866580866,0.6718146718146718,0.9379108838568297,0.3281853281853282,0.06208911614317025,0.9662162162162162,0.08,0.7885027885027885
lstm,7,7,1,0.1,fixed horizon 50,194,58,136,1.2046422869868143,0.015873015873015872,0.10810810810810811,0.9841269841269841,0.546117546117546,0.025,0.8945945945945944,0.975,0.10540540540540555,0.06,0.05,0.6233376233376234
lstm,7,7,1,0.1,fixed horizon 100,194,58,136,1.152904103831153,0.0,0.08108108108108109,1.0,0.5405405405405406,0.0033333333333333335,0.9191891891891891,0.9966666666666667,0.08081081081081087,,0.03,0.6482196482196482
lstm,7,7,1,0.1,fixed horizon 148,194,58,136,1.048456376991132,0.031746031746031744,0.2702702702702703,0.9682539682539683,0.6192621192621193,0.6229729729729729,0.8981008035062088,0.37702702702702706,0.1018991964937912,0.8682432432432432,0.12,0.7885027885027885
lstm,7,7,1,0.15,fixed horizon 50,194,58,136,1.2141601968903262,0.015873015873015872,0.16216216216216217,0.9841269841269841,0.5731445731445731,0.25666666666666665,0.8794594594594592,0.7433333333333334,0.12054054054054075,0.06,0.07,0.6233376233376234
lstm,7,7,1,0.15,fixed horizon 100,194,58,136,1.1547090726449862,0.031746031746031744,0.16216216216216217,0.9682539682539683,0.5652080652080652,0.115,0.8564864864864865,0.885,0.1435135135135135,0.03,0.08,0.6482196482196482
lstm,7,7,1,0.15,fixed horizon 148,194,58,136,1.4317869914097814,0.031746031746031744,0.32432432432432434,0.9682539682539683,0.6462891462891462,0.7195945945945946,0.9090577063550037,0.2804054054054054,0.09094229364499629,0.9594594594594594,0.14,0.7885027885027885
lstm,7,7,1,0.2,fixed horizon 50,194,58,136,1.1931628365990645,0.031746031746031744,0.1891891891891892,0.9682539682539683,0.5787215787215787,0.20285714285714287,0.8491891891891893,0.7971428571428572,0.1508108108108107,0.06,0.09,0.6233376233376234
lstm,7,7,1,0.2,fixed horizon 100,194,58,136,1.3622824760956274,0.031746031746031744,0.1891891891891892,0.9682539682539683,0.5787215787215787,0.5071428571428571,0.9067567567567567,0.4928571428571429,0.09324324324324329,0.51,0.09,0.6482196482196482
lstm,7,7,1,0.2,fixed horizon 148,194,58,136,1.70894905462791,0.031746031746031744,0.35135135135135137,0.9682539682539683,0.6598026598026598,0.6200623700623701,0.866508400292184,0.3799376299376299,0.133491599707816,0.8175675675675675,0.15,0.7885027885027885
lstm,7,7,1,0.3,fixed horizon 50,194,58,136,1.055734328860284,0.06349206349206349,0.32432432432432434,0.9365079365079365,0.6304161304161304,0.10000000000000002,0.708108108108108,0.9,0.291891891891892,0.08,0.16,0.6233376233376234
lstm,7,7,1,0.3,fixed horizon 100,194,58,136,1.1958664879768115,0.06349206349206349,0.40540540540540543,0.9365079365079365,0.670956670956671,0.37666666666666676,0.7472972972972973,0.6233333333333333,0.2527027027027027,0.4,0.19,0.6482196482196482
lstm,7,7,1,0.3,fixed horizon 148,194,58,136,1.3099149990747043,0.047619047619047616,0.5945945945945946,0.9523809523809523,0.7734877734877734,0.5319410319410319,0.7216946676406135,0.4680589680589681,0.2783053323593865,0.5337837837837838,0.25,0.7885027885027885
lstm,7,7,2,0.01,fixed horizon 50,194,58,136,1.0712939407423294,0.0,0.05405405405405406,1.0,0.527027027027027,0.0,0.9459459459459459,1.0,0.05405405405405406,,0.02,0.6233376233376234
lstm,7,7,2,0.01,fixed horizon 100,194,58,136,1.0881098748876463,0.0,0.05405405405405406,1.0,0.527027027027027,0.0,0.9459459459459459,1.0,0.05405405405405406,,0.02,0.6482196482196482
lstm,7,7,2,0.01,fixed horizon 148,194,58,136,1.110570732222026,0.0,0.05405405405405406,1.0,0.527027027027027,0.0,0.9459459459459459,1.0,0.05405405405405406,,0.02,0.7885027885027885
lstm,7,7,2,0.025,fixed horizon 50,194,58,136,0.9822761152928525,0.0,0.05405405405405406,1.0,0.527027027027027,0.0,0.9459459459459459,1.0,0.05405405405405406,,0.02,0.6233376233376234
lstm,7,7,2,0.025,fixed horizon 100,194,58,136,1.0610658748442654,0.0,0.05405405405405406,1.0,0.527027027027027,0.0,0.9459459459459459,1.0,0.05405405405405406,,0.02,0.6482196482196482
lstm,7,7,2,0.025,fixed horizon 148,194,58,136,1.0946431507117667,0.0,0.05405405405405406,1.0,0.527027027027027,0.0,0.9459459459459459,1.0,0.05405405405405406,,0.02,0.7885027885027885
lstm,7,7,2,0.05,fixed horizon 50,194,58,136,0.954504679742751,0.0,0.05405405405405406,1.0,0.527027027027027,0.0,0.9459459459459459,1.0,0.05405405405405406,,0.02,0.6233376233376234
lstm,7,7,2,0.05,fixed horizon 100,194,58,136,1.0299335147932542,0.0,0.05405405405405406,1.0,0.527027027027027,0.0,0.9459459459459459,1.0,0.05405405405405406,,0.02,0.6482196482196482
lstm,7,7,2,0.05,fixed horizon 148,194,58,136,1.0762154359540805,0.015873015873015872,0.08108108108108109,0.9841269841269841,0.5326040326040326,0.2454954954954955,0.9388239590942293,0.7545045045045045,0.06117604090577067,0.75,0.04,0.7885027885027885
lstm,7,7,2,0.075,fixed horizon 50,194,58,136,1.0369855092100158,0.0,0.08108108108108109,1.0,0.5405405405405406,0.04666666666666667,0.9227027027027027,0.9533333333333334,0.07729729729729728,,0.03,0.6233376233376234
lstm,7,7,2,0.075,fixed horizon 100,194,58,136,1.1418100786876082,0.0,0.08108108108108109,1.0,0.5405405405405406,0.02666666666666667,0.921081081081081,0.9733333333333334,0.078918918918919,,0.03,0.6482196482196482
lstm,7,7,2,0.075,fixed horizon 148,194,58,136,1.135794664509998,0.015873015873015872,0.10810810810810811,0.9841269841269841,0.546117546117546,0.40033783783783783,0.9351716581446312,0.5996621621621622,0.06482834185536879,0.7432432432432432,0.05,0.7885027885027885
lstm,7,7,2,0.1,fixed horizon 50,194,58,136,1.0527766354344439,0.0,0.08108108108108109,1.0,0.5405405405405406,0.04,0.9221621621621623,0.96,0.07783783783783771,,0.03,0.6233376233376234
lstm,7,7,2,0.1,fixed horizon 100,194,58,136,1.1118435239503963,0.0,0.08108108108108109,1.0,0.5405405405405406,0.023333333333333334,0.9208108108108108,0.9766666666666667,0.07918918918918916,,0.03,0.6482196482196482
lstm,7,7,2,0.1,fixed horizon 148,194,58,136,1.1475820329053392,0.015873015873015872,0.13513513513513514,0.9841269841269841,0.5596310596310596,0.3324324324324325,0.9097881665449232,0.6675675675675675,0.09021183345507677,0.75,0.06,0.7885027885027885
lstm,7,7,2,0.15,fixed horizon 50,194,58,136,1.149835116022662,0.015873015873015872,0.13513513513513514,0.9841269841269841,0.5596310596310596,0.292,0.9043243243243243,0.708,0.0956756756756757,0.32,0.06,0.6233376233376234
lstm,7,7,2,0.15,fixed horizon 100,194,58,136,1.2199840517663199,0.015873015873015872,0.10810810810810811,0.9841269841269841,0.546117546117546,0.1275,0.9056756756756756,0.8725,0.09432432432432436,0.17,0.05,0.6482196482196482
lstm,7,7,2,0.15,fixed horizon 148,194,58,136,1.2382349882702344,0.031746031746031744,0.13513513513513514,0.9682539682539683,0.5516945516945517,0.31216216216216214,0.9070489408327245,0.6878378378378378,0.09295105916727553,0.5135135135135135,0.07,0.7885027885027885
lstm,7,7,2,0.2,fixed horizon 50,194,58,136,1.1575051890932018,0.015873015873015872,0.16216216216216217,0.9841269841269841,0.5731445731445731,0.24333333333333337,0.8772972972972976,0.7566666666666666,0.12270270270270245,0.08,0.07,0.6233376233376234
lstm,7,7,2,0.2,fixed horizon 100,194,58,136,1.335882971312093,0.015873015873015872,0.1891891891891892,0.9841269841269841,0.5866580866580866,0.4985714285714286,0.9051351351351352,0.5014285714285713,0.09486486486486478,0.08,0.08,0.6482196482196482
lstm,7,7,2,0.2,fixed horizon 148,194,58,136,1.3475123590925324,0.047619047619047616,0.3783783783783784,0.9523809523809523,0.6653796653796653,0.6418918918918919,0.864499634769905,0.3581081081081081,0.135500365230095,0.6193693693693694,0.17,0.7885027885027885
lstm,7,7,2,0.3,fixed horizon 50,194,58,136,0.8652425845292664,0.06349206349206349,0.32432432432432434,0.9365079365079365,0.6304161304161304,0.08833333333333333,0.7043243243243242,0.9116666666666666,0.29567567567567576,0.1,0.16,0.6233376233376234
lstm,7,7,2,0.3,fixed horizon 100,194,58,136,1.1657244262108217,0.07936507936507936,0.3783783783783784,0.9206349206349206,0.6495066495066495,0.36571428571428566,0.76,0.6342857142857143,0.24,0.42000000000000004,0.19,0.6482196482196482
lstm,7,7,2,0.3,fixed horizon 148,194,58,136,1.5726476243196985,0.047619047619047616,0.5945945945945946,0.9523809523809523,0.7734877734877734,0.5340909090909091,0.722972972972973,0.46590909090909094,0.277027027027027,0.5405405405405405,0.25,0.7885027885027885
lstm,7,7,3,0.01,fixed horizon 50,194,58,136,1.1242265425781028,0.0,0.05405405405405406,1.0,0.527027027027027,0.0,0.9459459459459459,1.0,0.05405405405405406,,0.02,0.6233376233376234
lstm,7,7,3,0.01,fixed horizon 100,194,58,136,1.1242265425781028,0.0,0.05405405405405406,1.0,0.527027027027027,0.0,0.9459459459459459,1.0,0.05405405405405406,,0.02,0.6482196482196482
lstm,7,7,3,0.01,fixed horizon 148,194,58,136,1.1242265425781028,0.0,0.05405405405405406,1.0,0.527027027027027,0.0,0.9459459459459459,1.0,0.05405405405405406,,0.02,0.7885027885027885
lstm,7,7,3,0.025,fixed horizon 50,194,58,136,1.0771522706549614,0.0,0.05405405405405406,1.0,0.527027027027027,0.0,0.9459459459459459,1.0,0.05405405405405406,,0.02,0.6233376233376234
lstm,7,7,3,0.025,fixed horizon 100,194,58,136,1.0771522706549614,0.0,0.05405405405405406,1.0,0.527027027027027,0.0,0.9459459459459459,1.0,0.05405405405405406,,0.02,0.6482196482196482
lstm,7,7,3,0.025,fixed horizon 148,194,58,136,1.0771522706549614,0.0,0.08108108108108109,1.0,0.5405405405405406,0.3310810810810811,0.945763330898466,0.6689189189189189,0.05423666910153402,,0.03,0.7885027885027885
lstm,7,7,3,0.05,fixed horizon 50,194,58,136,0.9652260955472269,0.0,0.08108108108108109,1.0,0.5405405405405406,0.013333333333333334,0.9199999999999999,0.9866666666666667,0.08000000000000007,,0.03,0.6233376233376234
lstm,7,7,3,0.05,fixed horizon 100,194,58,136,1.0732264956309252,0.0,0.05405405405405406,1.0,0.527027027027027,0.0,0.9459459459459459,1.0,0.05405405405405406,,0.02,0.6482196482196482
lstm,7,7,3,0.05,fixed horizon 148,194,58,136,1.033890984598082,0.0,0.13513513513513514,1.0,0.5675675675675675,0.34189189189189184,0.9110664718772827,0.6581081081081082,0.08893352812271726,,0.05,0.7885027885027885
lstm,7,7,3,0.075,fixed horizon 50,194,58,136,0.9577107979760793,0.015873015873015872,0.08108108108108109,0.9841269841269841,0.5326040326040326,0.013333333333333334,0.9199999999999999,0.9866666666666667,0.08000000000000007,0.6,0.04,0.6233376233376234
lstm,7,7,3,0.075,fixed horizon 100,194,58,136,1.0585060037927796,0.0,0.08108108108108109,1.0,0.5405405405405406,0.09333333333333334,0.9264864864864866,0.9066666666666666,0.07351351351351343,,0.03,0.6482196482196482
lstm,7,7,3,0.075,fixed horizon 148,194,58,136,1.1598950087031679,0.015873015873015872,0.24324324324324326,0.9841269841269841,0.6136851136851137,0.6989489489489489,0.9267713659605551,0.3010510510510511,0.0732286340394449,0.9054054054054054,0.1,0.7885027885027885
lstm,7,7,3,0.1,fixed horizon 50,194,58,136,0.9785395858180803,0.015873015873015872,0.08108108108108109,0.9841269841269841,0.5326040326040326,0.013333333333333334,0.9199999999999999,0.9866666666666667,0.08000000000000007,0.28,0.04,0.6233376233376234
lstm,7,7,3,0.1,fixed horizon 100,194,58,136,1.1321798645046321,0.0,0.05405405405405406,1.0,0.527027027027027,0.0,0.9459459459459459,1.0,0.05405405405405406,,0.02,0.6482196482196482
lstm,7,7,3,0.1,fixed horizon 148,194,58,136,1.120956095702973,0.015873015873015872,0.2702702702702703,0.9841269841269841,0.6271986271986272,0.7202702702702701,0.9243973703433163,0.27972972972972987,0.07560262965668374,0.8783783783783784,0.11,0.7885027885027885
lstm,7,7,3,0.15,fixed horizon 50,194,58,136,1.0607821788288834,0.015873015873015872,0.16216216216216217,0.9841269841269841,0.5731445731445731,0.2933333333333334,0.8854054054054054,0.7066666666666666,0.11459459459459465,0.36,0.07,0.6233376233376234
lstm,7,7,3,0.15,fixed horizon 100,194,58,136,1.068818783511806,0.015873015873015872,0.10810810810810811,0.9841269841269841,0.546117546117546,0.255,0.9194594594594594,0.745,0.0805405405405406,0.18,0.05,0.6482196482196482
lstm,7,7,3,0.15,fixed horizon 148,194,58,136,1.1769781670198967,0.031746031746031744,0.2972972972972973,0.9682539682539683,0.6327756327756328,0.6418918918918919,0.893535427319211,0.3581081081081081,0.10646457268078902,0.8310810810810811,0.13,0.7885027885027885
lstm,7,7,3,0.2,fixed horizon 50,194,58,136,0.9880653679679579,0.015873015873015872,0.21621621621621623,0.9841269841269841,0.6001716001716002,0.125,0.8108108108108107,0.875,0.18918918918918926,0.06,0.09,0.6233376233376234
lstm,7,7,3,0.2,fixed horizon 100,194,58,136,1.1226581627508119,0.015873015873015872,0.24324324324324326,0.9841269841269841,0.6136851136851137,0.4511111111111112,0.8664864864864865,0.5488888888888888,0.13351351351351348,0.19,0.1,0.6482196482196482
lstm,7,7,3,0.2,fixed horizon 148,194,58,136,1.2197599650903888,0.047619047619047616,0.35135135135135137,0.9523809523809523,0.6518661518661518,0.5291060291060291,0.8345507669831994,0.4708939708939709,0.1654492330168006,0.6013513513513513,0.16,0.7885027885027885
lstm,7,7,3,0.3,fixed horizon 50,194,58,136,0.6750091704654335,0.06349206349206349,0.32432432432432434,0.9365079365079365,0.6304161304161304,0.06166666666666668,0.6956756756756757,0.9383333333333334,0.3043243243243243,0.065,0.16,0.6233376233376234
lstm,7,7,3,0.3,fixed horizon 100,194,58,136,0.7164120794133955,0.07936507936507936,0.4594594594594595,0.9206349206349206,0.6900471900471901,0.3141176470588235,0.6848648648648649,0.6858823529411765,0.31513513513513514,0.316,0.22,0.6482196482196482
lstm,7,7,3,0.3,fixed horizon 148,194,58,136,0.9244916616724577,0.07936507936507936,0.6486486486486487,0.9206349206349206,0.7846417846417846,0.4833896396396396,0.6649013878743607,0.5166103603603605,0.3350986121256393,0.4013513513513514,0.29,0.7885027885027885
lstm,7,7,4,0.01,fixed horizon 50,194,58,136,1.130818651668915,0.0,0.05405405405405406,1.0,0.527027027027027,0.0,0.9459459459459459,1.0,0.05405405405405406,,0.02,0.6233376233376234
lstm,7,7,4,0.01,fixed horizon 100,194,58,136,1.130818651668915,0.0,0.05405405405405406,1.0,0.527027027027027,0.0,0.9459459459459459,1.0,0.05405405405405406,,0.02,0.6482196482196482
lstm,7,7,4,0.01,fixed horizon 148,194,58,136,1.130818651668915,0.0,0.05405405405405406,1.0,0.527027027027027,0.0,0.9459459459459459,1.0,0.05405405405405406,,0.02,0.7885027885027885
lstm,7,7,4,0.025,fixed horizon 50,194,58,136,1.087227264025819,0.0,0.05405405405405406,1.0,0.527027027027027,0.0,0.9459459459459459,1.0,0.05405405405405406,,0.02,0.6233376233376234
lstm,7,7,4,0.025,fixed horizon 100,194,58,136,1.0914682299633842,0.0,0.05405405405405406,1.0,0.527027027027027,0.0,0.9459459459459459,1.0,0.05405405405405406,,0.02,0.6482196482196482
lstm,7,7,4,0.025,fixed horizon 148,194,58,136,1.0914682299633842,0.0,0.05405405405405406,1.0,0.527027027027027,0.0,0.9459459459459459,1.0,0.05405405405405406,,0.02,0.7885027885027885
lstm,7,7,4,0.05,fixed horizon 50,194,58,136,1.0297181401387943,0.0,0.05405405405405406,1.0,0.527027027027027,0.0,0.9459459459459459,1.0,0.05405405405405406,,0.02,0.6233376233376234
lstm,7,7,4,0.05,fixed horizon 100,194,58,136,1.0297181401387943,0.0,0.05405405405405406,1.0,0.527027027027027,0.0,0.9459459459459459,1.0,0.05405405405405406,,0.02,0.6482196482196482
lstm,7,7,4,0.05,fixed horizon 148,194,58,136,1.1134682932939932,0.0,0.08108108108108109,1.0,0.5405405405405406,0.0045045045045045045,0.9192841490138788,0.9954954954954955,0.08071585098612122,,0.03,0.7885027885027885
lstm,7,7,4,0.075,fixed horizon 50,194,58,136,1.2466042308755987,0.0,0.08108108108108109,1.0,0.5405405405405406,0.02,0.9205405405405406,0.98,0.07945945945945943,,0.03,0.6233376233376234
lstm,7,7,4,0.075,fixed horizon 100,194,58,136,1.2380980714075582,0.0,0.05405405405405406,1.0,0.527027027027027,0.0,0.9459459459459459,1.0,0.05405405405405406,,0.02,0.6482196482196482
lstm,7,7,4,0.075,fixed horizon 148,194,58,136,1.2401532404154647,0.0,0.05405405405405406,1.0,0.527027027027027,0.0,0.9459459459459459,1.0,0.05405405405405406,,0.02,0.7885027885027885
lstm,7,7,4,0.1,fixed horizon 50,194,58,136,1.1092574066862473,0.015873015873015872,0.08108108108108109,0.9841269841269841,0.5326040326040326,0.013333333333333334,0.9199999999999999,0.9866666666666667,0.08000000000000007,0.38,0.04,0.6233376233376234
lstm,7,7,4,0.1,fixed horizon 100,194,58,136,1.1908704853274699,0.0,0.05405405405405406,1.0,0.527027027027027,0.0,0.9459459459459459,1.0,0.05405405405405406,,0.02,0.6482196482196482
lstm,7,7,4,0.1,fixed horizon 148,194,58,136,1.334509763774665,0.0,0.05405405405405406,1.0,0.527027027027027,0.0033783783783783786,0.9461285609934259,0.9966216216216216,0.053871439006574096,,0.02,0.7885027885027885
lstm,7,7,4,0.15,fixed horizon 50,194,58,136,1.1689121218164051,0.015873015873015872,0.13513513513513514,0.9841269841269841,0.5596310596310596,0.24400000000000005,0.8978378378378378,0.756,0.10216216216216223,0.46,0.06,0.6233376233376234
lstm,7,7,4,0.15,fixed horizon 100,194,58,136,1.5546473929743767,0.015873015873015872,0.10810810810810811,0.9841269841269841,0.546117546117546,0.3125,0.9256756756756757,0.6875,0.07432432432432434,0.4,0.05,0.6482196482196482
lstm,7,7,4,0.15,fixed horizon 148,194,58,136,1.600528501425138,0.031746031746031744,0.2972972972972973,0.9682539682539683,0.6327756327756328,0.7696560196560196,0.9315193571950329,0.2303439803439804,0.06848064280496713,0.9425675675675675,0.13,0.7885027885027885
lstm,7,7,4,0.2,fixed horizon 50,194,58,136,1.1709393990449553,0.031746031746031744,0.21621621621621623,0.9682539682539683,0.5922350922350923,0.1725,0.821081081081081,0.8275,0.17891891891891898,0.06,0.1,0.6233376233376234
lstm,7,7,4,0.2,fixed horizon 100,194,58,136,1.4059238514515884,0.015873015873015872,0.1891891891891892,0.9841269841269841,0.5866580866580866,0.5042857142857142,0.9062162162162163,0.4957142857142858,0.09378378378378371,0.32,0.08,0.6482196482196482
lstm,7,7,4,0.2,fixed horizon 148,194,58,136,1.8677335797836845,0.031746031746031744,0.2972972972972973,0.9682539682539683,0.6327756327756328,0.6885749385749387,0.9074141709276844,0.3114250614250613,0.0925858290723156,0.8243243243243243,0.13,0.7885027885027885
lstm,7,7,4,0.3,fixed horizon 50,194,58,136,1.0912488656594652,0.06349206349206349,0.2972972972972973,0.9365079365079365,0.6169026169026169,0.07818181818181819,0.725945945945946,0.9218181818181819,0.27405405405405403,0.12000000000000001,0.15,0.6233376233376234
lstm,7,7,4,0.3,fixed horizon 100,194,58,136,1.1230268922391746,0.07936507936507936,0.3783783783783784,0.9206349206349206,0.6495066495066495,0.33142857142857146,0.7470270270270271,0.6685714285714286,0.25297297297297294,0.358,0.19,0.6482196482196482
lstm,7,7,4,0.3,fixed horizon 148,194,58,136,1.4346328137932782,0.047619047619047616,0.5945945945945946,0.9523809523809523,0.7734877734877734,0.5270270270270271,0.7187728268809348,0.4729729729729729,0.2812271731190652,0.5247747747747747,0.25,0.7885027885027885
lstm,7,7,5,0.01,fixed horizon 50,194,58,136,1.025378042737321,0.0,0.05405405405405406,1.0,0.527027027027027,0.0,0.9459459459459459,1.0,0.05405405405405406,,0.02,0.6233376233376234
lstm,7,7,5,0.01,fixed horizon 100,194,58,136,1.0566759289005334,0.0,0.05405405405405406,1.0,0.527027027027027,0.0,0.9459459459459459,1.0,0.05405405405405406,,0.02,0.6482196482196482
lstm,7,7,5,0.01,fixed horizon 148,194,58,136,1.070379594767134,0.0,0.10810810810810811,1.0,0.5540540540540541,0.4408783783783784,0.9395544192841491,0.5591216216216216,0.06044558071585093,,0.04,0.7885027885027885
lstm,7,7,5,0.025,fixed horizon 50,194,58,136,0.9879765443051027,0.0,0.05405405405405406,1.0,0.527027027027027,0.0,0.9459459459459459,1.0,0.05405405405405406,,0.02,0.6233376233376234
lstm,7,7,5,0.025,fixed horizon 100,194,58,136,1.0310791784459152,0.0,0.05405405405405406,1.0,0.527027027027027,0.0,0.9459459459459459,1.0,0.05405405405405406,,0.02,0.6482196482196482
lstm,7,7,5,0.025,fixed horizon 148,194,58,136,1.0519751608279166,0.0,0.10810810810810811,1.0,0.5540540540540541,0.42567567567567566,0.9379108838568297,0.5743243243243243,0.06208911614317025,,0.04,0.7885027885027885
lstm,7,7,5,0.05,fixed horizon 50,194,58,136,0.962022409315523,0.0,0.08108108108108109,1.0,0.5405405405405406,0.16666666666666666,0.9324324324324325,0.8333333333333334,0.06756756756756754,,0.03,0.6233376233376234
lstm,7,7,5,0.05,fixed horizon 100,194,58,136,1.0299763226479688,0.0,0.05405405405405406,1.0,0.527027027027027,0.0,0.9459459459459459,1.0,0.05405405405405406,,0.02,0.6482196482196482
lstm,7,7,5,0.05,fixed horizon 148,194,58,136,1.0299763226479688,0.015873015873015872,0.10810810810810811,0.9841269841269841,0.546117546117546,0.4054054054054054,0.9357195032870709,0.5945945945945946,0.06428049671292912,0.8445945945945946,0.05,0.7885027885027885
lstm,7,7,5,0.075,fixed horizon 50,194,58,136,1.0009046577673046,0.0,0.08108108108108109,1.0,0.5405405405405406,0.02666666666666667,0.921081081081081,0.9733333333333334,0.078918918918919,,0.03,0.6233376233376234
lstm,7,7,5,0.075,fixed horizon 100,194,58,136,1.035587717687124,0.0,0.08108108108108109,1.0,0.5405405405405406,0.09000000000000001,0.9262162162162161,0.91,0.07378378378378392,,0.03,0.6482196482196482
lstm,7,7,5,0.075,fixed horizon 148,194,58,136,1.035587717687124,0.015873015873015872,0.13513513513513514,0.9841269841269841,0.5596310596310596,0.3567567567567568,0.9130752373995616,0.6432432432432432,0.08692476260043835,0.8445945945945946,0.06,0.7885027885027885
lstm,7,7,5,0.1,fixed horizon 50,194,58,136,0.900968637029818,0.015873015873015872,0.08108108108108109,0.9841269841269841,0.5326040326040326,0.013333333333333334,0.9199999999999999,0.9866666666666667,0.08000000000000007,0.06,0.04,0.6233376233376234
lstm,7,7,5,0.1,fixed horizon 100,194,58,136,1.0047500595180505,0.0,0.08108108108108109,1.0,0.5405405405405406,0.08666666666666667,0.9259459459459459,0.9133333333333333,0.07405405405405407,,0.03,0.6482196482196482
lstm,7,7,5,0.1,fixed horizon 148,194,58,136,1.0161277351069162,0.015873015873015872,0.13513513513513514,0.9841269841269841,0.5596310596310596,0.35,0.9121621621621622,0.65,0.08783783783783783,0.7972972972972973,0.06,0.7885027885027885
lstm,7,7,5,0.15,fixed horizon 50,194,58,136,1.0606406376274111,0.015873015873015872,0.16216216216216217,0.9841269841269841,0.5731445731445731,0.16666666666666666,0.8648648648648648,0.8333333333333334,0.1351351351351352,0.06,0.07,0.6233376233376234
lstm,7,7,5,0.15,fixed horizon 100,194,58,136,1.0241455643468516,0.015873015873015872,0.13513513513513514,0.9841269841269841,0.5596310596310596,0.304,0.9059459459459458,0.696,0.0940540540540542,0.28,0.06,0.6482196482196482
lstm,7,7,5,0.15,fixed horizon 148,194,58,136,1.0133997298780786,0.031746031746031744,0.2972972972972973,0.9682539682539683,0.6327756327756328,0.6105651105651105,0.8842220598977356,0.38943488943488946,0.11577794010226439,0.8378378378378378,0.13,0.7885027885027885
lstm,7,7,5,0.2,fixed horizon 50,194,58,136,1.1005528483295934,0.015873015873015872,0.21621621621621623,0.9841269841269841,0.6001716001716002,0.0825,0.8016216216216215,0.9175,0.19837837837837846,0.06,0.09,0.6233376233376234
lstm,7,7,5,0.2,fixed horizon 100,194,58,136,1.1491201300044092,0.015873015873015872,0.1891891891891892,0.9841269841269841,0.5866580866580866,0.21142857142857144,0.8508108108108108,0.7885714285714286,0.14918918918918922,0.1,0.08,0.6482196482196482
lstm,7,7,5,0.2,fixed horizon 148,194,58,136,1.1513971405289276,0.031746031746031744,0.35135135135135137,0.9682539682539683,0.6598026598026598,0.42983367983367976,0.7996712929145362,0.5701663201663203,0.2003287070854638,0.37837837837837834,0.15,0.7885027885027885
lstm,7,7,5,0.3,fixed horizon 50,194,58,136,1.0463403950323875,0.06349206349206349,0.32432432432432434,0.9365079365079365,0.6304161304161304,0.10500000000000002,0.7097297297297297,0.895,0.2902702702702703,0.115,0.16,0.6233376233376234
lstm,7,7,5,0.3,fixed horizon 100,194,58,136,1.1465719286828735,0.09523809523809523,0.40540540540540543,0.9047619047619048,0.6550836550836551,0.3446666666666667,0.7343243243243244,0.6553333333333333,0.2656756756756756,0.44333333333333336,0.21,0.6482196482196482
lstm,7,7,5,0.3,fixed horizon 148,194,58,136,1.3417681773367995,0.07936507936507936,0.4594594594594595,0.9206349206349206,0.6900471900471901,0.3998410174880763,0.7242512783053324,0.6001589825119237,0.2757487216946676,0.3891891891891892,0.22,0.7885027885027885
lstm,7,7,6,0.01,fixed horizon 50,194,58,136,1.2338892220594504,0.0,0.05405405405405406,1.0,0.527027027027027,0.0,0.9459459459459459,1.0,0.05405405405405406,,0.02,0.6233376233376234
lstm,7,7,6,0.01,fixed horizon 100,194,58,136,1.2338892220594504,0.0,0.05405405405405406,1.0,0.527027027027027,0.0,0.9459459459459459,1.0,0.05405405405405406,,0.02,0.6482196482196482
lstm,7,7,6,0.01,fixed horizon 148,194,58,136,1.2338892220594504,0.0,0.05405405405405406,1.0,0.527027027027027,0.0,0.9459459459459459,1.0,0.05405405405405406,,0.02,0.7885027885027885
lstm,7,7,6,0.025,fixed horizon 50,194,58,136,1.1300948349974096,0.0,0.05405405405405406,1.0,0.527027027027027,0.0,0.9459459459459459,1.0,0.05405405405405406,,0.02,0.6233376233376234
lstm,7,7,6,0.025,fixed horizon 100,194,58,136,1.1300948349974096,0.0,0.05405405405405406,1.0,0.527027027027027,0.0,0.9459459459459459,1.0,0.05405405405405406,,0.02,0.6482196482196482
lstm,7,7,6,0.025,fixed horizon 148,194,58,136,1.1300948349974096,0.0,0.05405405405405406,1.0,0.527027027027027,0.0,0.9459459459459459,1.0,0.05405405405405406,,0.02,0.7885027885027885
lstm,7,7,6,0.05,fixed horizon 50,194,58,136,1.0771721132220828,0.0,0.05405405405405406,1.0,0.527027027027027,0.0,0.9459459459459459,1.0,0.05405405405405406,,0.02,0.6233376233376234
lstm,7,7,6,0.05,fixed horizon 100,194,58,136,1.086164466557699,0.0,0.05405405405405406,1.0,0.527027027027027,0.0,0.9459459459459459,1.0,0.05405405405405406,,0.02,0.6482196482196482
lstm,7,7,6,0.05,fixed horizon 148,194,58,136,1.0864971318354348,0.0,0.10810810810810811,1.0,0.5540540540540541,0.41216216216216217,0.9364499634769904,0.5878378378378378,0.06355003652300961,,0.04,0.7885027885027885
lstm,7,7,6,0.075,fixed horizon 50,194,58,136,1.1227258573415246,0.0,0.08108108108108109,1.0,0.5405405405405406,0.013333333333333334,0.9199999999999999,0.9866666666666667,0.08000000000000007,,0.03,0.6233376233376234
lstm,7,7,6,0.075,fixed horizon 100,194,58,136,1.0854040883984888,0.0,0.08108108108108109,1.0,0.5405405405405406,0.09999999999999999,0.927027027027027,0.9,0.072972972972973,,0.03,0.6482196482196482
lstm,7,7,6,0.075,fixed horizon 148,194,58,136,1.2041245198612538,0.015873015873015872,0.16216216216216217,0.9841269841269841,0.5731445731445731,0.5777027027027027,0.9315193571950328,0.42229729729729726,0.06848064280496724,0.9054054054054054,0.07,0.7885027885027885
lstm,7,7,6,0.1,fixed horizon 50,194,58,136,1.0088445390389986,0.015873015873015872,0.08108108108108109,0.9841269841269841,0.5326040326040326,0.013333333333333334,0.9199999999999999,0.9866666666666667,0.08000000000000007,0.06,0.04,0.6233376233376234
lstm,7,7,6,0.1,fixed horizon 100,194,58,136,1.081471594772161,0.0,0.08108108108108109,1.0,0.5405405405405406,0.09999999999999999,0.927027027027027,0.9,0.072972972972973,,0.03,0.6482196482196482
lstm,7,7,6,0.1,fixed horizon 148,194,58,136,1.1651928712641344,0.015873015873015872,0.24324324324324326,0.9841269841269841,0.6136851136851137,0.6824324324324325,0.9227538349159969,0.31756756756756754,0.07724616508400306,0.7432432432432432,0.1,0.7885027885027885
lstm,7,7,6,0.15,fixed horizon 50,194,58,136,0.9753193369182462,0.015873015873015872,0.1891891891891892,0.9841269841269841,0.5866580866580866,0.24571428571428575,0.8572972972972972,0.7542857142857142,0.1427027027027028,0.06,0.08,0.6233376233376234
lstm,7,7,6,0.15,fixed horizon 100,194,58,136,1.1989584632922292,0.015873015873015872,0.10810810810810811,0.9841269841269841,0.546117546117546,0.3325,0.9278378378378378,0.6675,0.0721621621621622,0.36,0.05,0.6482196482196482
lstm,7,7,6,0.15,fixed horizon 148,194,58,136,1.212594458279159,0.031746031746031744,0.21621621621621623,0.9682539682539683,0.5922350922350923,0.5396959459459459,0.9004747991234477,0.46030405405405406,0.09952520087655226,0.4797297297297297,0.1,0.7885027885027885
lstm,7,7,6,0.2,fixed horizon 50,194,58,136,1.0446952796870441,0.015873015873015872,0.21621621621621623,0.9841269841269841,0.6001716001716002,0.30000000000000004,0.8486486486486485,0.7,0.15135135135135147,0.06,0.09,0.6233376233376234
lstm,7,7,6,0.2,fixed horizon 100,194,58,136,1.410722295893316,0.015873015873015872,0.21621621621621623,0.9841269841269841,0.6001716001716002,0.49874999999999997,0.8916216216216217,0.50125,0.10837837837837827,0.14,0.09,0.6482196482196482
lstm,7,7,6,0.2,fixed horizon 148,194,58,136,1.4263398388049564,0.031746031746031744,0.32432432432432434,0.9682539682539683,0.6462891462891462,0.5422297297297297,0.8515339663988313,0.4577702702702703,0.14846603360116872,0.42567567567567566,0.14,0.7885027885027885
lstm,7,7,6,0.3,fixed horizon 50,194,58,136,0.9154611006609583,0.06349206349206349,0.32432432432432434,0.9365079365079365,0.6304161304161304,0.10166666666666668,0.7086486486486486,0.8983333333333333,0.2913513513513514,0.09,0.16,0.6233376233376234
lstm,7,7,6,0.3,fixed horizon 100,194,58,136,1.0837446281300307,0.06349206349206349,0.3783783783783784,0.9365079365079365,0.6574431574431574,0.35285714285714287,0.7551351351351352,0.6471428571428571,0.2448648648648648,0.4375,0.18,0.6482196482196482
lstm,7,7,6,0.3,fixed horizon 148,194,58,136,1.0218838885795825,0.07936507936507936,0.6216216216216216,0.9206349206349206,0.7711282711282711,0.5220329024676851,0.7028853177501826,0.4779670975323149,0.2971146822498174,0.46486486486486484,0.28,0.7885027885027885
lstm,7,7,7,0.01,fixed horizon 50,194,58,136,1.0124522432840424,0.0,0.05405405405405406,1.0,0.527027027027027,0.0,0.9459459459459459,1.0,0.05405405405405406,,0.02,0.6233376233376234
lstm,7,7,7,0.01,fixed horizon 100,194,58,136,1.0402477113588071,0.0,0.05405405405405406,1.0,0.527027027027027,0.0,0.9459459459459459,1.0,0.05405405405405406,,0.02,0.6482196482196482
lstm,7,7,7,0.01,fixed horizon 148,194,58,136,1.0440493766100103,0.0,0.08108108108108109,1.0,0.5405405405405406,0.25,0.9391891891891891,0.75,0.060810810810810856,,0.03,0.7885027885027885
lstm,7,7,7,0.025,fixed horizon 50,194,58,136,0.9463750906552152,0.0,0.05405405405405406,1.0,0.527027027027027,0.0,0.9459459459459459,1.0,0.05405405405405406,,0.02,0.6233376233376234
lstm,7,7,7,0.025,fixed horizon 100,194,58,136,1.033752296518605,0.0,0.05405405405405406,1.0,0.527027027027027,0.0,0.9459459459459459,1.0,0.05405405405405406,,0.02,0.6482196482196482
lstm,7,7,7,0.025,fixed horizon 148,194,58,136,1.0349242411244068,0.0,0.08108108108108109,1.0,0.5405405405405406,0.24774774774774774,0.9390065741417093,0.7522522522522522,0.060993425858290706,,0.03,0.7885027885027885
lstm,7,7,7,0.05,fixed horizon 50,194,58,136,1.0081241381478319,0.0,0.05405405405405406,1.0,0.527027027027027,0.0,0.9459459459459459,1.0,0.05405405405405406,,0.02,0.6233376233376234
lstm,7,7,7,0.05,fixed horizon 100,194,58,136,1.0324604277276417,0.0,0.05405405405405406,1.0,0.527027027027027,0.0,0.9459459459459459,1.0,0.05405405405405406,,0.02,0.6482196482196482
lstm,7,7,7,0.05,fixed horizon 148,194,58,136,1.0123668570606115,0.015873015873015872,0.10810810810810811,0.9841269841269841,0.546117546117546,0.4070945945945946,0.9359021183345508,0.5929054054054054,0.06409788166544916,0.75,0.05,0.7885027885027885
lstm,7,7,7,0.075,fixed horizon 50,194,58,136,1.1594629983399949,0.0,0.08108108108108109,1.0,0.5405405405405406,0.06,0.9237837837837838,0.94,0.07621621621621621,,0.03,0.6233376233376234
lstm,7,7,7,0.075,fixed horizon 100,194,58,136,1.0056933127029462,0.0,0.05405405405405406,1.0,0.527027027027027,0.0,0.9459459459459459,1.0,0.05405405405405406,,0.02,0.6482196482196482
lstm,7,7,7,0.075,fixed horizon 148,194,58,136,1.0355217816927191,0.031746031746031744,0.13513513513513514,0.9682539682539683,0.5516945516945517,0.322972972972973,0.9085098612125638,0.677027027027027,0.09149013878743617,0.43243243243243246,0.07,0.7885027885027885
lstm,7,7,7,0.1,fixed horizon 50,194,58,136,1.4009256351763826,0.015873015873015872,0.08108108108108109,0.9841269841269841,0.5326040326040326,0.24,0.9383783783783783,0.76,0.06162162162162166,0.72,0.04,0.6233376233376234
lstm,7,7,7,0.1,fixed horizon 100,194,58,136,1.2300090337173806,0.0,0.05405405405405406,1.0,0.527027027027027,0.0,0.9459459459459459,1.0,0.05405405405405406,,0.02,0.6482196482196482
lstm,7,7,7,0.1,fixed horizon 148,194,58,136,1.0559760323140996,0.031746031746031744,0.13513513513513514,0.9682539682539683,0.5516945516945517,0.31891891891891894,0.9079620160701243,0.681081081081081,0.09203798392987572,0.40878378378378377,0.07,0.7885027885027885
lstm,7,7,7,0.15,fixed horizon 50,194,58,136,1.2238537567837289,0.015873015873015872,0.16216216216216217,0.9841269841269841,0.5731445731445731,0.2366666666666667,0.8762162162162163,0.7633333333333333,0.12378378378378374,0.06,0.07,0.6233376233376234
lstm,7,7,7,0.15,fixed horizon 100,194,58,136,1.4713834582251175,0.015873015873015872,0.10810810810810811,0.9841269841269841,0.546117546117546,0.30000000000000004,0.9243243243243244,0.7,0.07567567567567557,0.38,0.05,0.6482196482196482
lstm,7,7,7,0.15,fixed horizon 148,194,58,136,1.4509283778574131,0.015873015873015872,0.13513513513513514,0.9841269841269841,0.5596310596310596,0.27837837837837837,0.9024835646457269,0.7216216216216216,0.09751643535427312,0.25,0.06,0.7885027885027885
lstm,7,7,7,0.2,fixed horizon 50,194,58,136,1.2839152541206982,0.015873015873015872,0.1891891891891892,0.9841269841269841,0.5866580866580866,0.2885714285714286,0.8654054054054053,0.7114285714285714,0.13459459459459466,0.06,0.08,0.6233376233376234
lstm,7,7,7,0.2,fixed horizon 100,194,58,136,1.6060430488460025,0.031746031746031744,0.24324324324324326,0.9682539682539683,0.6057486057486058,0.5155555555555555,0.8821621621621621,0.48444444444444446,0.11783783783783786,0.71,0.11,0.6482196482196482
lstm,7,7,7,0.2,fixed horizon 148,194,58,136,1.711622083490422,0.031746031746031744,0.2972972972972973,0.9682539682539683,0.6327756327756328,0.5294840294840294,0.8601168736303871,0.4705159705159706,0.13988312636961286,0.6216216216216216,0.13,0.7885027885027885
lstm,7,7,7,0.3,fixed horizon 50,194,58,136,1.1417414386567712,0.06349206349206349,0.32432432432432434,0.9365079365079365,0.6304161304161304,0.10666666666666669,0.7102702702702703,0.8933333333333333,0.28972972972972966,0.11,0.16,0.6233376233376234
lstm,7,7,7,0.3,fixed horizon 100,194,58,136,1.6595853521427286,0.047619047619047616,0.35135135135135137,0.9523809523809523,0.6518661518661518,0.4046153846153846,0.7908108108108108,0.5953846153846154,0.20918918918918916,0.66,0.16,0.6482196482196482
lstm,7,7,7,0.3,fixed horizon 148,194,58,136,1.5154463072467426,0.06349206349206349,0.5675675675675675,0.9365079365079365,0.752037752037752,0.5090090090090091,0.7213294375456537,0.49099099099099086,0.2786705624543463,0.4577702702702703,0.25,0.7885027885027885
lstm,7,7,8,0.01,fixed horizon 50,194,58,136,1.2249673653123194,0.0,0.05405405405405406,1.0,0.527027027027027,0.0,0.9459459459459459,1.0,0.05405405405405406,,0.02,0.6233376233376234
lstm,7,7,8,0.01,fixed horizon 100,194,58,136,1.2249673653123194,0.0,0.05405405405405406,1.0,0.527027027027027,0.0,0.9459459459459459,1.0,0.05405405405405406,,0.02,0.6482196482196482
lstm,7,7,8,0.01,fixed horizon 148,194,58,136,1.2249673653123194,0.0,0.05405405405405406,1.0,0.527027027027027,0.0,0.9459459459459459,1.0,0.05405405405405406,,0.02,0.7885027885027885
lstm,7,7,8,0.025,fixed horizon 50,194,58,136,1.1359691154786056,0.0,0.05405405405405406,1.0,0.527027027027027,0.0,0.9459459459459459,1.0,0.05405405405405406,,0.02,0.6233376233376234
lstm,7,7,8,0.025,fixed horizon 100,194,58,136,1.1359691154786056,0.0,0.05405405405405406,1.0,0.527027027027027,0.0,0.9459459459459459,1.0,0.05405405405405406,,0.02,0.6482196482196482
lstm,7,7,8,0.025,fixed horizon 148,194,58,136,1.1359691154786056,0.0,0.05405405405405406,1.0,0.527027027027027,0.0,0.9459459459459459,1.0,0.05405405405405406,,0.02,0.7885027885027885
lstm,7,7,8,0.05,fixed horizon 50,194,58,136,1.0703517912962521,0.0,0.05405405405405406,1.0,0.527027027027027,0.0,0.9459459459459459,1.0,0.05405405405405406,,0.02,0.6233376233376234
lstm,7,7,8,0.05,fixed horizon 100,194,58,136,1.1607829781078738,0.0,0.05405405405405406,1.0,0.527027027027027,0.0,0.9459459459459459,1.0,0.05405405405405406,,0.02,0.6482196482196482
lstm,7,7,8,0.05,fixed horizon 148,194,58,136,1.1607829781078738,0.0,0.05405405405405406,1.0,0.527027027027027,0.0,0.9459459459459459,1.0,0.05405405405405406,,0.02,0.7885027885027885
lstm,7,7,8,0.075,fixed horizon 50,194,58,136,1.1071830247117471,0.0,0.08108108108108109,1.0,0.5405405405405406,0.013333333333333334,0.9199999999999999,0.9866666666666667,0.08000000000000007,,0.03,0.6233376233376234
lstm,7,7,8,0.075,fixed horizon 100,194,58,136,1.2716085165443158,0.0,0.05405405405405406,1.0,0.527027027027027,0.0,0.9459459459459459,1.0,0.05405405405405406,,0.02,0.6482196482196482
lstm,7,7,8,0.075,fixed horizon 148,194,58,136,1.2716085165443158,0.0,0.05405405405405406,1.0,0.527027027027027,0.0,0.9459459459459459,1.0,0.05405405405405406,,0.02,0.7885027885027885
lstm,7,7,8,0.1,fixed horizon 50,194,58,136,1.2159136009574252,0.015873015873015872,0.08108108108108109,0.9841269841269841,0.5326040326040326,0.02,0.9205405405405406,0.98,0.07945945945945943,0.28,0.04,0.6233376233376234
lstm,7,7,8,0.1,fixed horizon 100,194,58,136,1.3676824315227656,0.015873015873015872,0.05405405405405406,0.9841269841269841,0.5190905190905191,0.0,0.9459459459459459,1.0,0.05405405405405406,0.73,0.03,0.6482196482196482
lstm,7,7,8,0.1,fixed horizon 148,194,58,136,1.2170012103219245,0.0,0.05405405405405406,1.0,0.527027027027027,0.0,0.9459459459459459,1.0,0.05405405405405406,,0.02,0.7885027885027885
lstm,7,7,8,0.15,fixed horizon 50,194,58,136,1.2003034853069958,0.015873015873015872,0.13513513513513514,0.9841269841269841,0.5596310596310596,0.26,0.8999999999999999,0.74,0.10000000000000009,0.28,0.06,0.6233376233376234
lstm,7,7,8,0.15,fixed horizon 100,194,58,136,1.354076345631368,0.015873015873015872,0.08108108108108109,0.9841269841269841,0.5326040326040326,0.03,0.9213513513513515,0.97,0.07864864864864851,0.35,0.04,0.6482196482196482
lstm,7,7,8,0.15,fixed horizon 148,194,58,136,1.3227652441239883,0.015873015873015872,0.13513513513513514,0.9841269841269841,0.5596310596310596,0.36486486486486486,0.9141709276844412,0.6351351351351351,0.08582907231555881,0.49324324324324326,0.06,0.7885027885027885
lstm,7,7,8,0.2,fixed horizon 50,194,58,136,0.988964901981245,0.015873015873015872,0.1891891891891892,0.9841269841269841,0.5866580866580866,0.14857142857142858,0.8389189189189189,0.8514285714285714,0.1610810810810811,0.06,0.08,0.6233376233376234
lstm,7,7,8,0.2,fixed horizon 100,194,58,136,1.2839421774365734,0.015873015873015872,0.1891891891891892,0.9841269841269841,0.5866580866580866,0.49714285714285716,0.904864864864865,0.5028571428571429,0.09513513513513505,0.15,0.08,0.6482196482196482
lstm,7,7,8,0.2,fixed horizon 148,194,58,136,1.3761430277750795,0.031746031746031744,0.32432432432432434,0.9682539682539683,0.6462891462891462,0.5163288288288289,0.8431336742147553,0.4836711711711711,0.15686632578524473,0.4763513513513513,0.14,0.7885027885027885
lstm,7,7,8,0.3,fixed horizon 50,194,58,136,1.0180132236659603,0.06349206349206349,0.2702702702702703,0.9365079365079365,0.6033891033891035,0.096,0.7556756756756756,0.904,0.24432432432432438,0.125,0.14,0.6233376233376234
lstm,7,7,8,0.3,fixed horizon 100,194,58,136,0.9864176528196609,0.09523809523809523,0.40540540540540543,0.9047619047619048,0.6550836550836551,0.33,0.7283783783783784,0.6699999999999999,0.2716216216216216,0.40166666666666667,0.21,0.6482196482196482
lstm,7,7,8,0.3,fixed horizon 148,194,58,136,1.0209881439394037,0.06349206349206349,0.5675675675675675,0.9365079365079365,0.752037752037752,0.5286357786357786,0.7324689554419284,0.4713642213642214,0.26753104455807164,0.49831081081081074,0.25,0.7885027885027885
lstm,7,7,9,0.01,fixed horizon 50,194,58,136,1.037023340135878,0.0,0.05405405405405406,1.0,0.527027027027027,0.0,0.9459459459459459,1.0,0.05405405405405406,,0.02,0.6233376233376234
lstm,7,7,9,0.01,fixed horizon 100,194,58,136,1.0573787411827558,0.0,0.05405405405405406,1.0,0.527027027027027,0.0,0.9459459459459459,1.0,0.05405405405405406,,0.02,0.6482196482196482
lstm,7,7,9,0.01,fixed horizon 148,194,58,136,1.075261052361603,0.0,0.08108108108108109,1.0,0.5405405405405406,0.2702702702702703,0.9408327246165082,0.7297297297297297,0.05916727538349176,,0.03,0.7885027885027885
lstm,7,7,9,0.025,fixed horizon 50,194,58,136,1.0133799850430858,0.0,0.05405405405405406,1.0,0.527027027027027,0.0,0.9459459459459459,1.0,0.05405405405405406,,0.02,0.6233376233376234
lstm,7,7,9,0.025,fixed horizon 100,194,58,136,1.02631122467793,0.0,0.05405405405405406,1.0,0.527027027027027,0.0,0.9459459459459459,1.0,0.05405405405405406,,0.02,0.6482196482196482
lstm,7,7,9,0.025,fixed horizon 148,194,58,136,1.0516603895040109,0.0,0.10810810810810811,1.0,0.5540540540540541,0.42229729729729726,0.93754565376187,0.5777027027027027,0.062454346238129954,,0.04,0.7885027885027885
lstm,7,7,9,0.05,fixed horizon 50,194,58,136,1.0989231628631149,0.0,0.08108108108108109,1.0,0.5405405405405406,0.18666666666666668,0.9340540540540541,0.8133333333333334,0.06594594594594594,,0.03,0.6233376233376234
lstm,7,7,9,0.05,fixed horizon 100,194,58,136,1.1011518058962197,0.0,0.08108108108108109,1.0,0.5405405405405406,0.09333333333333334,0.9264864864864866,0.9066666666666666,0.07351351351351343,,0.03,0.6482196482196482
lstm,7,7,9,0.05,fixed horizon 148,194,58,136,1.1011518058962197,0.0,0.08108108108108109,1.0,0.5405405405405406,0.06306306306306307,0.9240321402483566,0.9369369369369369,0.07596785975164344,,0.03,0.7885027885027885
lstm,7,7,9,0.075,fixed horizon 50,194,58,136,1.1285825844607245,0.0,0.08108108108108109,1.0,0.5405405405405406,0.013333333333333334,0.9199999999999999,0.9866666666666667,0.08000000000000007,,0.03,0.6233376233376234
lstm,7,7,9,0.075,fixed horizon 100,194,58,136,1.0788779569564484,0.0,0.08108108108108109,1.0,0.5405405405405406,0.09333333333333334,0.9264864864864866,0.9066666666666666,0.07351351351351343,,0.03,0.6482196482196482
lstm,7,7,9,0.075,fixed horizon 148,194,58,136,1.1154359697132488,0.015873015873015872,0.13513513513513514,0.9841269841269841,0.5596310596310596,0.5391891891891892,0.9377282688093498,0.46081081081081077,0.062271731190650215,0.918918918918919,0.06,0.7885027885027885
lstm,7,7,9,0.1,fixed horizon 50,194,58,136,1.3651446376458842,0.015873015873015872,0.08108108108108109,0.9841269841269841,0.5326040326040326,0.07333333333333333,0.9248648648648649,0.9266666666666666,0.07513513513513514,0.28,0.04,0.6233376233376234
lstm,7,7,9,0.1,fixed horizon 100,194,58,136,1.0880602498171776,0.0,0.08108108108108109,1.0,0.5405405405405406,0.09333333333333334,0.9264864864864866,0.9066666666666666,0.07351351351351343,,0.03,0.6482196482196482
lstm,7,7,9,0.1,fixed horizon 148,194,58,136,1.121097625137744,0.015873015873015872,0.13513513513513514,0.9841269841269841,0.5596310596310596,0.36081081081081084,0.9136230825420013,0.6391891891891892,0.08637691745799869,0.7432432432432432,0.06,0.7885027885027885
lstm,7,7,9,0.15,fixed horizon 50,194,58,136,1.2491554955938096,0.015873015873015872,0.08108108108108109,0.9841269841269841,0.5326040326040326,0.02,0.9205405405405406,0.98,0.07945945945945943,0.24,0.04,0.6233376233376234
lstm,7,7,9,0.15,fixed horizon 100,194,58,136,1.3665961766093464,0.015873015873015872,0.08108108108108109,0.9841269841269841,0.5326040326040326,0.03666666666666667,0.9218918918918919,0.9633333333333334,0.07810810810810809,0.13,0.04,0.6482196482196482
lstm,7,7,9,0.15,fixed horizon 148,194,58,136,1.3665961766093464,0.015873015873015872,0.13513513513513514,0.9841269841269841,0.5596310596310596,0.37567567567567567,0.9156318480642806,0.6243243243243244,0.08436815193571945,0.08783783783783784,0.06,0.7885027885027885
lstm,7,7,9,0.2,fixed horizon 50,194,58,136,1.143941941118006,0.015873015873015872,0.1891891891891892,0.9841269841269841,0.5866580866580866,0.18285714285714288,0.8454054054054053,0.8171428571428572,0.15459459459459468,0.06,0.08,0.6233376233376234
lstm,7,7,9,0.2,fixed horizon 100,194,58,136,1.6387950333969967,0.015873015873015872,0.1891891891891892,0.9841269841269841,0.5866580866580866,0.47714285714285715,0.901081081081081,0.5228571428571429,0.09891891891891902,0.56,0.08,0.6482196482196482
lstm,7,7,9,0.2,fixed horizon 148,194,58,136,1.2177794183919213,0.047619047619047616,0.40540540540540543,0.9523809523809523,0.6788931788931789,0.5243243243243243,0.8071585098612126,0.4756756756756757,0.19284149013878737,0.5765765765765766,0.18,0.7885027885027885
lstm,7,7,9,0.3,fixed horizon 50,194,58,136,1.0134384833600074,0.06349206349206349,0.32432432432432434,0.9365079365079365,0.6304161304161304,0.10166666666666668,0.7086486486486486,0.8983333333333333,0.2913513513513514,0.10500000000000001,0.16,0.6233376233376234
lstm,7,7,9,0.3,fixed horizon 100,194,58,136,1.2003335980773286,0.07936507936507936,0.40540540540540543,0.9206349206349206,0.663020163020163,0.3393333333333333,0.7321621621621621,0.6606666666666667,0.2678378378378379,0.406,0.2,0.6482196482196482
lstm,7,7,9,0.3,fixed horizon 148,194,58,136,1.3528486357696274,0.06349206349206349,0.5945945945945946,0.9365079365079365,0.7655512655512655,0.523034398034398,0.7163988312636962,0.476965601965602,0.2836011687363038,0.42736486486486486,0.26,0.7885027885027885
lstm,8,8,0,0.01,fixed horizon 50,196,58,138,1.240890764366657,0.0,0.02631578947368421,1.0,0.5131578947368421,0.0,0.9736842105263158,1.0,0.02631578947368418,,0.02,0.6206140350877193
lstm,8,8,0,0.01,fixed horizon 100,196,58,138,1.3253480891149967,0.0,0.02631578947368421,1.0,0.5131578947368421,0.0,0.9736842105263158,1.0,0.02631578947368418,,0.02,0.5921052631578947
lstm,8,8,0,0.01,fixed horizon 148,196,58,138,1.6095846233208044,0.041666666666666664,0.09210526315789473,0.9583333333333334,0.5252192982456141,0.8513513513513511,0.9863086770981507,0.1486486486486489,0.013691322901849268,0.8513513513513513,0.08,0.5729166666666666
lstm,8,8,0,0.025,fixed horizon 50,196,58,138,1.14389527525931,0.0,0.05263157894736842,1.0,0.5263157894736842,0.105,0.9528947368421052,0.895,0.04710526315789476,,0.04,0.6206140350877193
lstm,8,8,0,0.025,fixed horizon 100,196,58,138,1.2015947579009874,0.0,0.039473684210526314,1.0,0.5197368421052632,0.0,0.9605263157894737,1.0,0.03947368421052633,,0.03,0.5921052631578947
lstm,8,8,0,0.025,fixed horizon 148,196,58,138,1.5708628875975859,0.041666666666666664,0.10526315789473684,0.9583333333333334,0.5317982456140351,0.8454391891891893,0.9837304409672831,0.15456081081081074,0.016269559032716874,0.8513513513513513,0.09,0.5729166666666666
lstm,8,8,0,0.05,fixed horizon 50,196,58,138,1.2839300286613837,0.0,0.02631578947368421,1.0,0.5131578947368421,0.0,0.9736842105263158,1.0,0.02631578947368418,,0.02,0.6206140350877193
lstm,8,8,0,0.05,fixed horizon 100,196,58,138,1.1542607445772473,0.08333333333333333,0.13157894736842105,0.9166666666666666,0.5241228070175439,0.6,0.9473684210526315,0.4,0.052631578947368474,0.73,0.12,0.5921052631578947
lstm,8,8,0,0.05,fixed horizon 148,196,58,138,1.4448224210199414,0.16666666666666666,0.27631578947368424,0.8333333333333334,0.5548245614035088,0.7831402831402832,0.9400782361308676,0.21685971685971683,0.059921763869132394,0.8260135135135135,0.25,0.5729166666666666
lstm,8,8,0,0.075,fixed horizon 50,196,58,138,1.2688668972911856,0.041666666666666664,0.05263157894736842,0.9583333333333334,0.5054824561403509,0.08,0.951578947368421,0.92,0.04842105263157903,0.3,0.05,0.6206140350877193
lstm,8,8,0,0.075,fixed horizon 100,196,58,138,1.2729655680307164,0.08333333333333333,0.14473684210526316,0.9166666666666666,0.5307017543859649,0.7090909090909091,0.9578947368421052,0.2909090909090909,0.04210526315789476,0.8300000000000001,0.13,0.5921052631578947
lstm,8,8,0,0.075,fixed horizon 148,196,58,138,3.768250854525733,0.16666666666666666,0.3815789473684211,0.8333333333333334,0.6074561403508772,0.9464119291705498,0.9795519203413939,0.05358807082945016,0.020448079658606066,0.9493243243243243,0.33,0.5729166666666666
lstm,8,8,0,0.1,fixed horizon 50,196,58,138,1.234631254044022,0.08333333333333333,0.09210526315789473,0.9166666666666666,0.5043859649122807,0.11142857142857143,0.9181578947368422,0.8885714285714286,0.08184210526315783,0.25,0.09,0.6206140350877193
lstm,8,8,0,0.1,fixed horizon 100,196,58,138,1.379004217520417,0.08333333333333333,0.27631578947368424,0.9166666666666666,0.5964912280701754,0.8104761904761906,0.9476315789473686,0.18952380952380943,0.0523684210526314,0.5900000000000001,0.23,0.5921052631578947
lstm,8,8,0,0.1,fixed horizon 148,196,58,138,3.113761053678534,0.375,0.4605263157894737,0.625,0.5427631578947368,0.9268339768339767,0.9663051209103841,0.07316602316602328,0.03369487908961588,0.9436936936936937,0.44,0.5729166666666666
lstm,8,8,0,0.15,fixed horizon 50,196,58,138,1.0637697461496918,0.16666666666666666,0.18421052631578946,0.8333333333333334,0.5087719298245614,0.10285714285714284,0.8347368421052631,0.8971428571428571,0.1652631578947369,0.09,0.18,0.6206140350877193
lstm,8,8,0,0.15,fixed horizon 100,196,58,138,1.385401024770165,0.25,0.3815789473684211,0.75,0.5657894736842105,0.733103448275862,0.8981578947368422,0.26689655172413795,0.10184210526315784,0.7966666666666665,0.35,0.5921052631578947
lstm,8,8,0,0.15,fixed horizon 148,196,58,138,1.7922963673527892,0.5833333333333334,0.7105263157894737,0.4166666666666667,0.5635964912280702,0.7905405405405406,0.8511735419630156,0.20945945945945943,0.14882645803698435,0.8209459459459459,0.68,0.5729166666666666
lstm,8,8,0,0.2,fixed horizon 50,196,58,138,1.157810658974515,0.20833333333333334,0.18421052631578946,0.7916666666666666,0.48793859649122806,0.07428571428571429,0.8294736842105263,0.9257142857142857,0.17052631578947375,0.27999999999999997,0.19,0.6206140350877193
lstm,8,8,0,0.2,fixed horizon 100,196,58,138,1.3446241334631208,0.375,0.39473684210526316,0.625,0.5098684210526316,0.6229999999999999,0.8511842105263158,0.3770000000000001,0.14881578947368423,0.6355555555555555,0.39,0.5921052631578947
lstm,8,8,0,0.2,fixed horizon 148,196,58,138,1.6704743173550858,0.625,0.75,0.375,0.5625,0.7341156946420103,0.8005867709815079,0.2658843053579897,0.19941322901849212,0.713063063063063,0.72,0.5729166666666666
lstm,8,8,0,0.3,fixed horizon 50,196,58,138,0.8670762034154362,0.25,0.5263157894736842,0.75,0.638157894736842,0.22799999999999998,0.5936842105263157,0.772,0.4063157894736843,0.08666666666666667,0.46,0.6206140350877193
lstm,8,8,0,0.3,fixed horizon 100,196,58,138,1.4843339974636955,0.7083333333333334,0.6842105263157895,0.2916666666666667,0.48793859649122806,0.5149999999999999,0.6681578947368422,0.4850000000000001,0.3318421052631578,0.6582352941176471,0.69,0.5921052631578947
lstm,8,8,0,0.3,fixed horizon 148,196,58,138,1.7960606393496732,0.8333333333333334,0.8421052631578947,0.16666666666666666,0.5043859649122807,0.6182432432432432,0.678520625889047,0.3817567567567568,0.32147937411095295,0.6783783783783783,0.84,0.5729166666666666
lstm,8,8,1,0.01,fixed horizon 50,196,58,138,1.0326156261211634,0.0,0.039473684210526314,1.0,0.5197368421052632,0.0,0.9605263157894737,1.0,0.03947368421052633,,0.03,0.6206140350877193
lstm,8,8,1,0.01,fixed horizon 100,196,58,138,1.0593624807085606,0.0,0.039473684210526314,1.0,0.5197368421052632,0.0,0.9605263157894737,1.0,0.03947368421052633,,0.03,0.5921052631578947
lstm,8,8,1,0.01,fixed horizon 148,196,58,138,1.072462045010971,0.0,0.10526315789473684,1.0,0.5526315789473684,0.4763513513513513,0.9448790896159317,0.5236486486486487,0.0551209103840683,,0.08,0.5729166666666666
lstm,8,8,1,0.025,fixed horizon 50,196,58,138,0.9200132555848562,0.041666666666666664,0.06578947368421052,0.9583333333333334,0.5120614035087719,0.06799999999999999,0.9386842105263158,0.932,0.06131578947368421,0.0,0.06,0.6206140350877193
lstm,8,8,1,0.025,fixed horizon 100,196,58,138,1.0369643255272771,0.0,0.039473684210526314,1.0,0.5197368421052632,0.0,0.9605263157894737,1.0,0.03947368421052633,,0.03,0.5921052631578947
lstm,8,8,1,0.025,fixed horizon 148,196,58,138,1.0585103314539055,0.041666666666666664,0.13157894736842105,0.9583333333333334,0.5449561403508772,0.529054054054054,0.9380334281650072,0.47094594594594597,0.06196657183499277,0.75,0.11,0.5729166666666666
lstm,8,8,1,0.05,fixed horizon 50,196,58,138,0.9847516413992562,0.125,0.07894736842105263,0.875,0.4769736842105263,0.006666666666666667,0.9215789473684209,0.9933333333333333,0.07842105263157906,0.10666666666666667,0.09,0.6206140350877193
lstm,8,8,1,0.05,fixed horizon 100,196,58,138,1.0357549125337184,0.08333333333333333,0.06578947368421052,0.9166666666666666,0.49122807017543857,0.008,0.9347368421052631,0.992,0.06526315789473691,0.005,0.07,0.5921052631578947
lstm,8,8,1,0.05,fixed horizon 148,196,58,138,1.061970672746509,0.08333333333333333,0.23684210526315788,0.9166666666666666,0.5767543859649122,0.6456456456456455,0.9160739687055476,0.3543543543543545,0.08392603129445242,0.7736486486486487,0.2,0.5729166666666666
lstm,8,8,1,0.075,fixed horizon 50,196,58,138,0.9425442867390085,0.125,0.07894736842105263,0.875,0.4769736842105263,0.0033333333333333335,0.9213157894736842,0.9966666666666667,0.0786842105263158,0.10000000000000002,0.09,0.6206140350877193
lstm,8,8,1,0.075,fixed horizon 100,196,58,138,1.1333668008173017,0.125,0.15789473684210525,0.875,0.5164473684210527,0.5541666666666667,0.9296052631578948,0.4458333333333333,0.07039473684210518,0.52,0.15,0.5921052631578947
lstm,8,8,1,0.075,fixed horizon 148,196,58,138,1.2191044746776771,0.16666666666666666,0.27631578947368424,0.8333333333333334,0.5548245614035088,0.6496138996138996,0.9031827880512092,0.3503861003861004,0.09681721194879078,0.8361486486486487,0.25,0.5729166666666666
lstm,8,8,1,0.1,fixed horizon 50,196,58,138,0.913074310632822,0.125,0.10526315789473684,0.875,0.4901315789473684,0.045,0.8994736842105263,0.955,0.10052631578947369,0.08,0.11,0.6206140350877193
lstm,8,8,1,0.1,fixed horizon 100,196,58,138,1.1110746954510111,0.125,0.18421052631578946,0.875,0.5296052631578947,0.5321428571428571,0.913815789473684,0.46785714285714286,0.08618421052631597,0.5166666666666667,0.17,0.5921052631578947
lstm,8,8,1,0.1,fixed horizon 148,196,58,138,1.1807654668862502,0.20833333333333334,0.3026315789473684,0.7916666666666666,0.5471491228070176,0.6248531139835488,0.886468705547653,0.3751468860164512,0.113531294452347,0.5864864864864864,0.28,0.5729166666666666
lstm,8,8,1,0.15,fixed horizon 50,196,58,138,0.982274911953838,0.16666666666666666,0.10526315789473684,0.8333333333333334,0.4692982456140351,0.060000000000000005,0.9010526315789472,0.94,0.09894736842105278,0.26,0.12,0.6206140350877193
lstm,8,8,1,0.15,fixed horizon 100,196,58,138,1.0618403049346938,0.16666666666666666,0.2236842105263158,0.8333333333333334,0.5285087719298246,0.536470588235294,0.8963157894736843,0.46352941176470597,0.10368421052631571,0.3175,0.21,0.5921052631578947
lstm,8,8,1,0.15,fixed horizon 148,196,58,138,2.173923901175503,0.7083333333333334,0.7105263157894737,0.2916666666666667,0.5010964912280702,0.7986736736736736,0.8569523470839261,0.2013263263263264,0.1430476529160739,0.8020667726550078,0.71,0.5729166666666666
lstm,8,8,1,0.2,fixed horizon 50,196,58,138,1.0811251103655979,0.16666666666666666,0.21052631578947367,0.8333333333333334,0.5219298245614035,0.09875,0.8102631578947368,0.90125,0.1897368421052632,0.065,0.2,0.6206140350877193
lstm,8,8,1,0.2,fixed horizon 100,196,58,138,1.09570679209115,0.4166666666666667,0.3815789473684211,0.5833333333333334,0.48245614035087725,0.5851724137931034,0.8417105263157895,0.41482758620689664,0.15828947368421054,0.555,0.39,0.5921052631578947
lstm,8,8,1,0.2,fixed horizon 148,196,58,138,1.9576496386173885,0.7916666666666666,0.8157894736842105,0.20833333333333334,0.5120614035087719,0.7681996512641674,0.8108997155049787,0.23180034873583255,0.18910028449502125,0.7574679943100996,0.81,0.5729166666666666
lstm,8,8,1,0.3,fixed horizon 50,196,58,138,0.8137485358202097,0.25,0.4868421052631579,0.75,0.618421052631579,0.21297297297297296,0.6168421052631579,0.787027027027027,0.38315789473684214,0.07,0.43,0.6206140350877193
lstm,8,8,1,0.3,fixed horizon 100,196,58,138,1.250566023888015,0.6666666666666666,0.618421052631579,0.3333333333333333,0.4758771929824561,0.5757446808510638,0.7376315789473683,0.4242553191489362,0.2623684210526317,0.635625,0.63,0.5921052631578947
lstm,8,8,1,0.3,fixed horizon 148,196,58,138,1.7607442837427476,0.8333333333333334,0.868421052631579,0.16666666666666666,0.5175438596491229,0.6132268632268633,0.664118065433855,0.38677313677313674,0.335881934566145,0.6466216216216216,0.86,0.5729166666666666
lstm,8,8,2,0.01,fixed horizon 50,196,58,138,1.144877722071691,0.0,0.039473684210526314,1.0,0.5197368421052632,0.0,0.9605263157894737,1.0,0.03947368421052633,,0.03,0.6206140350877193
lstm,8,8,2,0.01,fixed horizon 100,196,58,138,1.1910572690560908,0.0,0.039473684210526314,1.0,0.5197368421052632,0.32,0.9731578947368422,0.6799999999999999,0.02684210526315778,,0.03,0.5921052631578947
lstm,8,8,2,0.01,fixed horizon 148,196,58,138,1.3740477366157868,0.041666666666666664,0.13157894736842105,0.9583333333333334,0.5449561403508772,0.675,0.9572368421052632,0.32499999999999996,0.042763157894736836,0.8445945945945946,0.11,0.5729166666666666
lstm,8,8,2,0.025,fixed horizon 50,196,58,138,1.0327927032793471,0.041666666666666664,0.039473684210526314,0.9583333333333334,0.49890350877192985,0.0,0.9605263157894737,1.0,0.03947368421052633,0.0,0.04,0.6206140350877193
lstm,8,8,2,0.025,fixed horizon 100,196,58,138,1.1662474866027281,0.0,0.05263157894736842,1.0,0.5263157894736842,0.245,0.9602631578947369,0.755,0.03973684210526307,,0.04,0.5921052631578947
lstm,8,8,2,0.025,fixed horizon 148,196,58,138,1.3418565936653117,0.041666666666666664,0.15789473684210525,0.9583333333333334,0.5581140350877193,0.6998873873873874,0.9526137980085349,0.3001126126126126,0.04738620199146515,0.8445945945945946,0.13,0.5729166666666666
lstm,8,8,2,0.05,fixed horizon 50,196,58,138,1.117167016329802,0.0,0.06578947368421052,1.0,0.5328947368421053,0.06000000000000001,0.9381578947368421,0.94,0.06184210526315792,,0.05,0.6206140350877193
lstm,8,8,2,0.05,fixed horizon 100,196,58,138,1.2333684266537008,0.0,0.07894736842105263,1.0,0.5394736842105263,0.65,0.9723684210526317,0.35,0.02763157894736834,,0.06,0.5921052631578947
lstm,8,8,2,0.05,fixed horizon 148,196,58,138,1.4192577878115429,0.16666666666666666,0.32894736842105265,0.8333333333333334,0.5811403508771931,0.79,0.930921052631579,0.20999999999999996,0.06907894736842102,0.8665540540540541,0.29,0.5729166666666666
lstm,8,8,2,0.075,fixed horizon 50,196,58,138,1.0462765543089687,0.125,0.07894736842105263,0.875,0.4769736842105263,0.15666666666666665,0.9334210526315789,0.8433333333333334,0.06657894736842107,0.4066666666666667,0.09,0.6206140350877193
lstm,8,8,2,0.075,fixed horizon 100,196,58,138,1.1759874653104974,0.08333333333333333,0.21052631578947367,0.9166666666666666,0.5635964912280702,0.77,0.9515789473684212,0.22999999999999998,0.04842105263157881,0.8500000000000001,0.18,0.5921052631578947
lstm,8,8,2,0.075,fixed horizon 148,196,58,138,1.4036684707926343,0.25,0.34210526315789475,0.75,0.5460526315789473,0.6977650727650728,0.896603840682788,0.3022349272349272,0.10339615931721202,0.8119369369369368,0.32,0.5729166666666666
lstm,8,8,2,0.1,fixed horizon 50,196,58,138,1.0125753867444172,0.16666666666666666,0.11842105263157894,0.8333333333333334,0.4758771929824562,0.08222222222222222,0.8913157894736842,0.9177777777777778,0.10868421052631583,0.12000000000000001,0.13,0.6206140350877193
lstm,8,8,2,0.1,fixed horizon 100,196,58,138,1.2972629161884108,0.08333333333333333,0.3026315789473684,0.9166666666666666,0.6096491228070176,0.8478260869565217,0.9539473684210527,0.15217391304347827,0.046052631578947345,0.88,0.25,0.5921052631578947
lstm,8,8,2,0.1,fixed horizon 148,196,58,138,1.2830166587862686,0.4166666666666667,0.3684210526315789,0.5833333333333334,0.4758771929824561,0.6703667953667952,0.8785561877667142,0.3296332046332048,0.12144381223328582,0.7972972972972974,0.38,0.5729166666666666
lstm,8,8,2,0.15,fixed horizon 50,196,58,138,1.181939538027661,0.08333333333333333,0.17105263157894737,0.9166666666666666,0.543859649122807,0.21076923076923076,0.8649999999999999,0.7892307692307692,0.13500000000000012,0.23,0.15,0.6206140350877193
lstm,8,8,2,0.15,fixed horizon 100,196,58,138,1.4335524011786696,0.25,0.3815789473684211,0.75,0.5657894736842105,0.6896551724137931,0.881578947368421,0.31034482758620685,0.11842105263157898,0.8083333333333332,0.35,0.5921052631578947
lstm,8,8,2,0.15,fixed horizon 148,196,58,138,1.4025779646442742,0.3333333333333333,0.40789473684210525,0.6666666666666666,0.5372807017543859,0.5749782040104622,0.8266358463726885,0.4250217959895378,0.1733641536273115,0.7297297297297298,0.39,0.5729166666666666
lstm,8,8,2,0.2,fixed horizon 50,196,58,138,1.2489398211609486,0.125,0.21052631578947367,0.875,0.5427631578947368,0.21875,0.8355263157894737,0.78125,0.16447368421052633,0.16666666666666666,0.19,0.6206140350877193
lstm,8,8,2,0.2,fixed horizon 100,196,58,138,1.7295456225401449,0.16666666666666666,0.3157894736842105,0.8333333333333334,0.5745614035087719,0.6575000000000001,0.8918421052631579,0.3424999999999999,0.10815789473684212,0.475,0.28,0.5921052631578947
lstm,8,8,2,0.2,fixed horizon 148,196,58,138,1.8567392374823244,0.5833333333333334,0.75,0.4166666666666667,0.5833333333333334,0.72724039829303,0.7954302987197724,0.27275960170697,0.20456970128022756,0.8209459459459459,0.71,0.5729166666666666
lstm,8,8,2,0.3,fixed horizon 50,196,58,138,0.7822226840519032,0.2916666666666667,0.5789473684210527,0.7083333333333334,0.6436403508771931,0.2940909090909091,0.5913157894736841,0.7059090909090908,0.40868421052631587,0.16571428571428573,0.51,0.6206140350877193
lstm,8,8,2,0.3,fixed horizon 100,196,58,138,1.9759570411212655,0.625,0.6052631578947368,0.375,0.4901315789473684,0.672391304347826,0.8017105263157894,0.327608695652174,0.19828947368421057,0.7446666666666667,0.61,0.5921052631578947
lstm,8,8,2,0.3,fixed horizon 148,196,58,138,2.1877782809220094,0.7916666666666666,0.8947368421052632,0.20833333333333334,0.5515350877192983,0.6037360890302067,0.645448079658606,0.3962639109697933,0.35455192034139404,0.5718349928876245,0.87,0.5729166666666666
lstm,8,8,3,0.01,fixed horizon 50,196,58,138,1.1418221423288253,0.0,0.039473684210526314,1.0,0.5197368421052632,0.0,0.9605263157894737,1.0,0.03947368421052633,,0.03,0.6206140350877193
lstm,8,8,3,0.01,fixed horizon 100,196,58,138,1.1418221423288253,0.0,0.039473684210526314,1.0,0.5197368421052632,0.0,0.9605263157894737,1.0,0.03947368421052633,,0.03,0.5921052631578947
lstm,8,8,3,0.01,fixed horizon 148,196,58,138,1.1418221423288253,0.0,0.039473684210526314,1.0,0.5197368421052632,0.0,0.9605263157894737,1.0,0.03947368421052633,,0.03,0.5729166666666666
lstm,8,8,3,0.025,fixed horizon 50,196,58,138,1.031812604061859,0.041666666666666664,0.039473684210526314,0.9583333333333334,0.49890350877192985,0.0,0.9605263157894737,1.0,0.03947368421052633,0.0,0.04,0.6206140350877193
lstm,8,8,3,0.025,fixed horizon 100,196,58,138,1.031812604061859,0.041666666666666664,0.039473684210526314,0.9583333333333334,0.49890350877192985,0.0,0.9605263157894737,1.0,0.03947368421052633,0.0,0.04,0.5921052631578947
lstm,8,8,3,0.025,fixed horizon 148,196,58,138,1.0567387936855648,0.041666666666666664,0.13157894736842105,0.9583333333333334,0.5449561403508772,0.5844594594594594,0.945323613086771,0.41554054054054057,0.05467638691322896,0.0,0.11,0.5729166666666666
lstm,8,8,3,0.05,fixed horizon 50,196,58,138,1.1136181502241154,0.041666666666666664,0.07894736842105263,0.9583333333333334,0.518640350877193,0.01,0.9218421052631579,0.99,0.07815789473684209,0.02,0.07,0.6206140350877193
lstm,8,8,3,0.05,fixed horizon 100,196,58,138,1.123588421899707,0.041666666666666664,0.07894736842105263,0.9583333333333334,0.518640350877193,0.005,0.9214473684210527,0.995,0.07855263157894732,0.01,0.07,0.5921052631578947
lstm,8,8,3,0.05,fixed horizon 148,196,58,138,1.0134879537055763,0.16666666666666666,0.21052631578947367,0.8333333333333334,0.5219298245614035,0.6452702702702703,0.9253200568990042,0.3547297297297297,0.0746799431009958,0.6351351351351351,0.2,0.5729166666666666
lstm,8,8,3,0.075,fixed horizon 50,196,58,138,1.2148420695011728,0.041666666666666664,0.06578947368421052,0.9583333333333334,0.5120614035087719,0.024,0.9357894736842106,0.976,0.06421052631578938,0.62,0.06,0.6206140350877193
lstm,8,8,3,0.075,fixed horizon 100,196,58,138,1.1452604936747095,0.125,0.10526315789473684,0.875,0.4901315789473684,0.24375,0.9203947368421053,0.75625,0.07960526315789473,0.41333333333333333,0.11,0.5921052631578947
lstm,8,8,3,0.075,fixed horizon 148,196,58,138,1.1387429578048747,0.5416666666666666,0.4473684210526316,0.4583333333333333,0.45285087719298245,0.7579491255961845,0.8917140825035562,0.24205087440381545,0.10828591749644378,0.8513513513513514,0.47,0.5729166666666666
lstm,8,8,3,0.1,fixed horizon 50,196,58,138,1.2331128701873846,0.125,0.10526315789473684,0.875,0.4901315789473684,0.1075,0.9060526315789473,0.8925,0.09394736842105267,0.2333333333333333,0.11,0.6206140350877193
lstm,8,8,3,0.1,fixed horizon 100,196,58,138,1.0977044572948484,0.16666666666666666,0.2236842105263158,0.8333333333333334,0.5285087719298246,0.5229411764705881,0.8932894736842105,0.47705882352941187,0.10671052631578948,0.3025,0.21,0.5921052631578947
lstm,8,8,3,0.1,fixed horizon 148,196,58,138,1.2451949431403153,0.5416666666666666,0.39473684210526316,0.4583333333333333,0.42653508771929827,0.6950450450450452,0.8796230440967283,0.30495495495495484,0.12037695590327169,0.7957380457380457,0.43,0.5729166666666666
lstm,8,8,3,0.15,fixed horizon 50,196,58,138,1.125218435059424,0.16666666666666666,0.15789473684210525,0.8333333333333334,0.4956140350877193,0.12499999999999999,0.8618421052631579,0.875,0.13815789473684215,0.16,0.16,0.6206140350877193
lstm,8,8,3,0.15,fixed horizon 100,196,58,138,1.2338694560025576,0.25,0.34210526315789475,0.75,0.5460526315789473,0.67,0.8871052631578947,0.32999999999999996,0.11289473684210527,0.6683333333333333,0.32,0.5921052631578947
lstm,8,8,3,0.15,fixed horizon 148,196,58,138,1.199153297888444,0.5833333333333334,0.5394736842105263,0.4166666666666667,0.47807017543859653,0.6498022412656558,0.8110775248933144,0.3501977587343442,0.18892247510668558,0.7162162162162161,0.55,0.5729166666666666
lstm,8,8,3,0.2,fixed horizon 50,196,58,138,0.9685153541311786,0.20833333333333334,0.25,0.7916666666666666,0.5208333333333333,0.18526315789473685,0.7963157894736842,0.8147368421052632,0.2036842105263158,0.26399999999999996,0.24,0.6206140350877193
lstm,8,8,3,0.2,fixed horizon 100,196,58,138,1.217161836660883,0.2916666666666667,0.3684210526315789,0.7083333333333334,0.5383771929824561,0.5482142857142857,0.8335526315789474,0.45178571428571435,0.16644736842105257,0.5057142857142857,0.35,0.5921052631578947
lstm,8,8,3,0.2,fixed horizon 148,196,58,138,1.1910108628253733,0.625,0.5526315789473685,0.375,0.46381578947368424,0.554054054054054,0.7535561877667141,0.44594594594594605,0.24644381223328593,0.5810810810810811,0.57,0.5729166666666666
lstm,8,8,3,0.3,fixed horizon 50,196,58,138,0.8619071408642941,0.2916666666666667,0.5526315789473685,0.7083333333333334,0.6304824561403509,0.31714285714285717,0.6226315789473683,0.6828571428571428,0.3773684210526317,0.16571428571428573,0.49,0.6206140350877193
lstm,8,8,3,0.3,fixed horizon 100,196,58,138,1.053306560252729,0.75,0.7368421052631579,0.25,0.4934210526315789,0.5371428571428571,0.6589473684210526,0.46285714285714286,0.3410526315789474,0.6366666666666667,0.74,0.5921052631578947
lstm,8,8,3,0.3,fixed horizon 148,196,58,138,1.0812367503941107,0.7916666666666666,0.868421052631579,0.20833333333333334,0.5383771929824561,0.49733824733824733,0.5634779516358464,0.5026617526617527,0.43652204836415365,0.4868421052631579,0.85,0.5729166666666666
lstm,8,8,4,0.01,fixed horizon 50,196,58,138,1.0883889474156863,0.0,0.039473684210526314,1.0,0.5197368421052632,0.0,0.9605263157894737,1.0,0.03947368421052633,,0.03,0.6206140350877193
lstm,8,8,4,0.01,fixed horizon 100,196,58,138,1.0883889474156863,0.0,0.039473684210526314,1.0,0.5197368421052632,0.0,0.9605263157894737,1.0,0.03947368421052633,,0.03,0.5921052631578947
lstm,8,8,4,0.01,fixed horizon 148,196,58,138,1.0883889474156863,0.0,0.039473684210526314,1.0,0.5197368421052632,0.0,0.9605263157894737,1.0,0.03947368421052633,,0.03,0.5729166666666666
lstm,8,8,4,0.025,fixed horizon 50,196,58,138,0.967519807364728,0.041666666666666664,0.06578947368421052,0.9583333333333334,0.5120614035087719,0.048,0.9373684210526315,0.952,0.06263157894736848,0.0,0.06,0.6206140350877193
lstm,8,8,4,0.025,fixed horizon 100,196,58,138,0.9987511189965506,0.041666666666666664,0.07894736842105263,0.9583333333333334,0.518640350877193,0.18833333333333332,0.9359210526315789,0.8116666666666666,0.06407894736842112,0.0,0.07,0.5921052631578947
lstm,8,8,4,0.025,fixed horizon 148,196,58,138,1.0179322201532963,0.0,0.14473684210526316,1.0,0.5723684210526316,0.5743243243243243,0.9383890469416785,0.42567567567567566,0.06161095305832154,,0.11,0.5729166666666666
lstm,8,8,4,0.05,fixed horizon 50,196,58,138,0.9994704081405205,0.041666666666666664,0.06578947368421052,0.9583333333333334,0.5120614035087719,0.04,0.9368421052631579,0.96,0.06315789473684208,0.0,0.06,0.6206140350877193
lstm,8,8,4,0.05,fixed horizon 100,196,58,138,1.0082034237308317,0.041666666666666664,0.06578947368421052,0.9583333333333334,0.5120614035087719,0.024,0.9357894736842106,0.976,0.06421052631578938,0.0,0.06,0.5921052631578947
lstm,8,8,4,0.05,fixed horizon 148,196,58,138,0.9754496250351798,0.125,0.2631578947368421,0.875,0.569078947368421,0.5378378378378378,0.8783783783783784,0.4621621621621622,0.1216216216216216,0.40990990990990994,0.23,0.5729166666666666
lstm,8,8,4,0.075,fixed horizon 50,196,58,138,1.3374866875915663,0.08333333333333333,0.09210526315789473,0.9166666666666666,0.5043859649122807,0.022857142857142857,0.9099999999999999,0.9771428571428571,0.09000000000000008,0.2,0.09,0.6206140350877193
lstm,8,8,4,0.075,fixed horizon 100,196,58,138,0.9823567459209724,0.16666666666666666,0.14473684210526316,0.8333333333333334,0.48903508771929827,0.5109090909090909,0.9292105263157895,0.48909090909090913,0.07078947368421051,0.48749999999999993,0.15,0.5921052631578947
lstm,8,8,4,0.075,fixed horizon 148,196,58,138,1.0083356451408685,0.25,0.35526315789473684,0.75,0.5526315789473684,0.6611611611611612,0.8796230440967283,0.3388388388388388,0.12037695590327169,0.6959459459459459,0.33,0.5729166666666666
lstm,8,8,4,0.1,fixed horizon 50,196,58,138,1.4668641934123987,0.08333333333333333,0.07894736842105263,0.9166666666666666,0.49780701754385964,0.11333333333333334,0.93,0.8866666666666667,0.06999999999999995,0.25,0.08,0.6206140350877193
lstm,8,8,4,0.1,fixed horizon 100,196,58,138,1.0106293544709737,0.125,0.2236842105263158,0.875,0.5493421052631579,0.571764705882353,0.9042105263157895,0.42823529411764705,0.09578947368421054,0.3933333333333333,0.2,0.5921052631578947
lstm,8,8,4,0.1,fixed horizon 148,196,58,138,0.9921278663273301,0.3333333333333333,0.3684210526315789,0.6666666666666666,0.5175438596491228,0.6406853281853282,0.8676209103840683,0.3593146718146718,0.1323790896159317,0.6072635135135135,0.36,0.5729166666666666
lstm,8,8,4,0.15,fixed horizon 50,196,58,138,1.1984366809920768,0.16666666666666666,0.14473684210526316,0.8333333333333334,0.48903508771929827,0.09636363636363637,0.8692105263157895,0.9036363636363636,0.13078947368421046,0.15999999999999998,0.15,0.6206140350877193
lstm,8,8,4,0.15,fixed horizon 100,196,58,138,1.1984366809920768,0.20833333333333334,0.19736842105263158,0.7916666666666666,0.4945175438596491,0.3206666666666667,0.8659210526315789,0.6793333333333333,0.13407894736842108,0.22000000000000003,0.2,0.5921052631578947
lstm,8,8,4,0.15,fixed horizon 148,196,58,138,1.1996226130703527,0.3333333333333333,0.3684210526315789,0.6666666666666666,0.5175438596491228,0.4633204633204633,0.8022759601706969,0.5366795366795367,0.1977240398293031,0.4400337837837838,0.36,0.5729166666666666
lstm,8,8,4,0.2,fixed horizon 50,196,58,138,1.2013597724751395,0.16666666666666666,0.2236842105263158,0.8333333333333334,0.5285087719298246,0.18117647058823527,0.8168421052631579,0.8188235294117647,0.18315789473684208,0.10500000000000001,0.21,0.6206140350877193
lstm,8,8,4,0.2,fixed horizon 100,196,58,138,1.4040549107972482,0.20833333333333334,0.32894736842105265,0.7916666666666666,0.5603070175438596,0.5611999999999999,0.8556578947368422,0.4388000000000001,0.14434210526315783,0.382,0.3,0.5921052631578947
lstm,8,8,4,0.2,fixed horizon 148,196,58,138,1.1882925126558121,0.625,0.5131578947368421,0.375,0.4440789473684211,0.5415800415800416,0.7647581792318634,0.4584199584199584,0.2352418207681366,0.5927927927927928,0.54,0.5729166666666666
lstm,8,8,4,0.3,fixed horizon 50,196,58,138,0.6804402369555441,0.2916666666666667,0.5921052631578947,0.7083333333333334,0.6502192982456141,0.18133333333333335,0.5152631578947369,0.8186666666666667,0.48473684210526313,0.07142857142857142,0.52,0.6206140350877193
lstm,8,8,4,0.3,fixed horizon 100,196,58,138,1.1924444708087323,0.5833333333333334,0.6578947368421053,0.4166666666666667,0.537280701754386,0.4326,0.6267105263157895,0.5674,0.3732894736842105,0.4842857142857144,0.64,0.5921052631578947
lstm,8,8,4,0.3,fixed horizon 148,196,58,138,1.1876358395766546,0.7916666666666666,0.868421052631579,0.20833333333333334,0.5383771929824561,0.44522932022932027,0.5182254623044097,0.5547706797706797,0.4817745376955903,0.4587482219061167,0.85,0.5729166666666666
lstm,8,8,5,0.01,fixed horizon 50,196,58,138,0.9649862921805638,0.0,0.02631578947368421,1.0,0.5131578947368421,0.0,0.9736842105263158,1.0,0.02631578947368418,,0.02,0.6206140350877193
lstm,8,8,5,0.01,fixed horizon 100,196,58,138,1.041014833796183,0.0,0.039473684210526314,1.0,0.5197368421052632,0.3066666666666667,0.9726315789473684,0.6933333333333334,0.027368421052631597,,0.03,0.5921052631578947
lstm,8,8,5,0.01,fixed horizon 148,196,58,138,1.0517343125707572,0.0,0.13157894736842105,1.0,0.5657894736842105,0.6121621621621621,0.948968705547653,0.3878378378378379,0.051031294452347,,0.1,0.5729166666666666
lstm,8,8,5,0.025,fixed horizon 50,196,58,138,0.8992900569734841,0.0,0.06578947368421052,1.0,0.5328947368421053,0.05600000000000001,0.9378947368421052,0.944,0.062105263157894774,,0.05,0.6206140350877193
lstm,8,8,5,0.025,fixed horizon 100,196,58,138,1.0161204845525929,0.041666666666666664,0.07894736842105263,0.9583333333333334,0.518640350877193,0.6366666666666667,0.9713157894736844,0.3633333333333333,0.028684210526315645,0.95,0.07,0.5921052631578947
lstm,8,8,5,0.025,fixed horizon 148,196,58,138,1.026930154884781,0.0,0.17105263157894737,1.0,0.5855263157894737,0.6252598752598751,0.9358997155049787,0.37474012474012486,0.06410028449502125,,0.13,0.5729166666666666
lstm,8,8,5,0.05,fixed horizon 50,196,58,138,0.9625024220369341,0.041666666666666664,0.05263157894736842,0.9583333333333334,0.5054824561403509,0.06,0.9505263157894738,0.94,0.049473684210526225,0.3,0.05,0.6206140350877193
lstm,8,8,5,0.05,fixed horizon 100,196,58,138,0.9890578876606507,0.125,0.13157894736842105,0.875,0.5032894736842105,0.5589999999999999,0.9419736842105264,0.44100000000000006,0.05802631578947359,0.6633333333333332,0.13,0.5921052631578947
lstm,8,8,5,0.05,fixed horizon 148,196,58,138,0.9116163505908782,0.16666666666666666,0.3157894736842105,0.8333333333333334,0.5745614035087719,0.5537725225225226,0.8590860597439546,0.4462274774774774,0.14091394025604542,0.7550675675675675,0.28,0.5729166666666666
lstm,8,8,5,0.075,fixed horizon 50,196,58,138,0.982957791338815,0.125,0.07894736842105263,0.875,0.4769736842105263,0.01,0.9218421052631579,0.99,0.07815789473684209,0.10000000000000002,0.09,0.6206140350877193
lstm,8,8,5,0.075,fixed horizon 100,196,58,138,1.0180578654159917,0.08333333333333333,0.23684210526315788,0.9166666666666666,0.5767543859649122,0.6205555555555555,0.9101315789473684,0.3794444444444445,0.0898684210526316,0.6699999999999999,0.2,0.5921052631578947
lstm,8,8,5,0.075,fixed horizon 148,196,58,138,0.8948918126992209,0.20833333333333334,0.35526315789473684,0.7916666666666666,0.5734649122807017,0.5868368368368367,0.8532183499288762,0.41316316316316326,0.14678165007112376,0.7378378378378379,0.32,0.5729166666666666
lstm,8,8,5,0.1,fixed horizon 50,196,58,138,0.9385854559140069,0.16666666666666666,0.13157894736842105,0.8333333333333334,0.4824561403508772,0.044,0.8742105263157894,0.956,0.12578947368421056,0.11500000000000002,0.14,0.6206140350877193
lstm,8,8,5,0.1,fixed horizon 100,196,58,138,1.024059335661937,0.20833333333333334,0.23684210526315788,0.7916666666666666,0.5142543859649122,0.5694444444444444,0.8980263157894737,0.4305555555555556,0.10197368421052633,0.30599999999999994,0.23,0.5921052631578947
lstm,8,8,5,0.1,fixed horizon 148,196,58,138,0.9011089874815689,0.20833333333333334,0.35526315789473684,0.7916666666666666,0.5734649122807017,0.5738238238238238,0.8485953058321479,0.4261761761761762,0.15140469416785207,0.5378378378378378,0.32,0.5729166666666666
lstm,8,8,5,0.15,fixed horizon 50,196,58,138,1.0102769403966096,0.16666666666666666,0.17105263157894737,0.8333333333333334,0.5021929824561404,0.1369230769230769,0.8523684210526316,0.8630769230769231,0.14763157894736845,0.12000000000000001,0.17,0.6206140350877193
lstm,8,8,5,0.15,fixed horizon 100,196,58,138,1.0533940091508898,0.20833333333333334,0.27631578947368424,0.7916666666666666,0.5339912280701754,0.4671428571428571,0.8527631578947369,0.5328571428571429,0.1472368421052631,0.198,0.26,0.5921052631578947
lstm,8,8,5,0.15,fixed horizon 148,196,58,138,0.925190721721865,0.6666666666666666,0.6052631578947368,0.3333333333333333,0.4692982456140351,0.6245593419506463,0.7727596017069701,0.37544065804935367,0.2272403982930299,0.6465371621621621,0.62,0.5729166666666666
lstm,8,8,5,0.2,fixed horizon 50,196,58,138,1.0084492914369565,0.16666666666666666,0.2894736842105263,0.8333333333333334,0.5614035087719298,0.12909090909090912,0.7478947368421052,0.8709090909090909,0.25210526315789483,0.060000000000000005,0.26,0.6206140350877193
lstm,8,8,5,0.2,fixed horizon 100,196,58,138,0.9903044616376938,0.20833333333333334,0.35526315789473684,0.7916666666666666,0.5734649122807017,0.4707407407407407,0.8119736842105264,0.5292592592592593,0.1880263157894736,0.16999999999999998,0.32,0.5921052631578947
lstm,8,8,5,0.2,fixed horizon 148,196,58,138,0.9230644568490649,0.6666666666666666,0.618421052631579,0.3333333333333333,0.4758771929824561,0.5376653248993675,0.7140825035561879,0.46233467510063253,0.28591749644381215,0.5464527027027026,0.63,0.5729166666666666
lstm,8,8,5,0.3,fixed horizon 50,196,58,138,0.5736661209172792,0.3333333333333333,0.6052631578947368,0.6666666666666666,0.6359649122807017,0.19434782608695655,0.5123684210526316,0.8056521739130434,0.4876315789473684,0.0825,0.54,0.6206140350877193
lstm,8,8,5,0.3,fixed horizon 100,196,58,138,0.8497073288197191,0.7083333333333334,0.7631578947368421,0.2916666666666667,0.5274122807017544,0.4458620689655172,0.5771052631578947,0.5541379310344827,0.4228947368421053,0.5547058823529412,0.75,0.5921052631578947
lstm,8,8,5,0.3,fixed horizon 148,196,58,138,0.9397184677513881,0.75,0.868421052631579,0.25,0.5592105263157895,0.4056101556101556,0.48381934566145085,0.5943898443898443,0.5161806543385492,0.47184684684684686,0.84,0.5729166666666666
lstm,8,8,6,0.01,fixed horizon 50,196,58,138,1.1056962874928906,0.0,0.02631578947368421,1.0,0.5131578947368421,0.0,0.9736842105263158,1.0,0.02631578947368418,,0.02,0.6206140350877193
lstm,8,8,6,0.01,fixed horizon 100,196,58,138,1.1222458690611694,0.0,0.02631578947368421,1.0,0.5131578947368421,0.005,0.9738157894736841,0.995,0.02618421052631592,,0.02,0.5921052631578947
lstm,8,8,6,0.01,fixed horizon 148,196,58,138,1.1276338633659793,0.0,0.02631578947368421,1.0,0.5131578947368421,0.0033783783783783786,0.9737731152204837,0.9966216216216216,0.02622688477951629,,0.02,0.5729166666666666
lstm,8,8,6,0.025,fixed horizon 50,196,58,138,1.0439524853238995,0.0,0.05263157894736842,1.0,0.5263157894736842,0.13,0.9542105263157896,0.87,0.04578947368421038,,0.04,0.6206140350877193
lstm,8,8,6,0.025,fixed horizon 100,196,58,138,1.050431001013903,0.0,0.06578947368421052,1.0,0.5328947368421053,0.242,0.9501315789473685,0.758,0.04986842105263145,,0.05,0.5921052631578947
lstm,8,8,6,0.025,fixed horizon 148,196,58,138,1.0695836299736103,0.0,0.15789473684210525,1.0,0.5789473684210527,0.6007882882882883,0.9369665718349928,0.39921171171171166,0.06303342816500723,,0.12,0.5729166666666666
lstm,8,8,6,0.05,fixed horizon 50,196,58,138,1.1777930249816282,0.041666666666666664,0.06578947368421052,0.9583333333333334,0.5120614035087719,0.04,0.9368421052631579,0.96,0.06315789473684208,0.0,0.06,0.6206140350877193
lstm,8,8,6,0.05,fixed horizon 100,196,58,138,1.290211690517614,0.041666666666666664,0.05263157894736842,0.9583333333333334,0.5054824561403509,0.0175,0.9482894736842105,0.9825,0.05171052631578954,0.97,0.05,0.5921052631578947
lstm,8,8,6,0.05,fixed horizon 148,196,58,138,1.3861452050610084,0.08333333333333333,0.23684210526315788,0.9166666666666666,0.5767543859649122,0.6764264264264265,0.9233641536273115,0.3235735735735735,0.0766358463726885,0.8175675675675675,0.2,0.5729166666666666
lstm,8,8,6,0.075,fixed horizon 50,196,58,138,1.18124133646618,0.125,0.07894736842105263,0.875,0.4769736842105263,0.10666666666666667,0.9294736842105263,0.8933333333333333,0.07052631578947366,0.2866666666666667,0.09,0.6206140350877193
lstm,8,8,6,0.075,fixed horizon 100,196,58,138,1.2995937393803876,0.041666666666666664,0.06578947368421052,0.9583333333333334,0.5120614035087719,0.05600000000000001,0.9378947368421052,0.944,0.062105263157894774,0.22,0.06,0.5921052631578947
lstm,8,8,6,0.075,fixed horizon 148,196,58,138,1.380138980824809,0.125,0.27631578947368424,0.875,0.5756578947368421,0.6064993564993565,0.8912695590327169,0.3935006435006435,0.10873044096728313,0.7252252252252251,0.24,0.5729166666666666
lstm,8,8,6,0.1,fixed horizon 50,196,58,138,1.2715524742779172,0.125,0.10526315789473684,0.875,0.4901315789473684,0.0925,0.9044736842105264,0.9075,0.09552631578947357,0.17333333333333334,0.11,0.6206140350877193
lstm,8,8,6,0.1,fixed horizon 100,196,58,138,1.2101794816323521,0.16666666666666666,0.15789473684210525,0.8333333333333334,0.4956140350877193,0.49666666666666665,0.9205263157894736,0.5033333333333334,0.07947368421052636,0.515,0.16,0.5921052631578947
lstm,8,8,6,0.1,fixed horizon 148,196,58,138,1.2675616512350727,0.20833333333333334,0.3157894736842105,0.7916666666666666,0.5537280701754386,0.545608108108108,0.8565078236130866,0.454391891891892,0.14349217638691336,0.7148648648648648,0.29,0.5729166666666666
lstm,8,8,6,0.15,fixed horizon 50,196,58,138,1.1003319991028941,0.16666666666666666,0.18421052631578946,0.8333333333333334,0.5087719298245614,0.1442857142857143,0.8423684210526318,0.8557142857142856,0.15763157894736823,0.1,0.18,0.6206140350877193
lstm,8,8,6,0.15,fixed horizon 100,196,58,138,1.434254385054634,0.16666666666666666,0.27631578947368424,0.8333333333333334,0.5548245614035088,0.6180952380952381,0.8944736842105262,0.38190476190476186,0.1055263157894738,0.47750000000000004,0.25,0.5921052631578947
lstm,8,8,6,0.15,fixed horizon 148,196,58,138,1.396280172681577,0.4166666666666667,0.4342105263157895,0.5833333333333334,0.5087719298245614,0.5866093366093367,0.8205014224751067,0.4133906633906633,0.1794985775248933,0.7081081081081081,0.43,0.5729166666666666
lstm,8,8,6,0.2,fixed horizon 50,196,58,138,1.0078694826561043,0.20833333333333334,0.2894736842105263,0.7916666666666666,0.5405701754385965,0.1281818181818182,0.7476315789473683,0.8718181818181818,0.2523684210526317,0.12400000000000003,0.27,0.6206140350877193
lstm,8,8,6,0.2,fixed horizon 100,196,58,138,1.3604682977897509,0.5416666666666666,0.47368421052631576,0.4583333333333333,0.46600877192982454,0.6875,0.8519736842105263,0.3125,0.14802631578947367,0.773076923076923,0.49,0.5921052631578947
lstm,8,8,6,0.2,fixed horizon 148,196,58,138,1.520999292949464,0.5833333333333334,0.5394736842105263,0.4166666666666667,0.47807017543859653,0.5487804878048781,0.756578947368421,0.4512195121951219,0.24342105263157898,0.5516409266409267,0.55,0.5729166666666666
lstm,8,8,6,0.3,fixed horizon 50,196,58,138,0.6281935844876254,0.3333333333333333,0.5921052631578947,0.6666666666666666,0.6293859649122806,0.18177777777777776,0.5155263157894737,0.8182222222222222,0.4844736842105263,0.14500000000000002,0.53,0.6206140350877193
lstm,8,8,6,0.3,fixed horizon 100,196,58,138,1.067800617626203,0.6666666666666666,0.7368421052631579,0.3333333333333333,0.5350877192982456,0.4673214285714286,0.6074999999999999,0.5326785714285713,0.39250000000000007,0.61625,0.72,0.5921052631578947
lstm,8,8,6,0.3,fixed horizon 148,196,58,138,1.2564040505813774,0.8333333333333334,0.881578947368421,0.16666666666666666,0.5241228070175439,0.46853569987898347,0.5314722617354196,0.5314643001210165,0.4685277382645804,0.46722972972972965,0.87,0.5729166666666666
lstm,8,8,7,0.01,fixed horizon 50,196,58,138,1.1012892824008957,0.0,0.02631578947368421,1.0,0.5131578947368421,0.0,0.9736842105263158,1.0,0.02631578947368418,,0.02,0.6206140350877193
lstm,8,8,7,0.01,fixed horizon 100,196,58,138,1.1172738069026076,0.0,0.02631578947368421,1.0,0.5131578947368421,0.005,0.9738157894736841,0.995,0.02618421052631592,,0.02,0.5921052631578947
lstm,8,8,7,0.01,fixed horizon 148,196,58,138,1.1172738069026076,0.0,0.02631578947368421,1.0,0.5131578947368421,0.0033783783783783786,0.9737731152204837,0.9966216216216216,0.02622688477951629,,0.02,0.5729166666666666
lstm,8,8,7,0.025,fixed horizon 50,196,58,138,1.0419274238232206,0.0,0.05263157894736842,1.0,0.5263157894736842,0.13,0.9542105263157896,0.87,0.04578947368421038,,0.04,0.6206140350877193
lstm,8,8,7,0.025,fixed horizon 100,196,58,138,1.042966454262912,0.0,0.06578947368421052,1.0,0.5328947368421053,0.242,0.9501315789473685,0.758,0.04986842105263145,,0.05,0.5921052631578947
lstm,8,8,7,0.025,fixed horizon 148,196,58,138,1.066935629766171,0.0,0.14473684210526316,1.0,0.5723684210526316,0.6136363636363636,0.944078947368421,0.38636363636363635,0.05592105263157898,,0.11,0.5729166666666666
lstm,8,8,7,0.05,fixed horizon 50,196,58,138,1.0411413580118238,0.08333333333333333,0.06578947368421052,0.9166666666666666,0.49122807017543857,0.04,0.9368421052631579,0.96,0.06315789473684208,0.18,0.07,0.6206140350877193
lstm,8,8,7,0.05,fixed horizon 100,196,58,138,1.0064907875356603,0.041666666666666664,0.11842105263157894,0.9583333333333334,0.5383771929824561,0.5344444444444445,0.9448684210526316,0.4655555555555555,0.05513157894736842,0.95,0.1,0.5921052631578947
lstm,8,8,7,0.05,fixed horizon 148,196,58,138,1.0475630513782064,0.0,0.19736842105263158,1.0,0.5986842105263158,0.5734234234234233,0.9158072546230441,0.42657657657657666,0.08419274537695587,,0.15,0.5729166666666666
lstm,8,8,7,0.075,fixed horizon 50,196,58,138,1.1380563589874957,0.041666666666666664,0.05263157894736842,0.9583333333333334,0.5054824561403509,0.095,0.9523684210526315,0.905,0.04763157894736847,0.6,0.05,0.6206140350877193
lstm,8,8,7,0.075,fixed horizon 100,196,58,138,1.0313895820214725,0.16666666666666666,0.2236842105263158,0.8333333333333334,0.5285087719298246,0.6058823529411764,0.9118421052631579,0.3941176470588236,0.0881578947368421,0.3775,0.21,0.5921052631578947
lstm,8,8,7,0.075,fixed horizon 148,196,58,138,1.1732669612820739,0.20833333333333334,0.32894736842105265,0.7916666666666666,0.5603070175438596,0.6829729729729729,0.8957147937411095,0.3170270270270271,0.10428520625889048,0.8081081081081081,0.3,0.5729166666666666
lstm,8,8,7,0.1,fixed horizon 50,196,58,138,1.1594471922636214,0.08333333333333333,0.07894736842105263,0.9166666666666666,0.49780701754385964,0.14666666666666667,0.9326315789473684,0.8533333333333333,0.06736842105263163,0.35,0.08,0.6206140350877193
lstm,8,8,7,0.1,fixed horizon 100,196,58,138,1.0124796138470369,0.16666666666666666,0.23684210526315788,0.8333333333333334,0.5350877192982456,0.6205555555555555,0.9101315789473684,0.3794444444444445,0.0898684210526316,0.3725,0.22,0.5921052631578947
lstm,8,8,7,0.1,fixed horizon 148,196,58,138,1.0792683152839742,0.375,0.39473684210526316,0.625,0.5098684210526316,0.5988738738738739,0.8416607396870555,0.4011261261261261,0.15833926031294454,0.674924924924925,0.39,0.5729166666666666
lstm,8,8,7,0.15,fixed horizon 50,196,58,138,1.1496203556714037,0.16666666666666666,0.17105263157894737,0.8333333333333334,0.5021929824561404,0.12153846153846154,0.8497368421052631,0.8784615384615384,0.15026315789473688,0.15000000000000002,0.17,0.6206140350877193
lstm,8,8,7,0.15,fixed horizon 100,196,58,138,1.031095784347761,0.16666666666666666,0.23684210526315788,0.8333333333333334,0.5350877192982456,0.5377777777777778,0.8905263157894737,0.4622222222222222,0.10947368421052628,0.26,0.22,0.5921052631578947
lstm,8,8,7,0.15,fixed horizon 148,196,58,138,1.1825051491398815,0.16666666666666666,0.3026315789473684,0.8333333333333334,0.5679824561403509,0.545828437132785,0.8625533428165006,0.45417156286721505,0.13744665718349935,0.42567567567567566,0.27,0.5729166666666666
lstm,8,8,7,0.2,fixed horizon 50,196,58,138,1.117576104212721,0.20833333333333334,0.23684210526315788,0.7916666666666666,0.5142543859649122,0.1577777777777778,0.8005263157894736,0.8422222222222222,0.19947368421052636,0.128,0.23,0.6206140350877193
lstm,8,8,7,0.2,fixed horizon 100,196,58,138,1.222878953511005,0.5833333333333334,0.5526315789473685,0.4166666666666667,0.48464912280701755,0.7416666666666667,0.8572368421052632,0.2583333333333333,0.14276315789473681,0.7907142857142856,0.56,0.5921052631578947
lstm,8,8,7,0.2,fixed horizon 148,196,58,138,1.472306613769928,0.6666666666666666,0.6973684210526315,0.3333333333333333,0.5153508771929824,0.6472463029066804,0.7540007112375534,0.3527536970933196,0.2459992887624466,0.613597972972973,0.69,0.5729166666666666
lstm,8,8,7,0.3,fixed horizon 50,196,58,138,1.0013595163196936,0.25,0.4605263157894737,0.75,0.6052631578947368,0.23542857142857143,0.6478947368421052,0.7645714285714286,0.3521052631578948,0.09000000000000001,0.41,0.6206140350877193
lstm,8,8,7,0.3,fixed horizon 100,196,58,138,1.146351939324925,0.7083333333333334,0.7105263157894737,0.2916666666666667,0.5010964912280702,0.4655555555555556,0.620263157894737,0.5344444444444444,0.37973684210526304,0.6035294117647059,0.71,0.5921052631578947
lstm,8,8,7,0.3,fixed horizon 148,196,58,138,1.2058536328956402,0.7916666666666666,0.881578947368421,0.20833333333333334,0.5449561403508771,0.46440096813231146,0.5278271692745379,0.5355990318676885,0.4721728307254621,0.44950213371266,0.86,0.5729166666666666
lstm,8,8,8,0.01,fixed horizon 50,196,58,138,1.886818924171777,0.0,0.0,1.0,0.5,,1.0,,0.0,,0.0,0.6206140350877193
lstm,8,8,8,0.01,fixed horizon 100,196,58,138,1.9174316159093652,0.0,0.0,1.0,0.5,,1.0,,0.0,,0.0,0.5921052631578947
lstm,8,8,8,0.01,fixed horizon 148,196,58,138,1.9174316159093652,0.0,0.0,1.0,0.5,,1.0,,0.0,,0.0,0.5729166666666666
lstm,8,8,8,0.025,fixed horizon 50,196,58,138,1.7836131527738872,0.0,0.0,1.0,0.5,,1.0,,0.0,,0.0,0.6206140350877193
lstm,8,8,8,0.025,fixed horizon 100,196,58,138,1.8023291542748217,0.0,0.0,1.0,0.5,,1.0,,0.0,,0.0,0.5921052631578947
lstm,8,8,8,0.025,fixed horizon 148,196,58,138,1.8023291542748217,0.0,0.0,1.0,0.5,,1.0,,0.0,,0.0,0.5729166666666666
lstm,8,8,8,0.05,fixed horizon 50,196,58,138,1.851557105871994,0.0,0.0,1.0,0.5,,1.0,,0.0,,0.0,0.6206140350877193
lstm,8,8,8,0.05,fixed horizon 100,196,58,138,1.851557105871994,0.0,0.0,1.0,0.5,,1.0,,0.0,,0.0,0.5921052631578947
lstm,8,8,8,0.05,fixed horizon 148,196,58,138,1.8605700376350658,0.08333333333333333,0.19736842105263158,0.9166666666666666,0.5570175438596491,0.7788288288288288,0.9563477951635845,0.22117117117117124,0.04365220483641552,0.7939189189189189,0.17,0.5729166666666666
lstm,8,8,8,0.075,fixed horizon 50,196,58,138,1.7379001895752852,0.041666666666666664,0.039473684210526314,0.9583333333333334,0.49890350877192985,0.26,0.9707894736842105,0.74,0.029210526315789465,0.5,0.04,0.6206140350877193
lstm,8,8,8,0.075,fixed horizon 100,196,58,138,2.0854855585796597,0.08333333333333333,0.11842105263157894,0.9166666666666666,0.5175438596491228,0.9111111111111112,0.9894736842105262,0.0888888888888888,0.010526315789473828,0.91,0.11,0.5921052631578947
lstm,8,8,8,0.075,fixed horizon 148,196,58,138,1.8024201528302688,0.125,0.21052631578947367,0.875,0.5427631578947368,0.7706925675675675,0.9517247510668563,0.22930743243243246,0.04827524893314372,0.7927927927927927,0.19,0.5729166666666666
lstm,8,8,8,0.1,fixed horizon 50,196,58,138,1.612104368920542,0.041666666666666664,0.06578947368421052,0.9583333333333334,0.5120614035087719,0.148,0.9439473684210528,0.852,0.05605263157894724,0.34,0.06,0.6206140350877193
lstm,8,8,8,0.1,fixed horizon 100,196,58,138,1.9399245270951226,0.08333333333333333,0.21052631578947367,0.9166666666666666,0.5635964912280702,0.8725,0.9731578947368422,0.12749999999999995,0.02684210526315778,0.9,0.18,0.5921052631578947
lstm,8,8,8,0.1,fixed horizon 148,196,58,138,1.8156371928517587,0.125,0.21052631578947367,0.875,0.5427631578947368,0.7715371621621622,0.9519025604551921,0.22846283783783783,0.04809743954480794,0.7927927927927927,0.19,0.5729166666666666
lstm,8,8,8,0.15,fixed horizon 50,196,58,138,1.938726818437172,0.08333333333333333,0.07894736842105263,0.9166666666666666,0.49780701754385964,0.15333333333333335,0.9331578947368421,0.8466666666666667,0.06684210526315792,0.25,0.08,0.6206140350877193
lstm,8,8,8,0.15,fixed horizon 100,196,58,138,2.3334313187886386,0.125,0.19736842105263158,0.875,0.5361842105263158,0.7986666666666667,0.9602631578947369,0.20133333333333325,0.03973684210526307,0.7633333333333333,0.18,0.5921052631578947
lstm,8,8,8,0.15,fixed horizon 148,196,58,138,1.8884771240051355,0.08333333333333333,0.27631578947368424,0.9166666666666666,0.5964912280701754,0.6296653796653798,0.8976706970128022,0.37033462033462017,0.10232930298719778,0.6081081081081081,0.23,0.5729166666666666
lstm,8,8,8,0.2,fixed horizon 50,196,58,138,3.00949790112683,0.08333333333333333,0.05263157894736842,0.9166666666666666,0.48464912280701755,0.29500000000000004,0.9628947368421051,0.705,0.03710526315789486,0.43,0.06,0.6206140350877193
lstm,8,8,8,0.2,fixed horizon 100,196,58,138,2.3314316670249724,0.16666666666666666,0.23684210526315788,0.8333333333333334,0.5350877192982456,0.67,0.9218421052631579,0.32999999999999996,0.07815789473684209,0.6025,0.22,0.5921052631578947
lstm,8,8,8,0.2,fixed horizon 148,196,58,138,2.158729222071332,0.6666666666666666,0.7105263157894737,0.3333333333333333,0.5219298245614035,0.7364864864864863,0.8127667140825036,0.2635135135135137,0.18723328591749644,0.7174831081081081,0.7,0.5729166666666666
lstm,8,8,8,0.3,fixed horizon 50,196,58,138,1.5328849713528871,0.2916666666666667,0.42105263157894735,0.7083333333333334,0.5646929824561404,0.35875,0.7300000000000001,0.64125,0.2699999999999999,0.22,0.39,0.6206140350877193
lstm,8,8,8,0.3,fixed horizon 100,196,58,138,2.648191015227136,0.375,0.4605263157894737,0.625,0.5427631578947368,0.5717142857142857,0.802763157894737,0.42828571428571427,0.19723684210526304,0.6622222222222223,0.44,0.5921052631578947
lstm,8,8,8,0.3,fixed horizon 148,196,58,138,3.0861523890758162,0.7083333333333334,0.7763157894736842,0.2916666666666667,0.5339912280701754,0.6047869903802107,0.6931899004267423,0.39521300961978933,0.30681009957325767,0.5894276629570747,0.76,0.5729166666666666
lstm,8,8,9,0.01,fixed horizon 50,196,58,138,0.9652082346430998,0.0,0.02631578947368421,1.0,0.5131578947368421,0.0,0.9736842105263158,1.0,0.02631578947368418,,0.02,0.6206140350877193
lstm,8,8,9,0.01,fixed horizon 100,196,58,138,1.0079996631755466,0.0,0.039473684210526314,1.0,0.5197368421052632,0.31,0.9727631578947369,0.69,0.027236842105263115,,0.03,0.5921052631578947
lstm,8,8,9,0.01,fixed horizon 148,196,58,138,1.0651543060885822,0.0,0.14473684210526316,1.0,0.5723684210526316,0.6308353808353808,0.946568278805121,0.3691646191646192,0.053431721194879045,,0.11,0.5729166666666666
lstm,8,8,9,0.025,fixed horizon 50,196,58,138,0.9011865758749559,0.0,0.06578947368421052,1.0,0.5328947368421053,0.05600000000000001,0.9378947368421052,0.944,0.062105263157894774,,0.05,0.6206140350877193
lstm,8,8,9,0.025,fixed horizon 100,196,58,138,0.9852287798530399,0.0,0.07894736842105263,1.0,0.5394736842105263,0.6066666666666666,0.9689473684210528,0.3933333333333334,0.03105263157894722,,0.06,0.5921052631578947
lstm,8,8,9,0.025,fixed horizon 148,196,58,138,1.0507189104581465,0.041666666666666664,0.17105263157894737,0.9583333333333334,0.5646929824561404,0.6642411642411642,0.9425675675675675,0.3357588357588358,0.057432432432432456,0.8445945945945946,0.14,0.5729166666666666
lstm,8,8,9,0.05,fixed horizon 50,196,58,138,0.9860226919050651,0.041666666666666664,0.05263157894736842,0.9583333333333334,0.5054824561403509,0.065,0.9507894736842106,0.935,0.04921052631578937,0.34,0.05,0.6206140350877193
lstm,8,8,9,0.05,fixed horizon 100,196,58,138,0.8979634311422919,0.08333333333333333,0.19736842105263158,0.9166666666666666,0.5570175438596491,0.596,0.9202631578947368,0.404,0.07973684210526322,0.84,0.17,0.5921052631578947
lstm,8,8,9,0.05,fixed horizon 148,196,58,138,1.0374729482726992,0.08333333333333333,0.19736842105263158,0.9166666666666666,0.5570175438596491,0.5693693693693693,0.9150071123755336,0.4306306306306307,0.08499288762446644,0.7905405405405406,0.17,0.5729166666666666
lstm,8,8,9,0.075,fixed horizon 50,196,58,138,1.2377394184351809,0.041666666666666664,0.05263157894736842,0.9583333333333334,0.5054824561403509,0.03,0.9489473684210527,0.97,0.05105263157894735,0.3,0.05,0.6206140350877193
lstm,8,8,9,0.075,fixed horizon 100,196,58,138,1.0892883058081837,0.08333333333333333,0.17105263157894737,0.9166666666666666,0.543859649122807,0.5546153846153847,0.9238157894736844,0.44538461538461527,0.07618421052631563,0.645,0.15,0.5921052631578947
lstm,8,8,9,0.075,fixed horizon 148,196,58,138,1.2410183334229052,0.375,0.3684210526315789,0.625,0.4967105263157895,0.685569498069498,0.8841571834992888,0.31443050193050204,0.11584281650071115,0.7927927927927928,0.37,0.5729166666666666
lstm,8,8,9,0.1,fixed horizon 50,196,58,138,1.0799986520415399,0.125,0.10526315789473684,0.875,0.4901315789473684,0.0775,0.9028947368421053,0.9225,0.0971052631578947,0.18666666666666668,0.11,0.6206140350877193
lstm,8,8,9,0.1,fixed horizon 100,196,58,138,1.1815547605407462,0.16666666666666666,0.13157894736842105,0.8333333333333334,0.4824561403508772,0.501,0.9343421052631578,0.499,0.06565789473684225,0.37749999999999995,0.14,0.5921052631578947
lstm,8,8,9,0.1,fixed horizon 148,196,58,138,1.3961002871759232,0.375,0.3815789473684211,0.625,0.5032894736842105,0.7567567567567568,0.9071834992887625,0.2432432432432432,0.09281650071123748,0.7635135135135135,0.38,0.5729166666666666
lstm,8,8,9,0.15,fixed horizon 50,196,58,138,1.0381682264952676,0.125,0.15789473684210525,0.875,0.5164473684210527,0.13833333333333334,0.8639473684210526,0.8616666666666667,0.13605263157894742,0.18666666666666668,0.15,0.6206140350877193
lstm,8,8,9,0.15,fixed horizon 100,196,58,138,1.1297497347621774,0.20833333333333334,0.27631578947368424,0.7916666666666666,0.5339912280701754,0.5414285714285715,0.8732894736842106,0.4585714285714285,0.12671052631578938,0.47000000000000003,0.26,0.5921052631578947
lstm,8,8,9,0.15,fixed horizon 148,196,58,138,1.3338177112011258,0.4583333333333333,0.4473684210526316,0.5416666666666666,0.4945175438596491,0.6516295707472178,0.8441500711237553,0.34837042925278217,0.15584992887624471,0.6916461916461917,0.45,0.5729166666666666
lstm,8,8,9,0.2,fixed horizon 50,196,58,138,0.8413145447161503,0.25,0.2631578947368421,0.75,0.506578947368421,0.16600000000000004,0.7805263157894737,0.834,0.21947368421052627,0.14666666666666667,0.26,0.6206140350877193
lstm,8,8,9,0.2,fixed horizon 100,196,58,138,1.1293443362226787,0.4166666666666667,0.4473684210526316,0.5833333333333334,0.5153508771929824,0.6111764705882353,0.8260526315789474,0.3888235294117647,0.17394736842105263,0.642,0.44,0.5921052631578947
lstm,8,8,9,0.2,fixed horizon 148,196,58,138,1.3480939923136372,0.6666666666666666,0.75,0.3333333333333333,0.5416666666666666,0.6746088193456615,0.7559566145092461,0.3253911806543385,0.24404338549075388,0.6288006756756757,0.73,0.5729166666666666
lstm,8,8,9,0.3,fixed horizon 50,196,58,138,0.6469936693654735,0.2916666666666667,0.5789473684210527,0.7083333333333334,0.6436403508771931,0.2940909090909091,0.5913157894736841,0.7059090909090908,0.40868421052631587,0.16285714285714284,0.51,0.6206140350877193
lstm,8,8,9,0.3,fixed horizon 100,196,58,138,1.2094620621495042,0.6666666666666666,0.6710526315789473,0.3333333333333333,0.5021929824561403,0.513921568627451,0.6738157894736841,0.486078431372549,0.32618421052631585,0.6375,0.67,0.5921052631578947
lstm,8,8,9,0.3,fixed horizon 148,196,58,138,1.6592162894292184,0.8333333333333334,0.8947368421052632,0.16666666666666666,0.5307017543859649,0.5937996820349762,0.6365576102418208,0.40620031796502376,0.3634423897581792,0.597972972972973,0.88,0.5729166666666666
lstm,9,9,0,0.01,fixed horizon 50,201,60,141,1.352015888916485,0.0,0.015625,1.0,0.5078125,0.04,0.985,0.96,0.015000000000000013,,0.01,0.541232638888889
lstm,9,9,0,0.01,fixed horizon 100,201,60,141,1.352015888916485,0.0,0.015625,1.0,0.5078125,0.02,0.9846874999999999,0.98,0.015312500000000062,,0.01,0.5798611111111112
lstm,9,9,0,0.01,fixed horizon 148,201,60,141,1.352015888916485,0.0,0.015625,1.0,0.5078125,0.013513513513513514,0.9845861486486487,0.9864864864864865,0.015413851351351315,,0.01,0.5551215277777778
lstm,9,9,0,0.025,fixed horizon 50,201,60,141,1.1168000120707573,0.027777777777777776,0.03125,0.9722222222222222,0.5017361111111112,0.01,0.9690624999999999,0.99,0.030937500000000062,0.04,0.03,0.541232638888889
lstm,9,9,0,0.025,fixed horizon 100,201,60,141,1.1334796775533165,0.027777777777777776,0.03125,0.9722222222222222,0.5017361111111112,0.01,0.9690624999999999,0.99,0.030937500000000062,0.02,0.03,0.5798611111111112
lstm,9,9,0,0.025,fixed horizon 148,201,60,141,1.1334796775533165,0.027777777777777776,0.03125,0.9722222222222222,0.5017361111111112,0.006756756756756757,0.9689611486486487,0.9932432432432432,0.031038851351351315,0.013513513513513514,0.03,0.5551215277777778
lstm,9,9,0,0.05,fixed horizon 50,201,60,141,1.0600938817935162,0.1388888888888889,0.21875,0.8611111111111112,0.5399305555555556,0.48285714285714293,0.886875,0.5171428571428571,0.11312500000000003,0.516,0.19,0.541232638888889
lstm,9,9,0,0.05,fixed horizon 100,201,60,141,1.1124441769196325,0.16666666666666666,0.15625,0.8333333333333334,0.4947916666666667,0.44400000000000006,0.9131250000000001,0.5559999999999999,0.08687499999999992,0.4583333333333333,0.16,0.5798611111111112
lstm,9,9,0,0.05,fixed horizon 148,201,60,141,1.198626290317445,0.19444444444444445,0.28125,0.8055555555555556,0.5434027777777778,0.7822822822822822,0.9387668918918919,0.21771771771771775,0.061233108108108114,0.7528957528957528,0.25,0.5551215277777778
lstm,9,9,0,0.075,fixed horizon 50,201,60,141,1.1537489196302961,0.1388888888888889,0.171875,0.8611111111111112,0.5164930555555556,0.26727272727272733,0.8740625,0.7327272727272727,0.12593750000000004,0.356,0.16,0.541232638888889
lstm,9,9,0,0.075,fixed horizon 100,201,60,141,1.0948043373989211,0.3055555555555556,0.296875,0.6944444444444444,0.4956597222222222,0.4847368421052632,0.8470312499999999,0.5152631578947369,0.1529687500000001,0.43000000000000005,0.3,0.5798611111111112
lstm,9,9,0,0.075,fixed horizon 148,201,60,141,1.175991074279029,0.25,0.359375,0.75,0.5546875,0.6935957696827262,0.8898859797297297,0.3064042303172738,0.11011402027027029,0.7552552552552553,0.32,0.5551215277777778
lstm,9,9,0,0.1,fixed horizon 50,201,60,141,1.565572859426059,0.3055555555555556,0.34375,0.6944444444444444,0.5190972222222222,0.6272727272727271,0.871875,0.3727272727272729,0.12812500000000004,0.7327272727272728,0.33,0.541232638888889
lstm,9,9,0,0.1,fixed horizon 100,201,60,141,2.3286168661464344,0.4166666666666667,0.484375,0.5833333333333334,0.5338541666666667,0.96,0.980625,0.040000000000000036,0.01937500000000003,0.9646666666666668,0.46,0.5798611111111112
lstm,9,9,0,0.1,fixed horizon 148,201,60,141,2.3286168661464344,0.4166666666666667,0.484375,0.5833333333333334,0.5338541666666667,0.6486486486486488,0.8298141891891893,0.3513513513513512,0.17018581081081074,0.6518018018018019,0.46,0.5551215277777778
lstm,9,9,0,0.15,fixed horizon 50,201,60,141,2.873099733430589,0.3055555555555556,0.359375,0.6944444444444444,0.5269097222222222,0.6321739130434783,0.8678125,0.36782608695652175,0.1321875,0.6636363636363636,0.34,0.541232638888889
lstm,9,9,0,0.15,fixed horizon 100,201,60,141,4.013846259779312,0.5833333333333334,0.71875,0.4166666666666667,0.5677083333333334,0.8184782608695655,0.86953125,0.18152173913043446,0.13046875000000002,0.8195238095238095,0.67,0.5798611111111112
lstm,9,9,0,0.15,fixed horizon 148,201,60,141,4.013846259779312,0.5833333333333334,0.71875,0.4166666666666667,0.5677083333333334,0.5530258519388954,0.678737331081081,0.4469741480611046,0.32126266891891897,0.5537323037323039,0.67,0.5551215277777778
lstm,9,9,0,0.2,fixed horizon 50,201,60,141,2.0194042224900843,0.5833333333333334,0.65625,0.4166666666666667,0.5364583333333334,0.43476190476190474,0.6290625,0.5652380952380953,0.37093750000000003,0.4466666666666667,0.63,0.541232638888889
lstm,9,9,0,0.2,fixed horizon 100,201,60,141,3.2533025582111774,0.6666666666666666,0.796875,0.3333333333333333,0.5651041666666666,0.5827450980392157,0.6675,0.4172549019607843,0.3325,0.595,0.75,0.5798611111111112
lstm,9,9,0,0.2,fixed horizon 148,201,60,141,4.135049157890704,0.7222222222222222,0.796875,0.2777777777777778,0.5373263888888888,0.5504769475357711,0.6417863175675675,0.44952305246422886,0.35821368243243246,0.5569126819126818,0.77,0.5551215277777778
lstm,9,9,0,0.3,fixed horizon 50,201,60,141,0.6525478017575399,0.8611111111111112,0.9375,0.1388888888888889,0.5381944444444444,0.177,0.22843749999999996,0.823,0.7715625,0.1238709677419355,0.91,0.541232638888889
lstm,9,9,0,0.3,fixed horizon 100,201,60,141,2.0007287013041877,0.8611111111111112,0.921875,0.1388888888888889,0.5303819444444444,0.3122033898305085,0.3659375,0.6877966101694915,0.6340625,0.35516129032258054,0.9,0.5798611111111112
lstm,9,9,0,0.3,fixed horizon 148,201,60,141,2.237507613803998,0.8333333333333334,0.921875,0.16666666666666666,0.5442708333333334,0.27439303710490154,0.3310810810810811,0.7256069628950985,0.6689189189189189,0.29684684684684687,0.89,0.5551215277777778
lstm,9,9,1,0.01,fixed horizon 50,201,60,141,1.0623825655664092,0.0,0.0,1.0,0.5,,1.0,,0.0,,0.0,0.541232638888889
lstm,9,9,1,0.01,fixed horizon 100,201,60,141,1.0623825655664092,0.0,0.0,1.0,0.5,,1.0,,0.0,,0.0,0.5798611111111112
lstm,9,9,1,0.01,fixed horizon 148,201,60,141,1.0623825655664092,0.0,0.0,1.0,0.5,,1.0,,0.0,,0.0,0.5551215277777778
lstm,9,9,1,0.025,fixed horizon 50,201,60,141,0.9881137684778117,0.08333333333333333,0.109375,0.9166666666666666,0.5130208333333333,0.4257142857142857,0.9371875000000001,0.5742857142857143,0.06281249999999994,0.4666666666666666,0.1,0.541232638888889
lstm,9,9,1,0.025,fixed horizon 100,201,60,141,0.999850411291077,0.05555555555555555,0.078125,0.9444444444444444,0.5112847222222222,0.18200000000000002,0.93609375,0.818,0.06390625000000005,0.15000000000000002,0.07,0.5798611111111112
lstm,9,9,1,0.025,fixed horizon 148,201,60,141,1.0129913700407573,0.027777777777777776,0.21875,0.9722222222222222,0.5954861111111112,0.6573359073359074,0.9250422297297297,0.3426640926640926,0.07495777027027029,0.19594594594594594,0.15,0.5551215277777778
lstm,9,9,1,0.05,fixed horizon 50,201,60,141,1.0845333612407393,0.1388888888888889,0.203125,0.8611111111111112,0.5321180555555556,0.33538461538461534,0.865,0.6646153846153846,0.135,0.36,0.18,0.541232638888889
lstm,9,9,1,0.05,fixed horizon 100,201,60,141,1.0690299458525994,0.1388888888888889,0.140625,0.8611111111111112,0.5008680555555556,0.45444444444444443,0.92328125,0.5455555555555556,0.07671874999999995,0.508,0.14,0.5798611111111112
lstm,9,9,1,0.05,fixed horizon 148,201,60,141,1.0690299458525994,0.1388888888888889,0.140625,0.8611111111111112,0.5008680555555556,0.30480480480480476,0.9022381756756757,0.6951951951951952,0.09776182432432434,0.34189189189189184,0.14,0.5551215277777778
lstm,9,9,1,0.075,fixed horizon 50,201,60,141,1.0248618913498038,0.25,0.28125,0.75,0.515625,0.30666666666666664,0.8049999999999999,0.6933333333333334,0.19500000000000006,0.4822222222222222,0.27,0.541232638888889
lstm,9,9,1,0.075,fixed horizon 100,201,60,141,1.0241148460426936,0.3055555555555556,0.390625,0.6944444444444444,0.5425347222222222,0.5748,0.8339062500000001,0.4252,0.16609374999999993,0.5781818181818181,0.36,0.5798611111111112
lstm,9,9,1,0.075,fixed horizon 148,201,60,141,1.042940965679809,0.4722222222222222,0.390625,0.5277777777777778,0.4592013888888889,0.5208108108108107,0.812816722972973,0.4791891891891893,0.18718327702702697,0.5906200317965024,0.42,0.5551215277777778
lstm,9,9,1,0.1,fixed horizon 50,201,60,141,1.168137858316489,0.19444444444444445,0.296875,0.8055555555555556,0.5512152777777778,0.20315789473684212,0.7634375,0.7968421052631579,0.2365625,0.4314285714285715,0.26,0.541232638888889
lstm,9,9,1,0.1,fixed horizon 100,201,60,141,1.055059615502642,0.3888888888888889,0.4375,0.6111111111111112,0.5243055555555556,0.46499999999999997,0.7659374999999999,0.535,0.23406250000000006,0.4964285714285715,0.42,0.5798611111111112
lstm,9,9,1,0.1,fixed horizon 148,201,60,141,1.068305302703531,0.4166666666666667,0.453125,0.5833333333333334,0.5182291666666667,0.5472972972972974,0.7948690878378378,0.45270270270270263,0.20513091216216217,0.5770270270270269,0.44,0.5551215277777778
lstm,9,9,1,0.15,fixed horizon 50,201,60,141,1.2087161940501345,0.2777777777777778,0.40625,0.7222222222222222,0.5642361111111112,0.24538461538461537,0.6934374999999999,0.7546153846153847,0.30656250000000007,0.37000000000000005,0.36,0.541232638888889
lstm,9,9,1,0.15,fixed horizon 100,201,60,141,1.195579679646232,0.4166666666666667,0.578125,0.5833333333333334,0.5807291666666667,0.4564864864864865,0.68578125,0.5435135135135135,0.31421875,0.5246666666666667,0.52,0.5798611111111112
lstm,9,9,1,0.15,fixed horizon 148,201,60,141,1.5981452417164015,0.4166666666666667,0.609375,0.5833333333333334,0.5963541666666667,0.6796604296604296,0.8047930743243243,0.3203395703395704,0.19520692567567566,0.7427927927927928,0.54,0.5551215277777778
lstm,9,9,1,0.2,fixed horizon 50,201,60,141,0.9764247121899545,0.7222222222222222,0.859375,0.2777777777777778,0.5685763888888888,0.396,0.48093749999999996,0.604,0.5190625,0.33538461538461534,0.81,0.541232638888889
lstm,9,9,1,0.2,fixed horizon 100,201,60,141,2.1776816937178323,0.75,0.828125,0.25,0.5390625,0.489245283018868,0.57703125,0.510754716981132,0.42296875,0.5366666666666666,0.8,0.5798611111111112
lstm,9,9,1,0.2,fixed horizon 148,201,60,141,2.54459612323643,0.75,0.828125,0.25,0.5390625,0.40272819989801123,0.5053842905405406,0.5972718001019888,0.49461570945945943,0.43143143143143137,0.8,0.5551215277777778
lstm,9,9,1,0.3,fixed horizon 50,201,60,141,0.5965320518949504,0.8888888888888888,0.9375,0.1111111111111111,0.5243055555555556,0.16966666666666663,0.2215625,0.8303333333333334,0.7784375,0.15,0.92,0.541232638888889
lstm,9,9,1,0.3,fixed horizon 100,201,60,141,1.1781691338343083,0.8888888888888888,0.921875,0.1111111111111111,0.5164930555555556,0.2106779661016949,0.27234375,0.7893220338983051,0.72765625,0.2178125,0.91,0.5798611111111112
lstm,9,9,1,0.3,fixed horizon 148,201,60,141,1.593672300382053,0.8333333333333334,0.890625,0.16666666666666666,0.5286458333333334,0.22024656235182552,0.30553209459459457,0.7797534376481745,0.6944679054054055,0.2439189189189189,0.87,0.5551215277777778
lstm,9,9,2,0.01,fixed horizon 50,201,60,141,1.7569659122204166,0.0,0.0,1.0,0.5,,1.0,,0.0,,0.0,0.541232638888889
lstm,9,9,2,0.01,fixed horizon 100,201,60,141,1.7569659122204166,0.0,0.0,1.0,0.5,,1.0,,0.0,,0.0,0.5798611111111112
lstm,9,9,2,0.01,fixed horizon 148,201,60,141,1.7569659122204166,0.0,0.0,1.0,0.5,,1.0,,0.0,,0.0,0.5551215277777778
lstm,9,9,2,0.025,fixed horizon 50,201,60,141,1.6965658584604162,0.027777777777777776,0.0625,0.9722222222222222,0.5173611111111112,0.74,0.98375,0.26,0.016249999999999987,0.74,0.05,0.541232638888889
lstm,9,9,2,0.025,fixed horizon 100,201,60,141,1.6969420728394553,0.027777777777777776,0.0625,0.9722222222222222,0.5173611111111112,0.37,0.9606250000000001,0.63,0.03937499999999994,0.37,0.05,0.5798611111111112
lstm,9,9,2,0.025,fixed horizon 148,201,60,141,1.6969420728394553,0.027777777777777776,0.0625,0.9722222222222222,0.5173611111111112,0.25,0.953125,0.75,0.046875,0.25,0.05,0.5551215277777778
lstm,9,9,2,0.05,fixed horizon 50,201,60,141,2.1252048454206807,0.05555555555555555,0.15625,0.9444444444444444,0.5503472222222222,0.598,0.9371875,0.402,0.06281250000000005,0.61,0.12,0.541232638888889
lstm,9,9,2,0.05,fixed horizon 100,201,60,141,2.2410483983943057,0.1111111111111111,0.0625,0.8888888888888888,0.4756944444444444,0.36250000000000004,0.9601562499999999,0.6375,0.03984375000000007,0.505,0.08,0.5798611111111112
lstm,9,9,2,0.05,fixed horizon 148,201,60,141,2.2410483983943057,0.1111111111111111,0.0625,0.8888888888888888,0.4756944444444444,0.24493243243243243,0.952808277027027,0.7550675675675675,0.04719172297297303,0.34121621621621623,0.08,0.5551215277777778
lstm,9,9,2,0.075,fixed horizon 50,201,60,141,2.0016969346533964,0.1111111111111111,0.21875,0.8888888888888888,0.5538194444444444,0.6185714285714285,0.9165625000000001,0.38142857142857145,0.08343749999999994,0.665,0.18,0.541232638888889
lstm,9,9,2,0.075,fixed horizon 100,201,60,141,2.4714787262163904,0.19444444444444445,0.328125,0.8055555555555556,0.5668402777777778,0.9709523809523807,0.99046875,0.029047619047619322,0.009531249999999991,0.9714285714285713,0.28,0.5798611111111112
lstm,9,9,2,0.075,fixed horizon 148,201,60,141,2.1745849788997544,0.16666666666666666,0.15625,0.8333333333333334,0.4947916666666667,0.24594594594594596,0.8821790540540541,0.754054054054054,0.11782094594594594,0.3400900900900901,0.16,0.5551215277777778
lstm,9,9,2,0.1,fixed horizon 50,201,60,141,2.9061150434672656,0.25,0.28125,0.75,0.515625,0.6888888888888889,0.9125000000000001,0.3111111111111111,0.08749999999999991,0.7311111111111112,0.27,0.541232638888889
lstm,9,9,2,0.1,fixed horizon 100,201,60,141,3.113753164253517,0.19444444444444445,0.28125,0.8055555555555556,0.5434027777777778,0.8650000000000001,0.9620312499999999,0.1349999999999999,0.03796875000000011,0.87,0.25,0.5798611111111112
lstm,9,9,2,0.1,fixed horizon 148,201,60,141,3.113753164253517,0.19444444444444445,0.28125,0.8055555555555556,0.5434027777777778,0.5844594594594593,0.8831292229729729,0.4155405405405407,0.11687077702702708,0.5878378378378378,0.25,0.5551215277777778
lstm,9,9,2,0.15,fixed horizon 50,201,60,141,4.539289524583011,0.3333333333333333,0.375,0.6666666666666666,0.5208333333333333,0.6666666666666666,0.875,0.33333333333333337,0.125,0.8150000000000001,0.36,0.541232638888889
lstm,9,9,2,0.15,fixed horizon 100,201,60,141,5.00497866864973,0.4166666666666667,0.359375,0.5833333333333334,0.4713541666666667,0.47695652173913056,0.81203125,0.5230434782608695,0.18796875000000002,0.48000000000000004,0.38,0.5798611111111112
lstm,9,9,2,0.15,fixed horizon 148,201,60,141,3.6954068845194037,0.5277777777777778,0.671875,0.4722222222222222,0.5720486111111112,0.5333123821495913,0.6864442567567568,0.4666876178504087,0.3135557432432432,0.5291607396870555,0.62,0.5551215277777778
lstm,9,9,2,0.2,fixed horizon 50,201,60,141,5.010593197419965,0.4722222222222222,0.53125,0.5277777777777778,0.5295138888888888,0.5676470588235295,0.7703125,0.4323529411764705,0.22968750000000004,0.6458823529411765,0.51,0.541232638888889
lstm,9,9,2,0.2,fixed horizon 100,201,60,141,4.2582161646153835,0.6111111111111112,0.75,0.3888888888888889,0.5694444444444444,0.465,0.5987500000000001,0.5349999999999999,0.4012499999999999,0.4963636363636363,0.7,0.5798611111111112
lstm,9,9,2,0.2,fixed horizon 148,201,60,141,3.787712007571909,0.5555555555555556,0.78125,0.4444444444444444,0.6128472222222222,0.36337837837837833,0.5026393581081081,0.6366216216216216,0.4973606418918919,0.3182432432432432,0.7,0.5551215277777778
lstm,9,9,2,0.3,fixed horizon 50,201,60,141,1.6625722805159393,0.8333333333333334,0.9375,0.16666666666666666,0.5520833333333334,0.2753333333333333,0.320625,0.7246666666666667,0.6793750000000001,0.2593333333333333,0.9,0.541232638888889
lstm,9,9,2,0.3,fixed horizon 100,201,60,141,3.391067039608823,0.8333333333333334,0.890625,0.16666666666666666,0.5286458333333334,0.30350877192982456,0.37968750000000007,0.6964912280701754,0.6203124999999999,0.3453333333333334,0.87,0.5798611111111112
lstm,9,9,2,0.3,fixed horizon 148,201,60,141,3.494084145285275,0.8333333333333334,0.90625,0.16666666666666666,0.5364583333333334,0.2276328052190121,0.3000422297297297,0.7723671947809879,0.6999577702702703,0.2578828828828829,0.88,0.5551215277777778
lstm,9,9,3,0.01,fixed horizon 50,201,60,141,1.0724321081007588,0.0,0.0,1.0,0.5,,1.0,,0.0,,0.0,0.541232638888889
lstm,9,9,3,0.01,fixed horizon 100,201,60,141,1.0914971655463865,0.0,0.0,1.0,0.5,,1.0,,0.0,,0.0,0.5798611111111112
lstm,9,9,3,0.01,fixed horizon 148,201,60,141,1.0914971655463865,0.0,0.0,1.0,0.5,,1.0,,0.0,,0.0,0.5551215277777778
lstm,9,9,3,0.025,fixed horizon 50,201,60,141,0.9823008105746722,0.0,0.03125,1.0,0.515625,0.0,0.96875,1.0,0.03125,,0.02,0.541232638888889
lstm,9,9,3,0.025,fixed horizon 100,201,60,141,1.0236424500045758,0.0,0.046875,1.0,0.5234375,0.5866666666666667,0.9806250000000001,0.41333333333333333,0.01937499999999992,,0.03,0.5798611111111112
lstm,9,9,3,0.025,fixed horizon 148,201,60,141,1.05968100932438,0.027777777777777776,0.1875,0.9722222222222222,0.5798611111111112,0.7747747747747747,0.9577702702702704,0.22522522522522526,0.042229729729729604,0.7837837837837838,0.13,0.5551215277777778
lstm,9,9,3,0.05,fixed horizon 50,201,60,141,1.081183723496509,0.1111111111111111,0.1875,0.8888888888888888,0.5381944444444444,0.36166666666666664,0.8803125,0.6383333333333334,0.11968749999999995,0.44999999999999996,0.16,0.541232638888889
lstm,9,9,3,0.05,fixed horizon 100,201,60,141,1.032873618008298,0.08333333333333333,0.15625,0.9166666666666666,0.5364583333333333,0.8030000000000002,0.96921875,0.19699999999999984,0.030781249999999982,0.9066666666666666,0.13,0.5798611111111112
lstm,9,9,3,0.05,fixed horizon 148,201,60,141,1.2112630867635235,0.16666666666666666,0.265625,0.8333333333333334,0.5494791666666667,0.9276629570747218,0.980785472972973,0.0723370429252782,0.019214527027026973,0.9324324324324325,0.23,0.5551215277777778
lstm,9,9,3,0.075,fixed horizon 50,201,60,141,1.0953736439795956,0.19444444444444445,0.25,0.8055555555555556,0.5277777777777778,0.2975,0.8243750000000001,0.7025,0.17562499999999992,0.42571428571428577,0.23,0.541232638888889
lstm,9,9,3,0.075,fixed horizon 100,201,60,141,1.078928759207048,0.25,0.28125,0.75,0.515625,0.31055555555555553,0.80609375,0.6894444444444445,0.19390624999999995,0.40222222222222226,0.27,0.5798611111111112
lstm,9,9,3,0.075,fixed horizon 148,201,60,141,1.2127156073072456,0.19444444444444445,0.4375,0.8055555555555556,0.6215277777777778,0.9191602316602315,0.9646326013513513,0.08083976833976847,0.035367398648648685,0.9015444015444015,0.35,0.5551215277777778
lstm,9,9,3,0.1,fixed horizon 50,201,60,141,1.0798001183106767,0.2222222222222222,0.328125,0.7777777777777778,0.5529513888888888,0.3866666666666667,0.7987500000000001,0.6133333333333333,0.20124999999999993,0.45999999999999996,0.29,0.541232638888889
lstm,9,9,3,0.1,fixed horizon 100,201,60,141,1.1427503831680434,0.3333333333333333,0.375,0.6666666666666666,0.5208333333333333,0.4666666666666666,0.7999999999999999,0.5333333333333334,0.20000000000000007,0.44583333333333336,0.36,0.5798611111111112
lstm,9,9,3,0.1,fixed horizon 148,201,60,141,1.1882150069484203,0.19444444444444445,0.4375,0.8055555555555556,0.6215277777777778,0.8455598455598453,0.9324324324324325,0.1544401544401547,0.06756756756756754,0.8455598455598455,0.35,0.5551215277777778
lstm,9,9,3,0.15,fixed horizon 50,201,60,141,1.7908174550838083,0.4444444444444444,0.421875,0.5555555555555556,0.4887152777777778,0.6074074074074074,0.8343750000000001,0.3925925925925926,0.1656249999999999,0.7575000000000001,0.43,0.541232638888889
lstm,9,9,3,0.15,fixed horizon 100,201,60,141,1.1372705348263603,0.5833333333333334,0.78125,0.4166666666666667,0.5989583333333334,0.5118,0.6185937499999999,0.48819999999999997,0.38140625000000006,0.5128571428571428,0.71,0.5798611111111112
lstm,9,9,3,0.15,fixed horizon 148,201,60,141,1.9977390880940187,0.5833333333333334,0.609375,0.4166666666666667,0.5130208333333334,0.30024255024255025,0.573585304054054,0.6997574497574497,0.42641469594594605,0.3204633204633205,0.6,0.5551215277777778
lstm,9,9,3,0.2,fixed horizon 50,201,60,141,1.4744815718716917,0.6666666666666666,0.796875,0.3333333333333333,0.5651041666666666,0.4733333333333333,0.5803125,0.5266666666666667,0.4196875,0.4466666666666667,0.75,0.541232638888889
lstm,9,9,3,0.2,fixed horizon 100,201,60,141,1.6236561023546414,0.8055555555555556,0.8125,0.19444444444444445,0.5034722222222222,0.43250000000000005,0.53890625,0.5674999999999999,0.46109374999999997,0.49517241379310345,0.81,0.5798611111111112
lstm,9,9,3,0.2,fixed horizon 148,201,60,141,1.9428198459560748,0.7777777777777778,0.8125,0.2222222222222222,0.5173611111111112,0.35304054054054057,0.47434543918918926,0.6469594594594594,0.5256545608108107,0.35955598455598464,0.8,0.5551215277777778
lstm,9,9,3,0.3,fixed horizon 50,201,60,141,0.46707077560443144,0.9166666666666666,0.953125,0.08333333333333333,0.5182291666666666,0.15836065573770494,0.1978125,0.841639344262295,0.8021875,0.07151515151515152,0.94,0.541232638888889
lstm,9,9,3,0.3,fixed horizon 100,201,60,141,0.7490282137619376,0.9166666666666666,0.96875,0.08333333333333333,0.5260416666666666,0.15645161290322576,0.1828125,0.8435483870967743,0.8171875,0.18999999999999997,0.95,0.5798611111111112
lstm,9,9,3,0.3,fixed horizon 148,201,60,141,1.6067922243469865,0.8333333333333334,0.890625,0.16666666666666666,0.5286458333333334,0.2278330962541489,0.3122888513513513,0.7721669037458511,0.6877111486486487,0.25382882882882885,0.87,0.5551215277777778
lstm,9,9,4,0.01,fixed horizon 50,201,60,141,1.0090337982931767,0.0,0.015625,1.0,0.5078125,0.0,0.984375,1.0,0.015625,,0.01,0.541232638888889
lstm,9,9,4,0.01,fixed horizon 100,201,60,141,1.0217396122390239,0.0,0.015625,1.0,0.5078125,0.01,0.98453125,0.99,0.015468750000000031,,0.01,0.5798611111111112
lstm,9,9,4,0.01,fixed horizon 148,201,60,141,1.0220650697626237,0.0,0.03125,1.0,0.515625,0.35135135135135137,0.9797297297297297,0.6486486486486487,0.020270270270270285,,0.02,0.5551215277777778
lstm,9,9,4,0.025,fixed horizon 50,201,60,141,0.9612237758678276,0.08333333333333333,0.078125,0.9166666666666666,0.4973958333333333,0.312,0.94625,0.688,0.053749999999999964,0.4066666666666667,0.08,0.541232638888889
lstm,9,9,4,0.025,fixed horizon 100,201,60,141,0.9851846664349454,0.0,0.046875,1.0,0.5234375,0.32666666666666666,0.9684375000000001,0.6733333333333333,0.03156249999999994,,0.03,0.5798611111111112
lstm,9,9,4,0.025,fixed horizon 148,201,60,141,0.9996404394095346,0.0,0.203125,1.0,0.6015625,0.6824324324324323,0.9354940878378378,0.31756756756756765,0.06450591216216217,,0.13,0.5551215277777778
lstm,9,9,4,0.05,fixed horizon 50,201,60,141,1.0237687503756894,0.19444444444444445,0.25,0.8055555555555556,0.5277777777777778,0.46124999999999994,0.8653125,0.5387500000000001,0.13468749999999996,0.5685714285714285,0.23,0.541232638888889
lstm,9,9,4,0.05,fixed horizon 100,201,60,141,1.0518428862867082,0.1388888888888889,0.203125,0.8611111111111112,0.5321180555555556,0.2623076923076923,0.85015625,0.7376923076923076,0.14984375000000005,0.248,0.18,0.5798611111111112
lstm,9,9,4,0.05,fixed horizon 148,201,60,141,1.0602763451779609,0.1388888888888889,0.234375,0.8611111111111112,0.5477430555555556,0.33828828828828833,0.8449113175675675,0.6617117117117117,0.15508868243243246,0.17432432432432432,0.2,0.5551215277777778
lstm,9,9,4,0.075,fixed horizon 50,201,60,141,0.9590212692470859,0.25,0.3125,0.75,0.53125,0.42299999999999993,0.8196875000000001,0.5770000000000001,0.18031249999999988,0.44,0.29,0.541232638888889
lstm,9,9,4,0.075,fixed horizon 100,201,60,141,1.0211775028053132,0.2222222222222222,0.359375,0.7777777777777778,0.5685763888888888,0.437391304347826,0.7978125,0.562608695652174,0.20218749999999996,0.36750000000000005,0.31,0.5798611111111112
lstm,9,9,4,0.075,fixed horizon 148,201,60,141,1.1888882215062404,0.19444444444444445,0.21875,0.8055555555555556,0.5121527777777778,0.09362934362934364,0.8017314189189189,0.9063706563706564,0.19826858108108114,0.13610038610038608,0.21,0.5551215277777778
lstm,9,9,4,0.1,fixed horizon 50,201,60,141,1.1778609696300668,0.2222222222222222,0.25,0.7777777777777778,0.5138888888888888,0.28500000000000003,0.8212499999999999,0.715,0.17875000000000008,0.3725,0.24,0.541232638888889
lstm,9,9,4,0.1,fixed horizon 100,201,60,141,0.9612664695236757,0.4444444444444444,0.609375,0.5555555555555556,0.5824652777777778,0.5392307692307693,0.71921875,0.4607692307692307,0.28078125,0.47375,0.55,0.5798611111111112
lstm,9,9,4,0.1,fixed horizon 148,201,60,141,1.1739513241754593,0.19444444444444445,0.390625,0.8055555555555556,0.5980902777777778,0.3745945945945946,0.7557010135135135,0.6254054054054055,0.2442989864864865,0.13513513513513511,0.32,0.5551215277777778
lstm,9,9,4,0.15,fixed horizon 50,201,60,141,1.1743032681225656,0.3055555555555556,0.359375,0.6944444444444444,0.5269097222222222,0.3982608695652174,0.78375,0.6017391304347826,0.21625000000000005,0.43636363636363634,0.34,0.541232638888889
lstm,9,9,4,0.15,fixed horizon 100,201,60,141,1.1485533934943033,0.4166666666666667,0.5,0.5833333333333334,0.5416666666666667,0.418125,0.7090624999999999,0.5818749999999999,0.29093750000000007,0.43466666666666665,0.47,0.5798611111111112
lstm,9,9,4,0.15,fixed horizon 148,201,60,141,1.1739513241754593,0.5555555555555556,0.6875,0.4444444444444444,0.5659722222222222,0.46099508599508604,0.6294341216216216,0.539004914004914,0.3705658783783784,0.4756756756756757,0.64,0.5551215277777778
lstm,9,9,4,0.2,fixed horizon 50,201,60,141,1.1498453456548179,0.6111111111111112,0.6875,0.3888888888888889,0.5381944444444444,0.3963636363636363,0.5850000000000001,0.6036363636363637,0.4149999999999999,0.4581818181818182,0.66,0.541232638888889
lstm,9,9,4,0.2,fixed horizon 100,201,60,141,1.10363979514703,0.6111111111111112,0.796875,0.3888888888888889,0.5928819444444444,0.42392156862745106,0.5409375000000001,0.5760784313725489,0.45906249999999993,0.5213636363636365,0.73,0.5798611111111112
lstm,9,9,4,0.2,fixed horizon 148,201,60,141,1.1390297424238987,0.6944444444444444,0.765625,0.3055555555555556,0.5355902777777778,0.32322118036403746,0.48184121621621623,0.6767788196359625,0.5181587837837838,0.4472972972972973,0.74,0.5551215277777778
lstm,9,9,4,0.3,fixed horizon 50,201,60,141,0.437929517753151,0.9444444444444444,0.953125,0.05555555555555555,0.5043402777777778,0.140327868852459,0.180625,0.859672131147541,0.819375,0.07764705882352942,0.95,0.541232638888889
lstm,9,9,4,0.3,fixed horizon 100,201,60,141,0.7541414003833419,0.8611111111111112,0.9375,0.1388888888888889,0.5381944444444444,0.11699999999999999,0.1721875,0.883,0.8278125000000001,0.15129032258064515,0.91,0.5798611111111112
lstm,9,9,4,0.3,fixed horizon 148,201,60,141,0.7541414003833419,0.8611111111111112,0.9375,0.1388888888888889,0.5381944444444444,0.12635135135135137,0.18095439189189189,0.8736486486486487,0.8190456081081081,0.15082824760244112,0.91,0.5551215277777778
lstm,9,9,5,0.01,fixed horizon 50,201,60,141,1.1533770184094574,0.027777777777777776,0.046875,0.9722222222222222,0.5095486111111112,0.0,0.953125,1.0,0.046875,0.0,0.04,0.541232638888889
lstm,9,9,5,0.01,fixed horizon 100,201,60,141,1.1533770184094574,0.027777777777777776,0.046875,0.9722222222222222,0.5095486111111112,0.0,0.953125,1.0,0.046875,0.0,0.04,0.5798611111111112
lstm,9,9,5,0.01,fixed horizon 148,201,60,141,1.1533770184094574,0.027777777777777776,0.046875,0.9722222222222222,0.5095486111111112,0.0,0.953125,1.0,0.046875,0.0,0.04,0.5551215277777778
lstm,9,9,5,0.025,fixed horizon 50,201,60,141,1.0712143420258355,0.027777777777777776,0.0625,0.9722222222222222,0.5173611111111112,0.0,0.9375,1.0,0.0625,0.0,0.05,0.541232638888889
lstm,9,9,5,0.025,fixed horizon 100,201,60,141,1.0712143420258355,0.027777777777777776,0.0625,0.9722222222222222,0.5173611111111112,0.0,0.9375,1.0,0.0625,0.0,0.05,0.5798611111111112
lstm,9,9,5,0.025,fixed horizon 148,201,60,141,1.0712143420258355,0.027777777777777776,0.0625,0.9722222222222222,0.5173611111111112,0.0,0.9375,1.0,0.0625,0.0,0.05,0.5551215277777778
lstm,9,9,5,0.05,fixed horizon 50,201,60,141,1.2102110348792392,0.05555555555555555,0.140625,0.9444444444444444,0.5425347222222222,0.10666666666666666,0.8743749999999999,0.8933333333333333,0.1256250000000001,0.03,0.11,0.541232638888889
lstm,9,9,5,0.05,fixed horizon 100,201,60,141,1.2219385993856144,0.05555555555555555,0.125,0.9444444444444444,0.5347222222222222,0.015,0.8768750000000001,0.985,0.12312499999999993,0.015,0.1,0.5798611111111112
lstm,9,9,5,0.05,fixed horizon 148,201,60,141,1.2219385993856144,0.05555555555555555,0.125,0.9444444444444444,0.5347222222222222,0.010135135135135136,0.8762668918918919,0.9898648648648649,0.12373310810810811,0.010135135135135136,0.1,0.5551215277777778
lstm,9,9,5,0.075,fixed horizon 50,201,60,141,1.2072201216445455,0.1111111111111111,0.203125,0.8888888888888888,0.5460069444444444,0.20461538461538462,0.8384375,0.7953846153846154,0.16156250000000005,0.22500000000000003,0.17,0.541232638888889
lstm,9,9,5,0.075,fixed horizon 100,201,60,141,1.1831001402106738,0.1111111111111111,0.125,0.8888888888888888,0.5069444444444444,0.015,0.8768750000000001,0.985,0.12312499999999993,0.165,0.12,0.5798611111111112
lstm,9,9,5,0.075,fixed horizon 148,201,60,141,1.1831001402106738,0.1111111111111111,0.125,0.8888888888888888,0.5069444444444444,0.010135135135135136,0.8762668918918919,0.9898648648648649,0.12373310810810811,0.11148648648648649,0.12,0.5551215277777778
lstm,9,9,5,0.1,fixed horizon 50,201,60,141,1.2029825095406923,0.19444444444444445,0.296875,0.8055555555555556,0.5512152777777778,0.36526315789473685,0.8115625,0.6347368421052632,0.18843750000000004,0.4142857142857143,0.26,0.541232638888889
lstm,9,9,5,0.1,fixed horizon 100,201,60,141,1.1782495710806575,0.2222222222222222,0.25,0.7777777777777778,0.5138888888888888,0.326875,0.83171875,0.673125,0.16828125000000005,0.34625,0.24,0.5798611111111112
lstm,9,9,5,0.1,fixed horizon 148,201,60,141,1.3389590987886668,0.19444444444444445,0.453125,0.8055555555555556,0.6293402777777778,0.8578751164958064,0.9355996621621621,0.1421248835041936,0.06440033783783794,0.9507722007722007,0.36,0.5551215277777778
lstm,9,9,5,0.15,fixed horizon 50,201,60,141,1.1026296387307772,0.3333333333333333,0.421875,0.6666666666666666,0.5442708333333333,0.3311111111111111,0.7178125,0.6688888888888889,0.28218750000000004,0.47333333333333333,0.39,0.541232638888889
lstm,9,9,5,0.15,fixed horizon 100,201,60,141,1.1215663620139722,0.5555555555555556,0.734375,0.4444444444444444,0.5894097222222222,0.5353191489361703,0.65875,0.4646808510638297,0.34125000000000005,0.5305,0.67,0.5798611111111112
lstm,9,9,5,0.15,fixed horizon 148,201,60,141,1.2188847036933612,0.5277777777777778,0.6875,0.4722222222222222,0.5798611111111112,0.5170454545454546,0.66796875,0.4829545454545454,0.33203125,0.5401849217638691,0.63,0.5551215277777778
lstm,9,9,5,0.2,fixed horizon 50,201,60,141,1.1344998135880018,0.75,0.84375,0.25,0.546875,0.3966666666666666,0.49093749999999997,0.6033333333333334,0.5090625,0.3466666666666666,0.81,0.541232638888889
lstm,9,9,5,0.2,fixed horizon 100,201,60,141,1.8351225238871294,0.6944444444444444,0.828125,0.3055555555555556,0.5668402777777778,0.38471698113207553,0.49046875,0.6152830188679245,0.50953125,0.384,0.78,0.5798611111111112
lstm,9,9,5,0.2,fixed horizon 148,201,60,141,1.5479831353637257,0.75,0.8125,0.25,0.53125,0.4264553014553014,0.5339949324324325,0.5735446985446986,0.46600506756756754,0.45295295295295296,0.79,0.5551215277777778
lstm,9,9,5,0.3,fixed horizon 50,201,60,141,0.6483090247965118,0.9166666666666666,0.9375,0.08333333333333333,0.5104166666666666,0.17333333333333334,0.22499999999999998,0.8266666666666667,0.775,0.1503030303030303,0.93,0.541232638888889
lstm,9,9,5,0.3,fixed horizon 100,201,60,141,1.2724203460290924,0.8888888888888888,0.90625,0.1111111111111111,0.5086805555555556,0.19793103448275862,0.273125,0.8020689655172414,0.7268749999999999,0.24,0.9,0.5798611111111112
lstm,9,9,5,0.3,fixed horizon 148,201,60,141,1.8375024993983897,0.8055555555555556,0.890625,0.19444444444444445,0.5425347222222222,0.23328591749644384,0.3171452702702703,0.7667140825035561,0.6828547297297297,0.28191985088536814,0.86,0.5551215277777778
lstm,9,9,6,0.01,fixed horizon 50,201,60,141,1.0642129330200119,0.027777777777777776,0.046875,0.9722222222222222,0.5095486111111112,0.0,0.953125,1.0,0.046875,0.0,0.04,0.541232638888889
lstm,9,9,6,0.01,fixed horizon 100,201,60,141,1.0642129330200119,0.027777777777777776,0.046875,0.9722222222222222,0.5095486111111112,0.0,0.953125,1.0,0.046875,0.0,0.04,0.5798611111111112
lstm,9,9,6,0.01,fixed horizon 148,201,60,141,1.0796088656328537,0.027777777777777776,0.03125,0.9722222222222222,0.5017361111111112,0.0,0.96875,1.0,0.03125,0.0,0.03,0.5551215277777778
lstm,9,9,6,0.025,fixed horizon 50,201,60,141,0.9600816040506541,0.08333333333333333,0.109375,0.9166666666666666,0.5130208333333333,0.2257142857142857,0.9153125,0.7742857142857142,0.08468750000000003,0.2733333333333334,0.1,0.541232638888889
lstm,9,9,6,0.025,fixed horizon 100,201,60,141,0.9975491882233515,0.027777777777777776,0.046875,0.9722222222222222,0.5095486111111112,0.0,0.953125,1.0,0.046875,0.0,0.04,0.5798611111111112
lstm,9,9,6,0.025,fixed horizon 148,201,60,141,1.023042324324935,0.05555555555555555,0.21875,0.9444444444444444,0.5815972222222222,0.6853281853281853,0.9311655405405406,0.3146718146718147,0.06883445945945943,0.46959459459459457,0.16,0.5551215277777778
lstm,9,9,6,0.05,fixed horizon 50,201,60,141,1.158641175424943,0.1111111111111111,0.1875,0.8888888888888888,0.5381944444444444,0.30833333333333335,0.8703125,0.6916666666666667,0.12968749999999996,0.325,0.16,0.541232638888889
lstm,9,9,6,0.05,fixed horizon 100,201,60,141,1.0648450098226,0.05555555555555555,0.125,0.9444444444444444,0.5347222222222222,0.015,0.8768750000000001,0.985,0.12312499999999993,0.01,0.1,0.5798611111111112
lstm,9,9,6,0.05,fixed horizon 148,201,60,141,1.0695867653395492,0.05555555555555555,0.328125,0.9444444444444444,0.6362847222222222,0.5032175032175034,0.8369932432432432,0.49678249678249664,0.1630067567567568,0.010135135135135136,0.23,0.5551215277777778
lstm,9,9,6,0.075,fixed horizon 50,201,60,141,1.1619522530500968,0.1388888888888889,0.203125,0.8611111111111112,0.5321180555555556,0.2476923076923077,0.8471875,0.7523076923076923,0.15281250000000002,0.32799999999999996,0.18,0.541232638888889
lstm,9,9,6,0.075,fixed horizon 100,201,60,141,1.0428223668877052,0.1111111111111111,0.25,0.8888888888888888,0.5694444444444444,0.459375,0.8648437499999999,0.540625,0.1351562500000001,0.2225,0.2,0.5798611111111112
lstm,9,9,6,0.075,fixed horizon 148,201,60,141,1.0565639022103261,0.1388888888888889,0.359375,0.8611111111111112,0.6102430555555556,0.486192714453584,0.8153505067567568,0.513807285546416,0.1846494932432432,0.46891891891891896,0.28,0.5551215277777778
lstm,9,9,6,0.1,fixed horizon 50,201,60,141,1.1609650089321832,0.2222222222222222,0.296875,0.7777777777777778,0.5373263888888888,0.40736842105263155,0.8240624999999999,0.5926315789473684,0.17593750000000008,0.4575,0.27,0.541232638888889
lstm,9,9,6,0.1,fixed horizon 100,201,60,141,1.1541688312567342,0.3055555555555556,0.359375,0.6944444444444444,0.5269097222222222,0.4608695652173913,0.80625,0.5391304347826087,0.19374999999999998,0.4381818181818183,0.34,0.5798611111111112
lstm,9,9,6,0.1,fixed horizon 148,201,60,141,1.1414269697685793,0.4166666666666667,0.484375,0.5833333333333334,0.5338541666666667,0.7042284219703574,0.8567356418918919,0.2957715780296426,0.14326435810810811,0.6851351351351352,0.46,0.5551215277777778
lstm,9,9,6,0.15,fixed horizon 50,201,60,141,1.1505290929323653,0.3055555555555556,0.375,0.6944444444444444,0.5347222222222222,0.4000000000000001,0.7750000000000001,0.5999999999999999,0.22499999999999987,0.4927272727272726,0.35,0.541232638888889
lstm,9,9,6,0.15,fixed horizon 100,201,60,141,1.416095682982995,0.6111111111111112,0.734375,0.3888888888888889,0.5616319444444444,0.7536170212765958,0.8190625,0.2463829787234042,0.18093749999999997,0.790909090909091,0.69,0.5798611111111112
lstm,9,9,6,0.15,fixed horizon 148,201,60,141,1.226891365309774,0.6111111111111112,0.671875,0.3888888888888889,0.5303819444444444,0.4593023255813953,0.63671875,0.5406976744186047,0.36328125,0.511977886977887,0.65,0.5551215277777778
lstm,9,9,6,0.2,fixed horizon 50,201,60,141,0.9750541042657186,0.7222222222222222,0.859375,0.2777777777777778,0.5685763888888888,0.42618181818181816,0.506875,0.5738181818181818,0.49312500000000004,0.4053846153846154,0.81,0.541232638888889
lstm,9,9,6,0.2,fixed horizon 100,201,60,141,1.8491586460378384,0.75,0.84375,0.25,0.546875,0.45907407407407397,0.54359375,0.540925925925926,0.45640625,0.4703703703703703,0.81,0.5798611111111112
lstm,9,9,6,0.2,fixed horizon 148,201,60,141,1.437273055595251,0.75,0.828125,0.25,0.5390625,0.38819479857215694,0.49334881756756754,0.611805201427843,0.5066511824324325,0.4064064064064064,0.8,0.5551215277777778
lstm,9,9,6,0.3,fixed horizon 50,201,60,141,0.38774067610009344,0.9444444444444444,0.96875,0.05555555555555555,0.5121527777777778,0.13516129032258062,0.16218749999999998,0.8648387096774194,0.8378125000000001,0.07705882352941176,0.96,0.541232638888889
lstm,9,9,6,0.3,fixed horizon 100,201,60,141,0.9750541042657186,0.8888888888888888,0.9375,0.1111111111111111,0.5243055555555556,0.21850000000000003,0.26734375,0.7815,0.73265625,0.24843750000000003,0.92,0.5798611111111112
lstm,9,9,6,0.3,fixed horizon 148,201,60,141,1.4640428600315876,0.8055555555555556,0.921875,0.19444444444444445,0.5581597222222222,0.22491983508932664,0.28547297297297297,0.7750801649106733,0.714527027027027,0.21738117427772602,0.88,0.5551215277777778
lstm,9,9,7,0.01,fixed horizon 50,201,60,141,1.1290191212012577,0.027777777777777776,0.03125,0.9722222222222222,0.5017361111111112,0.0,0.96875,1.0,0.03125,0.0,0.03,0.541232638888889
lstm,9,9,7,0.01,fixed horizon 100,201,60,141,1.1290191212012577,0.027777777777777776,0.03125,0.9722222222222222,0.5017361111111112,0.0,0.96875,1.0,0.03125,0.0,0.03,0.5798611111111112
lstm,9,9,7,0.01,fixed horizon 148,201,60,141,1.1290191212012577,0.027777777777777776,0.03125,0.9722222222222222,0.5017361111111112,0.0,0.96875,1.0,0.03125,0.0,0.03,0.5551215277777778
lstm,9,9,7,0.025,fixed horizon 50,201,60,141,1.046675394487522,0.027777777777777776,0.0625,0.9722222222222222,0.5173611111111112,0.0,0.9375,1.0,0.0625,0.0,0.05,0.541232638888889
lstm,9,9,7,0.025,fixed horizon 100,201,60,141,1.046675394487522,0.027777777777777776,0.0625,0.9722222222222222,0.5173611111111112,0.0,0.9375,1.0,0.0625,0.0,0.05,0.5798611111111112
lstm,9,9,7,0.025,fixed horizon 148,201,60,141,1.046675394487522,0.027777777777777776,0.0625,0.9722222222222222,0.5173611111111112,0.0,0.9375,1.0,0.0625,0.0,0.05,0.5551215277777778
lstm,9,9,7,0.05,fixed horizon 50,201,60,141,1.1515562138545619,0.08333333333333333,0.15625,0.9166666666666666,0.5364583333333333,0.13199999999999998,0.864375,0.868,0.135625,0.13999999999999999,0.13,0.541232638888889
lstm,9,9,7,0.05,fixed horizon 100,201,60,141,1.1515562138545619,0.08333333333333333,0.15625,0.9166666666666666,0.5364583333333333,0.06599999999999999,0.8540625,0.934,0.14593750000000005,0.06999999999999999,0.13,0.5798611111111112
lstm,9,9,7,0.05,fixed horizon 148,201,60,141,1.1582769890971587,0.08333333333333333,0.171875,0.9166666666666666,0.5442708333333333,0.1339066339066339,0.8511402027027027,0.8660933660933661,0.14885979729729726,0.04729729729729729,0.14,0.5551215277777778
lstm,9,9,7,0.075,fixed horizon 50,201,60,141,1.093467637143556,0.25,0.328125,0.75,0.5390625,0.44857142857142857,0.8190625,0.5514285714285714,0.18093749999999997,0.5222222222222223,0.3,0.541232638888889
lstm,9,9,7,0.075,fixed horizon 100,201,60,141,1.1275885306017328,0.2222222222222222,0.28125,0.7777777777777778,0.5295138888888888,0.2138888888888889,0.7789062499999999,0.7861111111111111,0.2210937500000001,0.30000000000000004,0.26,0.5798611111111112
lstm,9,9,7,0.075,fixed horizon 148,201,60,141,1.1153380390570966,0.2777777777777778,0.390625,0.7222222222222222,0.5564236111111112,0.44108108108108113,0.7816722972972974,0.5589189189189189,0.21832770270270263,0.48040540540540544,0.35,0.5551215277777778
lstm,9,9,7,0.1,fixed horizon 50,201,60,141,1.100833272368371,0.25,0.34375,0.75,0.546875,0.35818181818181816,0.7793749999999999,0.6418181818181818,0.22062500000000007,0.4177777777777778,0.31,0.541232638888889
lstm,9,9,7,0.1,fixed horizon 100,201,60,141,1.133768417721142,0.3055555555555556,0.375,0.6944444444444444,0.5347222222222222,0.4291666666666667,0.7859375,0.5708333333333333,0.21406250000000004,0.4518181818181818,0.35,0.5798611111111112
lstm,9,9,7,0.1,fixed horizon 148,201,60,141,1.1551285813610308,0.3611111111111111,0.484375,0.6388888888888888,0.5616319444444444,0.4158674803836094,0.7170608108108107,0.5841325196163907,0.28293918918918926,0.39656964656964655,0.44,0.5551215277777778
lstm,9,9,7,0.15,fixed horizon 50,201,60,141,1.3115434371654482,0.4722222222222222,0.5,0.5277777777777778,0.5138888888888888,0.5475,0.77375,0.4525,0.22624999999999995,0.6482352941176471,0.49,0.541232638888889
lstm,9,9,7,0.15,fixed horizon 100,201,60,141,1.294485701415572,0.6388888888888888,0.75,0.3611111111111111,0.5555555555555556,0.47541666666666665,0.6065625,0.5245833333333334,0.3934375,0.4578260869565217,0.71,0.5798611111111112
lstm,9,9,7,0.15,fixed horizon 148,201,60,141,1.3329256659321953,0.75,0.75,0.25,0.5,0.352759009009009,0.5145692567567568,0.6472409909909911,0.4854307432432432,0.42517517517517517,0.75,0.5551215277777778
lstm,9,9,7,0.2,fixed horizon 50,201,60,141,1.6764080131281187,0.6666666666666666,0.796875,0.3333333333333333,0.5651041666666666,0.49254901960784314,0.595625,0.5074509803921569,0.40437500000000004,0.5108333333333334,0.75,0.541232638888889
lstm,9,9,7,0.2,fixed horizon 100,201,60,141,1.3115434371654482,0.8055555555555556,0.84375,0.19444444444444445,0.5190972222222222,0.43740740740740736,0.5253125,0.5625925925925926,0.47468750000000004,0.48551724137931035,0.83,0.5798611111111112
lstm,9,9,7,0.2,fixed horizon 148,201,60,141,1.2638604388914525,0.75,0.828125,0.25,0.5390625,0.34382967873533904,0.45660895270270274,0.656170321264661,0.5433910472972973,0.3543543543543543,0.8,0.5551215277777778
lstm,9,9,7,0.3,fixed horizon 50,201,60,141,0.6908835320464981,0.9444444444444444,0.953125,0.05555555555555555,0.5043402777777778,0.16360655737704916,0.2028125,0.8363934426229509,0.7971874999999999,0.09588235294117647,0.95,0.541232638888889
lstm,9,9,7,0.3,fixed horizon 100,201,60,141,1.3056458568176392,0.8611111111111112,0.921875,0.1388888888888889,0.5303819444444444,0.18915254237288137,0.2525,0.8108474576271186,0.7475,0.22838709677419358,0.9,0.5798611111111112
lstm,9,9,7,0.3,fixed horizon 148,201,60,141,1.3668949002442026,0.8055555555555556,0.921875,0.19444444444444445,0.5581597222222222,0.20533669262482818,0.2674197635135135,0.7946633073751719,0.7325802364864865,0.2504659832246039,0.88,0.5551215277777778
lstm,9,9,8,0.01,fixed horizon 50,201,60,141,1.1313241799331621,0.027777777777777776,0.046875,0.9722222222222222,0.5095486111111112,0.0,0.953125,1.0,0.046875,0.0,0.04,0.541232638888889
lstm,9,9,8,0.01,fixed horizon 100,201,60,141,1.1313241799331621,0.027777777777777776,0.046875,0.9722222222222222,0.5095486111111112,0.0,0.953125,1.0,0.046875,0.0,0.04,0.5798611111111112
lstm,9,9,8,0.01,fixed horizon 148,201,60,141,1.1313241799331621,0.027777777777777776,0.046875,0.9722222222222222,0.5095486111111112,0.0,0.953125,1.0,0.046875,0.0,0.04,0.5551215277777778
lstm,9,9,8,0.025,fixed horizon 50,201,60,141,1.0470002085316117,0.027777777777777776,0.0625,0.9722222222222222,0.5173611111111112,0.0,0.9375,1.0,0.0625,0.0,0.05,0.541232638888889
lstm,9,9,8,0.025,fixed horizon 100,201,60,141,1.0470002085316117,0.027777777777777776,0.0625,0.9722222222222222,0.5173611111111112,0.0,0.9375,1.0,0.0625,0.0,0.05,0.5798611111111112
lstm,9,9,8,0.025,fixed horizon 148,201,60,141,1.0478708744691656,0.027777777777777776,0.0625,0.9722222222222222,0.5173611111111112,0.0,0.9375,1.0,0.0625,0.0,0.05,0.5551215277777778
lstm,9,9,8,0.05,fixed horizon 50,201,60,141,1.2066187856977475,0.1111111111111111,0.109375,0.8888888888888888,0.4991319444444444,0.37142857142857144,0.93125,0.6285714285714286,0.06874999999999998,0.36,0.11,0.541232638888889
lstm,9,9,8,0.05,fixed horizon 100,201,60,141,1.2152779950565642,0.08333333333333333,0.09375,0.9166666666666666,0.5052083333333333,0.19499999999999998,0.92453125,0.805,0.07546874999999997,0.11,0.09,0.5798611111111112
lstm,9,9,8,0.05,fixed horizon 148,201,60,141,1.1926400497466536,0.08333333333333333,0.125,0.9166666666666666,0.5208333333333333,0.10304054054054054,0.8878800675675675,0.8969594594594594,0.11211993243243246,0.06306306306306307,0.11,0.5551215277777778
lstm,9,9,8,0.075,fixed horizon 50,201,60,141,1.4073159176026695,0.1111111111111111,0.171875,0.8888888888888888,0.5303819444444444,0.4090909090909091,0.8984375,0.5909090909090908,0.1015625,0.585,0.15,0.541232638888889
lstm,9,9,8,0.075,fixed horizon 100,201,60,141,1.2134424396051653,0.16666666666666666,0.125,0.8333333333333334,0.4791666666666667,0.28875,0.91109375,0.7112499999999999,0.08890624999999996,0.32499999999999996,0.14,0.5798611111111112
lstm,9,9,8,0.075,fixed horizon 148,201,60,141,1.221633058206351,0.16666666666666666,0.203125,0.8333333333333334,0.5182291666666667,0.43659043659043656,0.8855574324324325,0.5634095634095635,0.11444256756756754,0.27815315315315314,0.19,0.5551215277777778
lstm,9,9,8,0.1,fixed horizon 50,201,60,141,2.8542961734782764,0.25,0.3125,0.75,0.53125,0.756,0.9237500000000001,0.244,0.07624999999999993,0.7666666666666666,0.29,0.541232638888889
lstm,9,9,8,0.1,fixed horizon 100,201,60,141,1.3262259132175096,0.19444444444444445,0.28125,0.8055555555555556,0.5434027777777778,0.29111111111111115,0.800625,0.7088888888888889,0.19937499999999997,0.2957142857142857,0.25,0.5798611111111112
lstm,9,9,8,0.1,fixed horizon 148,201,60,141,2.8542961734782764,0.25,0.3125,0.75,0.53125,0.2554054054054054,0.7673141891891893,0.7445945945945946,0.23268581081081074,0.25900900900900903,0.29,0.5551215277777778
lstm,9,9,8,0.15,fixed horizon 50,201,60,141,3.535073909349221,0.19444444444444445,0.265625,0.8055555555555556,0.5355902777777778,0.3952941176470588,0.839375,0.6047058823529412,0.16062500000000002,0.4457142857142857,0.24,0.541232638888889
lstm,9,9,8,0.15,fixed horizon 100,201,60,141,2.654063077852429,0.3333333333333333,0.421875,0.6666666666666666,0.5442708333333333,0.4055555555555555,0.74921875,0.5944444444444446,0.25078124999999996,0.3908333333333333,0.39,0.5798611111111112
lstm,9,9,8,0.15,fixed horizon 148,201,60,141,2.8542961734782764,0.3611111111111111,0.5,0.6388888888888888,0.5694444444444444,0.39484797297297297,0.6974239864864865,0.605152027027027,0.3025760135135135,0.3643451143451143,0.45,0.5551215277777778
lstm,9,9,8,0.2,fixed horizon 50,201,60,141,2.5398221389219833,0.5,0.609375,0.5,0.5546875,0.47846153846153855,0.6821875000000001,0.5215384615384615,0.31781249999999994,0.5399999999999999,0.57,0.541232638888889
lstm,9,9,8,0.2,fixed horizon 100,201,60,141,2.268979541119066,0.6666666666666666,0.828125,0.3333333333333333,0.5807291666666666,0.49056603773584906,0.578125,0.5094339622641509,0.421875,0.48374999999999996,0.77,0.5798611111111112
lstm,9,9,8,0.2,fixed horizon 148,201,60,141,2.3082740406496796,0.75,0.828125,0.25,0.5390625,0.34344722080571133,0.4562922297297297,0.6565527791942887,0.5437077702702703,0.37637637637637633,0.8,0.5551215277777778
lstm,9,9,8,0.3,fixed horizon 50,201,60,141,0.6324651331277951,0.8888888888888888,0.953125,0.1111111111111111,0.5321180555555556,0.1655737704918033,0.20468750000000002,0.8344262295081967,0.7953125,0.14,0.93,0.541232638888889
lstm,9,9,8,0.3,fixed horizon 100,201,60,141,1.1854550033327724,0.9166666666666666,0.9375,0.08333333333333333,0.5104166666666666,0.18583333333333335,0.23671874999999998,0.8141666666666667,0.76328125,0.22060606060606064,0.93,0.5798611111111112
lstm,9,9,8,0.3,fixed horizon 148,201,60,141,2.1717407545989027,0.8055555555555556,0.859375,0.19444444444444445,0.5269097222222222,0.20331695331695326,0.31535050675675674,0.7966830466830468,0.6846494932432432,0.2544268406337372,0.84,0.5551215277777778
lstm,9,9,9,0.01,fixed horizon 50,201,60,141,1.1166197389569397,0.027777777777777776,0.03125,0.9722222222222222,0.5017361111111112,0.0,0.96875,1.0,0.03125,0.0,0.03,0.541232638888889
lstm,9,9,9,0.01,fixed horizon 100,201,60,141,1.1166197389569397,0.027777777777777776,0.03125,0.9722222222222222,0.5017361111111112,0.0,0.96875,1.0,0.03125,0.0,0.03,0.5798611111111112
lstm,9,9,9,0.01,fixed horizon 148,201,60,141,1.1166197389569397,0.027777777777777776,0.03125,0.9722222222222222,0.5017361111111112,0.0,0.96875,1.0,0.03125,0.0,0.03,0.5551215277777778
lstm,9,9,9,0.025,fixed horizon 50,201,60,141,1.0094317874683636,0.05555555555555555,0.109375,0.9444444444444444,0.5269097222222222,0.26,0.9190625,0.74,0.0809375,0.28,0.09,0.541232638888889
lstm,9,9,9,0.025,fixed horizon 100,201,60,141,1.0176603482080586,0.027777777777777776,0.09375,0.9722222222222222,0.5329861111111112,0.11666666666666665,0.9171875,0.8833333333333333,0.08281249999999996,0.0,0.07,0.5798611111111112
lstm,9,9,9,0.025,fixed horizon 148,201,60,141,1.0201707606318007,0.027777777777777776,0.109375,0.9722222222222222,0.5407986111111112,0.166988416988417,0.9088893581081081,0.833011583011583,0.09111064189189189,0.0,0.08,0.5551215277777778
lstm,9,9,9,0.05,fixed horizon 50,201,60,141,0.9678598619430344,0.2222222222222222,0.25,0.7777777777777778,0.5138888888888888,0.35875,0.8396875,0.64125,0.16031249999999997,0.42250000000000004,0.24,0.541232638888889
lstm,9,9,9,0.05,fixed horizon 100,201,60,141,1.0838808392134767,0.08333333333333333,0.21875,0.9166666666666666,0.5677083333333333,0.6471428571428571,0.9228124999999999,0.35285714285714287,0.07718750000000008,0.4066666666666667,0.17,0.5798611111111112
lstm,9,9,9,0.05,fixed horizon 148,201,60,141,1.1396417468841464,0.08333333333333333,0.171875,0.9166666666666666,0.5442708333333333,0.07985257985257986,0.8418496621621621,0.9201474201474201,0.15815033783783794,0.029279279279279282,0.14,0.5551215277777778
lstm,9,9,9,0.075,fixed horizon 50,201,60,141,0.9521664172494622,0.25,0.296875,0.75,0.5234375,0.3684210526315789,0.8125,0.631578947368421,0.1875,0.4577777777777778,0.28,0.541232638888889
lstm,9,9,9,0.075,fixed horizon 100,201,60,141,1.1710252357918098,0.2222222222222222,0.234375,0.7777777777777778,0.5060763888888888,0.3493333333333333,0.8474999999999999,0.6506666666666667,0.15250000000000008,0.39625,0.23,0.5798611111111112
lstm,9,9,9,0.075,fixed horizon 148,201,60,141,1.10505731441161,0.1388888888888889,0.375,0.8611111111111112,0.6180555555555556,0.36373873873873874,0.761402027027027,0.6362612612612613,0.23859797297297303,0.20945945945945948,0.29,0.5551215277777778
lstm,9,9,9,0.1,fixed horizon 50,201,60,141,1.0682169941619646,0.25,0.328125,0.75,0.5390625,0.32476190476190475,0.7784375,0.6752380952380952,0.2215625,0.3977777777777778,0.3,0.541232638888889
lstm,9,9,9,0.1,fixed horizon 100,201,60,141,1.1897418033897926,0.2777777777777778,0.328125,0.7222222222222222,0.5251736111111112,0.4080952380952381,0.80578125,0.5919047619047619,0.19421875,0.34800000000000003,0.31,0.5798611111111112
lstm,9,9,9,0.1,fixed horizon 148,201,60,141,1.2086380231003317,0.25,0.3125,0.75,0.53125,0.372972972972973,0.804054054054054,0.6270270270270271,0.19594594594594605,0.28903903903903905,0.29,0.5551215277777778
lstm,9,9,9,0.15,fixed horizon 50,201,60,141,1.1012404484145886,0.4444444444444444,0.4375,0.5555555555555556,0.4965277777777778,0.4564285714285714,0.7621875,0.5435714285714286,0.23781249999999998,0.59375,0.44,0.541232638888889
lstm,9,9,9,0.15,fixed horizon 100,201,60,141,1.5419724456745139,0.6111111111111112,0.734375,0.3888888888888889,0.5616319444444444,0.7048936170212766,0.78328125,0.2951063829787234,0.21671874999999996,0.6840909090909092,0.69,0.5798611111111112
lstm,9,9,9,0.15,fixed horizon 148,201,60,141,1.3610445827092266,0.4722222222222222,0.671875,0.5277777777777778,0.5998263888888888,0.6539912005028283,0.7675253378378378,0.34600879949717167,0.23247466216216217,0.5472972972972973,0.6,0.5551215277777778
lstm,9,9,9,0.2,fixed horizon 50,201,60,141,0.7636970279817514,0.7222222222222222,0.828125,0.2777777777777778,0.5529513888888888,0.3335849056603773,0.448125,0.6664150943396228,0.551875,0.31923076923076926,0.79,0.541232638888889
lstm,9,9,9,0.2,fixed horizon 100,201,60,141,1.373225541623486,0.8055555555555556,0.875,0.19444444444444445,0.5347222222222222,0.4716071428571428,0.53765625,0.5283928571428572,0.46234375000000005,0.5120689655172413,0.85,0.5798611111111112
lstm,9,9,9,0.2,fixed horizon 148,201,60,141,2.2670500984090336,0.75,0.828125,0.25,0.5390625,0.4154767975522692,0.515941722972973,0.5845232024477308,0.484058277027027,0.4221721721721722,0.8,0.5551215277777778
lstm,9,9,9,0.3,fixed horizon 50,201,60,141,0.48697475411912805,0.9444444444444444,0.953125,0.05555555555555555,0.5043402777777778,0.1439344262295082,0.1840625,0.8560655737704919,0.8159375,0.05647058823529412,0.95,0.541232638888889
lstm,9,9,9,0.3,fixed horizon 100,201,60,141,1.0614433283233675,0.8888888888888888,0.9375,0.1111111111111111,0.5243055555555556,0.21966666666666665,0.2684375,0.7803333333333333,0.7315625,0.2325,0.92,0.5798611111111112
lstm,9,9,9,0.3,fixed horizon 148,201,60,141,1.7715647071769385,0.8333333333333334,0.890625,0.16666666666666666,0.5286458333333334,0.21799431009957326,0.30352618243243246,0.7820056899004267,0.6964738175675675,0.24211711711711714,0.87,0.5551215277777778
